Startpoint: _135320_ (rising edge-triggered flip-flop clocked by eth_rx_clk_i)
Endpoint: _129921_ (removal check against rising-edge clock eth_rx_clk_i)
Path Group: asynchronous
Path Type: min
Corner: nom_fast_1p32V_m40C

Fanout            Cap           Slew          Delay           Time   Description
---------------------------------------------------------------------------------------------------------
                                        0.000000000    0.000000000   clock eth_rx_clk_i (rise edge)
                                        0.840069234    0.840069234   clock network delay (propagated)
                         0.038286194    0.000000000    0.840069234 ^ _135320_/CLK (sg13g2_dfrbpq_1)
     1    0.006248394    0.023545330    0.116919920    0.956989169 ^ _135320_/Q (sg13g2_dfrbpq_1)
     5    0.060809478    0.162330940    0.134845138    1.091834307 ^ fanout5723/X (sg13g2_buf_1)
                         0.162602678    0.005217160    1.097051501 ^ _129921_/RESET_B (sg13g2_dfrbpq_1)
                                                       1.097051501   data arrival time

                                        0.000000000    0.000000000   clock eth_rx_clk_i (rise edge)
                                        1.098551631    1.098551631   clock network delay (propagated)
                                        0.250000000    1.348551631   clock uncertainty
                                       -0.062087782    1.286463857   clock reconvergence pessimism
                                                       1.286463857 ^ _129921_/CLK (sg13g2_dfrbpq_1)
                                       -0.096365206    1.190098643   library removal time
                                                       1.190098643   data required time
---------------------------------------------------------------------------------------------------------
                                                       1.190098643   data required time
                                                      -1.097051501   data arrival time
---------------------------------------------------------------------------------------------------------
                                                      -0.093047127   slack (VIOLATED)


Startpoint: _135320_ (rising edge-triggered flip-flop clocked by eth_rx_clk_i)
Endpoint: _129922_ (removal check against rising-edge clock eth_rx_clk_i)
Path Group: asynchronous
Path Type: min
Corner: nom_fast_1p32V_m40C

Fanout            Cap           Slew          Delay           Time   Description
---------------------------------------------------------------------------------------------------------
                                        0.000000000    0.000000000   clock eth_rx_clk_i (rise edge)
                                        0.840069234    0.840069234   clock network delay (propagated)
                         0.038286194    0.000000000    0.840069234 ^ _135320_/CLK (sg13g2_dfrbpq_1)
     1    0.006248394    0.023545330    0.116919920    0.956989169 ^ _135320_/Q (sg13g2_dfrbpq_1)
     5    0.060809478    0.162330940    0.134845138    1.091834307 ^ fanout5723/X (sg13g2_buf_1)
                         0.162778795    0.006641243    1.098475575 ^ _129922_/RESET_B (sg13g2_dfrbpq_1)
                                                       1.098475575   data arrival time

                                        0.000000000    0.000000000   clock eth_rx_clk_i (rise edge)
                                        1.098046303    1.098046303   clock network delay (propagated)
                                        0.250000000    1.348046422   clock uncertainty
                                       -0.062087782    1.285958648   clock reconvergence pessimism
                                                       1.285958648 ^ _129922_/CLK (sg13g2_dfrbpq_1)
                                       -0.096427053    1.189531565   library removal time
                                                       1.189531565   data required time
---------------------------------------------------------------------------------------------------------
                                                       1.189531565   data required time
                                                      -1.098475575   data arrival time
---------------------------------------------------------------------------------------------------------
                                                      -0.091055945   slack (VIOLATED)


Startpoint: _135328_ (rising edge-triggered flip-flop clocked by eth_tx_clk_i)
Endpoint: _135228_ (removal check against rising-edge clock eth_tx_clk_i)
Path Group: asynchronous
Path Type: min
Corner: nom_fast_1p32V_m40C

Fanout            Cap           Slew          Delay           Time   Description
---------------------------------------------------------------------------------------------------------
                                        0.000000000    0.000000000   clock eth_tx_clk_i (rise edge)
                                        1.003237963    1.003237963   clock network delay (propagated)
                         0.035547264    0.000000000    1.003237963 ^ _135328_/CLK (sg13g2_dfrbpq_1)
     8    0.071604766    0.188444242    0.224509418    1.227747440 ^ _135328_/Q (sg13g2_dfrbpq_1)
                         0.188983008    0.007797985    1.235545397 ^ _135228_/RESET_B (sg13g2_dfrbpq_1)
                                                       1.235545397   data arrival time

                                        0.000000000    0.000000000   clock eth_tx_clk_i (rise edge)
                                        1.170473814    1.170473814   clock network delay (propagated)
                                        0.250000000    1.420473933   clock uncertainty
                                       -0.086427480    1.334046483   clock reconvergence pessimism
                                                       1.334046483 ^ _135228_/CLK (sg13g2_dfrbpq_1)
                                       -0.101841405    1.232205033   library removal time
                                                       1.232205033   data required time
---------------------------------------------------------------------------------------------------------
                                                       1.232205033   data required time
                                                      -1.235545397   data arrival time
---------------------------------------------------------------------------------------------------------
                                                       0.003340328   slack (MET)


Startpoint: _135328_ (rising edge-triggered flip-flop clocked by eth_tx_clk_i)
Endpoint: _135333_ (removal check against rising-edge clock eth_tx_clk_i)
Path Group: asynchronous
Path Type: min
Corner: nom_fast_1p32V_m40C

Fanout            Cap           Slew          Delay           Time   Description
---------------------------------------------------------------------------------------------------------
                                        0.000000000    0.000000000   clock eth_tx_clk_i (rise edge)
                                        1.003237963    1.003237963   clock network delay (propagated)
                         0.035547264    0.000000000    1.003237963 ^ _135328_/CLK (sg13g2_dfrbpq_1)
     8    0.071604766    0.188444242    0.224509418    1.227747440 ^ _135328_/Q (sg13g2_dfrbpq_1)
                         0.188472643    0.001851519    1.229598880 ^ _135333_/RESET_B (sg13g2_dfrbpq_1)
                                                       1.229598880   data arrival time

                                        0.000000000    0.000000000   clock eth_tx_clk_i (rise edge)
                                        1.109660506    1.109660506   clock network delay (propagated)
                                        0.250000000    1.359660506   clock uncertainty
                                       -0.105339743    1.254320741   clock reconvergence pessimism
                                                       1.254320741 ^ _135333_/CLK (sg13g2_dfrbpq_1)
                                       -0.103047945    1.151272893   library removal time
                                                       1.151272893   data required time
---------------------------------------------------------------------------------------------------------
                                                       1.151272893   data required time
                                                      -1.229598880   data arrival time
---------------------------------------------------------------------------------------------------------
                                                       0.078326017   slack (MET)


Startpoint: _135328_ (rising edge-triggered flip-flop clocked by eth_tx_clk_i)
Endpoint: _135288_ (removal check against rising-edge clock eth_tx_clk_i)
Path Group: asynchronous
Path Type: min
Corner: nom_fast_1p32V_m40C

Fanout            Cap           Slew          Delay           Time   Description
---------------------------------------------------------------------------------------------------------
                                        0.000000000    0.000000000   clock eth_tx_clk_i (rise edge)
                                        1.003237963    1.003237963   clock network delay (propagated)
                         0.035547264    0.000000000    1.003237963 ^ _135328_/CLK (sg13g2_dfrbpq_1)
     8    0.071604766    0.188444242    0.224509418    1.227747440 ^ _135328_/Q (sg13g2_dfrbpq_1)
                         0.188473091    0.001865841    1.229613185 ^ _135288_/RESET_B (sg13g2_dfrbpq_1)
                                                       1.229613185   data arrival time

                                        0.000000000    0.000000000   clock eth_tx_clk_i (rise edge)
                                        1.109654427    1.109654427   clock network delay (propagated)
                                        0.250000000    1.359654427   clock uncertainty
                                       -0.105339743    1.254314661   clock reconvergence pessimism
                                                       1.254314661 ^ _135288_/CLK (sg13g2_dfrbpq_1)
                                       -0.103048220    1.151266456   library removal time
                                                       1.151266456   data required time
---------------------------------------------------------------------------------------------------------
                                                       1.151266456   data required time
                                                      -1.229613185   data arrival time
---------------------------------------------------------------------------------------------------------
                                                       0.078346774   slack (MET)


Startpoint: _135328_ (rising edge-triggered flip-flop clocked by eth_tx_clk_i)
Endpoint: _135334_ (removal check against rising-edge clock eth_tx_clk_i)
Path Group: asynchronous
Path Type: min
Corner: nom_fast_1p32V_m40C

Fanout            Cap           Slew          Delay           Time   Description
---------------------------------------------------------------------------------------------------------
                                        0.000000000    0.000000000   clock eth_tx_clk_i (rise edge)
                                        1.003237963    1.003237963   clock network delay (propagated)
                         0.035547264    0.000000000    1.003237963 ^ _135328_/CLK (sg13g2_dfrbpq_1)
     8    0.071604766    0.188444242    0.224509418    1.227747440 ^ _135328_/Q (sg13g2_dfrbpq_1)
                         0.188453197    0.001050604    1.228798032 ^ _135334_/RESET_B (sg13g2_dfrbpq_1)
                                                       1.228798032   data arrival time

                                        0.000000000    0.000000000   clock eth_tx_clk_i (rise edge)
                                        1.108435869    1.108435869   clock network delay (propagated)
                                        0.250000000    1.358435869   clock uncertainty
                                       -0.105339743    1.253096104   clock reconvergence pessimism
                                                       1.253096104 ^ _135334_/CLK (sg13g2_dfrbpq_1)
                                       -0.103073411    1.150022626   library removal time
                                                       1.150022626   data required time
---------------------------------------------------------------------------------------------------------
                                                       1.150022626   data required time
                                                      -1.228798032   data arrival time
---------------------------------------------------------------------------------------------------------
                                                       0.078775324   slack (MET)


Startpoint: _135320_ (rising edge-triggered flip-flop clocked by eth_rx_clk_i)
Endpoint: _128359_ (removal check against rising-edge clock eth_rx_clk_i)
Path Group: asynchronous
Path Type: min
Corner: nom_fast_1p32V_m40C

Fanout            Cap           Slew          Delay           Time   Description
---------------------------------------------------------------------------------------------------------
                                        0.000000000    0.000000000   clock eth_rx_clk_i (rise edge)
                                        0.840069234    0.840069234   clock network delay (propagated)
                         0.038286194    0.000000000    0.840069234 ^ _135320_/CLK (sg13g2_dfrbpq_1)
     1    0.006248394    0.023545330    0.116919920    0.956989169 ^ _135320_/Q (sg13g2_dfrbpq_1)
     5    0.060809478    0.162330940    0.134845138    1.091834307 ^ fanout5723/X (sg13g2_buf_1)
     8    0.067614153    0.180052504    0.183647767    1.275482059 ^ fanout5717/X (sg13g2_buf_1)
                         0.180395290    0.006119994    1.281602025 ^ _128359_/RESET_B (sg13g2_dfrbpq_1)
                                                       1.281602025   data arrival time

                                        0.000000000    0.000000000   clock eth_rx_clk_i (rise edge)
                                        1.098894715    1.098894715   clock network delay (propagated)
                                        0.250000000    1.348894715   clock uncertainty
                                       -0.062087782    1.286806941   clock reconvergence pessimism
                                                       1.286806941 ^ _128359_/CLK (sg13g2_dfrbpq_1)
                                       -0.100387871    1.186419010   library removal time
                                                       1.186419010   data required time
---------------------------------------------------------------------------------------------------------
                                                       1.186419010   data required time
                                                      -1.281602025   data arrival time
---------------------------------------------------------------------------------------------------------
                                                       0.095183089   slack (MET)


Startpoint: _135320_ (rising edge-triggered flip-flop clocked by eth_rx_clk_i)
Endpoint: _129923_ (removal check against rising-edge clock eth_rx_clk_i)
Path Group: asynchronous
Path Type: min
Corner: nom_fast_1p32V_m40C

Fanout            Cap           Slew          Delay           Time   Description
---------------------------------------------------------------------------------------------------------
                                        0.000000000    0.000000000   clock eth_rx_clk_i (rise edge)
                                        0.840069234    0.840069234   clock network delay (propagated)
                         0.038286194    0.000000000    0.840069234 ^ _135320_/CLK (sg13g2_dfrbpq_1)
     1    0.006248394    0.023545330    0.116919920    0.956989169 ^ _135320_/Q (sg13g2_dfrbpq_1)
     5    0.060809478    0.162330940    0.134845138    1.091834307 ^ fanout5723/X (sg13g2_buf_1)
     8    0.067614153    0.180052504    0.183647767    1.275482059 ^ fanout5717/X (sg13g2_buf_1)
                         0.180427343    0.006390888    1.281872988 ^ _129923_/RESET_B (sg13g2_dfrbpq_1)
                                                       1.281872988   data arrival time

                                        0.000000000    0.000000000   clock eth_rx_clk_i (rise edge)
                                        1.098238230    1.098238230   clock network delay (propagated)
                                        0.250000000    1.348238230   clock uncertainty
                                       -0.062087782    1.286150455   clock reconvergence pessimism
                                                       1.286150455 ^ _129923_/CLK (sg13g2_dfrbpq_1)
                                       -0.100424834    1.185725689   library removal time
                                                       1.185725689   data required time
---------------------------------------------------------------------------------------------------------
                                                       1.185725689   data required time
                                                      -1.281872988   data arrival time
---------------------------------------------------------------------------------------------------------
                                                       0.096147314   slack (MET)


Startpoint: _135320_ (rising edge-triggered flip-flop clocked by eth_rx_clk_i)
Endpoint: _129935_ (removal check against rising-edge clock eth_rx_clk_i)
Path Group: asynchronous
Path Type: min
Corner: nom_fast_1p32V_m40C

Fanout            Cap           Slew          Delay           Time   Description
---------------------------------------------------------------------------------------------------------
                                        0.000000000    0.000000000   clock eth_rx_clk_i (rise edge)
                                        0.840069234    0.840069234   clock network delay (propagated)
                         0.038286194    0.000000000    0.840069234 ^ _135320_/CLK (sg13g2_dfrbpq_1)
     1    0.006248394    0.023545330    0.116919920    0.956989169 ^ _135320_/Q (sg13g2_dfrbpq_1)
     5    0.060809478    0.162330940    0.134845138    1.091834307 ^ fanout5723/X (sg13g2_buf_1)
     7    0.065300137    0.174050346    0.186885297    1.278719664 ^ fanout5720/X (sg13g2_buf_1)
                         0.174418777    0.006232903    1.284952521 ^ _129935_/RESET_B (sg13g2_dfrbpq_1)
                                                       1.284952521   data arrival time

                                        0.000000000    0.000000000   clock eth_rx_clk_i (rise edge)
                                        1.099024653    1.099024653   clock network delay (propagated)
                                        0.250000000    1.349024653   clock uncertainty
                                       -0.062087782    1.286936879   clock reconvergence pessimism
                                                       1.286936879 ^ _129935_/CLK (sg13g2_dfrbpq_1)
                                       -0.099025205    1.187911749   library removal time
                                                       1.187911749   data required time
---------------------------------------------------------------------------------------------------------
                                                       1.187911749   data required time
                                                      -1.284952521   data arrival time
---------------------------------------------------------------------------------------------------------
                                                       0.097040825   slack (MET)


Startpoint: _135843_ (rising edge-triggered flip-flop clocked by clk_i)
Endpoint: _135844_ (removal check against rising-edge clock clk_i)
Path Group: asynchronous
Path Type: min
Corner: nom_fast_1p32V_m40C

Fanout            Cap           Slew          Delay           Time   Description
---------------------------------------------------------------------------------------------------------
                                        0.000000000    0.000000000   clock clk_i (rise edge)
                                        1.956400156    1.956400156   clock network delay (propagated)
                         0.037916366    0.000000000    1.956400156 ^ _135843_/CLK (sg13g2_dfrbpq_1)
     2    0.075558431    0.161229864    0.211357608    2.167757750 v _135843_/Q (sg13g2_dfrbpq_1)
     2    0.014924299    0.111529015    0.125951916    2.293709755 ^ _084247_/Y (sg13g2_nor2_1)
                         0.111529015    0.000288658    2.293998480 ^ _135844_/RESET_B (sg13g2_dfrbpq_1)
                                                       2.293998480   data arrival time

                                        0.000000000    0.000000000   clock clk_i (rise edge)
                                        2.175737619    2.175737619   clock network delay (propagated)
                                        0.250000000    2.425737619   clock uncertainty
                                       -0.179684386    2.246053219   clock reconvergence pessimism
                                                       2.246053219 ^ _135844_/CLK (sg13g2_dfrbpq_1)
                                       -0.085524440    2.160528660   library removal time
                                                       2.160528660   data required time
---------------------------------------------------------------------------------------------------------
                                                       2.160528660   data required time
                                                      -2.293998480   data arrival time
---------------------------------------------------------------------------------------------------------
                                                       0.133469686   slack (MET)


Startpoint: _135843_ (rising edge-triggered flip-flop clocked by clk_i)
Endpoint: _135845_ (removal check against rising-edge clock clk_i)
Path Group: asynchronous
Path Type: min
Corner: nom_fast_1p32V_m40C

Fanout            Cap           Slew          Delay           Time   Description
---------------------------------------------------------------------------------------------------------
                                        0.000000000    0.000000000   clock clk_i (rise edge)
                                        1.956400156    1.956400156   clock network delay (propagated)
                         0.037916366    0.000000000    1.956400156 ^ _135843_/CLK (sg13g2_dfrbpq_1)
     2    0.075558431    0.161229864    0.211357608    2.167757750 v _135843_/Q (sg13g2_dfrbpq_1)
     2    0.014924299    0.111529015    0.125951916    2.293709755 ^ _084247_/Y (sg13g2_nor2_1)
                         0.111529462    0.000404565    2.294114351 ^ _135845_/RESET_B (sg13g2_dfrbpq_1)
                                                       2.294114351   data arrival time

                                        0.000000000    0.000000000   clock clk_i (rise edge)
                                        2.175690889    2.175690889   clock network delay (propagated)
                                        0.250000000    2.425690889   clock uncertainty
                                       -0.179684386    2.246006489   clock reconvergence pessimism
                                                       2.246006489 ^ _135845_/CLK (sg13g2_dfrbpq_1)
                                       -0.085526064    2.160480261   library removal time
                                                       2.160480261   data required time
---------------------------------------------------------------------------------------------------------
                                                       2.160480261   data required time
                                                      -2.294114351   data arrival time
---------------------------------------------------------------------------------------------------------
                                                       0.133634001   slack (MET)


Startpoint: _135320_ (rising edge-triggered flip-flop clocked by eth_rx_clk_i)
Endpoint: _130029_ (removal check against rising-edge clock eth_rx_clk_i)
Path Group: asynchronous
Path Type: min
Corner: nom_fast_1p32V_m40C

Fanout            Cap           Slew          Delay           Time   Description
---------------------------------------------------------------------------------------------------------
                                        0.000000000    0.000000000   clock eth_rx_clk_i (rise edge)
                                        0.840069234    0.840069234   clock network delay (propagated)
                         0.038286194    0.000000000    0.840069234 ^ _135320_/CLK (sg13g2_dfrbpq_1)
     1    0.006248394    0.023545330    0.116919920    0.956989169 ^ _135320_/Q (sg13g2_dfrbpq_1)
     5    0.060809478    0.162330940    0.134845138    1.091834307 ^ fanout5723/X (sg13g2_buf_1)
     6    0.046658587    0.125582293    0.158325911    1.250160217 ^ fanout5722/X (sg13g2_buf_1)
                         0.125653878    0.002354894    1.252515078 ^ _130029_/RESET_B (sg13g2_dfrbpq_1)
                                                       1.252515078   data arrival time

                                        0.000000000    0.000000000   clock eth_rx_clk_i (rise edge)
                                        0.953181982    0.953181982   clock network delay (propagated)
                                        0.250000000    1.203181982   clock uncertainty
                                       -0.073726974    1.129454970   clock reconvergence pessimism
                                                       1.129454970 ^ _130029_/CLK (sg13g2_dfrbpq_1)
                                       -0.088675261    1.040779710   library removal time
                                                       1.040779710   data required time
---------------------------------------------------------------------------------------------------------
                                                       1.040779710   data required time
                                                      -1.252515078   data arrival time
---------------------------------------------------------------------------------------------------------
                                                       0.211735412   slack (MET)


Startpoint: _135320_ (rising edge-triggered flip-flop clocked by eth_rx_clk_i)
Endpoint: _130027_ (removal check against rising-edge clock eth_rx_clk_i)
Path Group: asynchronous
Path Type: min
Corner: nom_fast_1p32V_m40C

Fanout            Cap           Slew          Delay           Time   Description
---------------------------------------------------------------------------------------------------------
                                        0.000000000    0.000000000   clock eth_rx_clk_i (rise edge)
                                        0.840069234    0.840069234   clock network delay (propagated)
                         0.038286194    0.000000000    0.840069234 ^ _135320_/CLK (sg13g2_dfrbpq_1)
     1    0.006248394    0.023545330    0.116919920    0.956989169 ^ _135320_/Q (sg13g2_dfrbpq_1)
     5    0.060809478    0.162330940    0.134845138    1.091834307 ^ fanout5723/X (sg13g2_buf_1)
     6    0.046658587    0.125582293    0.158325911    1.250160217 ^ fanout5722/X (sg13g2_buf_1)
                         0.125679508    0.002735256    1.252895474 ^ _130027_/RESET_B (sg13g2_dfrbpq_1)
                                                       1.252895474   data arrival time

                                        0.000000000    0.000000000   clock eth_rx_clk_i (rise edge)
                                        0.953290343    0.953290343   clock network delay (propagated)
                                        0.250000000    1.203290343   clock uncertainty
                                       -0.073726974    1.129563332   clock reconvergence pessimism
                                                       1.129563332 ^ _130027_/CLK (sg13g2_dfrbpq_1)
                                       -0.088679627    1.040883899   library removal time
                                                       1.040883899   data required time
---------------------------------------------------------------------------------------------------------
                                                       1.040883899   data required time
                                                      -1.252895474   data arrival time
---------------------------------------------------------------------------------------------------------
                                                       0.212011635   slack (MET)


Startpoint: _135320_ (rising edge-triggered flip-flop clocked by eth_rx_clk_i)
Endpoint: _130028_ (removal check against rising-edge clock eth_rx_clk_i)
Path Group: asynchronous
Path Type: min
Corner: nom_fast_1p32V_m40C

Fanout            Cap           Slew          Delay           Time   Description
---------------------------------------------------------------------------------------------------------
                                        0.000000000    0.000000000   clock eth_rx_clk_i (rise edge)
                                        0.840069234    0.840069234   clock network delay (propagated)
                         0.038286194    0.000000000    0.840069234 ^ _135320_/CLK (sg13g2_dfrbpq_1)
     1    0.006248394    0.023545330    0.116919920    0.956989169 ^ _135320_/Q (sg13g2_dfrbpq_1)
     5    0.060809478    0.162330940    0.134845138    1.091834307 ^ fanout5723/X (sg13g2_buf_1)
     6    0.046658587    0.125582293    0.158325911    1.250160217 ^ fanout5722/X (sg13g2_buf_1)
                         0.125669941    0.002600031    1.252760291 ^ _130028_/RESET_B (sg13g2_dfrbpq_1)
                                                       1.252760291   data arrival time

                                        0.000000000    0.000000000   clock eth_rx_clk_i (rise edge)
                                        0.952876151    0.952876151   clock network delay (propagated)
                                        0.250000000    1.202876210   clock uncertainty
                                       -0.073726974    1.129149199   clock reconvergence pessimism
                                                       1.129149199 ^ _130028_/CLK (sg13g2_dfrbpq_1)
                                       -0.088682488    1.040466666   library removal time
                                                       1.040466666   data required time
---------------------------------------------------------------------------------------------------------
                                                       1.040466666   data required time
                                                      -1.252760291   data arrival time
---------------------------------------------------------------------------------------------------------
                                                       0.212293640   slack (MET)


Startpoint: _135320_ (rising edge-triggered flip-flop clocked by eth_rx_clk_i)
Endpoint: _130032_ (removal check against rising-edge clock eth_rx_clk_i)
Path Group: asynchronous
Path Type: min
Corner: nom_fast_1p32V_m40C

Fanout            Cap           Slew          Delay           Time   Description
---------------------------------------------------------------------------------------------------------
                                        0.000000000    0.000000000   clock eth_rx_clk_i (rise edge)
                                        0.840069234    0.840069234   clock network delay (propagated)
                         0.038286194    0.000000000    0.840069234 ^ _135320_/CLK (sg13g2_dfrbpq_1)
     1    0.006248394    0.023545330    0.116919920    0.956989169 ^ _135320_/Q (sg13g2_dfrbpq_1)
     5    0.060809478    0.162330940    0.134845138    1.091834307 ^ fanout5723/X (sg13g2_buf_1)
     6    0.046658587    0.125582293    0.158325911    1.250160217 ^ fanout5722/X (sg13g2_buf_1)
                         0.125697762    0.002975176    1.253135443 ^ _130032_/RESET_B (sg13g2_dfrbpq_1)
                                                       1.253135443   data arrival time

                                        0.000000000    0.000000000   clock eth_rx_clk_i (rise edge)
                                        0.953052461    0.953052461   clock network delay (propagated)
                                        0.250000000    1.203052521   clock uncertainty
                                       -0.073726974    1.129325509   clock reconvergence pessimism
                                                       1.129325509 ^ _130032_/CLK (sg13g2_dfrbpq_1)
                                       -0.088686839    1.040638685   library removal time
                                                       1.040638685   data required time
---------------------------------------------------------------------------------------------------------
                                                       1.040638685   data required time
                                                      -1.253135443   data arrival time
---------------------------------------------------------------------------------------------------------
                                                       0.212496698   slack (MET)


Startpoint: _135296_ (rising edge-triggered flip-flop clocked by eth_tx_clk_i)
Endpoint: _130415_ (removal check against rising-edge clock eth_tx_clk_i)
Path Group: asynchronous
Path Type: min
Corner: nom_fast_1p32V_m40C

Fanout            Cap           Slew          Delay           Time   Description
---------------------------------------------------------------------------------------------------------
                                        0.000000000    0.000000000   clock eth_tx_clk_i (rise edge)
                                        0.958882093    0.958882093   clock network delay (propagated)
                         0.033584751    0.000000000    0.958882093 ^ _135296_/CLK (sg13g2_dfrbpq_1)
     1    0.010639600    0.034061886    0.122994393    1.081876516 ^ _135296_/Q (sg13g2_dfrbpq_1)
     6    0.111085631    0.293449342    0.202673659    1.284550190 ^ fanout5749/X (sg13g2_buf_1)
     7    0.076825537    0.205317304    0.243839622    1.528389812 ^ fanout5746/X (sg13g2_buf_1)
                         0.207923442    0.017689962    1.546079755 ^ _130415_/RESET_B (sg13g2_dfrbpq_1)
                                                       1.546079755   data arrival time

                                        0.000000000    0.000000000   clock eth_tx_clk_i (rise edge)
                                        1.251136541    1.251136541   clock network delay (propagated)
                                        0.250000000    1.501136541   clock uncertainty
                                       -0.069256827    1.431879759   clock reconvergence pessimism
                                                       1.431879759 ^ _130415_/CLK (sg13g2_dfrbpq_1)
                                       -0.099554017    1.332325697   library removal time
                                                       1.332325697   data required time
---------------------------------------------------------------------------------------------------------
                                                       1.332325697   data required time
                                                      -1.546079755   data arrival time
---------------------------------------------------------------------------------------------------------
                                                       0.213754013   slack (MET)


Startpoint: _135296_ (rising edge-triggered flip-flop clocked by eth_tx_clk_i)
Endpoint: _130414_ (removal check against rising-edge clock eth_tx_clk_i)
Path Group: asynchronous
Path Type: min
Corner: nom_fast_1p32V_m40C

Fanout            Cap           Slew          Delay           Time   Description
---------------------------------------------------------------------------------------------------------
                                        0.000000000    0.000000000   clock eth_tx_clk_i (rise edge)
                                        0.958882093    0.958882093   clock network delay (propagated)
                         0.033584751    0.000000000    0.958882093 ^ _135296_/CLK (sg13g2_dfrbpq_1)
     1    0.010639600    0.034061886    0.122994393    1.081876516 ^ _135296_/Q (sg13g2_dfrbpq_1)
     6    0.111085631    0.293449342    0.202673659    1.284550190 ^ fanout5749/X (sg13g2_buf_1)
     7    0.076825537    0.205317304    0.243839622    1.528389812 ^ fanout5746/X (sg13g2_buf_1)
                         0.208003327    0.017945534    1.546335340 ^ _130414_/RESET_B (sg13g2_dfrbpq_1)
                                                       1.546335340   data arrival time

                                        0.000000000    0.000000000   clock eth_tx_clk_i (rise edge)
                                        1.250966430    1.250966430   clock network delay (propagated)
                                        0.250000000    1.500966549   clock uncertainty
                                       -0.069256827    1.431709647   clock reconvergence pessimism
                                                       1.431709647 ^ _130414_/CLK (sg13g2_dfrbpq_1)
                                       -0.099596754    1.332112908   library removal time
                                                       1.332112908   data required time
---------------------------------------------------------------------------------------------------------
                                                       1.332112908   data required time
                                                      -1.546335340   data arrival time
---------------------------------------------------------------------------------------------------------
                                                       0.214222416   slack (MET)


Startpoint: _135320_ (rising edge-triggered flip-flop clocked by eth_rx_clk_i)
Endpoint: _130034_ (removal check against rising-edge clock eth_rx_clk_i)
Path Group: asynchronous
Path Type: min
Corner: nom_fast_1p32V_m40C

Fanout            Cap           Slew          Delay           Time   Description
---------------------------------------------------------------------------------------------------------
                                        0.000000000    0.000000000   clock eth_rx_clk_i (rise edge)
                                        0.840069234    0.840069234   clock network delay (propagated)
                         0.038286194    0.000000000    0.840069234 ^ _135320_/CLK (sg13g2_dfrbpq_1)
     1    0.006248394    0.023545330    0.116919920    0.956989169 ^ _135320_/Q (sg13g2_dfrbpq_1)
     5    0.060809478    0.162330940    0.134845138    1.091834307 ^ fanout5723/X (sg13g2_buf_1)
     6    0.046658587    0.125582293    0.158325911    1.250160217 ^ fanout5722/X (sg13g2_buf_1)
                         0.125608072    0.001425748    1.251585960 ^ _130034_/RESET_B (sg13g2_dfrbpq_1)
                                                       1.251585960   data arrival time

                                        0.000000000    0.000000000   clock eth_rx_clk_i (rise edge)
                                        0.946180165    0.946180165   clock network delay (propagated)
                                        0.250000000    1.196180224   clock uncertainty
                                       -0.081559487    1.114620686   clock reconvergence pessimism
                                                       1.114620686 ^ _130034_/CLK (sg13g2_dfrbpq_1)
                                       -0.088263944    1.026356816   library removal time
                                                       1.026356816   data required time
---------------------------------------------------------------------------------------------------------
                                                       1.026356816   data required time
                                                      -1.251585960   data arrival time
---------------------------------------------------------------------------------------------------------
                                                       0.225229174   slack (MET)


Startpoint: _135845_ (rising edge-triggered flip-flop clocked by clk_i)
Endpoint: _136600_ (removal check against rising-edge clock clk_i)
Path Group: asynchronous
Path Type: min
Corner: nom_fast_1p32V_m40C

Fanout            Cap           Slew          Delay           Time   Description
---------------------------------------------------------------------------------------------------------
                                        0.000000000    0.000000000   clock clk_i (rise edge)
                                        1.968482494    1.968482494   clock network delay (propagated)
                         0.036128938    0.000000000    1.968482494 ^ _135845_/CLK (sg13g2_dfrbpq_1)
     3    0.077232122    0.203798652    0.225617081    2.194099665 ^ _135845_/Q (sg13g2_dfrbpq_1)
     6    0.059672400    0.159984022    0.179603219    2.373702765 ^ fanout5398/X (sg13g2_buf_1)
                         0.160660490    0.008049339    2.381752253 ^ _136600_/RESET_B (sg13g2_dfrbpq_1)
                                                       2.381752253   data arrival time

                                        0.000000000    0.000000000   clock clk_i (rise edge)
                                        2.180549622    2.180549622   clock network delay (propagated)
                                        0.250000000    2.430549622   clock uncertainty
                                       -0.192302957    2.238246441   clock reconvergence pessimism
                                                       2.238246441 ^ _136600_/CLK (sg13g2_dfrbpq_1)
                                       -0.096448436    2.141798258   library removal time
                                                       2.141798258   data required time
---------------------------------------------------------------------------------------------------------
                                                       2.141798258   data required time
                                                      -2.381752253   data arrival time
---------------------------------------------------------------------------------------------------------
                                                       0.239953846   slack (MET)


Startpoint: _135845_ (rising edge-triggered flip-flop clocked by clk_i)
Endpoint: _136592_ (removal check against rising-edge clock clk_i)
Path Group: asynchronous
Path Type: min
Corner: nom_fast_1p32V_m40C

Fanout            Cap           Slew          Delay           Time   Description
---------------------------------------------------------------------------------------------------------
                                        0.000000000    0.000000000   clock clk_i (rise edge)
                                        1.968482494    1.968482494   clock network delay (propagated)
                         0.036128938    0.000000000    1.968482494 ^ _135845_/CLK (sg13g2_dfrbpq_1)
     3    0.077232122    0.203798652    0.225617081    2.194099665 ^ _135845_/Q (sg13g2_dfrbpq_1)
     6    0.059672400    0.159984022    0.179603219    2.373702765 ^ fanout5398/X (sg13g2_buf_1)
                         0.160644189    0.007955414    2.381658316 ^ _136592_/RESET_B (sg13g2_dfrbpq_1)
                                                       2.381658316   data arrival time

                                        0.000000000    0.000000000   clock clk_i (rise edge)
                                        2.179961205    2.179961205   clock network delay (propagated)
                                        0.250000000    2.429961205   clock uncertainty
                                       -0.192302957    2.237658024   clock reconvergence pessimism
                                                       2.237658024 ^ _136592_/CLK (sg13g2_dfrbpq_1)
                                       -0.096461803    2.141196728   library removal time
                                                       2.141196728   data required time
---------------------------------------------------------------------------------------------------------
                                                       2.141196728   data required time
                                                      -2.381658316   data arrival time
---------------------------------------------------------------------------------------------------------
                                                       0.240461662   slack (MET)


Startpoint: _135512_ (rising edge-triggered flip-flop clocked by clk_i)
Endpoint: qspi_io_oe_o[2] (output port clocked by clk_i)
Path Group: clk_i
Path Type: min
Corner: nom_fast_1p32V_m40C

Fanout            Cap           Slew          Delay           Time   Description
---------------------------------------------------------------------------------------------------------
                                        0.000000000    0.000000000   clock clk_i (rise edge)
                                        1.768516183    1.768516183   clock network delay (propagated)
                         0.036065351    0.000000000    1.768516183 ^ _135512_/CLK (sg13g2_dfrbpq_1)
     2    0.026069695    0.058672674    0.144771650    1.913287759 v _135512_/Q (sg13g2_dfrbpq_1)
     1    0.015262757    0.038783729    0.071896710    1.985184550 v output280/X (sg13g2_buf_1)
                         0.038870208    0.001424194    1.986608744 v qspi_io_oe_o[2] (out)
                                                       1.986608744   data arrival time

                                        0.000000000    0.000000000   clock clk_i (rise edge)
                                        0.000000000    0.000000000   clock network delay (propagated)
                                        0.250000000    0.250000000   clock uncertainty
                                        0.000000000    0.250000000   clock reconvergence pessimism
                                        4.000000000    4.250000000   output external delay
                                                       4.250000000   data required time
---------------------------------------------------------------------------------------------------------
                                                       4.250000000   data required time
                                                      -1.986608744   data arrival time
---------------------------------------------------------------------------------------------------------
                                                      -2.263391256   slack (VIOLATED)


Startpoint: _135510_ (rising edge-triggered flip-flop clocked by clk_i)
Endpoint: qspi_io_oe_o[0] (output port clocked by clk_i)
Path Group: clk_i
Path Type: min
Corner: nom_fast_1p32V_m40C

Fanout            Cap           Slew          Delay           Time   Description
---------------------------------------------------------------------------------------------------------
                                        0.000000000    0.000000000   clock clk_i (rise edge)
                                        1.768438101    1.768438101   clock network delay (propagated)
                         0.036041155    0.000000000    1.768438101 ^ _135510_/CLK (sg13g2_dfrbpq_1)
     2    0.029299473    0.065360367    0.149016798    1.917454958 v _135510_/Q (sg13g2_dfrbpq_1)
     1    0.015262757    0.038948961    0.074639849    1.992094755 v output278/X (sg13g2_buf_1)
                         0.039035100    0.001424194    1.993518949 v qspi_io_oe_o[0] (out)
                                                       1.993518949   data arrival time

                                        0.000000000    0.000000000   clock clk_i (rise edge)
                                        0.000000000    0.000000000   clock network delay (propagated)
                                        0.250000000    0.250000000   clock uncertainty
                                        0.000000000    0.250000000   clock reconvergence pessimism
                                        4.000000000    4.250000000   output external delay
                                                       4.250000000   data required time
---------------------------------------------------------------------------------------------------------
                                                       4.250000000   data required time
                                                      -1.993518949   data arrival time
---------------------------------------------------------------------------------------------------------
                                                      -2.256481171   slack (VIOLATED)


Startpoint: _135513_ (rising edge-triggered flip-flop clocked by clk_i)
Endpoint: qspi_io_oe_o[3] (output port clocked by clk_i)
Path Group: clk_i
Path Type: min
Corner: nom_fast_1p32V_m40C

Fanout            Cap           Slew          Delay           Time   Description
---------------------------------------------------------------------------------------------------------
                                        0.000000000    0.000000000   clock clk_i (rise edge)
                                        1.767929912    1.767929912   clock network delay (propagated)
                         0.035897523    0.000000000    1.767929912 ^ _135513_/CLK (sg13g2_dfrbpq_1)
     2    0.031091137    0.069097191    0.151331395    1.919261217 v _135513_/Q (sg13g2_dfrbpq_1)
     1    0.014329209    0.037112035    0.074963152    1.994224429 v output281/X (sg13g2_buf_1)
                         0.037203327    0.001227685    1.995452046 v qspi_io_oe_o[3] (out)
                                                       1.995452046   data arrival time

                                        0.000000000    0.000000000   clock clk_i (rise edge)
                                        0.000000000    0.000000000   clock network delay (propagated)
                                        0.250000000    0.250000000   clock uncertainty
                                        0.000000000    0.250000000   clock reconvergence pessimism
                                        4.000000000    4.250000000   output external delay
                                                       4.250000000   data required time
---------------------------------------------------------------------------------------------------------
                                                       4.250000000   data required time
                                                      -1.995452046   data arrival time
---------------------------------------------------------------------------------------------------------
                                                      -2.254547834   slack (VIOLATED)


Startpoint: _135511_ (rising edge-triggered flip-flop clocked by clk_i)
Endpoint: qspi_io_oe_o[1] (output port clocked by clk_i)
Path Group: clk_i
Path Type: min
Corner: nom_fast_1p32V_m40C

Fanout            Cap           Slew          Delay           Time   Description
---------------------------------------------------------------------------------------------------------
                                        0.000000000    0.000000000   clock clk_i (rise edge)
                                        1.703316808    1.703316808   clock network delay (propagated)
                         0.035477478    0.000000000    1.703316808 ^ _135511_/CLK (sg13g2_dfrbpq_1)
     3    0.076124273    0.162796840    0.207254559    1.910571337 v _135511_/Q (sg13g2_dfrbpq_1)
     1    0.015100402    0.040968884    0.115194082    2.025765419 v output279/X (sg13g2_buf_1)
                         0.041071970    0.001389777    2.027155161 v qspi_io_oe_o[1] (out)
                                                       2.027155161   data arrival time

                                        0.000000000    0.000000000   clock clk_i (rise edge)
                                        0.000000000    0.000000000   clock network delay (propagated)
                                        0.250000000    0.250000000   clock uncertainty
                                        0.000000000    0.250000000   clock reconvergence pessimism
                                        4.000000000    4.250000000   output external delay
                                                       4.250000000   data required time
---------------------------------------------------------------------------------------------------------
                                                       4.250000000   data required time
                                                      -2.027155161   data arrival time
---------------------------------------------------------------------------------------------------------
                                                      -2.222844839   slack (VIOLATED)


Startpoint: _135522_ (rising edge-triggered flip-flop clocked by clk_i)
Endpoint: qspi_sck_o (output port clocked by clk_i)
Path Group: clk_i
Path Type: min
Corner: nom_fast_1p32V_m40C

Fanout            Cap           Slew          Delay           Time   Description
---------------------------------------------------------------------------------------------------------
                                        0.000000000    0.000000000   clock clk_i (rise edge)
                                        1.703512192    1.703512192   clock network delay (propagated)
                         0.035525672    0.000000000    1.703512192 ^ _135522_/CLK (sg13g2_dfrbpq_1)
     3    0.090743944    0.192836747    0.229539394    1.933051586 v _135522_/Q (sg13g2_dfrbpq_1)
     1    0.014288621    0.039973114    0.116165526    2.049216986 v output283/X (sg13g2_buf_1)
                         0.040022280    0.001220135    2.050437212 v qspi_sck_o (out)
                                                       2.050437212   data arrival time

                                        0.000000000    0.000000000   clock clk_i (rise edge)
                                        0.000000000    0.000000000   clock network delay (propagated)
                                        0.250000000    0.250000000   clock uncertainty
                                        0.000000000    0.250000000   clock reconvergence pessimism
                                        4.000000000    4.250000000   output external delay
                                                       4.250000000   data required time
---------------------------------------------------------------------------------------------------------
                                                       4.250000000   data required time
                                                      -2.050437212   data arrival time
---------------------------------------------------------------------------------------------------------
                                                      -2.199562788   slack (VIOLATED)


Startpoint: _130275_ (rising edge-triggered flip-flop clocked by clk_i)
Endpoint: qspi_cs_no[0] (output port clocked by clk_i)
Path Group: clk_i
Path Type: min
Corner: nom_fast_1p32V_m40C

Fanout            Cap           Slew          Delay           Time   Description
---------------------------------------------------------------------------------------------------------
                                        0.000000000    0.000000000   clock clk_i (rise edge)
                                        1.763659716    1.763659716   clock network delay (propagated)
                         0.031604566    0.000000000    1.763659716 ^ _130275_/CLK (sg13g2_dfrbpq_1)
     2    0.010696647    0.034255415    0.122474477    1.886134148 ^ _130275_/Q (sg13g2_dfrbpq_1)
     1    0.078024633    0.167345434    0.113732360    1.999866605 v _064905_/Y (sg13g2_inv_1)
     1    0.014613332    0.040315464    0.130882859    2.130749464 v output272/X (sg13g2_buf_1)
                         0.040370353    0.001286749    2.132036209 v qspi_cs_no[0] (out)
                                                       2.132036209   data arrival time

                                        0.000000000    0.000000000   clock clk_i (rise edge)
                                        0.000000000    0.000000000   clock network delay (propagated)
                                        0.250000000    0.250000000   clock uncertainty
                                        0.000000000    0.250000000   clock reconvergence pessimism
                                        4.000000000    4.250000000   output external delay
                                                       4.250000000   data required time
---------------------------------------------------------------------------------------------------------
                                                       4.250000000   data required time
                                                      -2.132036209   data arrival time
---------------------------------------------------------------------------------------------------------
                                                      -2.117963791   slack (VIOLATED)


Startpoint: _135514_ (rising edge-triggered flip-flop clocked by clk_i)
Endpoint: qspi_io_o[0] (output port clocked by clk_i)
Path Group: clk_i
Path Type: min
Corner: nom_fast_1p32V_m40C

Fanout            Cap           Slew          Delay           Time   Description
---------------------------------------------------------------------------------------------------------
                                        0.000000000    0.000000000   clock clk_i (rise edge)
                                        1.706481814    1.706481814   clock network delay (propagated)
                         0.037677716    0.000000000    1.706481814 ^ _135514_/CLK (sg13g2_dfrbpq_1)
     6    0.043515634    0.094614089    0.168984935    1.875466704 v _135514_/Q (sg13g2_dfrbpq_1)
     1    0.058962736    0.162253350    0.143072441    2.018539190 ^ _076968_/Y (sg13g2_inv_1)
     1    0.014450977    0.046289463    0.118934423    2.137473583 ^ output274/X (sg13g2_buf_1)
                         0.046378490    0.001254330    2.138727903 ^ qspi_io_o[0] (out)
                                                       2.138727903   data arrival time

                                        0.000000000    0.000000000   clock clk_i (rise edge)
                                        0.000000000    0.000000000   clock network delay (propagated)
                                        0.250000000    0.250000000   clock uncertainty
                                        0.000000000    0.250000000   clock reconvergence pessimism
                                        4.000000000    4.250000000   output external delay
                                                       4.250000000   data required time
---------------------------------------------------------------------------------------------------------
                                                       4.250000000   data required time
                                                      -2.138727903   data arrival time
---------------------------------------------------------------------------------------------------------
                                                      -2.111272097   slack (VIOLATED)


Startpoint: _130276_ (rising edge-triggered flip-flop clocked by clk_i)
Endpoint: qspi_cs_no[1] (output port clocked by clk_i)
Path Group: clk_i
Path Type: min
Corner: nom_fast_1p32V_m40C

Fanout            Cap           Slew          Delay           Time   Description
---------------------------------------------------------------------------------------------------------
                                        0.000000000    0.000000000   clock clk_i (rise edge)
                                        1.763686419    1.763686419   clock network delay (propagated)
                         0.031607248    0.000000000    1.763686419 ^ _130276_/CLK (sg13g2_dfrbpq_1)
     2    0.012789520    0.039399818    0.126126334    1.889812827 ^ _130276_/Q (sg13g2_dfrbpq_1)
     1    0.078222506    0.168179065    0.116997302    2.006810188 v _064904_/Y (sg13g2_inv_1)
     1    0.016186787    0.043470137    0.133658424    2.140468597 v output273/X (sg13g2_buf_1)
                         0.043549899    0.001572520    2.142040968 v qspi_cs_no[1] (out)
                                                       2.142040968   data arrival time

                                        0.000000000    0.000000000   clock clk_i (rise edge)
                                        0.000000000    0.000000000   clock network delay (propagated)
                                        0.250000000    0.250000000   clock uncertainty
                                        0.000000000    0.250000000   clock reconvergence pessimism
                                        4.000000000    4.250000000   output external delay
                                                       4.250000000   data required time
---------------------------------------------------------------------------------------------------------
                                                       4.250000000   data required time
                                                      -2.142040968   data arrival time
---------------------------------------------------------------------------------------------------------
                                                      -2.107959032   slack (VIOLATED)


Startpoint: _135515_ (rising edge-triggered flip-flop clocked by clk_i)
Endpoint: qspi_io_o[1] (output port clocked by clk_i)
Path Group: clk_i
Path Type: min
Corner: nom_fast_1p32V_m40C

Fanout            Cap           Slew          Delay           Time   Description
---------------------------------------------------------------------------------------------------------
                                        0.000000000    0.000000000   clock clk_i (rise edge)
                                        1.709381223    1.709381223   clock network delay (propagated)
                         0.038850002    0.000000000    1.709381223 ^ _135515_/CLK (sg13g2_dfrbpq_1)
     5    0.029408265    0.080114402    0.157455713    1.866836905 ^ _135515_/Q (sg13g2_dfrbpq_1)
     2    0.087274060    0.189506635    0.160731435    2.027568340 v _063924_/Y (sg13g2_inv_1)
     1    0.014329209    0.040105648    0.127458051    2.155026436 v output275/X (sg13g2_buf_1)
                         0.040155426    0.001228351    2.156254768 v qspi_io_o[1] (out)
                                                       2.156254768   data arrival time

                                        0.000000000    0.000000000   clock clk_i (rise edge)
                                        0.000000000    0.000000000   clock network delay (propagated)
                                        0.250000000    0.250000000   clock uncertainty
                                        0.000000000    0.250000000   clock reconvergence pessimism
                                        4.000000000    4.250000000   output external delay
                                                       4.250000000   data required time
---------------------------------------------------------------------------------------------------------
                                                       4.250000000   data required time
                                                      -2.156254768   data arrival time
---------------------------------------------------------------------------------------------------------
                                                      -2.093745232   slack (VIOLATED)


Startpoint: _135517_ (rising edge-triggered flip-flop clocked by clk_i)
Endpoint: qspi_io_o[3] (output port clocked by clk_i)
Path Group: clk_i
Path Type: min
Corner: nom_fast_1p32V_m40C

Fanout            Cap           Slew          Delay           Time   Description
---------------------------------------------------------------------------------------------------------
                                        0.000000000    0.000000000   clock clk_i (rise edge)
                                        1.707445145    1.707445145   clock network delay (propagated)
                         0.037981406    0.000000000    1.707445145 ^ _135517_/CLK (sg13g2_dfrbpq_1)
     6    0.042353146    0.112927347    0.177918345    1.885363460 ^ _135517_/Q (sg13g2_dfrbpq_1)
     2    0.080103174    0.178814888    0.173366442    2.058729887 v _063701_/Y (sg13g2_inv_1)
     1    0.014288621    0.039699387    0.116495483    2.175225496 v output277/X (sg13g2_buf_1)
                         0.039748948    0.001219913    2.176445246 v qspi_io_o[3] (out)
                                                       2.176445246   data arrival time

                                        0.000000000    0.000000000   clock clk_i (rise edge)
                                        0.000000000    0.000000000   clock network delay (propagated)
                                        0.250000000    0.250000000   clock uncertainty
                                        0.000000000    0.250000000   clock reconvergence pessimism
                                        4.000000000    4.250000000   output external delay
                                                       4.250000000   data required time
---------------------------------------------------------------------------------------------------------
                                                       4.250000000   data required time
                                                      -2.176445246   data arrival time
---------------------------------------------------------------------------------------------------------
                                                      -2.073554754   slack (VIOLATED)


Startpoint: _135516_ (rising edge-triggered flip-flop clocked by clk_i)
Endpoint: qspi_io_o[2] (output port clocked by clk_i)
Path Group: clk_i
Path Type: min
Corner: nom_fast_1p32V_m40C

Fanout            Cap           Slew          Delay           Time   Description
---------------------------------------------------------------------------------------------------------
                                        0.000000000    0.000000000   clock clk_i (rise edge)
                                        1.707786560    1.707786560   clock network delay (propagated)
                         0.038110375    0.000000000    1.707786560 ^ _135516_/CLK (sg13g2_dfrbpq_1)
     8    0.062980041    0.135263294    0.194339767    1.902126312 v _135516_/Q (sg13g2_dfrbpq_1)
     1    0.069325797    0.193965673    0.175756752    2.077883005 ^ _076967_/Y (sg13g2_inv_1)
     1    0.015262757    0.048896231    0.133468568    2.211351633 ^ output276/X (sg13g2_buf_1)
                         0.048998460    0.001426193    2.212777853 ^ qspi_io_o[2] (out)
                                                       2.212777853   data arrival time

                                        0.000000000    0.000000000   clock clk_i (rise edge)
                                        0.000000000    0.000000000   clock network delay (propagated)
                                        0.250000000    0.250000000   clock uncertainty
                                        0.000000000    0.250000000   clock reconvergence pessimism
                                        4.000000000    4.250000000   output external delay
                                                       4.250000000   data required time
---------------------------------------------------------------------------------------------------------
                                                       4.250000000   data required time
                                                      -2.212777853   data arrival time
---------------------------------------------------------------------------------------------------------
                                                      -2.037222147   slack (VIOLATED)


Startpoint: qspi_io_i[2] (input port clocked by clk_i)
Endpoint: _130244_ (rising edge-triggered flip-flop clocked by clk_i)
Path Group: clk_i
Path Type: min
Corner: nom_slow_1p08V_125C

Fanout            Cap           Slew          Delay           Time   Description
---------------------------------------------------------------------------------------------------------
                                        0.000000000    0.000000000   clock clk_i (rise edge)
                                        0.000000000    0.000000000   clock network delay (propagated)
                                        1.500000000    1.500000000 v input external delay
     1    0.012368999    0.037983052    0.013943736    1.513943672 v qspi_io_i[2] (in)
     1    0.086237028    0.449337751    0.371062309    1.885005951 v input34/X (sg13g2_buf_1)
     1    0.005455907    0.081009991    0.281450212    2.166456223 ^ _099801_/Y (sg13g2_a21oi_1)
     1    0.006550522    0.084127478    0.118052460    2.284508705 v _099816_/Y (sg13g2_o21ai_1)
     1    0.002205768    0.043686528    0.174991131    2.459499836 v _099817_/X (sg13g2_mux2_1)
                         0.043686528    0.000028644    2.459528446 v _130244_/D (sg13g2_dfrbpq_1)
                                                       2.459528446   data arrival time

                                        0.000000000    0.000000000   clock clk_i (rise edge)
                                        3.627036095    3.627036095   clock network delay (propagated)
                                        0.250000000    3.877036095   clock uncertainty
                                        0.000000000    3.877036095   clock reconvergence pessimism
                                                       3.877036095 ^ _130244_/CLK (sg13g2_dfrbpq_1)
                                       -0.042325627    3.834710360   library hold time
                                                       3.834710360   data required time
---------------------------------------------------------------------------------------------------------
                                                       3.834710360   data required time
                                                      -2.459528446   data arrival time
---------------------------------------------------------------------------------------------------------
                                                      -1.375182033   slack (VIOLATED)


Startpoint: qspi_io_i[3] (input port clocked by clk_i)
Endpoint: _130245_ (rising edge-triggered flip-flop clocked by clk_i)
Path Group: clk_i
Path Type: min
Corner: nom_slow_1p08V_125C

Fanout            Cap           Slew          Delay           Time   Description
---------------------------------------------------------------------------------------------------------
                                        0.000000000    0.000000000   clock clk_i (rise edge)
                                        0.000000000    0.000000000   clock network delay (propagated)
                                        1.500000000    1.500000000 v input external delay
     1    0.012368999    0.037983052    0.013943736    1.513943672 v qspi_io_i[3] (in)
     1    0.080059521    0.417767435    0.352661252    1.866604924 v input35/X (sg13g2_buf_1)
     1    0.008070680    0.078054912    0.222443625    2.089048624 ^ _099831_/Y (sg13g2_nand2_1)
     1    0.004849633    0.059687167    0.115043975    2.204092503 v _099832_/Y (sg13g2_a21oi_1)
     1    0.005911619    0.049430460    0.133179024    2.337271452 v _099833_/X (sg13g2_a21o_1)
     1    0.003887060    0.095059268    0.095704116    2.432975769 ^ _099834_/Y (sg13g2_a221oi_1)
     1    0.003925729    0.048644789    0.116006985    2.548982620 v _099836_/Y (sg13g2_a21oi_1)
                         0.048644848    0.000106581    2.549089193 v _130245_/D (sg13g2_dfrbpq_1)
                                                       2.549089193   data arrival time

                                        0.000000000    0.000000000   clock clk_i (rise edge)
                                        3.626792908    3.626792908   clock network delay (propagated)
                                        0.250000000    3.876792669   clock uncertainty
                                        0.000000000    3.876792669   clock reconvergence pessimism
                                                       3.876792669 ^ _130245_/CLK (sg13g2_dfrbpq_1)
                                       -0.044326667    3.832466125   library hold time
                                                       3.832466125   data required time
---------------------------------------------------------------------------------------------------------
                                                       3.832466125   data required time
                                                      -2.549089193   data arrival time
---------------------------------------------------------------------------------------------------------
                                                      -1.283376813   slack (VIOLATED)


Startpoint: qspi_io_i[0] (input port clocked by clk_i)
Endpoint: _130242_ (rising edge-triggered flip-flop clocked by clk_i)
Path Group: clk_i
Path Type: min
Corner: nom_slow_1p08V_125C

Fanout            Cap           Slew          Delay           Time   Description
---------------------------------------------------------------------------------------------------------
                                        0.000000000    0.000000000   clock clk_i (rise edge)
                                        0.000000000    0.000000000   clock network delay (propagated)
                                        1.500000000    1.500000000 v input external delay
     1    0.010660249    0.036123380    0.011951663    1.511951566 v qspi_io_i[0] (in)
     1    0.079612397    0.415432036    0.350480556    1.862432122 v input32/X (sg13g2_buf_1)
     1    0.010397787    0.080406681    0.359117299    2.221549511 v _099762_/X (sg13g2_mux2_1)
     1    0.004146065    0.105565004    0.157071248    2.378620625 ^ _099768_/Y (sg13g2_a221oi_1)
     1    0.005000745    0.072776265    0.115809366    2.494430065 v _099770_/Y (sg13g2_o21ai_1)
     1    0.003011630    0.047156021    0.174505308    2.668935299 v _099779_/X (sg13g2_mux2_1)
                         0.047156021    0.000059952    2.668995380 v _130242_/D (sg13g2_dfrbpq_1)
                                                       2.668995380   data arrival time

                                        0.000000000    0.000000000   clock clk_i (rise edge)
                                        3.627000809    3.627000809   clock network delay (propagated)
                                        0.250000000    3.877000570   clock uncertainty
                                        0.000000000    3.877000570   clock reconvergence pessimism
                                                       3.877000570 ^ _130242_/CLK (sg13g2_dfrbpq_1)
                                       -0.043724090    3.833276510   library hold time
                                                       3.833276510   data required time
---------------------------------------------------------------------------------------------------------
                                                       3.833276510   data required time
                                                      -2.668995380   data arrival time
---------------------------------------------------------------------------------------------------------
                                                      -1.164281130   slack (VIOLATED)


Startpoint: qspi_io_i[1] (input port clocked by clk_i)
Endpoint: _130243_ (rising edge-triggered flip-flop clocked by clk_i)
Path Group: clk_i
Path Type: min
Corner: nom_slow_1p08V_125C

Fanout            Cap           Slew          Delay           Time   Description
---------------------------------------------------------------------------------------------------------
                                        0.000000000    0.000000000   clock clk_i (rise edge)
                                        0.000000000    0.000000000   clock network delay (propagated)
                                        1.500000000    1.500000000 v input external delay
     1    0.012206643    0.037806801    0.013751444    1.513751388 v qspi_io_i[1] (in)
     2    0.084466271    0.441685408    0.360134602    1.873885989 v input33/X (sg13g2_buf_1)
     1    0.005145263    0.077917136    0.280352652    2.154238701 ^ _099795_/Y (sg13g2_a21oi_1)
     1    0.008266413    0.060923200    0.080829792    2.235068321 v _099796_/Y (sg13g2_nor2_1)
     1    0.013226365    0.206271142    0.182311729    2.417380095 ^ _099797_/Y (sg13g2_a221oi_1)
     1    0.004956773    0.071077868    0.124482431    2.541862488 v _099798_/Y (sg13g2_o21ai_1)
     1    0.002073009    0.043131299    0.169066325    2.710928917 v _099799_/X (sg13g2_mux2_1)
                         0.043131299    0.000023759    2.710952759 v _130243_/D (sg13g2_dfrbpq_1)
                                                       2.710952759   data arrival time

                                        0.000000000    0.000000000   clock clk_i (rise edge)
                                        3.626893044    3.626893044   clock network delay (propagated)
                                        0.250000000    3.876893044   clock uncertainty
                                        0.000000000    3.876893044   clock reconvergence pessimism
                                                       3.876893044 ^ _130243_/CLK (sg13g2_dfrbpq_1)
                                       -0.042103864    3.834789515   library hold time
                                                       3.834789515   data required time
---------------------------------------------------------------------------------------------------------
                                                       3.834789515   data required time
                                                      -2.710952759   data arrival time
---------------------------------------------------------------------------------------------------------
                                                      -1.123836875   slack (VIOLATED)


Startpoint: _128786_ (rising edge-triggered flip-flop clocked by clk_i)
Endpoint: _129116_ (rising edge-triggered flip-flop clocked by clk_i)
Path Group: clk_i
Path Type: min
Corner: nom_fast_1p32V_m40C

Fanout            Cap           Slew          Delay           Time   Description
---------------------------------------------------------------------------------------------------------
                                        0.000000000    0.000000000   clock clk_i (rise edge)
                                        1.641229391    1.641229391   clock network delay (propagated)
                         0.029992163    0.000000000    1.641229391 ^ _128786_/CLK (sg13g2_dfrbpq_1)
     2    0.025077840    0.056344707    0.141308635    1.782538056 v _128786_/Q (sg13g2_dfrbpq_1)
     1    0.005920993    0.049868882    0.064053878    1.846591949 ^ _094422_/Y (sg13g2_a22oi_1)
     1    0.002831501    0.016948713    0.022975734    1.869567633 v _094423_/Y (sg13g2_inv_1)
                         0.016948748    0.000048628    1.869616270 v _129116_/D (sg13g2_dfrbpq_1)
                                                       1.869616270   data arrival time

                                        0.000000000    0.000000000   clock clk_i (rise edge)
                                        2.146987677    2.146987677   clock network delay (propagated)
                                        0.250000000    2.396987677   clock uncertainty
                                        0.000000000    2.396987677   clock reconvergence pessimism
                                                       2.396987677 ^ _129116_/CLK (sg13g2_dfrbpq_1)
                                       -0.022241892    2.374745846   library hold time
                                                       2.374745846   data required time
---------------------------------------------------------------------------------------------------------
                                                       2.374745846   data required time
                                                      -1.869616270   data arrival time
---------------------------------------------------------------------------------------------------------
                                                      -0.505129516   slack (VIOLATED)


Startpoint: _128759_ (rising edge-triggered flip-flop clocked by clk_i)
Endpoint: _129089_ (rising edge-triggered flip-flop clocked by clk_i)
Path Group: clk_i
Path Type: min
Corner: nom_fast_1p32V_m40C

Fanout            Cap           Slew          Delay           Time   Description
---------------------------------------------------------------------------------------------------------
                                        0.000000000    0.000000000   clock clk_i (rise edge)
                                        1.704933882    1.704933882   clock network delay (propagated)
                         0.038675867    0.000000000    1.704933882 ^ _128759_/CLK (sg13g2_dfrbpq_1)
     2    0.025070231    0.056608696    0.144315228    1.849249125 v _128759_/Q (sg13g2_dfrbpq_1)
     1    0.004228092    0.042031460    0.057955977    1.907205105 ^ _094363_/Y (sg13g2_a22oi_1)
     1    0.002967644    0.015871383    0.021653568    1.928858638 v _094364_/Y (sg13g2_inv_1)
                         0.015871434    0.000054623    1.928913355 v _129089_/D (sg13g2_dfrbpq_1)
                                                       1.928913355   data arrival time

                                        0.000000000    0.000000000   clock clk_i (rise edge)
                                        2.190181255    2.190181255   clock network delay (propagated)
                                        0.250000000    2.440181255   clock uncertainty
                                        0.000000000    2.440181255   clock reconvergence pessimism
                                                       2.440181255 ^ _129089_/CLK (sg13g2_dfrbpq_1)
                                       -0.021887574    2.418293715   library hold time
                                                       2.418293715   data required time
---------------------------------------------------------------------------------------------------------
                                                       2.418293715   data required time
                                                      -1.928913355   data arrival time
---------------------------------------------------------------------------------------------------------
                                                      -0.489380330   slack (VIOLATED)


Startpoint: _128773_ (rising edge-triggered flip-flop clocked by clk_i)
Endpoint: _129103_ (rising edge-triggered flip-flop clocked by clk_i)
Path Group: clk_i
Path Type: min
Corner: nom_fast_1p32V_m40C

Fanout            Cap           Slew          Delay           Time   Description
---------------------------------------------------------------------------------------------------------
                                        0.000000000    0.000000000   clock clk_i (rise edge)
                                        1.702375650    1.702375650   clock network delay (propagated)
                         0.032155257    0.000000000    1.702375650 ^ _128773_/CLK (sg13g2_dfrbpq_1)
     2    0.015009440    0.037116647    0.127185717    1.829561353 v _128773_/Q (sg13g2_dfrbpq_1)
     1    0.006217583    0.049228400    0.058480665    1.888041973 ^ _094394_/Y (sg13g2_a22oi_1)
     1    0.003985535    0.018931646    0.025115244    1.913157225 v _094395_/Y (sg13g2_inv_1)
                         0.018931793    0.000095257    1.913252473 v _129103_/D (sg13g2_dfrbpq_1)
                                                       1.913252473   data arrival time

                                        0.000000000    0.000000000   clock clk_i (rise edge)
                                        2.173874140    2.173874140   clock network delay (propagated)
                                        0.250000000    2.423874378   clock uncertainty
                                        0.000000000    2.423874378   clock reconvergence pessimism
                                                       2.423874378 ^ _129103_/CLK (sg13g2_dfrbpq_1)
                                       -0.022735469    2.401139021   library hold time
                                                       2.401139021   data required time
---------------------------------------------------------------------------------------------------------
                                                       2.401139021   data required time
                                                      -1.913252473   data arrival time
---------------------------------------------------------------------------------------------------------
                                                      -0.487886399   slack (VIOLATED)


Startpoint: _128779_ (rising edge-triggered flip-flop clocked by clk_i)
Endpoint: _129109_ (rising edge-triggered flip-flop clocked by clk_i)
Path Group: clk_i
Path Type: min
Corner: nom_fast_1p32V_m40C

Fanout            Cap           Slew          Delay           Time   Description
---------------------------------------------------------------------------------------------------------
                                        0.000000000    0.000000000   clock clk_i (rise edge)
                                        1.702416658    1.702416658   clock network delay (propagated)
                         0.032166548    0.000000000    1.702416658 ^ _128779_/CLK (sg13g2_dfrbpq_1)
     2    0.019408906    0.046202514    0.133798093    1.836214781 v _128779_/Q (sg13g2_dfrbpq_1)
     1    0.005515947    0.046873327    0.058746565    1.894961357 ^ _094407_/Y (sg13g2_a22oi_1)
     1    0.002148252    0.015202209    0.021072034    1.916033387 v _094408_/Y (sg13g2_inv_1)
                         0.015202209    0.000023537    1.916056871 v _129109_/D (sg13g2_dfrbpq_1)
                                                       1.916056871   data arrival time

                                        0.000000000    0.000000000   clock clk_i (rise edge)
                                        2.174221754    2.174221754   clock network delay (propagated)
                                        0.250000000    2.424221754   clock uncertainty
                                        0.000000000    2.424221754   clock reconvergence pessimism
                                                       2.424221754 ^ _129109_/CLK (sg13g2_dfrbpq_1)
                                       -0.021852171    2.402369738   library hold time
                                                       2.402369738   data required time
---------------------------------------------------------------------------------------------------------
                                                       2.402369738   data required time
                                                      -1.916056871   data arrival time
---------------------------------------------------------------------------------------------------------
                                                      -0.486312777   slack (VIOLATED)


Startpoint: _128770_ (rising edge-triggered flip-flop clocked by clk_i)
Endpoint: _129100_ (rising edge-triggered flip-flop clocked by clk_i)
Path Group: clk_i
Path Type: min
Corner: nom_fast_1p32V_m40C

Fanout            Cap           Slew          Delay           Time   Description
---------------------------------------------------------------------------------------------------------
                                        0.000000000    0.000000000   clock clk_i (rise edge)
                                        1.700481057    1.700481057   clock network delay (propagated)
                         0.031842817    0.000000000    1.700481057 ^ _128770_/CLK (sg13g2_dfrbpq_1)
     2    0.017116688    0.041433185    0.130310982    1.830792069 v _128770_/Q (sg13g2_dfrbpq_1)
     1    0.005551463    0.046524826    0.057280403    1.888072371 ^ _094387_/Y (sg13g2_a22oi_1)
     1    0.005356261    0.021025041    0.027149394    1.915221810 v _094388_/Y (sg13g2_inv_1)
                         0.021026645    0.000182521    1.915404320 v _129100_/D (sg13g2_dfrbpq_1)
                                                       1.915404320   data arrival time

                                        0.000000000    0.000000000   clock clk_i (rise edge)
                                        2.174683332    2.174683332   clock network delay (propagated)
                                        0.250000000    2.424683332   clock uncertainty
                                        0.000000000    2.424683332   clock reconvergence pessimism
                                                       2.424683332 ^ _129100_/CLK (sg13g2_dfrbpq_1)
                                       -0.023196004    2.401487350   library hold time
                                                       2.401487350   data required time
---------------------------------------------------------------------------------------------------------
                                                       2.401487350   data required time
                                                      -1.915404320   data arrival time
---------------------------------------------------------------------------------------------------------
                                                      -0.486082971   slack (VIOLATED)


Startpoint: _135875_ (rising edge-triggered flip-flop clocked by eth_tx_clk_i)
Endpoint: eth_txd_o[6] (output port clocked by eth_gtx)
Path Group: eth_gtx
Path Type: min
Corner: nom_slow_1p08V_125C

Fanout            Cap           Slew          Delay           Time   Description
---------------------------------------------------------------------------------------------------------
                                        0.000000000    0.000000000   clock eth_tx_clk_i (rise edge)
                                        1.557980537    1.557980537   clock network delay (propagated)
                         0.081912898    0.000000000    1.557980537 ^ _135875_/CLK (sg13g2_dfrbpq_1)
     1    0.004100045    0.036875013    0.274597138    1.832577705 v _135875_/Q (sg13g2_dfrbpq_1)
     1    0.017724380    0.103364609    0.146461517    1.979039192 v output68/X (sg13g2_buf_1)
                         0.103380457    0.001227241    1.980266452 v eth_txd_o[6] (out)
                                                       1.980266452   data arrival time

                                        0.000000000    0.000000000   clock eth_gtx (rise edge)
                                        2.348822117    2.348822117   clock network delay (propagated)
                                        0.250000000    2.598822117   clock uncertainty
                                        0.000000000    2.598822117   clock reconvergence pessimism
                                        0.500000000    3.098822117   output external delay
                                                       3.098822117   data required time
---------------------------------------------------------------------------------------------------------
                                                       3.098822117   data required time
                                                      -1.980266452   data arrival time
---------------------------------------------------------------------------------------------------------
                                                      -1.118555665   slack (VIOLATED)


Startpoint: _135869_ (rising edge-triggered flip-flop clocked by eth_tx_clk_i)
Endpoint: eth_txd_o[0] (output port clocked by eth_gtx)
Path Group: eth_gtx
Path Type: min
Corner: nom_slow_1p08V_125C

Fanout            Cap           Slew          Delay           Time   Description
---------------------------------------------------------------------------------------------------------
                                        0.000000000    0.000000000   clock eth_tx_clk_i (rise edge)
                                        1.561755419    1.561755419   clock network delay (propagated)
                         0.078167424    0.000000000    1.561755419 ^ _135869_/CLK (sg13g2_dfrbpq_1)
     1    0.003526725    0.034203939    0.270402163    1.832157612 v _135869_/Q (sg13g2_dfrbpq_1)
     1    0.019350864    0.111598223    0.151112676    1.983270288 v output62/X (sg13g2_buf_1)
                         0.111626916    0.001634914    1.984905243 v eth_txd_o[0] (out)
                                                       1.984905243   data arrival time

                                        0.000000000    0.000000000   clock eth_gtx (rise edge)
                                        2.348822117    2.348822117   clock network delay (propagated)
                                        0.250000000    2.598822117   clock uncertainty
                                        0.000000000    2.598822117   clock reconvergence pessimism
                                        0.500000000    3.098822117   output external delay
                                                       3.098822117   data required time
---------------------------------------------------------------------------------------------------------
                                                       3.098822117   data required time
                                                      -1.984905243   data arrival time
---------------------------------------------------------------------------------------------------------
                                                      -1.113916993   slack (VIOLATED)


Startpoint: _135874_ (rising edge-triggered flip-flop clocked by eth_tx_clk_i)
Endpoint: eth_txd_o[5] (output port clocked by eth_gtx)
Path Group: eth_gtx
Path Type: min
Corner: nom_slow_1p08V_125C

Fanout            Cap           Slew          Delay           Time   Description
---------------------------------------------------------------------------------------------------------
                                        0.000000000    0.000000000   clock eth_tx_clk_i (rise edge)
                                        1.560679913    1.560679913   clock network delay (propagated)
                         0.078018889    0.000000000    1.560679913 ^ _135874_/CLK (sg13g2_dfrbpq_1)
     1    0.004030705    0.036573011    0.272237450    1.832917452 v _135874_/Q (sg13g2_dfrbpq_1)
     1    0.019091878    0.110298187    0.151344046    1.984261513 v output67/X (sg13g2_buf_1)
                         0.110323973    0.001552536    1.985813975 v eth_txd_o[5] (out)
                                                       1.985813975   data arrival time

                                        0.000000000    0.000000000   clock eth_gtx (rise edge)
                                        2.348822117    2.348822117   clock network delay (propagated)
                                        0.250000000    2.598822117   clock uncertainty
                                        0.000000000    2.598822117   clock reconvergence pessimism
                                        0.500000000    3.098822117   output external delay
                                                       3.098822117   data required time
---------------------------------------------------------------------------------------------------------
                                                       3.098822117   data required time
                                                      -1.985813975   data arrival time
---------------------------------------------------------------------------------------------------------
                                                      -1.113008142   slack (VIOLATED)


Startpoint: _132212_ (rising edge-triggered flip-flop clocked by eth_tx_clk_i)
Endpoint: eth_tx_er_o (output port clocked by eth_gtx)
Path Group: eth_gtx
Path Type: min
Corner: nom_slow_1p08V_125C

Fanout            Cap           Slew          Delay           Time   Description
---------------------------------------------------------------------------------------------------------
                                        0.000000000    0.000000000   clock eth_tx_clk_i (rise edge)
                                        1.558158398    1.558158398   clock network delay (propagated)
                         0.081933536    0.000000000    1.558158398 ^ _132212_/CLK (sg13g2_dfrbpq_1)
     1    0.005499304    0.043078914    0.279920876    1.838079333 v _132212_/Q (sg13g2_dfrbpq_1)
     1    0.017717615    0.103389554    0.149504632    1.987583876 v output61/X (sg13g2_buf_1)
                         0.103405349    0.001225464    1.988809347 v eth_tx_er_o (out)
                                                       1.988809347   data arrival time

                                        0.000000000    0.000000000   clock eth_gtx (rise edge)
                                        2.348822117    2.348822117   clock network delay (propagated)
                                        0.250000000    2.598822117   clock uncertainty
                                        0.000000000    2.598822117   clock reconvergence pessimism
                                        0.500000000    3.098822117   output external delay
                                                       3.098822117   data required time
---------------------------------------------------------------------------------------------------------
                                                       3.098822117   data required time
                                                      -1.988809347   data arrival time
---------------------------------------------------------------------------------------------------------
                                                      -1.110012770   slack (VIOLATED)


Startpoint: _135871_ (rising edge-triggered flip-flop clocked by eth_tx_clk_i)
Endpoint: eth_txd_o[2] (output port clocked by eth_gtx)
Path Group: eth_gtx
Path Type: min
Corner: nom_slow_1p08V_125C

Fanout            Cap           Slew          Delay           Time   Description
---------------------------------------------------------------------------------------------------------
                                        0.000000000    0.000000000   clock eth_tx_clk_i (rise edge)
                                        1.561703086    1.561703086   clock network delay (propagated)
                         0.078158967    0.000000000    1.561703086 ^ _135871_/CLK (sg13g2_dfrbpq_1)
     1    0.005799711    0.044446800    0.279020578    1.840723634 v _135871_/Q (sg13g2_dfrbpq_1)
     1    0.018361459    0.106650822    0.152608603    1.993332267 v output64/X (sg13g2_buf_1)
                         0.106669582    0.001336709    1.994668961 v eth_txd_o[2] (out)
                                                       1.994668961   data arrival time

                                        0.000000000    0.000000000   clock eth_gtx (rise edge)
                                        2.348822117    2.348822117   clock network delay (propagated)
                                        0.250000000    2.598822117   clock uncertainty
                                        0.000000000    2.598822117   clock reconvergence pessimism
                                        0.500000000    3.098822117   output external delay
                                                       3.098822117   data required time
---------------------------------------------------------------------------------------------------------
                                                       3.098822117   data required time
                                                      -1.994668961   data arrival time
---------------------------------------------------------------------------------------------------------
                                                      -1.104153275   slack (VIOLATED)


Startpoint: _135855_ (rising edge-triggered flip-flop clocked by eth_tx_clk_i)
Endpoint: eth_tx_en_o (output port clocked by eth_gtx)
Path Group: eth_gtx
Path Type: min
Corner: nom_slow_1p08V_125C

Fanout            Cap           Slew          Delay           Time   Description
---------------------------------------------------------------------------------------------------------
                                        0.000000000    0.000000000   clock eth_tx_clk_i (rise edge)
                                        1.557520151    1.557520151   clock network delay (propagated)
                         0.081866130    0.000000000    1.557520151 ^ _135855_/CLK (sg13g2_dfrbpq_1)
     1    0.006658846    0.048450336    0.284263402    1.841783524 v _135855_/Q (sg13g2_dfrbpq_1)
     1    0.017978333    0.104757592    0.153181583    1.994965196 v output60/X (sg13g2_buf_1)
                         0.104774795    0.001277201    1.996242285 v eth_tx_en_o (out)
                                                       1.996242285   data arrival time

                                        0.000000000    0.000000000   clock eth_gtx (rise edge)
                                        2.348822117    2.348822117   clock network delay (propagated)
                                        0.250000000    2.598822117   clock uncertainty
                                        0.000000000    2.598822117   clock reconvergence pessimism
                                        0.500000000    3.098822117   output external delay
                                                       3.098822117   data required time
---------------------------------------------------------------------------------------------------------
                                                       3.098822117   data required time
                                                      -1.996242285   data arrival time
---------------------------------------------------------------------------------------------------------
                                                      -1.102579832   slack (VIOLATED)


Startpoint: _135873_ (rising edge-triggered flip-flop clocked by eth_tx_clk_i)
Endpoint: eth_txd_o[4] (output port clocked by eth_gtx)
Path Group: eth_gtx
Path Type: min
Corner: nom_slow_1p08V_125C

Fanout            Cap           Slew          Delay           Time   Description
---------------------------------------------------------------------------------------------------------
                                        0.000000000    0.000000000   clock eth_tx_clk_i (rise edge)
                                        1.561954737    1.561954737   clock network delay (propagated)
                         0.078200765    0.000000000    1.561954737 ^ _135873_/CLK (sg13g2_dfrbpq_1)
     1    0.006219760    0.046407558    0.280635625    1.842590332 v _135873_/Q (sg13g2_dfrbpq_1)
     1    0.018234756    0.106028207    0.153100207    1.995690584 v output66/X (sg13g2_buf_1)
                         0.106046230    0.001310729    1.997001290 v eth_txd_o[4] (out)
                                                       1.997001290   data arrival time

                                        0.000000000    0.000000000   clock eth_gtx (rise edge)
                                        2.348822117    2.348822117   clock network delay (propagated)
                                        0.250000000    2.598822117   clock uncertainty
                                        0.000000000    2.598822117   clock reconvergence pessimism
                                        0.500000000    3.098822117   output external delay
                                                       3.098822117   data required time
---------------------------------------------------------------------------------------------------------
                                                       3.098822117   data required time
                                                      -1.997001290   data arrival time
---------------------------------------------------------------------------------------------------------
                                                      -1.101820946   slack (VIOLATED)


Startpoint: _135854_ (rising edge-triggered flip-flop clocked by eth_tx_clk_i)
Endpoint: eth_txd_o[7] (output port clocked by eth_gtx)
Path Group: eth_gtx
Path Type: min
Corner: nom_slow_1p08V_125C

Fanout            Cap           Slew          Delay           Time   Description
---------------------------------------------------------------------------------------------------------
                                        0.000000000    0.000000000   clock eth_tx_clk_i (rise edge)
                                        1.558004618    1.558004618   clock network delay (propagated)
                         0.081915602    0.000000000    1.558004618 ^ _135854_/CLK (sg13g2_dfrbpq_1)
     1    0.005803093    0.044462334    0.281055748    1.839060426 v _135854_/Q (sg13g2_dfrbpq_1)
     1    0.019571180    0.112806424    0.157026514    1.996086955 v output69/X (sg13g2_buf_1)
                         0.112837046    0.001690648    1.997777581 v eth_txd_o[7] (out)
                                                       1.997777581   data arrival time

                                        0.000000000    0.000000000   clock eth_gtx (rise edge)
                                        2.348822117    2.348822117   clock network delay (propagated)
                                        0.250000000    2.598822117   clock uncertainty
                                        0.000000000    2.598822117   clock reconvergence pessimism
                                        0.500000000    3.098822117   output external delay
                                                       3.098822117   data required time
---------------------------------------------------------------------------------------------------------
                                                       3.098822117   data required time
                                                      -1.997777581   data arrival time
---------------------------------------------------------------------------------------------------------
                                                      -1.101044655   slack (VIOLATED)


Startpoint: _135870_ (rising edge-triggered flip-flop clocked by eth_tx_clk_i)
Endpoint: eth_txd_o[1] (output port clocked by eth_gtx)
Path Group: eth_gtx
Path Type: min
Corner: nom_slow_1p08V_125C

Fanout            Cap           Slew          Delay           Time   Description
---------------------------------------------------------------------------------------------------------
                                        0.000000000    0.000000000   clock eth_tx_clk_i (rise edge)
                                        1.560682416    1.560682416   clock network delay (propagated)
                         0.078019157    0.000000000    1.560682416 ^ _135870_/CLK (sg13g2_dfrbpq_1)
     1    0.007546731    0.052626990    0.285546362    1.846228719 v _135870_/Q (sg13g2_dfrbpq_1)
     1    0.017896697    0.104375482    0.155026004    2.001254797 v output63/X (sg13g2_buf_1)
                         0.104391284    0.001233236    2.002487898 v eth_txd_o[1] (out)
                                                       2.002487898   data arrival time

                                        0.000000000    0.000000000   clock eth_gtx (rise edge)
                                        2.348822117    2.348822117   clock network delay (propagated)
                                        0.250000000    2.598822117   clock uncertainty
                                        0.000000000    2.598822117   clock reconvergence pessimism
                                        0.500000000    3.098822117   output external delay
                                                       3.098822117   data required time
---------------------------------------------------------------------------------------------------------
                                                       3.098822117   data required time
                                                      -2.002487898   data arrival time
---------------------------------------------------------------------------------------------------------
                                                      -1.096334219   slack (VIOLATED)


Startpoint: _135872_ (rising edge-triggered flip-flop clocked by eth_tx_clk_i)
Endpoint: eth_txd_o[3] (output port clocked by eth_gtx)
Path Group: eth_gtx
Path Type: min
Corner: nom_slow_1p08V_125C

Fanout            Cap           Slew          Delay           Time   Description
---------------------------------------------------------------------------------------------------------
                                        0.000000000    0.000000000   clock eth_tx_clk_i (rise edge)
                                        1.561263204    1.561263204   clock network delay (propagated)
                         0.078092769    0.000000000    1.561263204 ^ _135872_/CLK (sg13g2_dfrbpq_1)
     1    0.009037316    0.059818074    0.291192621    1.852455854 v _135872_/Q (sg13g2_dfrbpq_1)
     1    0.017906386    0.104493998    0.158666641    2.011122465 v output65/X (sg13g2_buf_1)
                         0.104510039    0.001241007    2.012363434 v eth_txd_o[3] (out)
                                                       2.012363434   data arrival time

                                        0.000000000    0.000000000   clock eth_gtx (rise edge)
                                        2.348822117    2.348822117   clock network delay (propagated)
                                        0.250000000    2.598822117   clock uncertainty
                                        0.000000000    2.598822117   clock reconvergence pessimism
                                        0.500000000    3.098822117   output external delay
                                                       3.098822117   data required time
---------------------------------------------------------------------------------------------------------
                                                       3.098822117   data required time
                                                      -2.012363434   data arrival time
---------------------------------------------------------------------------------------------------------
                                                      -1.086458683   slack (VIOLATED)


Startpoint: eth_rxd_i[4] (input port clocked by eth_rx_clk_i)
Endpoint: _135244_ (rising edge-triggered flip-flop clocked by eth_rx_clk_i)
Path Group: eth_rx_clk_i
Path Type: min
Corner: nom_slow_1p08V_125C

Fanout            Cap           Slew          Delay           Time   Description
---------------------------------------------------------------------------------------------------------
                                        0.000000000    0.000000000   clock eth_rx_clk_i (rise edge)
                                        0.000000000    0.000000000   clock network delay (propagated)
                                        0.500000000    0.500000000 v input external delay
     1    0.013749308    0.039483711    0.015177748    0.515177727 v eth_rxd_i[4] (in)
     1    0.001980838    0.027663728    0.087909847    0.603087604 v input9/X (sg13g2_buf_1)
                         0.027663728    0.000021261    0.603108883 v _135244_/D (sg13g2_dfrbpq_1)
                                                       0.603108883   data arrival time

                                        0.000000000    0.000000000   clock eth_rx_clk_i (rise edge)
                                        1.769951701    1.769951701   clock network delay (propagated)
                                        0.250000000    2.019951582   clock uncertainty
                                        0.000000000    2.019951582   clock reconvergence pessimism
                                                       2.019951582 ^ _135244_/CLK (sg13g2_dfrbpq_1)
                                       -0.035034005    1.984917641   library hold time
                                                       1.984917641   data required time
---------------------------------------------------------------------------------------------------------
                                                       1.984917641   data required time
                                                      -0.603108883   data arrival time
---------------------------------------------------------------------------------------------------------
                                                      -1.381808758   slack (VIOLATED)


Startpoint: eth_rxd_i[3] (input port clocked by eth_rx_clk_i)
Endpoint: _135243_ (rising edge-triggered flip-flop clocked by eth_rx_clk_i)
Path Group: eth_rx_clk_i
Path Type: min
Corner: nom_slow_1p08V_125C

Fanout            Cap           Slew          Delay           Time   Description
---------------------------------------------------------------------------------------------------------
                                        0.000000000    0.000000000   clock eth_rx_clk_i (rise edge)
                                        0.000000000    0.000000000   clock network delay (propagated)
                                        0.500000000    0.500000000 v input external delay
     1    0.013651584    0.039377611    0.015068003    0.515067995 v eth_rxd_i[3] (in)
     1    0.002836590    0.031448457    0.091132879    0.606200874 v input8/X (sg13g2_buf_1)
                         0.031448457    0.000052847    0.606253743 v _135243_/D (sg13g2_dfrbpq_1)
                                                       0.606253743   data arrival time

                                        0.000000000    0.000000000   clock eth_rx_clk_i (rise edge)
                                        1.770455360    1.770455360   clock network delay (propagated)
                                        0.250000000    2.020455360   clock uncertainty
                                        0.000000000    2.020455360   clock reconvergence pessimism
                                                       2.020455360 ^ _135243_/CLK (sg13g2_dfrbpq_1)
                                       -0.036086787    1.984368682   library hold time
                                                       1.984368682   data required time
---------------------------------------------------------------------------------------------------------
                                                       1.984368682   data required time
                                                      -0.606253743   data arrival time
---------------------------------------------------------------------------------------------------------
                                                      -1.378114939   slack (VIOLATED)


Startpoint: eth_rxd_i[6] (input port clocked by eth_rx_clk_i)
Endpoint: _135246_ (rising edge-triggered flip-flop clocked by eth_rx_clk_i)
Path Group: eth_rx_clk_i
Path Type: min
Corner: nom_slow_1p08V_125C

Fanout            Cap           Slew          Delay           Time   Description
---------------------------------------------------------------------------------------------------------
                                        0.000000000    0.000000000   clock eth_rx_clk_i (rise edge)
                                        0.000000000    0.000000000   clock network delay (propagated)
                                        0.500000000    0.500000000 v input external delay
     1    0.015617179    0.041509010    0.017338686    0.517338693 v eth_rxd_i[6] (in)
     1    0.002427317    0.029689439    0.090581656    0.607920349 v input11/X (sg13g2_buf_1)
                         0.029689439    0.000036304    0.607956648 v _135246_/D (sg13g2_dfrbpq_1)
                                                       0.607956648   data arrival time

                                        0.000000000    0.000000000   clock eth_rx_clk_i (rise edge)
                                        1.768926501    1.768926501   clock network delay (propagated)
                                        0.250000000    2.018926382   clock uncertainty
                                        0.000000000    2.018926382   clock reconvergence pessimism
                                                       2.018926382 ^ _135246_/CLK (sg13g2_dfrbpq_1)
                                       -0.035885073    1.983041286   library hold time
                                                       1.983041286   data required time
---------------------------------------------------------------------------------------------------------
                                                       1.983041286   data required time
                                                      -0.607956648   data arrival time
---------------------------------------------------------------------------------------------------------
                                                      -1.375084758   slack (VIOLATED)


Startpoint: eth_rxd_i[1] (input port clocked by eth_rx_clk_i)
Endpoint: _135241_ (rising edge-triggered flip-flop clocked by eth_rx_clk_i)
Path Group: eth_rx_clk_i
Path Type: min
Corner: nom_slow_1p08V_125C

Fanout            Cap           Slew          Delay           Time   Description
---------------------------------------------------------------------------------------------------------
                                        0.000000000    0.000000000   clock eth_rx_clk_i (rise edge)
                                        0.000000000    0.000000000   clock network delay (propagated)
                                        0.500000000    0.500000000 v input external delay
     1    0.013970950    0.039724480    0.015438651    0.515438676 v eth_rxd_i[1] (in)
     1    0.004250441    0.037707239    0.096696213    0.612134874 v input6/X (sg13g2_buf_1)
                         0.037707370    0.000125955    0.612260818 v _135241_/D (sg13g2_dfrbpq_1)
                                                       0.612260818   data arrival time

                                        0.000000000    0.000000000   clock eth_rx_clk_i (rise edge)
                                        1.770430088    1.770430088   clock network delay (propagated)
                                        0.250000000    2.020430088   clock uncertainty
                                        0.000000000    2.020430088   clock reconvergence pessimism
                                                       2.020430088 ^ _135241_/CLK (sg13g2_dfrbpq_1)
                                       -0.038609721    1.981820345   library hold time
                                                       1.981820345   data required time
---------------------------------------------------------------------------------------------------------
                                                       1.981820345   data required time
                                                      -0.612260818   data arrival time
---------------------------------------------------------------------------------------------------------
                                                      -1.369559526   slack (VIOLATED)


Startpoint: eth_rxd_i[2] (input port clocked by eth_rx_clk_i)
Endpoint: _135242_ (rising edge-triggered flip-flop clocked by eth_rx_clk_i)
Path Group: eth_rx_clk_i
Path Type: min
Corner: nom_slow_1p08V_125C

Fanout            Cap           Slew          Delay           Time   Description
---------------------------------------------------------------------------------------------------------
                                        0.000000000    0.000000000   clock eth_rx_clk_i (rise edge)
                                        0.000000000    0.000000000   clock network delay (propagated)
                                        0.500000000    0.500000000 v input external delay
     1    0.014229109    0.040004626    0.015731750    0.515731752 v eth_rxd_i[2] (in)
     1    0.004182793    0.037414152    0.096571475    0.612303197 v input7/X (sg13g2_buf_1)
                         0.037414275    0.000122069    0.612425268 v _135242_/D (sg13g2_dfrbpq_1)
                                                       0.612425268   data arrival time

                                        0.000000000    0.000000000   clock eth_rx_clk_i (rise edge)
                                        1.769980788    1.769980788   clock network delay (propagated)
                                        0.250000000    2.019980669   clock uncertainty
                                        0.000000000    2.019980669   clock reconvergence pessimism
                                                       2.019980669 ^ _135242_/CLK (sg13g2_dfrbpq_1)
                                       -0.038962185    1.981018543   library hold time
                                                       1.981018543   data required time
---------------------------------------------------------------------------------------------------------
                                                       1.981018543   data required time
                                                      -0.612425268   data arrival time
---------------------------------------------------------------------------------------------------------
                                                      -1.368593335   slack (VIOLATED)


Startpoint: eth_rx_er_i (input port clocked by eth_rx_clk_i)
Endpoint: _135280_ (rising edge-triggered flip-flop clocked by eth_rx_clk_i)
Path Group: eth_rx_clk_i
Path Type: min
Corner: nom_slow_1p08V_125C

Fanout            Cap           Slew          Delay           Time   Description
---------------------------------------------------------------------------------------------------------
                                        0.000000000    0.000000000   clock eth_rx_clk_i (rise edge)
                                        0.000000000    0.000000000   clock network delay (propagated)
                                        0.500000000    0.500000000 v input external delay
     1    0.015468536    0.041348107    0.017167434    0.517167449 v eth_rx_er_i (in)
     1    0.008751576    0.058857214    0.114594340    0.631761789 v input4/X (sg13g2_buf_1)
                         0.058859289    0.000419553    0.632181346 v _135280_/D (sg13g2_dfrbpq_1)
                                                       0.632181346   data arrival time

                                        0.000000000    0.000000000   clock eth_rx_clk_i (rise edge)
                                        1.796127796    1.796127796   clock network delay (propagated)
                                        0.250000000    2.046127796   clock uncertainty
                                        0.000000000    2.046127796   clock reconvergence pessimism
                                                       2.046127796 ^ _135280_/CLK (sg13g2_dfrbpq_1)
                                       -0.047785666    1.998342037   library hold time
                                                       1.998342037   data required time
---------------------------------------------------------------------------------------------------------
                                                       1.998342037   data required time
                                                      -0.632181346   data arrival time
---------------------------------------------------------------------------------------------------------
                                                      -1.366160631   slack (VIOLATED)


Startpoint: eth_rxd_i[5] (input port clocked by eth_rx_clk_i)
Endpoint: _135245_ (rising edge-triggered flip-flop clocked by eth_rx_clk_i)
Path Group: eth_rx_clk_i
Path Type: min
Corner: nom_slow_1p08V_125C

Fanout            Cap           Slew          Delay           Time   Description
---------------------------------------------------------------------------------------------------------
                                        0.000000000    0.000000000   clock eth_rx_clk_i (rise edge)
                                        0.000000000    0.000000000   clock network delay (propagated)
                                        0.500000000    0.500000000 v input external delay
     1    0.013868380    0.039613117    0.015320523    0.515320539 v eth_rxd_i[5] (in)
     1    0.007005618    0.050422896    0.107147016    0.622467518 v input10/X (sg13g2_buf_1)
                         0.050423414    0.000262512    0.622730076 v _135245_/D (sg13g2_dfrbpq_1)
                                                       0.622730076   data arrival time

                                        0.000000000    0.000000000   clock eth_rx_clk_i (rise edge)
                                        1.770100832    1.770100832   clock network delay (propagated)
                                        0.250000000    2.020100832   clock uncertainty
                                        0.000000000    2.020100832   clock reconvergence pessimism
                                                       2.020100832 ^ _135245_/CLK (sg13g2_dfrbpq_1)
                                       -0.043744911    1.976355791   library hold time
                                                       1.976355791   data required time
---------------------------------------------------------------------------------------------------------
                                                       1.976355791   data required time
                                                      -0.622730076   data arrival time
---------------------------------------------------------------------------------------------------------
                                                      -1.353625655   slack (VIOLATED)


Startpoint: eth_rxd_i[7] (input port clocked by eth_rx_clk_i)
Endpoint: _135247_ (rising edge-triggered flip-flop clocked by eth_rx_clk_i)
Path Group: eth_rx_clk_i
Path Type: min
Corner: nom_slow_1p08V_125C

Fanout            Cap           Slew          Delay           Time   Description
---------------------------------------------------------------------------------------------------------
                                        0.000000000    0.000000000   clock eth_rx_clk_i (rise edge)
                                        0.000000000    0.000000000   clock network delay (propagated)
                                        0.500000000    0.500000000 v input external delay
     1    0.013975701    0.039729603    0.015441426    0.515441418 v eth_rxd_i[7] (in)
     1    0.007509599    0.052831884    0.109117776    0.624559224 v input12/X (sg13g2_buf_1)
                         0.052832715    0.000303257    0.624862432 v _135247_/D (sg13g2_dfrbpq_1)
                                                       0.624862432   data arrival time

                                        0.000000000    0.000000000   clock eth_rx_clk_i (rise edge)
                                        1.770075560    1.770075560   clock network delay (propagated)
                                        0.250000000    2.020075560   clock uncertainty
                                        0.000000000    2.020075560   clock reconvergence pessimism
                                                       2.020075560 ^ _135247_/CLK (sg13g2_dfrbpq_1)
                                       -0.044716556    1.975359082   library hold time
                                                       1.975359082   data required time
---------------------------------------------------------------------------------------------------------
                                                       1.975359082   data required time
                                                      -0.624862432   data arrival time
---------------------------------------------------------------------------------------------------------
                                                      -1.350496650   slack (VIOLATED)


Startpoint: eth_rxd_i[0] (input port clocked by eth_rx_clk_i)
Endpoint: _135240_ (rising edge-triggered flip-flop clocked by eth_rx_clk_i)
Path Group: eth_rx_clk_i
Path Type: min
Corner: nom_slow_1p08V_125C

Fanout            Cap           Slew          Delay           Time   Description
---------------------------------------------------------------------------------------------------------
                                        0.000000000    0.000000000   clock eth_rx_clk_i (rise edge)
                                        0.000000000    0.000000000   clock network delay (propagated)
                                        0.500000000    0.500000000 v input external delay
     1    0.013931866    0.039681952    0.015387414    0.515387416 v eth_rxd_i[0] (in)
     1    0.011685393    0.073237509    0.124900095    0.640287519 v input5/X (sg13g2_buf_1)
                         0.073244020    0.000708933    0.640996456 v _135240_/D (sg13g2_dfrbpq_1)
                                                       0.640996456   data arrival time

                                        0.000000000    0.000000000   clock eth_rx_clk_i (rise edge)
                                        1.768527865    1.768527865   clock network delay (propagated)
                                        0.250000000    2.018527746   clock uncertainty
                                        0.000000000    2.018527746   clock reconvergence pessimism
                                                       2.018527746 ^ _135240_/CLK (sg13g2_dfrbpq_1)
                                       -0.052978247    1.965549588   library hold time
                                                       1.965549588   data required time
---------------------------------------------------------------------------------------------------------
                                                       1.965549588   data required time
                                                      -0.640996456   data arrival time
---------------------------------------------------------------------------------------------------------
                                                      -1.324553132   slack (VIOLATED)


Startpoint: eth_rx_dv_i (input port clocked by eth_rx_clk_i)
Endpoint: _135859_ (rising edge-triggered flip-flop clocked by eth_rx_clk_i)
Path Group: eth_rx_clk_i
Path Type: min
Corner: nom_slow_1p08V_125C

Fanout            Cap           Slew          Delay           Time   Description
---------------------------------------------------------------------------------------------------------
                                        0.000000000    0.000000000   clock eth_rx_clk_i (rise edge)
                                        0.000000000    0.000000000   clock network delay (propagated)
                                        0.500000000    0.500000000 v input external delay
     1    0.013749308    0.039483711    0.015177748    0.515177727 v eth_rx_dv_i (in)
     5    0.041956861    0.223038599    0.231933862    0.747111619 v input3/X (sg13g2_buf_1)
     1    0.006155645    0.070625134    0.130406082    0.877517700 ^ _125189_/Y (sg13g2_nand3_1)
     1    0.003301673    0.038888618    0.094454058    0.971971750 v _125197_/Y (sg13g2_a21oi_1)
                         0.038888656    0.000073497    0.972045243 v _135859_/D (sg13g2_dfrbpq_1)
                                                       0.972045243   data arrival time

                                        0.000000000    0.000000000   clock eth_rx_clk_i (rise edge)
                                        1.788824916    1.788824916   clock network delay (propagated)
                                        0.250000000    2.038825035   clock uncertainty
                                        0.000000000    2.038825035   clock reconvergence pessimism
                                                       2.038825035 ^ _135859_/CLK (sg13g2_dfrbpq_1)
                                       -0.041818500    1.997006416   library hold time
                                                       1.997006416   data required time
---------------------------------------------------------------------------------------------------------
                                                       1.997006416   data required time
                                                      -0.972045243   data arrival time
---------------------------------------------------------------------------------------------------------
                                                      -1.024961114   slack (VIOLATED)


Startpoint: eth_rx_dv_i (input port clocked by eth_rx_clk_i)
Endpoint: _131371_ (rising edge-triggered flip-flop clocked by eth_rx_clk_i)
Path Group: eth_rx_clk_i
Path Type: min
Corner: nom_slow_1p08V_125C

Fanout            Cap           Slew          Delay           Time   Description
---------------------------------------------------------------------------------------------------------
                                        0.000000000    0.000000000   clock eth_rx_clk_i (rise edge)
                                        0.000000000    0.000000000   clock network delay (propagated)
                                        0.500000000    0.500000000 v input external delay
     1    0.013749308    0.039483711    0.015177748    0.515177727 v eth_rx_dv_i (in)
     5    0.041956861    0.223038599    0.231933862    0.747111619 v input3/X (sg13g2_buf_1)
     5    0.026173940    0.145151481    0.265374184    1.012485743 v _107559_/X (sg13g2_and2_1)
                         0.145151481    0.000326295    1.012812138 v _131371_/D (sg13g2_dfrbpq_1)
                                                       1.012812138   data arrival time

                                        0.000000000    0.000000000   clock eth_rx_clk_i (rise edge)
                                        1.809805036    1.809805036   clock network delay (propagated)
                                        0.250000000    2.059805155   clock uncertainty
                                        0.000000000    2.059805155   clock reconvergence pessimism
                                                       2.059805155 ^ _131371_/CLK (sg13g2_dfrbpq_1)
                                       -0.078184381    1.981620669   library hold time
                                                       1.981620669   data required time
---------------------------------------------------------------------------------------------------------
                                                       1.981620669   data required time
                                                      -1.012812138   data arrival time
---------------------------------------------------------------------------------------------------------
                                                      -0.968808591   slack (VIOLATED)


Startpoint: eth_rx_dv_i (input port clocked by eth_rx_clk_i)
Endpoint: _135850_ (rising edge-triggered flip-flop clocked by eth_rx_clk_i)
Path Group: eth_rx_clk_i
Path Type: min
Corner: nom_slow_1p08V_125C

Fanout            Cap           Slew          Delay           Time   Description
---------------------------------------------------------------------------------------------------------
                                        0.000000000    0.000000000   clock eth_rx_clk_i (rise edge)
                                        0.000000000    0.000000000   clock network delay (propagated)
                                        0.500000000    0.500000000 v input external delay
     1    0.013749308    0.039483711    0.015177748    0.515177727 v eth_rx_dv_i (in)
     5    0.041956861    0.223038599    0.231933862    0.747111619 v input3/X (sg13g2_buf_1)
     1    0.006301530    0.065490916    0.151593626    0.898705244 ^ _125148_/Y (sg13g2_nand3b_1)
     1    0.004903958    0.072167277    0.086222142    0.984927416 v _125149_/Y (sg13g2_o21ai_1)
     1    0.005473815    0.047781236    0.126037300    1.110964656 v _125150_/Y (sg13g2_nor2b_1)
                         0.047781430    0.000195177    1.111159921 v _135850_/D (sg13g2_dfrbpq_1)
                                                       1.111159921   data arrival time

                                        0.000000000    0.000000000   clock eth_rx_clk_i (rise edge)
                                        1.788580775    1.788580775   clock network delay (propagated)
                                        0.250000000    2.038580656   clock uncertainty
                                        0.000000000    2.038580656   clock reconvergence pessimism
                                                       2.038580656 ^ _135850_/CLK (sg13g2_dfrbpq_1)
                                       -0.045406342    1.993174314   library hold time
                                                       1.993174314   data required time
---------------------------------------------------------------------------------------------------------
                                                       1.993174314   data required time
                                                      -1.111159921   data arrival time
---------------------------------------------------------------------------------------------------------
                                                      -0.882014513   slack (VIOLATED)


Startpoint: eth_rx_dv_i (input port clocked by eth_rx_clk_i)
Endpoint: _131370_ (rising edge-triggered flip-flop clocked by eth_rx_clk_i)
Path Group: eth_rx_clk_i
Path Type: min
Corner: nom_slow_1p08V_125C

Fanout            Cap           Slew          Delay           Time   Description
---------------------------------------------------------------------------------------------------------
                                        0.000000000    0.000000000   clock eth_rx_clk_i (rise edge)
                                        0.000000000    0.000000000   clock network delay (propagated)
                                        0.500000000    0.500000000 v input external delay
     1    0.013749308    0.039483711    0.015177748    0.515177727 v eth_rx_dv_i (in)
     5    0.041956861    0.223038599    0.231933862    0.747111619 v input3/X (sg13g2_buf_1)
     5    0.026173940    0.145151481    0.265374184    1.012485743 v _107559_/X (sg13g2_and2_1)
     1    0.002491583    0.030624861    0.152555868    1.165041685 v _107565_/X (sg13g2_and2_1)
                         0.030624861    0.000038525    1.165080190 v _131370_/D (sg13g2_dfrbpq_1)
                                                       1.165080190   data arrival time

                                        0.000000000    0.000000000   clock eth_rx_clk_i (rise edge)
                                        1.795823693    1.795823693   clock network delay (propagated)
                                        0.250000000    2.045823574   clock uncertainty
                                        0.000000000    2.045823574   clock reconvergence pessimism
                                                       2.045823574 ^ _131370_/CLK (sg13g2_dfrbpq_1)
                                       -0.036425978    2.009397507   library hold time
                                                       2.009397507   data required time
---------------------------------------------------------------------------------------------------------
                                                       2.009397507   data required time
                                                      -1.165080190   data arrival time
---------------------------------------------------------------------------------------------------------
                                                      -0.844317436   slack (VIOLATED)


Startpoint: eth_rx_dv_i (input port clocked by eth_rx_clk_i)
Endpoint: _131369_ (rising edge-triggered flip-flop clocked by eth_rx_clk_i)
Path Group: eth_rx_clk_i
Path Type: min
Corner: nom_slow_1p08V_125C

Fanout            Cap           Slew          Delay           Time   Description
---------------------------------------------------------------------------------------------------------
                                        0.000000000    0.000000000   clock eth_rx_clk_i (rise edge)
                                        0.000000000    0.000000000   clock network delay (propagated)
                                        0.500000000    0.500000000 v input external delay
     1    0.013749308    0.039483711    0.015177748    0.515177727 v eth_rx_dv_i (in)
     5    0.041956861    0.223038599    0.231933862    0.747111619 v input3/X (sg13g2_buf_1)
     5    0.026173940    0.145151481    0.265374184    1.012485743 v _107559_/X (sg13g2_and2_1)
     1    0.003648371    0.035605125    0.157526657    1.170012474 v _107564_/X (sg13g2_and2_1)
                         0.035605188    0.000090927    1.170103431 v _131369_/D (sg13g2_dfrbpq_1)
                                                       1.170103431   data arrival time

                                        0.000000000    0.000000000   clock eth_rx_clk_i (rise edge)
                                        1.795203090    1.795203090   clock network delay (propagated)
                                        0.250000000    2.045203209   clock uncertainty
                                        0.000000000    2.045203209   clock reconvergence pessimism
                                                       2.045203209 ^ _131369_/CLK (sg13g2_dfrbpq_1)
                                       -0.038464509    2.006738663   library hold time
                                                       2.006738663   data required time
---------------------------------------------------------------------------------------------------------
                                                       2.006738663   data required time
                                                      -1.170103431   data arrival time
---------------------------------------------------------------------------------------------------------
                                                      -0.836635232   slack (VIOLATED)


Startpoint: eth_rx_dv_i (input port clocked by eth_rx_clk_i)
Endpoint: _131366_ (rising edge-triggered flip-flop clocked by eth_rx_clk_i)
Path Group: eth_rx_clk_i
Path Type: min
Corner: nom_slow_1p08V_125C

Fanout            Cap           Slew          Delay           Time   Description
---------------------------------------------------------------------------------------------------------
                                        0.000000000    0.000000000   clock eth_rx_clk_i (rise edge)
                                        0.000000000    0.000000000   clock network delay (propagated)
                                        0.500000000    0.500000000 v input external delay
     1    0.013749308    0.039483711    0.015177748    0.515177727 v eth_rx_dv_i (in)
     5    0.041956861    0.223038599    0.231933862    0.747111619 v input3/X (sg13g2_buf_1)
     5    0.026173940    0.145151481    0.265374184    1.012485743 v _107559_/X (sg13g2_and2_1)
     1    0.003660209    0.035718039    0.157874823    1.170360565 v _107560_/X (sg13g2_and2_1)
                         0.035718102    0.000091815    1.170452476 v _131366_/D (sg13g2_dfrbpq_1)
                                                       1.170452476   data arrival time

                                        0.000000000    0.000000000   clock eth_rx_clk_i (rise edge)
                                        1.788354993    1.788354993   clock network delay (propagated)
                                        0.250000000    2.038354874   clock uncertainty
                                        0.000000000    2.038354874   clock reconvergence pessimism
                                                       2.038354874 ^ _131366_/CLK (sg13g2_dfrbpq_1)
                                       -0.040549815    1.997805119   library hold time
                                                       1.997805119   data required time
---------------------------------------------------------------------------------------------------------
                                                       1.997805119   data required time
                                                      -1.170452476   data arrival time
---------------------------------------------------------------------------------------------------------
                                                      -0.827352643   slack (VIOLATED)


Startpoint: eth_rx_dv_i (input port clocked by eth_rx_clk_i)
Endpoint: _131368_ (rising edge-triggered flip-flop clocked by eth_rx_clk_i)
Path Group: eth_rx_clk_i
Path Type: min
Corner: nom_slow_1p08V_125C

Fanout            Cap           Slew          Delay           Time   Description
---------------------------------------------------------------------------------------------------------
                                        0.000000000    0.000000000   clock eth_rx_clk_i (rise edge)
                                        0.000000000    0.000000000   clock network delay (propagated)
                                        0.500000000    0.500000000 v input external delay
     1    0.013749308    0.039483711    0.015177748    0.515177727 v eth_rx_dv_i (in)
     5    0.041956861    0.223038599    0.231933862    0.747111619 v input3/X (sg13g2_buf_1)
     5    0.026173940    0.145151481    0.265374184    1.012485743 v _107559_/X (sg13g2_and2_1)
     1    0.004620816    0.039999016    0.161591411    1.174077153 v _107563_/X (sg13g2_and2_1)
                         0.039999213    0.000150657    1.174227834 v _131368_/D (sg13g2_dfrbpq_1)
                                                       1.174227834   data arrival time

                                        0.000000000    0.000000000   clock eth_rx_clk_i (rise edge)
                                        1.788983226    1.788983226   clock network delay (propagated)
                                        0.250000000    2.038983345   clock uncertainty
                                        0.000000000    2.038983345   clock reconvergence pessimism
                                                       2.038983345 ^ _131368_/CLK (sg13g2_dfrbpq_1)
                                       -0.042262383    1.996720791   library hold time
                                                       1.996720791   data required time
---------------------------------------------------------------------------------------------------------
                                                       1.996720791   data required time
                                                      -1.174227834   data arrival time
---------------------------------------------------------------------------------------------------------
                                                      -0.822492957   slack (VIOLATED)


Startpoint: eth_rx_dv_i (input port clocked by eth_rx_clk_i)
Endpoint: _131285_ (rising edge-triggered flip-flop clocked by eth_rx_clk_i)
Path Group: eth_rx_clk_i
Path Type: min
Corner: nom_slow_1p08V_125C

Fanout            Cap           Slew          Delay           Time   Description
---------------------------------------------------------------------------------------------------------
                                        0.000000000    0.000000000   clock eth_rx_clk_i (rise edge)
                                        0.000000000    0.000000000   clock network delay (propagated)
                                        0.500000000    0.500000000 ^ input external delay
     1    0.013818387    0.047541164    0.017289670    0.517289698 ^ eth_rx_dv_i (in)
     5    0.042318717    0.273680061    0.257416159    0.774705827 ^ input3/X (sg13g2_buf_1)
     1    0.102862269    0.543933213    0.557436407    1.332142234 v _104296_/Y (sg13g2_nor4_1)
                         0.547250152    0.032901682    1.365043879 v _131285_/D (sg13g2_dfrbpq_1)
                                                       1.365043879   data arrival time

                                        0.000000000    0.000000000   clock eth_rx_clk_i (rise edge)
                                        1.894991279    1.894991279   clock network delay (propagated)
                                        0.250000000    2.144991398   clock uncertainty
                                        0.000000000    2.144991398   clock reconvergence pessimism
                                                       2.144991398 ^ _131285_/CLK (sg13g2_dfrbpq_1)
                                       -0.236349002    1.908642411   library hold time
                                                       1.908642411   data required time
---------------------------------------------------------------------------------------------------------
                                                       1.908642411   data required time
                                                      -1.365043879   data arrival time
---------------------------------------------------------------------------------------------------------
                                                      -0.543598533   slack (VIOLATED)


Startpoint: eth_rx_dv_i (input port clocked by eth_rx_clk_i)
Endpoint: _131347_ (rising edge-triggered flip-flop clocked by eth_rx_clk_i)
Path Group: eth_rx_clk_i
Path Type: min
Corner: nom_slow_1p08V_125C

Fanout            Cap           Slew          Delay           Time   Description
---------------------------------------------------------------------------------------------------------
                                        0.000000000    0.000000000   clock eth_rx_clk_i (rise edge)
                                        0.000000000    0.000000000   clock network delay (propagated)
                                        0.500000000    0.500000000 ^ input external delay
     1    0.013818387    0.047541164    0.017289670    0.517289698 ^ eth_rx_dv_i (in)
     5    0.042318717    0.273680061    0.257416159    0.774705827 ^ input3/X (sg13g2_buf_1)
     2    0.077765733    0.424931645    0.683022916    1.457728744 v _083373_/Y (sg13g2_a21oi_1)
                         0.427475244    0.025456971    1.483185768 v _131347_/D (sg13g2_dfrbpq_1)
                                                       1.483185768   data arrival time

                                        0.000000000    0.000000000   clock eth_rx_clk_i (rise edge)
                                        1.787770748    1.787770748   clock network delay (propagated)
                                        0.250000000    2.037770748   clock uncertainty
                                        0.000000000    2.037770748   clock reconvergence pessimism
                                                       2.037770748 ^ _131347_/CLK (sg13g2_dfrbpq_1)
                                       -0.195129097    1.842641592   library hold time
                                                       1.842641592   data required time
---------------------------------------------------------------------------------------------------------
                                                       1.842641592   data required time
                                                      -1.483185768   data arrival time
---------------------------------------------------------------------------------------------------------
                                                      -0.359455794   slack (VIOLATED)


Startpoint: eth_rx_dv_i (input port clocked by eth_rx_clk_i)
Endpoint: _135285_ (rising edge-triggered flip-flop clocked by eth_rx_clk_i)
Path Group: eth_rx_clk_i
Path Type: min
Corner: nom_typ_1p20V_25C

Fanout            Cap           Slew          Delay           Time   Description
---------------------------------------------------------------------------------------------------------
                                        0.000000000    0.000000000   clock eth_rx_clk_i (rise edge)
                                        0.000000000    0.000000000   clock network delay (propagated)
                                        0.500000000    0.500000000 ^ input external delay
     1    0.013961297    0.029988468    0.011411428    0.511411428 ^ eth_rx_dv_i (in)
     5    0.043139145    0.181161806    0.163038969    0.674450397 ^ input3/X (sg13g2_buf_1)
     2    0.078010730    0.262952864    0.418000430    1.092450857 v _083373_/Y (sg13g2_a21oi_1)
     2    0.012846473    0.054599121    0.177915573    1.270366430 v _083597_/X (sg13g2_and2_1)
                         0.054602332    0.000450306    1.270816684 v _135285_/D (sg13g2_dfrbpq_1)
                                                       1.270816684   data arrival time

                                        0.000000000    0.000000000   clock eth_rx_clk_i (rise edge)
                                        1.322829723    1.322829723   clock network delay (propagated)
                                        0.250000000    1.572829843   clock uncertainty
                                        0.000000000    1.572829843   clock reconvergence pessimism
                                                       1.572829843 ^ _135285_/CLK (sg13g2_dfrbpq_1)
                                       -0.037977796    1.534851909   library hold time
                                                       1.534851909   data required time
---------------------------------------------------------------------------------------------------------
                                                       1.534851909   data required time
                                                      -1.270816684   data arrival time
---------------------------------------------------------------------------------------------------------
                                                      -0.264035255   slack (VIOLATED)


Startpoint: _130348_ (rising edge-triggered flip-flop clocked by eth_rx_clk_i)
Endpoint: _130038_ (rising edge-triggered flip-flop clocked by eth_rx_clk_i)
Path Group: eth_rx_clk_i
Path Type: min
Corner: nom_fast_1p32V_m40C

Fanout            Cap           Slew          Delay           Time   Description
---------------------------------------------------------------------------------------------------------
                                        0.000000000    0.000000000   clock eth_rx_clk_i (rise edge)
                                        0.865938902    0.865938902   clock network delay (propagated)
                         0.040689286    0.000000000    0.865938902 ^ _130348_/CLK (sg13g2_dfrbpq_1)
     2    0.029400568    0.080296226    0.156217039    1.022156000 ^ _130348_/Q (sg13g2_dfrbpq_1)
     1    0.005206589    0.020948397    0.064378060    1.086534023 v _099220_/Y (sg13g2_a21oi_1)
                         0.020950153    0.000171752    1.086705804 v _130038_/D (sg13g2_dfrbpq_1)
                                                       1.086705804   data arrival time

                                        0.000000000    0.000000000   clock eth_rx_clk_i (rise edge)
                                        1.135912895    1.135912895   clock network delay (propagated)
                                        0.250000000    1.385913014   clock uncertainty
                                       -0.062087782    1.323825240   clock reconvergence pessimism
                                                       1.323825240 ^ _130038_/CLK (sg13g2_dfrbpq_1)
                                       -0.018423136    1.305402040   library hold time
                                                       1.305402040   data required time
---------------------------------------------------------------------------------------------------------
                                                       1.305402040   data required time
                                                      -1.086705804   data arrival time
---------------------------------------------------------------------------------------------------------
                                                      -0.218696296   slack (VIOLATED)


Startpoint: _130413_ (rising edge-triggered flip-flop clocked by eth_tx_clk_i)
Endpoint: _130414_ (rising edge-triggered flip-flop clocked by eth_tx_clk_i)
Path Group: eth_tx_clk_i
Path Type: min
Corner: nom_fast_1p32V_m40C

Fanout            Cap           Slew          Delay           Time   Description
---------------------------------------------------------------------------------------------------------
                                        0.000000000    0.000000000   clock eth_tx_clk_i (rise edge)
                                        0.977958083    0.977958083   clock network delay (propagated)
                         0.034357175    0.000000000    0.977958083 ^ _130413_/CLK (sg13g2_dfrbpq_1)
     5    0.027437296    0.061231412    0.146527454    1.124485493 v _130413_/Q (sg13g2_dfrbpq_1)
     1    0.006637914    0.038812269    0.061090358    1.185575843 ^ _100592_/Y (sg13g2_a21oi_1)
     1    0.004218922    0.019858254    0.028604675    1.214180589 v _100594_/Y (sg13g2_nor2_1)
                         0.019858435    0.000108802    1.214289427 v _130414_/D (sg13g2_dfrbpq_1)
                                                       1.214289427   data arrival time

                                        0.000000000    0.000000000   clock eth_tx_clk_i (rise edge)
                                        1.250966430    1.250966430   clock network delay (propagated)
                                        0.250000000    1.500966549   clock uncertainty
                                       -0.069256827    1.431709647   clock reconvergence pessimism
                                                       1.431709647 ^ _130414_/CLK (sg13g2_dfrbpq_1)
                                       -0.006870721    1.424838901   library hold time
                                                       1.424838901   data required time
---------------------------------------------------------------------------------------------------------
                                                       1.424838901   data required time
                                                      -1.214289427   data arrival time
---------------------------------------------------------------------------------------------------------
                                                      -0.210549578   slack (VIOLATED)


Startpoint: _130413_ (rising edge-triggered flip-flop clocked by eth_tx_clk_i)
Endpoint: _130415_ (rising edge-triggered flip-flop clocked by eth_tx_clk_i)
Path Group: eth_tx_clk_i
Path Type: min
Corner: nom_fast_1p32V_m40C

Fanout            Cap           Slew          Delay           Time   Description
---------------------------------------------------------------------------------------------------------
                                        0.000000000    0.000000000   clock eth_tx_clk_i (rise edge)
                                        0.977958083    0.977958083   clock network delay (propagated)
                         0.034357175    0.000000000    0.977958083 ^ _130413_/CLK (sg13g2_dfrbpq_1)
     5    0.027437296    0.061231412    0.146527454    1.124485493 v _130413_/Q (sg13g2_dfrbpq_1)
     2    0.013303597    0.035252303    0.074598774    1.199084282 v _100593_/X (sg13g2_and3_1)
     1    0.003344783    0.019418744    0.039662607    1.238746881 v _100595_/X (sg13g2_xor2_1)
                         0.019418744    0.000072164    1.238819122 v _130415_/D (sg13g2_dfrbpq_1)
                                                       1.238819122   data arrival time

                                        0.000000000    0.000000000   clock eth_tx_clk_i (rise edge)
                                        1.251136541    1.251136541   clock network delay (propagated)
                                        0.250000000    1.501136541   clock uncertainty
                                       -0.069256827    1.431879759   clock reconvergence pessimism
                                                       1.431879759 ^ _130415_/CLK (sg13g2_dfrbpq_1)
                                       -0.006728170    1.425151587   library hold time
                                                       1.425151587   data required time
---------------------------------------------------------------------------------------------------------
                                                       1.425151587   data required time
                                                      -1.238819122   data arrival time
---------------------------------------------------------------------------------------------------------
                                                      -0.186332509   slack (VIOLATED)


Startpoint: _132211_ (rising edge-triggered flip-flop clocked by eth_tx_clk_i)
Endpoint: _135228_ (rising edge-triggered flip-flop clocked by eth_tx_clk_i)
Path Group: eth_tx_clk_i
Path Type: min
Corner: nom_fast_1p32V_m40C

Fanout            Cap           Slew          Delay           Time   Description
---------------------------------------------------------------------------------------------------------
                                        0.000000000    0.000000000   clock eth_tx_clk_i (rise edge)
                                        0.980870664    0.980870664   clock network delay (propagated)
                         0.044037189    0.000000000    0.980870664 ^ _132211_/CLK (sg13g2_dfrbpq_1)
     1    0.018158281    0.043488719    0.135838121    1.116708755 v _132211_/Q (sg13g2_dfrbpq_1)
     1    0.004516792    0.021783790    0.046523787    1.163232565 v _083962_/X (sg13g2_xor2_1)
                         0.021783790    0.000139999    1.163372517 v _135228_/D (sg13g2_dfrbpq_1)
                                                       1.163372517   data arrival time

                                        0.000000000    0.000000000   clock eth_tx_clk_i (rise edge)
                                        1.170473814    1.170473814   clock network delay (propagated)
                                        0.250000000    1.420473933   clock uncertainty
                                       -0.086427480    1.334046483   clock reconvergence pessimism
                                                       1.334046483 ^ _135228_/CLK (sg13g2_dfrbpq_1)
                                       -0.017871384    1.316174984   library hold time
                                                       1.316174984   data required time
---------------------------------------------------------------------------------------------------------
                                                       1.316174984   data required time
                                                      -1.163372517   data arrival time
---------------------------------------------------------------------------------------------------------
                                                      -0.152802438   slack (VIOLATED)


Startpoint: _135290_ (rising edge-triggered flip-flop clocked by eth_tx_clk_i)
Endpoint: _135289_ (rising edge-triggered flip-flop clocked by eth_tx_clk_i)
Path Group: eth_tx_clk_i
Path Type: min
Corner: nom_fast_1p32V_m40C

Fanout            Cap           Slew          Delay           Time   Description
---------------------------------------------------------------------------------------------------------
                                        0.000000000    0.000000000   clock eth_tx_clk_i (rise edge)
                                        1.003514886    1.003514886   clock network delay (propagated)
                         0.035622306    0.000000000    1.003514886 ^ _135290_/CLK (sg13g2_dfrbpq_1)
     1    0.004267122    0.015955737    0.111796796    1.115311623 v _135290_/Q (sg13g2_dfrbpq_1)
                         0.015955737    0.000110911    1.115422606 v _135289_/D (sg13g2_dfrbpq_1)
                                                       1.115422606   data arrival time

                                        0.000000000    0.000000000   clock eth_tx_clk_i (rise edge)
                                        1.111593246    1.111593246   clock network delay (propagated)
                                        0.250000000    1.361593366   clock uncertainty
                                       -0.095747471    1.265845895   clock reconvergence pessimism
                                                       1.265845895 ^ _135289_/CLK (sg13g2_dfrbpq_1)
                                       -0.018548967    1.247296929   library hold time
                                                       1.247296929   data required time
---------------------------------------------------------------------------------------------------------
                                                       1.247296929   data required time
                                                      -1.115422606   data arrival time
---------------------------------------------------------------------------------------------------------
                                                      -0.131874397   slack (VIOLATED)


Startpoint: _135295_ (rising edge-triggered flip-flop clocked by eth_tx_clk_i)
Endpoint: _135296_ (rising edge-triggered flip-flop clocked by eth_tx_clk_i)
Path Group: eth_tx_clk_i
Path Type: min
Corner: nom_fast_1p32V_m40C

Fanout            Cap           Slew          Delay           Time   Description
---------------------------------------------------------------------------------------------------------
                                        0.000000000    0.000000000   clock eth_tx_clk_i (rise edge)
                                        0.958745360    0.958745360   clock network delay (propagated)
                         0.033550199    0.000000000    0.958745360 ^ _135295_/CLK (sg13g2_dfrbpq_1)
     1    0.002242114    0.012314149    0.107910462    1.066655755 v _135295_/Q (sg13g2_dfrbpq_1)
                         0.012314149    0.000026312    1.066682100 v _135296_/D (sg13g2_dfrbpq_1)
                                                       1.066682100   data arrival time

                                        0.000000000    0.000000000   clock eth_tx_clk_i (rise edge)
                                        1.059817076    1.059817076   clock network delay (propagated)
                                        0.250000000    1.309817076   clock uncertainty
                                       -0.100681469    1.209135652   clock reconvergence pessimism
                                                       1.209135652 ^ _135296_/CLK (sg13g2_dfrbpq_1)
                                       -0.018168835    1.190966845   library hold time
                                                       1.190966845   data required time
---------------------------------------------------------------------------------------------------------
                                                       1.190966845   data required time
                                                      -1.066682100   data arrival time
---------------------------------------------------------------------------------------------------------
                                                      -0.124284700   slack (VIOLATED)


Startpoint: _135293_ (rising edge-triggered flip-flop clocked by eth_tx_clk_i)
Endpoint: _135294_ (rising edge-triggered flip-flop clocked by eth_tx_clk_i)
Path Group: eth_tx_clk_i
Path Type: min
Corner: nom_fast_1p32V_m40C

Fanout            Cap           Slew          Delay           Time   Description
---------------------------------------------------------------------------------------------------------
                                        0.000000000    0.000000000   clock eth_tx_clk_i (rise edge)
                                        0.983523846    0.983523846   clock network delay (propagated)
                         0.045269255    0.000000000    0.983523846 ^ _135293_/CLK (sg13g2_dfrbpq_1)
     1    0.003013306    0.013704220    0.113252968    1.096776843 v _135293_/Q (sg13g2_dfrbpq_1)
                         0.013704220    0.000056621    1.096833467 v _135294_/D (sg13g2_dfrbpq_1)
                                                       1.096833467   data arrival time

                                        0.000000000    0.000000000   clock eth_tx_clk_i (rise edge)
                                        1.086552501    1.086552501   clock network delay (propagated)
                                        0.250000000    1.336552620   clock uncertainty
                                       -0.102803655    1.233748913   clock reconvergence pessimism
                                                       1.233748913 ^ _135294_/CLK (sg13g2_dfrbpq_1)
                                       -0.016670298    1.217078567   library hold time
                                                       1.217078567   data required time
---------------------------------------------------------------------------------------------------------
                                                       1.217078567   data required time
                                                      -1.096833467   data arrival time
---------------------------------------------------------------------------------------------------------
                                                      -0.120245151   slack (VIOLATED)


Startpoint: _135303_ (rising edge-triggered flip-flop clocked by eth_tx_clk_i)
Endpoint: _135304_ (rising edge-triggered flip-flop clocked by eth_tx_clk_i)
Path Group: eth_tx_clk_i
Path Type: min
Corner: nom_fast_1p32V_m40C

Fanout            Cap           Slew          Delay           Time   Description
---------------------------------------------------------------------------------------------------------
                                        0.000000000    0.000000000   clock eth_tx_clk_i (rise edge)
                                        1.034211040    1.034211040   clock network delay (propagated)
                         0.041093204    0.000000000    1.034211040 ^ _135303_/CLK (sg13g2_dfrbpq_1)
     1    0.003995899    0.015468521    0.113305368    1.147516489 v _135303_/Q (sg13g2_dfrbpq_1)
                         0.015468521    0.000107470    1.147623897 v _135304_/D (sg13g2_dfrbpq_1)
                                                       1.147623897   data arrival time

                                        0.000000000    0.000000000   clock eth_tx_clk_i (rise edge)
                                        1.143203616    1.143203616   clock network delay (propagated)
                                        0.250000000    1.393203735   clock uncertainty
                                       -0.108212553    1.284991145   clock reconvergence pessimism
                                                       1.284991145 ^ _135304_/CLK (sg13g2_dfrbpq_1)
                                       -0.017693643    1.267297506   library hold time
                                                       1.267297506   data required time
---------------------------------------------------------------------------------------------------------
                                                       1.267297506   data required time
                                                      -1.147623897   data arrival time
---------------------------------------------------------------------------------------------------------
                                                      -0.119673610   slack (VIOLATED)


Startpoint: _135327_ (rising edge-triggered flip-flop clocked by eth_tx_clk_i)
Endpoint: _135328_ (rising edge-triggered flip-flop clocked by eth_tx_clk_i)
Path Group: eth_tx_clk_i
Path Type: min
Corner: nom_fast_1p32V_m40C

Fanout            Cap           Slew          Delay           Time   Description
---------------------------------------------------------------------------------------------------------
                                        0.000000000    0.000000000   clock eth_tx_clk_i (rise edge)
                                        1.003799796    1.003799796   clock network delay (propagated)
                         0.035706919    0.000000000    1.003799796 ^ _135327_/CLK (sg13g2_dfrbpq_1)
     1    0.004342597    0.016090285    0.111940347    1.115740061 v _135327_/Q (sg13g2_dfrbpq_1)
                         0.016090285    0.000128342    1.115868449 v _135328_/D (sg13g2_dfrbpq_1)
                                                       1.115868449   data arrival time

                                        0.000000000    0.000000000   clock eth_tx_clk_i (rise edge)
                                        1.108842015    1.108842015   clock network delay (propagated)
                                        0.250000000    1.358842134   clock uncertainty
                                       -0.105339743    1.253502369   clock reconvergence pessimism
                                                       1.253502369 ^ _135328_/CLK (sg13g2_dfrbpq_1)
                                       -0.018730476    1.234771848   library hold time
                                                       1.234771848   data required time
---------------------------------------------------------------------------------------------------------
                                                       1.234771848   data required time
                                                      -1.115868449   data arrival time
---------------------------------------------------------------------------------------------------------
                                                      -0.118903443   slack (VIOLATED)


Startpoint: _135297_ (rising edge-triggered flip-flop clocked by eth_tx_clk_i)
Endpoint: _135298_ (rising edge-triggered flip-flop clocked by eth_tx_clk_i)
Path Group: eth_tx_clk_i
Path Type: min
Corner: nom_fast_1p32V_m40C

Fanout            Cap           Slew          Delay           Time   Description
---------------------------------------------------------------------------------------------------------
                                        0.000000000    0.000000000   clock eth_tx_clk_i (rise edge)
                                        0.983683825    0.983683825   clock network delay (propagated)
                         0.045360286    0.000000000    0.983683825 ^ _135297_/CLK (sg13g2_dfrbpq_1)
     1    0.004691615    0.016716439    0.115891747    1.099575520 v _135297_/Q (sg13g2_dfrbpq_1)
                         0.016716439    0.000140887    1.099716425 v _135298_/D (sg13g2_dfrbpq_1)
                                                       1.099716425   data arrival time

                                        0.000000000    0.000000000   clock eth_tx_clk_i (rise edge)
                                        1.086733460    1.086733460   clock network delay (propagated)
                                        0.250000000    1.336733580   clock uncertainty
                                       -0.102803655    1.233929873   clock reconvergence pessimism
                                                       1.233929873 ^ _135298_/CLK (sg13g2_dfrbpq_1)
                                       -0.017354209    1.216575623   library hold time
                                                       1.216575623   data required time
---------------------------------------------------------------------------------------------------------
                                                       1.216575623   data required time
                                                      -1.099716425   data arrival time
---------------------------------------------------------------------------------------------------------
                                                      -0.116859190   slack (VIOLATED)


Startpoint: _135333_ (rising edge-triggered flip-flop clocked by eth_tx_clk_i)
Endpoint: _135334_ (rising edge-triggered flip-flop clocked by eth_tx_clk_i)
Path Group: eth_tx_clk_i
Path Type: min
Corner: nom_fast_1p32V_m40C

Fanout            Cap           Slew          Delay           Time   Description
---------------------------------------------------------------------------------------------------------
                                        0.000000000    0.000000000   clock eth_tx_clk_i (rise edge)
                                        1.003978491    1.003978491   clock network delay (propagated)
                         0.035763755    0.000000000    1.003978491 ^ _135333_/CLK (sg13g2_dfrbpq_1)
     1    0.005939728    0.019018628    0.114426360    1.118404865 v _135333_/Q (sg13g2_dfrbpq_1)
                         0.019018628    0.000234701    1.118639588 v _135334_/D (sg13g2_dfrbpq_1)
                                                       1.118639588   data arrival time

                                        0.000000000    0.000000000   clock eth_tx_clk_i (rise edge)
                                        1.108435869    1.108435869   clock network delay (propagated)
                                        0.250000000    1.358435869   clock uncertainty
                                       -0.105339743    1.253096104   clock reconvergence pessimism
                                                       1.253096104 ^ _135334_/CLK (sg13g2_dfrbpq_1)
                                       -0.019422317    1.233673811   library hold time
                                                       1.233673811   data required time
---------------------------------------------------------------------------------------------------------
                                                       1.233673811   data required time
                                                      -1.118639588   data arrival time
---------------------------------------------------------------------------------------------------------
                                                      -0.115034208   slack (VIOLATED)


Startpoint: _135119_ (rising edge-triggered flip-flop clocked by eth_tx_clk_i)
Endpoint: _135118_ (rising edge-triggered flip-flop clocked by eth_tx_clk_i)
Path Group: eth_tx_clk_i
Path Type: min
Corner: nom_fast_1p32V_m40C

Fanout            Cap           Slew          Delay           Time   Description
---------------------------------------------------------------------------------------------------------
                                        0.000000000    0.000000000   clock eth_tx_clk_i (rise edge)
                                        0.978302896    0.978302896   clock network delay (propagated)
                         0.043404847    0.000000000    0.978302896 ^ _135119_/CLK (sg13g2_dfrbpq_1)
     2    0.009694155    0.026334835    0.122902356    1.101205230 v _135119_/Q (sg13g2_dfrbpq_1)
                         0.026341427    0.000388245    1.101593494 v _135118_/D (sg13g2_dfrbpq_1)
                                                       1.101593494   data arrival time

                                        0.000000000    0.000000000   clock eth_tx_clk_i (rise edge)
                                        1.083180904    1.083180904   clock network delay (propagated)
                                        0.250000000    1.333180904   clock uncertainty
                                       -0.095747471    1.237433553   clock reconvergence pessimism
                                                       1.237433553 ^ _135118_/CLK (sg13g2_dfrbpq_1)
                                       -0.021193584    1.216239810   library hold time
                                                       1.216239810   data required time
---------------------------------------------------------------------------------------------------------
                                                       1.216239810   data required time
                                                      -1.101593494   data arrival time
---------------------------------------------------------------------------------------------------------
                                                      -0.114646293   slack (VIOLATED)


Startpoint: _130532_ (rising edge-triggered flip-flop clocked by eth_tx_clk_i)
Endpoint: _130533_ (rising edge-triggered flip-flop clocked by eth_tx_clk_i)
Path Group: eth_tx_clk_i
Path Type: min
Corner: nom_fast_1p32V_m40C

Fanout            Cap           Slew          Delay           Time   Description
---------------------------------------------------------------------------------------------------------
                                        0.000000000    0.000000000   clock eth_tx_clk_i (rise edge)
                                        0.953711927    0.953711927   clock network delay (propagated)
                         0.027705705    0.000000000    0.953711927 ^ _130532_/CLK (sg13g2_dfrbpq_1)
     2    0.013404802    0.033781249    0.123050243    1.076762199 v _130532_/Q (sg13g2_dfrbpq_1)
     1    0.003549420    0.015272369    0.046768367    1.123530507 v _100987_/X (sg13g2_and2_1)
                         0.015272369    0.000082712    1.123613238 v _130533_/D (sg13g2_dfrbpq_1)
                                                       1.123613238   data arrival time

                                        0.000000000    0.000000000   clock eth_tx_clk_i (rise edge)
                                        1.068403602    1.068403602   clock network delay (propagated)
                                        0.250000000    1.318403602   clock uncertainty
                                       -0.093596414    1.224807143   clock reconvergence pessimism
                                                       1.224807143 ^ _130533_/CLK (sg13g2_dfrbpq_1)
                                       -0.018275775    1.206531405   library hold time
                                                       1.206531405   data required time
---------------------------------------------------------------------------------------------------------
                                                       1.206531405   data required time
                                                      -1.123613238   data arrival time
---------------------------------------------------------------------------------------------------------
                                                      -0.082918122   slack (VIOLATED)


Startpoint: _130531_ (rising edge-triggered flip-flop clocked by eth_tx_clk_i)
Endpoint: _130532_ (rising edge-triggered flip-flop clocked by eth_tx_clk_i)
Path Group: eth_tx_clk_i
Path Type: min
Corner: nom_fast_1p32V_m40C

Fanout            Cap           Slew          Delay           Time   Description
---------------------------------------------------------------------------------------------------------
                                        0.000000000    0.000000000   clock eth_tx_clk_i (rise edge)
                                        0.953611970    0.953611970   clock network delay (propagated)
                         0.027685465    0.000000000    0.953611970 ^ _130531_/CLK (sg13g2_dfrbpq_1)
     1    0.003638912    0.014760214    0.108021259    1.061633229 v _130531_/Q (sg13g2_dfrbpq_1)
     1    0.003160441    0.014229772    0.043093197    1.104726434 v _100986_/X (sg13g2_and2_1)
                         0.014229772    0.000064060    1.104790568 v _130532_/D (sg13g2_dfrbpq_1)
                                                       1.104790568   data arrival time

                                        0.000000000    0.000000000   clock eth_tx_clk_i (rise edge)
                                        1.054102778    1.054102778   clock network delay (propagated)
                                        0.250000000    1.304102778   clock uncertainty
                                       -0.100214839    1.203887939   clock reconvergence pessimism
                                                       1.203887939 ^ _130532_/CLK (sg13g2_dfrbpq_1)
                                       -0.019547760    1.184340119   library hold time
                                                       1.184340119   data required time
---------------------------------------------------------------------------------------------------------
                                                       1.184340119   data required time
                                                      -1.104790568   data arrival time
---------------------------------------------------------------------------------------------------------
                                                      -0.079549588   slack (VIOLATED)


Startpoint: _135120_ (rising edge-triggered flip-flop clocked by eth_tx_clk_i)
Endpoint: _130430_ (rising edge-triggered flip-flop clocked by eth_tx_clk_i)
Path Group: eth_tx_clk_i
Path Type: min
Corner: nom_fast_1p32V_m40C

Fanout            Cap           Slew          Delay           Time   Description
---------------------------------------------------------------------------------------------------------
                                        0.000000000    0.000000000   clock eth_tx_clk_i (rise edge)
                                        0.929267883    0.929267883   clock network delay (propagated)
                         0.043325543    0.000000000    0.929267883 ^ _135120_/CLK (sg13g2_dfrbpq_1)
     5    0.027768752    0.061903685    0.149777532    1.079045415 v _135120_/Q (sg13g2_dfrbpq_1)
     1    0.008234540    0.043008815    0.068152927    1.147198319 ^ _100641_/Y (sg13g2_a21oi_1)
     1    0.002967644    0.016885610    0.023876790    1.171075106 v _100642_/Y (sg13g2_nor2_1)
                         0.016885653    0.000054623    1.171129823 v _130430_/D (sg13g2_dfrbpq_1)
                                                       1.171129823   data arrival time

                                        0.000000000    0.000000000   clock eth_tx_clk_i (rise edge)
                                        1.083358884    1.083358884   clock network delay (propagated)
                                        0.250000000    1.333358884   clock uncertainty
                                       -0.069256827    1.264102101   clock reconvergence pessimism
                                                       1.264102101 ^ _130430_/CLK (sg13g2_dfrbpq_1)
                                       -0.017600248    1.246501803   library hold time
                                                       1.246501803   data required time
---------------------------------------------------------------------------------------------------------
                                                       1.246501803   data required time
                                                      -1.171129823   data arrival time
---------------------------------------------------------------------------------------------------------
                                                      -0.075372048   slack (VIOLATED)


Startpoint: _130469_ (rising edge-triggered flip-flop clocked by eth_tx_clk_i)
Endpoint: _128410_ (rising edge-triggered flip-flop clocked by eth_tx_clk_i)
Path Group: eth_tx_clk_i
Path Type: min
Corner: nom_fast_1p32V_m40C

Fanout            Cap           Slew          Delay           Time   Description
---------------------------------------------------------------------------------------------------------
                                        0.000000000    0.000000000   clock eth_tx_clk_i (rise edge)
                                        0.933361888    0.933361888   clock network delay (propagated)
                         0.036570549    0.000000000    0.933361888 ^ _130469_/CLK (sg13g2_dfrbpq_1)
     2    0.011985239    0.030952793    0.124151804    1.057513714 v _130469_/Q (sg13g2_dfrbpq_1)
     1    0.005686905    0.025972391    0.029186655    1.086700320 ^ _090146_/Y (sg13g2_nand3_1)
     1    0.003971376    0.026408419    0.031416982    1.118117332 v _090147_/Y (sg13g2_o21ai_1)
                         0.026408551    0.000106248    1.118223548 v _128410_/D (sg13g2_dfrbpq_1)
                                                       1.118223548   data arrival time

                                        0.000000000    0.000000000   clock eth_tx_clk_i (rise edge)
                                        1.016322732    1.016322732   clock network delay (propagated)
                                        0.250000000    1.266322732   clock uncertainty
                                       -0.069256827    1.197065949   clock reconvergence pessimism
                                                       1.197065949 ^ _128410_/CLK (sg13g2_dfrbpq_1)
                                       -0.020172240    1.176893711   library hold time
                                                       1.176893711   data required time
---------------------------------------------------------------------------------------------------------
                                                       1.176893711   data required time
                                                      -1.118223548   data arrival time
---------------------------------------------------------------------------------------------------------
                                                      -0.058670182   slack (VIOLATED)


Startpoint: _135117_ (rising edge-triggered flip-flop clocked by eth_tx_clk_i)
Endpoint: _135119_ (rising edge-triggered flip-flop clocked by eth_tx_clk_i)
Path Group: eth_tx_clk_i
Path Type: min
Corner: nom_fast_1p32V_m40C

Fanout            Cap           Slew          Delay           Time   Description
---------------------------------------------------------------------------------------------------------
                                        0.000000000    0.000000000   clock eth_tx_clk_i (rise edge)
                                        0.978412628    0.978412628   clock network delay (propagated)
                         0.043419387    0.000000000    0.978412628 ^ _135117_/CLK (sg13g2_dfrbpq_1)
     2    0.011196348    0.035484582    0.127554417    1.105967045 ^ _135117_/Q (sg13g2_dfrbpq_1)
     1    0.003906048    0.027756501    0.044650063    1.150617123 v _084216_/Y (sg13g2_o21ai_1)
                         0.027756590    0.000090705    1.150707841 v _135119_/D (sg13g2_dfrbpq_1)
                                                       1.150707841   data arrival time

                                        0.000000000    0.000000000   clock eth_tx_clk_i (rise edge)
                                        1.081282258    1.081282258   clock network delay (propagated)
                                        0.250000000    1.331282258   clock uncertainty
                                       -0.102803655    1.228478551   clock reconvergence pessimism
                                                       1.228478551 ^ _135119_/CLK (sg13g2_dfrbpq_1)
                                       -0.020182844    1.208295703   library hold time
                                                       1.208295703   data required time
---------------------------------------------------------------------------------------------------------
                                                       1.208295703   data required time
                                                      -1.150707841   data arrival time
---------------------------------------------------------------------------------------------------------
                                                      -0.057587937   slack (VIOLATED)


Startpoint: _130469_ (rising edge-triggered flip-flop clocked by eth_tx_clk_i)
Endpoint: _130469_ (rising edge-triggered flip-flop clocked by eth_tx_clk_i)
Path Group: eth_tx_clk_i
Path Type: min
Corner: nom_fast_1p32V_m40C

Fanout            Cap           Slew          Delay           Time   Description
---------------------------------------------------------------------------------------------------------
                                        0.000000000    0.000000000   clock eth_tx_clk_i (rise edge)
                                        0.933361888    0.933361888   clock network delay (propagated)
                         0.036570549    0.000000000    0.933361888 ^ _130469_/CLK (sg13g2_dfrbpq_1)
     2    0.011985239    0.030952793    0.124151804    1.057513714 v _130469_/Q (sg13g2_dfrbpq_1)
     1    0.005225204    0.022881279    0.026229909    1.083743572 ^ _100792_/Y (sg13g2_nand2_1)
     1    0.002584584    0.021065809    0.026827874    1.110571384 v _100793_/Y (sg13g2_o21ai_1)
                         0.021065827    0.000038192    1.110609651 v _130469_/D (sg13g2_dfrbpq_1)
                                                       1.110609651   data arrival time

                                        0.000000000    0.000000000   clock eth_tx_clk_i (rise edge)
                                        1.031610489    1.031610489   clock network delay (propagated)
                                        0.250000000    1.281610489   clock uncertainty
                                       -0.098248631    1.183361888   clock reconvergence pessimism
                                                       1.183361888 ^ _130469_/CLK (sg13g2_dfrbpq_1)
                                       -0.019719463    1.163642406   library hold time
                                                       1.163642406   data required time
---------------------------------------------------------------------------------------------------------
                                                       1.163642406   data required time
                                                      -1.110609651   data arrival time
---------------------------------------------------------------------------------------------------------
                                                      -0.053032801   slack (VIOLATED)


Startpoint: _130466_ (rising edge-triggered flip-flop clocked by eth_tx_clk_i)
Endpoint: _128407_ (rising edge-triggered flip-flop clocked by eth_tx_clk_i)
Path Group: eth_tx_clk_i
Path Type: min
Corner: nom_fast_1p32V_m40C

Fanout            Cap           Slew          Delay           Time   Description
---------------------------------------------------------------------------------------------------------
                                        0.000000000    0.000000000   clock eth_tx_clk_i (rise edge)
                                        0.933289051    0.933289051   clock network delay (propagated)
                         0.036552116    0.000000000    0.933289051 ^ _130466_/CLK (sg13g2_dfrbpq_1)
     2    0.013622114    0.034258455    0.126697108    1.059986115 v _130466_/Q (sg13g2_dfrbpq_1)
     1    0.007422715    0.030625597    0.033443581    1.093429685 ^ _090136_/Y (sg13g2_nand3_1)
     1    0.002763852    0.022986943    0.029030779    1.122460485 v _090137_/Y (sg13g2_o21ai_1)
                         0.022986965    0.000045408    1.122505903 v _128407_/D (sg13g2_dfrbpq_1)
                                                       1.122505903   data arrival time

                                        0.000000000    0.000000000   clock eth_tx_clk_i (rise edge)
                                        1.034878135    1.034878135   clock network delay (propagated)
                                        0.250000000    1.284878135   clock uncertainty
                                       -0.090193689    1.194684386   clock reconvergence pessimism
                                                       1.194684386 ^ _128407_/CLK (sg13g2_dfrbpq_1)
                                       -0.019680351    1.175004125   library hold time
                                                       1.175004125   data required time
---------------------------------------------------------------------------------------------------------
                                                       1.175004125   data required time
                                                      -1.122505903   data arrival time
---------------------------------------------------------------------------------------------------------
                                                      -0.052498229   slack (VIOLATED)


Startpoint: _130466_ (rising edge-triggered flip-flop clocked by eth_tx_clk_i)
Endpoint: _130466_ (rising edge-triggered flip-flop clocked by eth_tx_clk_i)
Path Group: eth_tx_clk_i
Path Type: min
Corner: nom_fast_1p32V_m40C

Fanout            Cap           Slew          Delay           Time   Description
---------------------------------------------------------------------------------------------------------
                                        0.000000000    0.000000000   clock eth_tx_clk_i (rise edge)
                                        0.933289051    0.933289051   clock network delay (propagated)
                         0.036552116    0.000000000    0.933289051 ^ _130466_/CLK (sg13g2_dfrbpq_1)
     2    0.013622114    0.034258455    0.126697108    1.059986115 v _130466_/Q (sg13g2_dfrbpq_1)
     1    0.004261215    0.021302778    0.024965920    1.084951997 ^ _100785_/Y (sg13g2_nand2_1)
     1    0.002746940    0.021367460    0.026911918    1.111863971 v _100786_/Y (sg13g2_o21ai_1)
                         0.021367485    0.000044742    1.111908674 v _130466_/D (sg13g2_dfrbpq_1)
                                                       1.111908674   data arrival time

                                        0.000000000    0.000000000   clock eth_tx_clk_i (rise edge)
                                        1.031529903    1.031529903   clock network delay (propagated)
                                        0.250000000    1.281529903   clock uncertainty
                                       -0.098240860    1.183289051   clock reconvergence pessimism
                                                       1.183289051 ^ _130466_/CLK (sg13g2_dfrbpq_1)
                                       -0.019792223    1.163496733   library hold time
                                                       1.163496733   data required time
---------------------------------------------------------------------------------------------------------
                                                       1.163496733   data required time
                                                      -1.111908674   data arrival time
---------------------------------------------------------------------------------------------------------
                                                      -0.051588070   slack (VIOLATED)


Startpoint: _130471_ (rising edge-triggered flip-flop clocked by eth_tx_clk_i)
Endpoint: _128412_ (rising edge-triggered flip-flop clocked by eth_tx_clk_i)
Path Group: eth_tx_clk_i
Path Type: min
Corner: nom_fast_1p32V_m40C

Fanout            Cap           Slew          Delay           Time   Description
---------------------------------------------------------------------------------------------------------
                                        0.000000000    0.000000000   clock eth_tx_clk_i (rise edge)
                                        0.932810187    0.932810187   clock network delay (propagated)
                         0.036444634    0.000000000    0.932810187 ^ _130471_/CLK (sg13g2_dfrbpq_1)
     2    0.013244345    0.033511471    0.126028642    1.058838844 v _130471_/Q (sg13g2_dfrbpq_1)
     1    0.006884911    0.029219173    0.032292392    1.091131210 ^ _090154_/Y (sg13g2_nand3_1)
     1    0.004675549    0.029401878    0.034214076    1.125345349 v _090155_/Y (sg13g2_o21ai_1)
                         0.029402342    0.000138112    1.125483394 v _128412_/D (sg13g2_dfrbpq_1)
                                                       1.125483394   data arrival time

                                        0.000000000    0.000000000   clock eth_tx_clk_i (rise edge)
                                        1.016856790    1.016856790   clock network delay (propagated)
                                        0.250000000    1.266856790   clock uncertainty
                                       -0.069256827    1.197599888   clock reconvergence pessimism
                                                       1.197599888 ^ _128412_/CLK (sg13g2_dfrbpq_1)
                                       -0.020822614    1.176777363   library hold time
                                                       1.176777363   data required time
---------------------------------------------------------------------------------------------------------
                                                       1.176777363   data required time
                                                      -1.125483394   data arrival time
---------------------------------------------------------------------------------------------------------
                                                      -0.051293969   slack (VIOLATED)


