Startpoint: _135296_ (rising edge-triggered flip-flop clocked by eth_tx_clk_i)
Endpoint: _130436_ (recovery check against rising-edge clock eth_tx_clk_i)
Path Group: asynchronous
Path Type: max
Corner: nom_slow_1p08V_125C

Fanout            Cap           Slew          Delay           Time   Description
---------------------------------------------------------------------------------------------------------
                                        0.000000000    0.000000000   clock eth_tx_clk_i (rise edge)
                                        1.820564270    1.820564270   clock network delay (propagated)
                         0.072877429    0.000000000    1.820564270 ^ _135296_/CLK (sg13g2_dfrbpq_1)
     1    0.010321510    0.079397902    0.330324769    2.150889158 ^ _135296_/Q (sg13g2_dfrbpq_1)
     6    0.108612314    0.689803183    0.582997024    2.733886003 ^ fanout5749/X (sg13g2_buf_1)
     7    0.071106002    0.456459135    0.631108522    3.364994526 ^ fanout5746/X (sg13g2_buf_1)
     7    0.062901102    0.403420091    0.517260909    3.882255554 ^ fanout5745/X (sg13g2_buf_1)
     8    0.064473681    0.413258970    0.516003728    4.398259163 ^ fanout5744/X (sg13g2_buf_1)
                         0.413533241    0.009272139    4.407531261 ^ _130436_/RESET_B (sg13g2_dfrbpq_1)
                                                       4.407531261   data arrival time

                                        8.000000000    8.000000000   clock eth_tx_clk_i (rise edge)
                                        1.565627813    9.565628052   clock network delay (propagated)
                                       -0.250000000    9.315628052   clock uncertainty
                                        0.109914191    9.425541878   clock reconvergence pessimism
                                                       9.425541878 ^ _130436_/CLK (sg13g2_dfrbpq_1)
                                       -0.344446391    9.081095695   library recovery time
                                                       9.081095695   data required time
---------------------------------------------------------------------------------------------------------
                                                       9.081095695   data required time
                                                      -4.407531261   data arrival time
---------------------------------------------------------------------------------------------------------
                                                       4.673563957   slack (MET)


Startpoint: _135296_ (rising edge-triggered flip-flop clocked by eth_tx_clk_i)
Endpoint: _130437_ (recovery check against rising-edge clock eth_tx_clk_i)
Path Group: asynchronous
Path Type: max
Corner: nom_slow_1p08V_125C

Fanout            Cap           Slew          Delay           Time   Description
---------------------------------------------------------------------------------------------------------
                                        0.000000000    0.000000000   clock eth_tx_clk_i (rise edge)
                                        1.820564270    1.820564270   clock network delay (propagated)
                         0.072877429    0.000000000    1.820564270 ^ _135296_/CLK (sg13g2_dfrbpq_1)
     1    0.010321510    0.079397902    0.330324769    2.150889158 ^ _135296_/Q (sg13g2_dfrbpq_1)
     6    0.108612314    0.689803183    0.582997024    2.733886003 ^ fanout5749/X (sg13g2_buf_1)
     7    0.071106002    0.456459135    0.631108522    3.364994526 ^ fanout5746/X (sg13g2_buf_1)
     7    0.062901102    0.403420091    0.517260909    3.882255554 ^ fanout5745/X (sg13g2_buf_1)
     8    0.064473681    0.413258970    0.516003728    4.398259163 ^ fanout5744/X (sg13g2_buf_1)
                         0.413513988    0.008947509    4.407206535 ^ _130437_/RESET_B (sg13g2_dfrbpq_1)
                                                       4.407206535   data arrival time

                                        8.000000000    8.000000000   clock eth_tx_clk_i (rise edge)
                                        1.565486908    9.565486908   clock network delay (propagated)
                                       -0.250000000    9.315485954   clock uncertainty
                                        0.109914191    9.425400734   clock reconvergence pessimism
                                                       9.425400734 ^ _130437_/CLK (sg13g2_dfrbpq_1)
                                       -0.344447613    9.080952644   library recovery time
                                                       9.080952644   data required time
---------------------------------------------------------------------------------------------------------
                                                       9.080952644   data required time
                                                      -4.407206535   data arrival time
---------------------------------------------------------------------------------------------------------
                                                       4.673745632   slack (MET)


Startpoint: _135296_ (rising edge-triggered flip-flop clocked by eth_tx_clk_i)
Endpoint: _130438_ (recovery check against rising-edge clock eth_tx_clk_i)
Path Group: asynchronous
Path Type: max
Corner: nom_slow_1p08V_125C

Fanout            Cap           Slew          Delay           Time   Description
---------------------------------------------------------------------------------------------------------
                                        0.000000000    0.000000000   clock eth_tx_clk_i (rise edge)
                                        1.820564270    1.820564270   clock network delay (propagated)
                         0.072877429    0.000000000    1.820564270 ^ _135296_/CLK (sg13g2_dfrbpq_1)
     1    0.010321510    0.079397902    0.330324769    2.150889158 ^ _135296_/Q (sg13g2_dfrbpq_1)
     6    0.108612314    0.689803183    0.582997024    2.733886003 ^ fanout5749/X (sg13g2_buf_1)
     7    0.071106002    0.456459135    0.631108522    3.364994526 ^ fanout5746/X (sg13g2_buf_1)
     7    0.062901102    0.403420091    0.517260909    3.882255554 ^ fanout5745/X (sg13g2_buf_1)
     8    0.064473681    0.413258970    0.516003728    4.398259163 ^ fanout5744/X (sg13g2_buf_1)
                         0.413462311    0.008007817    4.406267166 ^ _130438_/RESET_B (sg13g2_dfrbpq_1)
                                                       4.406267166   data arrival time

                                        8.000000000    8.000000000   clock eth_tx_clk_i (rise edge)
                                        1.565227151    9.565227509   clock network delay (propagated)
                                       -0.250000000    9.315227509   clock uncertainty
                                        0.109914191    9.425141335   clock reconvergence pessimism
                                                       9.425141335 ^ _130438_/CLK (sg13g2_dfrbpq_1)
                                       -0.344443083    9.080698013   library recovery time
                                                       9.080698013   data required time
---------------------------------------------------------------------------------------------------------
                                                       9.080698013   data required time
                                                      -4.406267166   data arrival time
---------------------------------------------------------------------------------------------------------
                                                       4.674431324   slack (MET)


Startpoint: _135296_ (rising edge-triggered flip-flop clocked by eth_tx_clk_i)
Endpoint: _130439_ (recovery check against rising-edge clock eth_tx_clk_i)
Path Group: asynchronous
Path Type: max
Corner: nom_slow_1p08V_125C

Fanout            Cap           Slew          Delay           Time   Description
---------------------------------------------------------------------------------------------------------
                                        0.000000000    0.000000000   clock eth_tx_clk_i (rise edge)
                                        1.820564270    1.820564270   clock network delay (propagated)
                         0.072877429    0.000000000    1.820564270 ^ _135296_/CLK (sg13g2_dfrbpq_1)
     1    0.010321510    0.079397902    0.330324769    2.150889158 ^ _135296_/Q (sg13g2_dfrbpq_1)
     6    0.108612314    0.689803183    0.582997024    2.733886003 ^ fanout5749/X (sg13g2_buf_1)
     7    0.071106002    0.456459135    0.631108522    3.364994526 ^ fanout5746/X (sg13g2_buf_1)
     7    0.062901102    0.403420091    0.517260909    3.882255554 ^ fanout5745/X (sg13g2_buf_1)
     8    0.064473681    0.413258970    0.516003728    4.398259163 ^ fanout5744/X (sg13g2_buf_1)
                         0.413405865    0.006826984    4.405086040 ^ _130439_/RESET_B (sg13g2_dfrbpq_1)
                                                       4.405086040   data arrival time

                                        8.000000000    8.000000000   clock eth_tx_clk_i (rise edge)
                                        1.564609051    9.564608574   clock network delay (propagated)
                                       -0.250000000    9.314608574   clock uncertainty
                                        0.109914191    9.424522400   clock reconvergence pessimism
                                                       9.424522400 ^ _130439_/CLK (sg13g2_dfrbpq_1)
                                       -0.344456017    9.080066681   library recovery time
                                                       9.080066681   data required time
---------------------------------------------------------------------------------------------------------
                                                       9.080066681   data required time
                                                      -4.405086040   data arrival time
---------------------------------------------------------------------------------------------------------
                                                       4.674980640   slack (MET)


Startpoint: _135296_ (rising edge-triggered flip-flop clocked by eth_tx_clk_i)
Endpoint: _130440_ (recovery check against rising-edge clock eth_tx_clk_i)
Path Group: asynchronous
Path Type: max
Corner: nom_slow_1p08V_125C

Fanout            Cap           Slew          Delay           Time   Description
---------------------------------------------------------------------------------------------------------
                                        0.000000000    0.000000000   clock eth_tx_clk_i (rise edge)
                                        1.820564270    1.820564270   clock network delay (propagated)
                         0.072877429    0.000000000    1.820564270 ^ _135296_/CLK (sg13g2_dfrbpq_1)
     1    0.010321510    0.079397902    0.330324769    2.150889158 ^ _135296_/Q (sg13g2_dfrbpq_1)
     6    0.108612314    0.689803183    0.582997024    2.733886003 ^ fanout5749/X (sg13g2_buf_1)
     7    0.071106002    0.456459135    0.631108522    3.364994526 ^ fanout5746/X (sg13g2_buf_1)
     7    0.062901102    0.403420091    0.517260909    3.882255554 ^ fanout5745/X (sg13g2_buf_1)
     8    0.064473681    0.413258970    0.516003728    4.398259163 ^ fanout5744/X (sg13g2_buf_1)
                         0.413375407    0.006089795    4.404348850 ^ _130440_/RESET_B (sg13g2_dfrbpq_1)
                                                       4.404348850   data arrival time

                                        8.000000000    8.000000000   clock eth_tx_clk_i (rise edge)
                                        1.564247131    9.564247131   clock network delay (propagated)
                                       -0.250000000    9.314247131   clock uncertainty
                                        0.109914191    9.424160957   clock reconvergence pessimism
                                                       9.424160957 ^ _130440_/CLK (sg13g2_dfrbpq_1)
                                       -0.344463021    9.079698563   library recovery time
                                                       9.079698563   data required time
---------------------------------------------------------------------------------------------------------
                                                       9.079698563   data required time
                                                      -4.404348850   data arrival time
---------------------------------------------------------------------------------------------------------
                                                       4.675349236   slack (MET)


Startpoint: _135296_ (rising edge-triggered flip-flop clocked by eth_tx_clk_i)
Endpoint: _130426_ (recovery check against rising-edge clock eth_tx_clk_i)
Path Group: asynchronous
Path Type: max
Corner: nom_slow_1p08V_125C

Fanout            Cap           Slew          Delay           Time   Description
---------------------------------------------------------------------------------------------------------
                                        0.000000000    0.000000000   clock eth_tx_clk_i (rise edge)
                                        1.820564270    1.820564270   clock network delay (propagated)
                         0.072877429    0.000000000    1.820564270 ^ _135296_/CLK (sg13g2_dfrbpq_1)
     1    0.010321510    0.079397902    0.330324769    2.150889158 ^ _135296_/Q (sg13g2_dfrbpq_1)
     6    0.108612314    0.689803183    0.582997024    2.733886003 ^ fanout5749/X (sg13g2_buf_1)
     7    0.071106002    0.456459135    0.631108522    3.364994526 ^ fanout5746/X (sg13g2_buf_1)
     7    0.062901102    0.403420091    0.517260909    3.882255554 ^ fanout5745/X (sg13g2_buf_1)
     8    0.064473681    0.413258970    0.516003728    4.398259163 ^ fanout5744/X (sg13g2_buf_1)
                         0.413285494    0.002942979    4.401202202 ^ _130426_/RESET_B (sg13g2_dfrbpq_1)
                                                       4.401202202   data arrival time

                                        8.000000000    8.000000000   clock eth_tx_clk_i (rise edge)
                                        1.561401010    9.561400414   clock network delay (propagated)
                                       -0.250000000    9.311400414   clock uncertainty
                                        0.109914191    9.421314240   clock reconvergence pessimism
                                                       9.421314240 ^ _130426_/CLK (sg13g2_dfrbpq_1)
                                       -0.344533443    9.076781273   library recovery time
                                                       9.076781273   data required time
---------------------------------------------------------------------------------------------------------
                                                       9.076781273   data required time
                                                      -4.401202202   data arrival time
---------------------------------------------------------------------------------------------------------
                                                       4.675579071   slack (MET)


Startpoint: _135296_ (rising edge-triggered flip-flop clocked by eth_tx_clk_i)
Endpoint: _130435_ (recovery check against rising-edge clock eth_tx_clk_i)
Path Group: asynchronous
Path Type: max
Corner: nom_slow_1p08V_125C

Fanout            Cap           Slew          Delay           Time   Description
---------------------------------------------------------------------------------------------------------
                                        0.000000000    0.000000000   clock eth_tx_clk_i (rise edge)
                                        1.820564270    1.820564270   clock network delay (propagated)
                         0.072877429    0.000000000    1.820564270 ^ _135296_/CLK (sg13g2_dfrbpq_1)
     1    0.010321510    0.079397902    0.330324769    2.150889158 ^ _135296_/Q (sg13g2_dfrbpq_1)
     6    0.108612314    0.689803183    0.582997024    2.733886003 ^ fanout5749/X (sg13g2_buf_1)
     7    0.071106002    0.456459135    0.631108522    3.364994526 ^ fanout5746/X (sg13g2_buf_1)
     7    0.062901102    0.403420091    0.517260909    3.882255554 ^ fanout5745/X (sg13g2_buf_1)
     8    0.064473681    0.413258970    0.516003728    4.398259163 ^ fanout5744/X (sg13g2_buf_1)
                         0.413545847    0.009478197    4.407737255 ^ _130435_/RESET_B (sg13g2_dfrbpq_1)
                                                       4.407737255   data arrival time

                                        8.000000000    8.000000000   clock eth_tx_clk_i (rise edge)
                                        1.568803191    9.568802834   clock network delay (propagated)
                                       -0.250000000    9.318802834   clock uncertainty
                                        0.109914191    9.428716660   clock reconvergence pessimism
                                                       9.428716660 ^ _130435_/CLK (sg13g2_dfrbpq_1)
                                       -0.343538344    9.085178375   library recovery time
                                                       9.085178375   data required time
---------------------------------------------------------------------------------------------------------
                                                       9.085178375   data required time
                                                      -4.407737255   data arrival time
---------------------------------------------------------------------------------------------------------
                                                       4.677440643   slack (MET)


Startpoint: _135296_ (rising edge-triggered flip-flop clocked by eth_tx_clk_i)
Endpoint: _130427_ (recovery check against rising-edge clock eth_tx_clk_i)
Path Group: asynchronous
Path Type: max
Corner: nom_slow_1p08V_125C

Fanout            Cap           Slew          Delay           Time   Description
---------------------------------------------------------------------------------------------------------
                                        0.000000000    0.000000000   clock eth_tx_clk_i (rise edge)
                                        1.820564270    1.820564270   clock network delay (propagated)
                         0.072877429    0.000000000    1.820564270 ^ _135296_/CLK (sg13g2_dfrbpq_1)
     1    0.010321510    0.079397902    0.330324769    2.150889158 ^ _135296_/Q (sg13g2_dfrbpq_1)
     6    0.108612314    0.689803183    0.582997024    2.733886003 ^ fanout5749/X (sg13g2_buf_1)
     7    0.071106002    0.456459135    0.631108522    3.364994526 ^ fanout5746/X (sg13g2_buf_1)
     7    0.062901102    0.403420091    0.517260909    3.882255554 ^ fanout5745/X (sg13g2_buf_1)
     8    0.064473681    0.413258970    0.516003728    4.398259163 ^ fanout5744/X (sg13g2_buf_1)
                         0.413289338    0.003144596    4.401403904 ^ _130427_/RESET_B (sg13g2_dfrbpq_1)
                                                       4.401403904   data arrival time

                                        8.000000000    8.000000000   clock eth_tx_clk_i (rise edge)
                                        1.563493609    9.563493729   clock network delay (propagated)
                                       -0.250000000    9.313493729   clock uncertainty
                                        0.109914191    9.423407555   clock reconvergence pessimism
                                                       9.423407555 ^ _130427_/CLK (sg13g2_dfrbpq_1)
                                       -0.344464868    9.078942299   library recovery time
                                                       9.078942299   data required time
---------------------------------------------------------------------------------------------------------
                                                       9.078942299   data required time
                                                      -4.401403904   data arrival time
---------------------------------------------------------------------------------------------------------
                                                       4.677538395   slack (MET)


Startpoint: _135296_ (rising edge-triggered flip-flop clocked by eth_tx_clk_i)
Endpoint: _130441_ (recovery check against rising-edge clock eth_tx_clk_i)
Path Group: asynchronous
Path Type: max
Corner: nom_slow_1p08V_125C

Fanout            Cap           Slew          Delay           Time   Description
---------------------------------------------------------------------------------------------------------
                                        0.000000000    0.000000000   clock eth_tx_clk_i (rise edge)
                                        1.820564270    1.820564270   clock network delay (propagated)
                         0.072877429    0.000000000    1.820564270 ^ _135296_/CLK (sg13g2_dfrbpq_1)
     1    0.010321510    0.079397902    0.330324769    2.150889158 ^ _135296_/Q (sg13g2_dfrbpq_1)
     6    0.108612314    0.689803183    0.582997024    2.733886003 ^ fanout5749/X (sg13g2_buf_1)
     7    0.071106002    0.456459135    0.631108522    3.364994526 ^ fanout5746/X (sg13g2_buf_1)
     7    0.062901102    0.403420091    0.517260909    3.882255554 ^ fanout5745/X (sg13g2_buf_1)
                         0.403516054    0.005459189    3.887714624 ^ _130441_/RESET_B (sg13g2_dfrbpq_1)
                                                       3.887714624   data arrival time

                                        8.000000000    8.000000000   clock eth_tx_clk_i (rise edge)
                                        1.567029715    9.567029953   clock network delay (propagated)
                                       -0.250000000    9.317029953   clock uncertainty
                                        0.109914191    9.426943779   clock reconvergence pessimism
                                                       9.426943779 ^ _130441_/CLK (sg13g2_dfrbpq_1)
                                       -0.339702845    9.087241173   library recovery time
                                                       9.087241173   data required time
---------------------------------------------------------------------------------------------------------
                                                       9.087241173   data required time
                                                      -3.887714624   data arrival time
---------------------------------------------------------------------------------------------------------
                                                       5.199526787   slack (MET)


Startpoint: _135296_ (rising edge-triggered flip-flop clocked by eth_tx_clk_i)
Endpoint: _130431_ (recovery check against rising-edge clock eth_tx_clk_i)
Path Group: asynchronous
Path Type: max
Corner: nom_slow_1p08V_125C

Fanout            Cap           Slew          Delay           Time   Description
---------------------------------------------------------------------------------------------------------
                                        0.000000000    0.000000000   clock eth_tx_clk_i (rise edge)
                                        1.820564270    1.820564270   clock network delay (propagated)
                         0.072877429    0.000000000    1.820564270 ^ _135296_/CLK (sg13g2_dfrbpq_1)
     1    0.010321510    0.079397902    0.330324769    2.150889158 ^ _135296_/Q (sg13g2_dfrbpq_1)
     6    0.108612314    0.689803183    0.582997024    2.733886003 ^ fanout5749/X (sg13g2_buf_1)
     7    0.071106002    0.456459135    0.631108522    3.364994526 ^ fanout5746/X (sg13g2_buf_1)
     7    0.062901102    0.403420091    0.517260909    3.882255554 ^ fanout5745/X (sg13g2_buf_1)
                         0.403585523    0.007132961    3.889388561 ^ _130431_/RESET_B (sg13g2_dfrbpq_1)
                                                       3.889388561   data arrival time

                                        8.000000000    8.000000000   clock eth_tx_clk_i (rise edge)
                                        1.568744898    9.568745613   clock network delay (propagated)
                                       -0.250000000    9.318745613   clock uncertainty
                                        0.109914191    9.428659439   clock reconvergence pessimism
                                                       9.428659439 ^ _130431_/CLK (sg13g2_dfrbpq_1)
                                       -0.339641154    9.089017868   library recovery time
                                                       9.089017868   data required time
---------------------------------------------------------------------------------------------------------
                                                       9.089017868   data required time
                                                      -3.889388561   data arrival time
---------------------------------------------------------------------------------------------------------
                                                       5.199629307   slack (MET)


Startpoint: _135296_ (rising edge-triggered flip-flop clocked by eth_tx_clk_i)
Endpoint: _130432_ (recovery check against rising-edge clock eth_tx_clk_i)
Path Group: asynchronous
Path Type: max
Corner: nom_slow_1p08V_125C

Fanout            Cap           Slew          Delay           Time   Description
---------------------------------------------------------------------------------------------------------
                                        0.000000000    0.000000000   clock eth_tx_clk_i (rise edge)
                                        1.820564270    1.820564270   clock network delay (propagated)
                         0.072877429    0.000000000    1.820564270 ^ _135296_/CLK (sg13g2_dfrbpq_1)
     1    0.010321510    0.079397902    0.330324769    2.150889158 ^ _135296_/Q (sg13g2_dfrbpq_1)
     6    0.108612314    0.689803183    0.582997024    2.733886003 ^ fanout5749/X (sg13g2_buf_1)
     7    0.071106002    0.456459135    0.631108522    3.364994526 ^ fanout5746/X (sg13g2_buf_1)
     7    0.062901102    0.403420091    0.517260909    3.882255554 ^ fanout5745/X (sg13g2_buf_1)
                         0.403583676    0.007093437    3.889348984 ^ _130432_/RESET_B (sg13g2_dfrbpq_1)
                                                       3.889348984   data arrival time

                                        8.000000000    8.000000000   clock eth_tx_clk_i (rise edge)
                                        1.568715215    9.568715096   clock network delay (propagated)
                                       -0.250000000    9.318715096   clock uncertainty
                                        0.109914191    9.428628922   clock reconvergence pessimism
                                                       9.428628922 ^ _130432_/CLK (sg13g2_dfrbpq_1)
                                       -0.339642197    9.088986397   library recovery time
                                                       9.088986397   data required time
---------------------------------------------------------------------------------------------------------
                                                       9.088986397   data required time
                                                      -3.889348984   data arrival time
---------------------------------------------------------------------------------------------------------
                                                       5.199637890   slack (MET)


Startpoint: _135296_ (rising edge-triggered flip-flop clocked by eth_tx_clk_i)
Endpoint: _130433_ (recovery check against rising-edge clock eth_tx_clk_i)
Path Group: asynchronous
Path Type: max
Corner: nom_slow_1p08V_125C

Fanout            Cap           Slew          Delay           Time   Description
---------------------------------------------------------------------------------------------------------
                                        0.000000000    0.000000000   clock eth_tx_clk_i (rise edge)
                                        1.820564270    1.820564270   clock network delay (propagated)
                         0.072877429    0.000000000    1.820564270 ^ _135296_/CLK (sg13g2_dfrbpq_1)
     1    0.010321510    0.079397902    0.330324769    2.150889158 ^ _135296_/Q (sg13g2_dfrbpq_1)
     6    0.108612314    0.689803183    0.582997024    2.733886003 ^ fanout5749/X (sg13g2_buf_1)
     7    0.071106002    0.456459135    0.631108522    3.364994526 ^ fanout5746/X (sg13g2_buf_1)
     7    0.062901102    0.403420091    0.517260909    3.882255554 ^ fanout5745/X (sg13g2_buf_1)
                         0.403531134    0.005864198    3.888119698 ^ _130433_/RESET_B (sg13g2_dfrbpq_1)
                                                       3.888119698   data arrival time

                                        8.000000000    8.000000000   clock eth_tx_clk_i (rise edge)
                                        1.567743182    9.567743301   clock network delay (propagated)
                                       -0.250000000    9.317743301   clock uncertainty
                                        0.109914191    9.427657127   clock reconvergence pessimism
                                                       9.427657127 ^ _130433_/CLK (sg13g2_dfrbpq_1)
                                       -0.339674801    9.087982178   library recovery time
                                                       9.087982178   data required time
---------------------------------------------------------------------------------------------------------
                                                       9.087982178   data required time
                                                      -3.888119698   data arrival time
---------------------------------------------------------------------------------------------------------
                                                       5.199862480   slack (MET)


Startpoint: _135296_ (rising edge-triggered flip-flop clocked by eth_tx_clk_i)
Endpoint: _130434_ (recovery check against rising-edge clock eth_tx_clk_i)
Path Group: asynchronous
Path Type: max
Corner: nom_slow_1p08V_125C

Fanout            Cap           Slew          Delay           Time   Description
---------------------------------------------------------------------------------------------------------
                                        0.000000000    0.000000000   clock eth_tx_clk_i (rise edge)
                                        1.820564270    1.820564270   clock network delay (propagated)
                         0.072877429    0.000000000    1.820564270 ^ _135296_/CLK (sg13g2_dfrbpq_1)
     1    0.010321510    0.079397902    0.330324769    2.150889158 ^ _135296_/Q (sg13g2_dfrbpq_1)
     6    0.108612314    0.689803183    0.582997024    2.733886003 ^ fanout5749/X (sg13g2_buf_1)
     7    0.071106002    0.456459135    0.631108522    3.364994526 ^ fanout5746/X (sg13g2_buf_1)
     7    0.062901102    0.403420091    0.517260909    3.882255554 ^ fanout5745/X (sg13g2_buf_1)
                         0.403482676    0.004424017    3.886679649 ^ _130434_/RESET_B (sg13g2_dfrbpq_1)
                                                       3.886679649   data arrival time

                                        8.000000000    8.000000000   clock eth_tx_clk_i (rise edge)
                                        1.566914558    9.566914558   clock network delay (propagated)
                                       -0.250000000    9.316914558   clock uncertainty
                                        0.109914191    9.426828384   clock reconvergence pessimism
                                                       9.426828384 ^ _130434_/CLK (sg13g2_dfrbpq_1)
                                       -0.339694828    9.087134361   library recovery time
                                                       9.087134361   data required time
---------------------------------------------------------------------------------------------------------
                                                       9.087134361   data required time
                                                      -3.886679649   data arrival time
---------------------------------------------------------------------------------------------------------
                                                       5.200454235   slack (MET)


Startpoint: _135296_ (rising edge-triggered flip-flop clocked by eth_tx_clk_i)
Endpoint: _135291_ (recovery check against rising-edge clock eth_tx_clk_i)
Path Group: asynchronous
Path Type: max
Corner: nom_slow_1p08V_125C

Fanout            Cap           Slew          Delay           Time   Description
---------------------------------------------------------------------------------------------------------
                                        0.000000000    0.000000000   clock eth_tx_clk_i (rise edge)
                                        1.820564270    1.820564270   clock network delay (propagated)
                         0.072877429    0.000000000    1.820564270 ^ _135296_/CLK (sg13g2_dfrbpq_1)
     1    0.010321510    0.079397902    0.330324769    2.150889158 ^ _135296_/Q (sg13g2_dfrbpq_1)
     6    0.108612314    0.689803183    0.582997024    2.733886003 ^ fanout5749/X (sg13g2_buf_1)
     7    0.071106002    0.456459135    0.631108522    3.364994526 ^ fanout5746/X (sg13g2_buf_1)
     7    0.062901102    0.403420091    0.517260909    3.882255554 ^ fanout5745/X (sg13g2_buf_1)
                         0.403420776    0.000500044    3.882755518 ^ _135291_/RESET_B (sg13g2_dfrbpq_1)
                                                       3.882755518   data arrival time

                                        8.000000000    8.000000000   clock eth_tx_clk_i (rise edge)
                                        1.564968348    9.564969063   clock network delay (propagated)
                                       -0.250000000    9.314969063   clock uncertainty
                                        0.109914191    9.424882889   clock reconvergence pessimism
                                                       9.424882889 ^ _135291_/CLK (sg13g2_dfrbpq_1)
                                       -0.339738190    9.085144043   library recovery time
                                                       9.085144043   data required time
---------------------------------------------------------------------------------------------------------
                                                       9.085144043   data required time
                                                      -3.882755518   data arrival time
---------------------------------------------------------------------------------------------------------
                                                       5.202388763   slack (MET)


Startpoint: _135320_ (rising edge-triggered flip-flop clocked by eth_rx_clk_i)
Endpoint: _129925_ (recovery check against rising-edge clock eth_rx_clk_i)
Path Group: asynchronous
Path Type: max
Corner: nom_slow_1p08V_125C

Fanout            Cap           Slew          Delay           Time   Description
---------------------------------------------------------------------------------------------------------
                                        0.000000000    0.000000000   clock eth_rx_clk_i (rise edge)
                                        1.637238860    1.637238860   clock network delay (propagated)
                         0.084973909    0.000000000    1.637238860 ^ _135320_/CLK (sg13g2_dfrbpq_1)
     1    0.005930304    0.053834893    0.316582322    1.953821182 ^ _135320_/Q (sg13g2_dfrbpq_1)
     5    0.058054730    0.371287972    0.359558165    2.313379288 ^ fanout5723/X (sg13g2_buf_1)
     7    0.059580609    0.382612318    0.489983618    2.803362846 ^ fanout5720/X (sg13g2_buf_1)
     7    0.048741531    0.315503359    0.436574787    3.239937782 ^ fanout5719/X (sg13g2_buf_1)
     8    0.055706035    0.358142048    0.453844309    3.693782091 ^ fanout5718/X (sg13g2_buf_1)
                         0.358273685    0.002633671    3.696415663 ^ _129925_/RESET_B (sg13g2_dfrbpq_1)
                                                       3.696415663   data arrival time

                                        8.000000000    8.000000000   clock eth_rx_clk_i (rise edge)
                                        1.487657785    9.487658501   clock network delay (propagated)
                                       -0.250000000    9.237657547   clock uncertainty
                                        0.140157551    9.377815247   clock reconvergence pessimism
                                                       9.377815247 ^ _129925_/CLK (sg13g2_dfrbpq_1)
                                       -0.324727207    9.053088188   library recovery time
                                                       9.053088188   data required time
---------------------------------------------------------------------------------------------------------
                                                       9.053088188   data required time
                                                      -3.696415663   data arrival time
---------------------------------------------------------------------------------------------------------
                                                       5.356672764   slack (MET)


Startpoint: _135320_ (rising edge-triggered flip-flop clocked by eth_rx_clk_i)
Endpoint: _135099_ (recovery check against rising-edge clock eth_rx_clk_i)
Path Group: asynchronous
Path Type: max
Corner: nom_slow_1p08V_125C

Fanout            Cap           Slew          Delay           Time   Description
---------------------------------------------------------------------------------------------------------
                                        0.000000000    0.000000000   clock eth_rx_clk_i (rise edge)
                                        1.637238860    1.637238860   clock network delay (propagated)
                         0.084973909    0.000000000    1.637238860 ^ _135320_/CLK (sg13g2_dfrbpq_1)
     1    0.005930304    0.053834893    0.316582322    1.953821182 ^ _135320_/Q (sg13g2_dfrbpq_1)
     5    0.058054730    0.371287972    0.359558165    2.313379288 ^ fanout5723/X (sg13g2_buf_1)
     7    0.059580609    0.382612318    0.489983618    2.803362846 ^ fanout5720/X (sg13g2_buf_1)
     7    0.048741531    0.315503359    0.436574787    3.239937782 ^ fanout5719/X (sg13g2_buf_1)
     8    0.055706035    0.358142048    0.453844309    3.693782091 ^ fanout5718/X (sg13g2_buf_1)
                         0.358300030    0.003760548    3.697542667 ^ _135099_/RESET_B (sg13g2_dfrbpq_1)
                                                       3.697542667   data arrival time

                                        8.000000000    8.000000000   clock eth_rx_clk_i (rise edge)
                                        1.488844991    9.488844872   clock network delay (propagated)
                                       -0.250000000    9.238844872   clock uncertainty
                                        0.140157551    9.379001617   clock reconvergence pessimism
                                                       9.379001617 ^ _135099_/CLK (sg13g2_dfrbpq_1)
                                       -0.324707955    9.054293633   library recovery time
                                                       9.054293633   data required time
---------------------------------------------------------------------------------------------------------
                                                       9.054293633   data required time
                                                      -3.697542667   data arrival time
---------------------------------------------------------------------------------------------------------
                                                       5.356750965   slack (MET)


Startpoint: _135320_ (rising edge-triggered flip-flop clocked by eth_rx_clk_i)
Endpoint: _135098_ (recovery check against rising-edge clock eth_rx_clk_i)
Path Group: asynchronous
Path Type: max
Corner: nom_slow_1p08V_125C

Fanout            Cap           Slew          Delay           Time   Description
---------------------------------------------------------------------------------------------------------
                                        0.000000000    0.000000000   clock eth_rx_clk_i (rise edge)
                                        1.637238860    1.637238860   clock network delay (propagated)
                         0.084973909    0.000000000    1.637238860 ^ _135320_/CLK (sg13g2_dfrbpq_1)
     1    0.005930304    0.053834893    0.316582322    1.953821182 ^ _135320_/Q (sg13g2_dfrbpq_1)
     5    0.058054730    0.371287972    0.359558165    2.313379288 ^ fanout5723/X (sg13g2_buf_1)
     7    0.059580609    0.382612318    0.489983618    2.803362846 ^ fanout5720/X (sg13g2_buf_1)
     7    0.048741531    0.315503359    0.436574787    3.239937782 ^ fanout5719/X (sg13g2_buf_1)
     8    0.055706035    0.358142048    0.453844309    3.693782091 ^ fanout5718/X (sg13g2_buf_1)
                         0.358299106    0.003726131    3.697508097 ^ _135098_/RESET_B (sg13g2_dfrbpq_1)
                                                       3.697508097   data arrival time

                                        8.000000000    8.000000000   clock eth_rx_clk_i (rise edge)
                                        1.488979220    9.488978386   clock network delay (propagated)
                                       -0.250000000    9.238978386   clock uncertainty
                                        0.140157551    9.379136086   clock reconvergence pessimism
                                                       9.379136086 ^ _135098_/CLK (sg13g2_dfrbpq_1)
                                       -0.324704587    9.054430962   library recovery time
                                                       9.054430962   data required time
---------------------------------------------------------------------------------------------------------
                                                       9.054430962   data required time
                                                      -3.697508097   data arrival time
---------------------------------------------------------------------------------------------------------
                                                       5.356923103   slack (MET)


Startpoint: _135320_ (rising edge-triggered flip-flop clocked by eth_rx_clk_i)
Endpoint: _135097_ (recovery check against rising-edge clock eth_rx_clk_i)
Path Group: asynchronous
Path Type: max
Corner: nom_slow_1p08V_125C

Fanout            Cap           Slew          Delay           Time   Description
---------------------------------------------------------------------------------------------------------
                                        0.000000000    0.000000000   clock eth_rx_clk_i (rise edge)
                                        1.637238860    1.637238860   clock network delay (propagated)
                         0.084973909    0.000000000    1.637238860 ^ _135320_/CLK (sg13g2_dfrbpq_1)
     1    0.005930304    0.053834893    0.316582322    1.953821182 ^ _135320_/Q (sg13g2_dfrbpq_1)
     5    0.058054730    0.371287972    0.359558165    2.313379288 ^ fanout5723/X (sg13g2_buf_1)
     7    0.059580609    0.382612318    0.489983618    2.803362846 ^ fanout5720/X (sg13g2_buf_1)
     7    0.048741531    0.315503359    0.436574787    3.239937782 ^ fanout5719/X (sg13g2_buf_1)
     8    0.055706035    0.358142048    0.453844309    3.693782091 ^ fanout5718/X (sg13g2_buf_1)
                         0.358298331    0.003698597    3.697480679 ^ _135097_/RESET_B (sg13g2_dfrbpq_1)
                                                       3.697480679   data arrival time

                                        8.000000000    8.000000000   clock eth_rx_clk_i (rise edge)
                                        1.489045501    9.489045143   clock network delay (propagated)
                                       -0.250000000    9.239045143   clock uncertainty
                                        0.140157551    9.379202843   clock reconvergence pessimism
                                                       9.379202843 ^ _135097_/CLK (sg13g2_dfrbpq_1)
                                       -0.324702710    9.054499626   library recovery time
                                                       9.054499626   data required time
---------------------------------------------------------------------------------------------------------
                                                       9.054499626   data required time
                                                      -3.697480679   data arrival time
---------------------------------------------------------------------------------------------------------
                                                       5.357018948   slack (MET)


Startpoint: _135320_ (rising edge-triggered flip-flop clocked by eth_rx_clk_i)
Endpoint: _129924_ (recovery check against rising-edge clock eth_rx_clk_i)
Path Group: asynchronous
Path Type: max
Corner: nom_slow_1p08V_125C

Fanout            Cap           Slew          Delay           Time   Description
---------------------------------------------------------------------------------------------------------
                                        0.000000000    0.000000000   clock eth_rx_clk_i (rise edge)
                                        1.637238860    1.637238860   clock network delay (propagated)
                         0.084973909    0.000000000    1.637238860 ^ _135320_/CLK (sg13g2_dfrbpq_1)
     1    0.005930304    0.053834893    0.316582322    1.953821182 ^ _135320_/Q (sg13g2_dfrbpq_1)
     5    0.058054730    0.371287972    0.359558165    2.313379288 ^ fanout5723/X (sg13g2_buf_1)
     7    0.059580609    0.382612318    0.489983618    2.803362846 ^ fanout5720/X (sg13g2_buf_1)
     7    0.048741531    0.315503359    0.436574787    3.239937782 ^ fanout5719/X (sg13g2_buf_1)
     8    0.055706035    0.358142048    0.453844309    3.693782091 ^ fanout5718/X (sg13g2_buf_1)
                         0.358274192    0.002660983    3.696443081 ^ _129924_/RESET_B (sg13g2_dfrbpq_1)
                                                       3.696443081   data arrival time

                                        8.000000000    8.000000000   clock eth_rx_clk_i (rise edge)
                                        1.488304019    9.488304138   clock network delay (propagated)
                                       -0.250000000    9.238304138   clock uncertainty
                                        0.140157551    9.378460884   clock reconvergence pessimism
                                                       9.378460884 ^ _129924_/CLK (sg13g2_dfrbpq_1)
                                       -0.324708253    9.053752899   library recovery time
                                                       9.053752899   data required time
---------------------------------------------------------------------------------------------------------
                                                       9.053752899   data required time
                                                      -3.696443081   data arrival time
---------------------------------------------------------------------------------------------------------
                                                       5.357309341   slack (MET)


Startpoint: _135320_ (rising edge-triggered flip-flop clocked by eth_rx_clk_i)
Endpoint: _129945_ (recovery check against rising-edge clock eth_rx_clk_i)
Path Group: asynchronous
Path Type: max
Corner: nom_slow_1p08V_125C

Fanout            Cap           Slew          Delay           Time   Description
---------------------------------------------------------------------------------------------------------
                                        0.000000000    0.000000000   clock eth_rx_clk_i (rise edge)
                                        1.637238860    1.637238860   clock network delay (propagated)
                         0.084973909    0.000000000    1.637238860 ^ _135320_/CLK (sg13g2_dfrbpq_1)
     1    0.005930304    0.053834893    0.316582322    1.953821182 ^ _135320_/Q (sg13g2_dfrbpq_1)
     5    0.058054730    0.371287972    0.359558165    2.313379288 ^ fanout5723/X (sg13g2_buf_1)
     7    0.059580609    0.382612318    0.489983618    2.803362846 ^ fanout5720/X (sg13g2_buf_1)
     7    0.048741531    0.315503359    0.436574787    3.239937782 ^ fanout5719/X (sg13g2_buf_1)
     8    0.055706035    0.358142048    0.453844309    3.693782091 ^ fanout5718/X (sg13g2_buf_1)
                         0.358142048    0.000571321    3.694353342 ^ _129945_/RESET_B (sg13g2_dfrbpq_1)
                                                       3.694353342   data arrival time

                                        8.000000000    8.000000000   clock eth_rx_clk_i (rise edge)
                                        1.488065839    9.488065720   clock network delay (propagated)
                                       -0.250000000    9.238065720   clock uncertainty
                                        0.140157551    9.378222466   clock reconvergence pessimism
                                                       9.378222466 ^ _129945_/CLK (sg13g2_dfrbpq_1)
                                       -0.324660063    9.053562164   library recovery time
                                                       9.053562164   data required time
---------------------------------------------------------------------------------------------------------
                                                       9.053562164   data required time
                                                      -3.694353342   data arrival time
---------------------------------------------------------------------------------------------------------
                                                       5.359209061   slack (MET)


Startpoint: _135137_ (rising edge-triggered flip-flop clocked by clk_i)
Endpoint: _135327_ (rising edge-triggered flip-flop clocked by eth_tx_clk_i)
Path Group: path delay
Path Type: max
Corner: nom_slow_1p08V_125C

Fanout            Cap           Slew          Delay           Time   Description
---------------------------------------------------------------------------------------------------------
                         0.079121947    0.000000000    0.000000000 ^ _135137_/CLK (sg13g2_dfrbpq_1)
     3    0.161164418    1.004919171    1.007843614    1.007843614 ^ _135137_/Q (sg13g2_dfrbpq_1)
     4    0.214669183    1.364124179    1.212265849    2.220109463 ^ fanout6352/X (sg13g2_buf_1)
     3    0.171251014    1.082788944    1.122685552    3.342795134 ^ _082139_/X (sg13g2_buf_1)
     1    0.005706350    0.267979741    0.359396070    3.702191114 v _082140_/Y (sg13g2_nand3_1)
     6    0.045506950    1.232526660    1.083198905    4.785389900 ^ _082141_/Y (sg13g2_nor4_1)
                         1.232540011    0.003662848    4.789052963 ^ _135327_/RESET_B (sg13g2_dfrbpq_1)
                                                       4.789052963   data arrival time

                                        8.000000000    8.000000000   max_delay
                                       -0.563833475    7.436166763   library recovery time
                                                       7.436166763   data required time
---------------------------------------------------------------------------------------------------------
                                                       7.436166763   data required time
                                                      -4.789052963   data arrival time
---------------------------------------------------------------------------------------------------------
                                                       2.647113800   slack (MET)


Startpoint: _135137_ (rising edge-triggered flip-flop clocked by clk_i)
Endpoint: _135328_ (rising edge-triggered flip-flop clocked by eth_tx_clk_i)
Path Group: path delay
Path Type: max
Corner: nom_slow_1p08V_125C

Fanout            Cap           Slew          Delay           Time   Description
---------------------------------------------------------------------------------------------------------
                         0.079121947    0.000000000    0.000000000 ^ _135137_/CLK (sg13g2_dfrbpq_1)
     3    0.161164418    1.004919171    1.007843614    1.007843614 ^ _135137_/Q (sg13g2_dfrbpq_1)
     4    0.214669183    1.364124179    1.212265849    2.220109463 ^ fanout6352/X (sg13g2_buf_1)
     3    0.171251014    1.082788944    1.122685552    3.342795134 ^ _082139_/X (sg13g2_buf_1)
     1    0.005706350    0.267979741    0.359396070    3.702191114 v _082140_/Y (sg13g2_nand3_1)
     6    0.045506950    1.232526660    1.083198905    4.785389900 ^ _082141_/Y (sg13g2_nor4_1)
                         1.232537389    0.003298695    4.788688660 ^ _135328_/RESET_B (sg13g2_dfrbpq_1)
                                                       4.788688660   data arrival time

                                        8.000000000    8.000000000   max_delay
                                       -0.563847542    7.436152458   library recovery time
                                                       7.436152458   data required time
---------------------------------------------------------------------------------------------------------
                                                       7.436152458   data required time
                                                      -4.788688660   data arrival time
---------------------------------------------------------------------------------------------------------
                                                       2.647463560   slack (MET)


Startpoint: _135137_ (rising edge-triggered flip-flop clocked by clk_i)
Endpoint: _135352_ (rising edge-triggered flip-flop clocked by eth_rx_clk_i)
Path Group: path delay
Path Type: max
Corner: nom_slow_1p08V_125C

Fanout            Cap           Slew          Delay           Time   Description
---------------------------------------------------------------------------------------------------------
                         0.079121947    0.000000000    0.000000000 ^ _135137_/CLK (sg13g2_dfrbpq_1)
     3    0.161164418    1.004919171    1.007843614    1.007843614 ^ _135137_/Q (sg13g2_dfrbpq_1)
     4    0.214669183    1.364124179    1.212265849    2.220109463 ^ fanout6352/X (sg13g2_buf_1)
     3    0.171251014    1.082788944    1.122685552    3.342795134 ^ _082139_/X (sg13g2_buf_1)
     1    0.005706350    0.267979741    0.359396070    3.702191114 v _082140_/Y (sg13g2_nand3_1)
     6    0.045506950    1.232526660    1.083198905    4.785389900 ^ _082141_/Y (sg13g2_nor4_1)
                         1.232541561    0.003868905    4.789258957 ^ _135352_/RESET_B (sg13g2_dfrbpq_1)
                                                       4.789258957   data arrival time

                                        8.000000000    8.000000000   max_delay
                                       -0.562433004    7.437567234   library recovery time
                                                       7.437567234   data required time
---------------------------------------------------------------------------------------------------------
                                                       7.437567234   data required time
                                                      -4.789258957   data arrival time
---------------------------------------------------------------------------------------------------------
                                                       2.648308277   slack (MET)


Startpoint: _135137_ (rising edge-triggered flip-flop clocked by clk_i)
Endpoint: _135353_ (rising edge-triggered flip-flop clocked by eth_rx_clk_i)
Path Group: path delay
Path Type: max
Corner: nom_slow_1p08V_125C

Fanout            Cap           Slew          Delay           Time   Description
---------------------------------------------------------------------------------------------------------
                         0.079121947    0.000000000    0.000000000 ^ _135137_/CLK (sg13g2_dfrbpq_1)
     3    0.161164418    1.004919171    1.007843614    1.007843614 ^ _135137_/Q (sg13g2_dfrbpq_1)
     4    0.214669183    1.364124179    1.212265849    2.220109463 ^ fanout6352/X (sg13g2_buf_1)
     3    0.171251014    1.082788944    1.122685552    3.342795134 ^ _082139_/X (sg13g2_buf_1)
     1    0.005706350    0.267979741    0.359396070    3.702191114 v _082140_/Y (sg13g2_nand3_1)
     6    0.045506950    1.232526660    1.083198905    4.785389900 ^ _082141_/Y (sg13g2_nor4_1)
                         1.232534885    0.002909673    4.788299561 ^ _135353_/RESET_B (sg13g2_dfrbpq_1)
                                                       4.788299561   data arrival time

                                        8.000000000    8.000000000   max_delay
                                       -0.562426746    7.437573433   library recovery time
                                                       7.437573433   data required time
---------------------------------------------------------------------------------------------------------
                                                       7.437573433   data required time
                                                      -4.788299561   data arrival time
---------------------------------------------------------------------------------------------------------
                                                       2.649273872   slack (MET)


Startpoint: _135133_ (rising edge-triggered flip-flop clocked by clk_i)
Endpoint: _135298_ (rising edge-triggered flip-flop clocked by eth_tx_clk_i)
Path Group: path delay
Path Type: max
Corner: nom_slow_1p08V_125C

Fanout            Cap           Slew          Delay           Time   Description
---------------------------------------------------------------------------------------------------------
                         0.078934245    0.000000000    0.000000000 ^ _135133_/CLK (sg13g2_dfrbpq_1)
     1    0.007117750    0.060586225    0.318650901    0.318650901 ^ _135133_/Q (sg13g2_dfrbpq_1)
     4    0.240193993    1.521150112    1.075537920    1.394188762 ^ fanout6730/X (sg13g2_buf_1)
     6    0.157334417    0.995119691    1.080141306    2.474330187 ^ fanout6729/X (sg13g2_buf_1)
     7    0.111437969    0.707792580    0.899035513    3.373365641 ^ fanout6728/X (sg13g2_buf_1)
     7    0.064718477    0.414116293    0.575584948    3.948950529 ^ fanout6727/X (sg13g2_buf_1)
     8    0.060083929    0.385620594    0.503365338    4.452315807 ^ fanout6726/X (sg13g2_buf_1)
                         0.385755002    0.002683187    4.454998970 ^ _135298_/RESET_B (sg13g2_dfrbpq_1)
                                                       4.454998970   data arrival time

                                        8.000000000    8.000000000   max_delay
                                       -0.331073225    7.668927193   library recovery time
                                                       7.668927193   data required time
---------------------------------------------------------------------------------------------------------
                                                       7.668927193   data required time
                                                      -4.454998970   data arrival time
---------------------------------------------------------------------------------------------------------
                                                       3.213927984   slack (MET)


Startpoint: _135133_ (rising edge-triggered flip-flop clocked by clk_i)
Endpoint: _135294_ (rising edge-triggered flip-flop clocked by eth_tx_clk_i)
Path Group: path delay
Path Type: max
Corner: nom_slow_1p08V_125C

Fanout            Cap           Slew          Delay           Time   Description
---------------------------------------------------------------------------------------------------------
                         0.078934245    0.000000000    0.000000000 ^ _135133_/CLK (sg13g2_dfrbpq_1)
     1    0.007117750    0.060586225    0.318650901    0.318650901 ^ _135133_/Q (sg13g2_dfrbpq_1)
     4    0.240193993    1.521150112    1.075537920    1.394188762 ^ fanout6730/X (sg13g2_buf_1)
     6    0.157334417    0.995119691    1.080141306    2.474330187 ^ fanout6729/X (sg13g2_buf_1)
     7    0.111437969    0.707792580    0.899035513    3.373365641 ^ fanout6728/X (sg13g2_buf_1)
     7    0.064718477    0.414116293    0.575584948    3.948950529 ^ fanout6727/X (sg13g2_buf_1)
     8    0.060083929    0.385620594    0.503365338    4.452315807 ^ fanout6726/X (sg13g2_buf_1)
                         0.385628402    0.002430056    4.454746246 ^ _135294_/RESET_B (sg13g2_dfrbpq_1)
                                                       4.454746246   data arrival time

                                        8.000000000    8.000000000   max_delay
                                       -0.331031382    7.668968678   library recovery time
                                                       7.668968678   data required time
---------------------------------------------------------------------------------------------------------
                                                       7.668968678   data required time
                                                      -4.454746246   data arrival time
---------------------------------------------------------------------------------------------------------
                                                       3.214222670   slack (MET)


Startpoint: _135133_ (rising edge-triggered flip-flop clocked by clk_i)
Endpoint: _135293_ (rising edge-triggered flip-flop clocked by eth_tx_clk_i)
Path Group: path delay
Path Type: max
Corner: nom_slow_1p08V_125C

Fanout            Cap           Slew          Delay           Time   Description
---------------------------------------------------------------------------------------------------------
                         0.078934245    0.000000000    0.000000000 ^ _135133_/CLK (sg13g2_dfrbpq_1)
     1    0.007117750    0.060586225    0.318650901    0.318650901 ^ _135133_/Q (sg13g2_dfrbpq_1)
     4    0.240193993    1.521150112    1.075537920    1.394188762 ^ fanout6730/X (sg13g2_buf_1)
     6    0.157334417    0.995119691    1.080141306    2.474330187 ^ fanout6729/X (sg13g2_buf_1)
     7    0.111437969    0.707792580    0.899035513    3.373365641 ^ fanout6728/X (sg13g2_buf_1)
     7    0.064718477    0.414116293    0.575584948    3.948950529 ^ fanout6727/X (sg13g2_buf_1)
     8    0.060083929    0.385620594    0.503365338    4.452315807 ^ fanout6726/X (sg13g2_buf_1)
                         0.385620594    0.001326939    4.453642845 ^ _135293_/RESET_B (sg13g2_dfrbpq_1)
                                                       4.453642845   data arrival time

                                        8.000000000    8.000000000   max_delay
                                       -0.331006855    7.668992996   library recovery time
                                                       7.668992996   data required time
---------------------------------------------------------------------------------------------------------
                                                       7.668992996   data required time
                                                      -4.453642845   data arrival time
---------------------------------------------------------------------------------------------------------
                                                       3.215349913   slack (MET)


Startpoint: _135133_ (rising edge-triggered flip-flop clocked by clk_i)
Endpoint: _135297_ (rising edge-triggered flip-flop clocked by eth_tx_clk_i)
Path Group: path delay
Path Type: max
Corner: nom_slow_1p08V_125C

Fanout            Cap           Slew          Delay           Time   Description
---------------------------------------------------------------------------------------------------------
                         0.078934245    0.000000000    0.000000000 ^ _135133_/CLK (sg13g2_dfrbpq_1)
     1    0.007117750    0.060586225    0.318650901    0.318650901 ^ _135133_/Q (sg13g2_dfrbpq_1)
     4    0.240193993    1.521150112    1.075537920    1.394188762 ^ fanout6730/X (sg13g2_buf_1)
     6    0.157334417    0.995119691    1.080141306    2.474330187 ^ fanout6729/X (sg13g2_buf_1)
     7    0.111437969    0.707792580    0.899035513    3.373365641 ^ fanout6728/X (sg13g2_buf_1)
     7    0.064718477    0.414116293    0.575584948    3.948950529 ^ fanout6727/X (sg13g2_buf_1)
     8    0.060083929    0.385620594    0.503365338    4.452315807 ^ fanout6726/X (sg13g2_buf_1)
                         0.385620594    0.000537348    4.452853203 ^ _135297_/RESET_B (sg13g2_dfrbpq_1)
                                                       4.452853203   data arrival time

                                        8.000000000    8.000000000   max_delay
                                       -0.330998868    7.669000626   library recovery time
                                                       7.669000626   data required time
---------------------------------------------------------------------------------------------------------
                                                       7.669000626   data required time
                                                      -4.452853203   data arrival time
---------------------------------------------------------------------------------------------------------
                                                       3.216147423   slack (MET)


Startpoint: _135133_ (rising edge-triggered flip-flop clocked by clk_i)
Endpoint: _135323_ (rising edge-triggered flip-flop clocked by eth_rx_clk_i)
Path Group: path delay
Path Type: max
Corner: nom_slow_1p08V_125C

Fanout            Cap           Slew          Delay           Time   Description
---------------------------------------------------------------------------------------------------------
                         0.078934245    0.000000000    0.000000000 ^ _135133_/CLK (sg13g2_dfrbpq_1)
     1    0.007117750    0.060586225    0.318650901    0.318650901 ^ _135133_/Q (sg13g2_dfrbpq_1)
     4    0.240193993    1.521150112    1.075537920    1.394188762 ^ fanout6730/X (sg13g2_buf_1)
     8    0.206642047    1.307237625    1.395017505    2.789206266 ^ fanout6724/X (sg13g2_buf_1)
     8    0.087563626    0.559480429    0.770929575    3.560135841 ^ fanout6723/X (sg13g2_buf_1)
     8    0.080650270    0.513886333    0.619319260    4.179455280 ^ fanout6722/X (sg13g2_buf_1)
                         0.514018774    0.007245760    4.186700821 ^ _135323_/RESET_B (sg13g2_dfrbpq_1)
                                                       4.186700821   data arrival time

                                        8.000000000    8.000000000   max_delay
                                       -0.381827533    7.618172169   library recovery time
                                                       7.618172169   data required time
---------------------------------------------------------------------------------------------------------
                                                       7.618172169   data required time
                                                      -4.186700821   data arrival time
---------------------------------------------------------------------------------------------------------
                                                       3.431471109   slack (MET)


Startpoint: _135133_ (rising edge-triggered flip-flop clocked by clk_i)
Endpoint: _135321_ (rising edge-triggered flip-flop clocked by eth_rx_clk_i)
Path Group: path delay
Path Type: max
Corner: nom_slow_1p08V_125C

Fanout            Cap           Slew          Delay           Time   Description
---------------------------------------------------------------------------------------------------------
                         0.078934245    0.000000000    0.000000000 ^ _135133_/CLK (sg13g2_dfrbpq_1)
     1    0.007117750    0.060586225    0.318650901    0.318650901 ^ _135133_/Q (sg13g2_dfrbpq_1)
     4    0.240193993    1.521150112    1.075537920    1.394188762 ^ fanout6730/X (sg13g2_buf_1)
     8    0.206642047    1.307237625    1.395017505    2.789206266 ^ fanout6724/X (sg13g2_buf_1)
     8    0.087563626    0.559480429    0.770929575    3.560135841 ^ fanout6723/X (sg13g2_buf_1)
     8    0.080650270    0.513886333    0.619319260    4.179455280 ^ fanout6722/X (sg13g2_buf_1)
                         0.513991058    0.006455281    4.185910225 ^ _135321_/RESET_B (sg13g2_dfrbpq_1)
                                                       4.185910225   data arrival time

                                        8.000000000    8.000000000   max_delay
                                       -0.381810129    7.618189812   library recovery time
                                                       7.618189812   data required time
---------------------------------------------------------------------------------------------------------
                                                       7.618189812   data required time
                                                      -4.185910225   data arrival time
---------------------------------------------------------------------------------------------------------
                                                       3.432279348   slack (MET)


Startpoint: _135133_ (rising edge-triggered flip-flop clocked by clk_i)
Endpoint: _135324_ (rising edge-triggered flip-flop clocked by eth_rx_clk_i)
Path Group: path delay
Path Type: max
Corner: nom_slow_1p08V_125C

Fanout            Cap           Slew          Delay           Time   Description
---------------------------------------------------------------------------------------------------------
                         0.078934245    0.000000000    0.000000000 ^ _135133_/CLK (sg13g2_dfrbpq_1)
     1    0.007117750    0.060586225    0.318650901    0.318650901 ^ _135133_/Q (sg13g2_dfrbpq_1)
     4    0.240193993    1.521150112    1.075537920    1.394188762 ^ fanout6730/X (sg13g2_buf_1)
     8    0.206642047    1.307237625    1.395017505    2.789206266 ^ fanout6724/X (sg13g2_buf_1)
     8    0.087563626    0.559480429    0.770929575    3.560135841 ^ fanout6723/X (sg13g2_buf_1)
     8    0.080650270    0.513886333    0.619319260    4.179455280 ^ fanout6722/X (sg13g2_buf_1)
                         0.513958156    0.005363710    4.184818745 ^ _135324_/RESET_B (sg13g2_dfrbpq_1)
                                                       4.184818745   data arrival time

                                        8.000000000    8.000000000   max_delay
                                       -0.381786138    7.618213654   library recovery time
                                                       7.618213654   data required time
---------------------------------------------------------------------------------------------------------
                                                       7.618213654   data required time
                                                      -4.184818745   data arrival time
---------------------------------------------------------------------------------------------------------
                                                       3.433394909   slack (MET)


Startpoint: _135133_ (rising edge-triggered flip-flop clocked by clk_i)
Endpoint: _135322_ (rising edge-triggered flip-flop clocked by eth_rx_clk_i)
Path Group: path delay
Path Type: max
Corner: nom_slow_1p08V_125C

Fanout            Cap           Slew          Delay           Time   Description
---------------------------------------------------------------------------------------------------------
                         0.078934245    0.000000000    0.000000000 ^ _135133_/CLK (sg13g2_dfrbpq_1)
     1    0.007117750    0.060586225    0.318650901    0.318650901 ^ _135133_/Q (sg13g2_dfrbpq_1)
     4    0.240193993    1.521150112    1.075537920    1.394188762 ^ fanout6730/X (sg13g2_buf_1)
     8    0.206642047    1.307237625    1.395017505    2.789206266 ^ fanout6724/X (sg13g2_buf_1)
     8    0.087563626    0.559480429    0.770929575    3.560135841 ^ fanout6723/X (sg13g2_buf_1)
     8    0.080650270    0.513886333    0.619319260    4.179455280 ^ fanout6722/X (sg13g2_buf_1)
                         0.513957918    0.005352163    4.184807301 ^ _135322_/RESET_B (sg13g2_dfrbpq_1)
                                                       4.184807301   data arrival time

                                        8.000000000    8.000000000   max_delay
                                       -0.381786406    7.618213654   library recovery time
                                                       7.618213654   data required time
---------------------------------------------------------------------------------------------------------
                                                       7.618213654   data required time
                                                      -4.184807301   data arrival time
---------------------------------------------------------------------------------------------------------
                                                       3.433406591   slack (MET)


Startpoint: _135133_ (rising edge-triggered flip-flop clocked by clk_i)
Endpoint: _135304_ (rising edge-triggered flip-flop clocked by eth_tx_clk_i)
Path Group: path delay
Path Type: max
Corner: nom_slow_1p08V_125C

Fanout            Cap           Slew          Delay           Time   Description
---------------------------------------------------------------------------------------------------------
                         0.078934245    0.000000000    0.000000000 ^ _135133_/CLK (sg13g2_dfrbpq_1)
     1    0.007117750    0.060586225    0.318650901    0.318650901 ^ _135133_/Q (sg13g2_dfrbpq_1)
     4    0.240193993    1.521150112    1.075537920    1.394188762 ^ fanout6730/X (sg13g2_buf_1)
     6    0.157334417    0.995119691    1.080141306    2.474330187 ^ fanout6729/X (sg13g2_buf_1)
     7    0.111437969    0.707792580    0.899035513    3.373365641 ^ fanout6728/X (sg13g2_buf_1)
     7    0.064718477    0.414116293    0.575584948    3.948950529 ^ fanout6727/X (sg13g2_buf_1)
                         0.414407641    0.007069012    3.956019640 ^ _135304_/RESET_B (sg13g2_dfrbpq_1)
                                                       3.956019640   data arrival time

                                        8.000000000    8.000000000   max_delay
                                       -0.344072402    7.655927658   library recovery time
                                                       7.655927658   data required time
---------------------------------------------------------------------------------------------------------
                                                       7.655927658   data required time
                                                      -3.956019640   data arrival time
---------------------------------------------------------------------------------------------------------
                                                       3.699908018   slack (MET)


Startpoint: _135133_ (rising edge-triggered flip-flop clocked by clk_i)
Endpoint: _135303_ (rising edge-triggered flip-flop clocked by eth_tx_clk_i)
Path Group: path delay
Path Type: max
Corner: nom_slow_1p08V_125C

Fanout            Cap           Slew          Delay           Time   Description
---------------------------------------------------------------------------------------------------------
                         0.078934245    0.000000000    0.000000000 ^ _135133_/CLK (sg13g2_dfrbpq_1)
     1    0.007117750    0.060586225    0.318650901    0.318650901 ^ _135133_/Q (sg13g2_dfrbpq_1)
     4    0.240193993    1.521150112    1.075537920    1.394188762 ^ fanout6730/X (sg13g2_buf_1)
     6    0.157334417    0.995119691    1.080141306    2.474330187 ^ fanout6729/X (sg13g2_buf_1)
     7    0.111437969    0.707792580    0.899035513    3.373365641 ^ fanout6728/X (sg13g2_buf_1)
     7    0.064718477    0.414116293    0.575584948    3.948950529 ^ fanout6727/X (sg13g2_buf_1)
                         0.414397538    0.006841639    3.955792189 ^ _135303_/RESET_B (sg13g2_dfrbpq_1)
                                                       3.955792189   data arrival time

                                        8.000000000    8.000000000   max_delay
                                       -0.344074249    7.655925751   library recovery time
                                                       7.655925751   data required time
---------------------------------------------------------------------------------------------------------
                                                       7.655925751   data required time
                                                      -3.955792189   data arrival time
---------------------------------------------------------------------------------------------------------
                                                       3.700133562   slack (MET)


Startpoint: _135133_ (rising edge-triggered flip-flop clocked by clk_i)
Endpoint: _130363_ (rising edge-triggered flip-flop clocked by eth_tx_clk_i)
Path Group: path delay
Path Type: max
Corner: nom_slow_1p08V_125C

Fanout            Cap           Slew          Delay           Time   Description
---------------------------------------------------------------------------------------------------------
                         0.078934245    0.000000000    0.000000000 ^ _135133_/CLK (sg13g2_dfrbpq_1)
     1    0.007117750    0.060586225    0.318650901    0.318650901 ^ _135133_/Q (sg13g2_dfrbpq_1)
     4    0.240193993    1.521150112    1.075537920    1.394188762 ^ fanout6730/X (sg13g2_buf_1)
     6    0.157334417    0.995119691    1.080141306    2.474330187 ^ fanout6729/X (sg13g2_buf_1)
     8    0.166312337    1.052817702    1.044660807    3.518990993 ^ fanout6725/X (sg13g2_buf_1)
                         1.052903414    0.008632206    3.527623177 ^ _130363_/RESET_B (sg13g2_dfrbpq_1)
                                                       3.527623177   data arrival time

                                        8.000000000    8.000000000   max_delay
                                       -0.516088963    7.483911514   library recovery time
                                                       7.483911514   data required time
---------------------------------------------------------------------------------------------------------
                                                       7.483911514   data required time
                                                      -3.527623177   data arrival time
---------------------------------------------------------------------------------------------------------
                                                       3.956288338   slack (MET)


Startpoint: _135133_ (rising edge-triggered flip-flop clocked by clk_i)
Endpoint: _130362_ (rising edge-triggered flip-flop clocked by eth_tx_clk_i)
Path Group: path delay
Path Type: max
Corner: nom_slow_1p08V_125C

Fanout            Cap           Slew          Delay           Time   Description
---------------------------------------------------------------------------------------------------------
                         0.078934245    0.000000000    0.000000000 ^ _135133_/CLK (sg13g2_dfrbpq_1)
     1    0.007117750    0.060586225    0.318650901    0.318650901 ^ _135133_/Q (sg13g2_dfrbpq_1)
     4    0.240193993    1.521150112    1.075537920    1.394188762 ^ fanout6730/X (sg13g2_buf_1)
     6    0.157334417    0.995119691    1.080141306    2.474330187 ^ fanout6729/X (sg13g2_buf_1)
     8    0.166312337    1.052817702    1.044660807    3.518990993 ^ fanout6725/X (sg13g2_buf_1)
                         1.052829266    0.003240963    3.522232056 ^ _130362_/RESET_B (sg13g2_dfrbpq_1)
                                                       3.522232056   data arrival time

                                        8.000000000    8.000000000   max_delay
                                       -0.513085067    7.486915112   library recovery time
                                                       7.486915112   data required time
---------------------------------------------------------------------------------------------------------
                                                       7.486915112   data required time
                                                      -3.522232056   data arrival time
---------------------------------------------------------------------------------------------------------
                                                       3.964683294   slack (MET)


Startpoint: _135133_ (rising edge-triggered flip-flop clocked by clk_i)
Endpoint: _130361_ (rising edge-triggered flip-flop clocked by eth_tx_clk_i)
Path Group: path delay
Path Type: max
Corner: nom_slow_1p08V_125C

Fanout            Cap           Slew          Delay           Time   Description
---------------------------------------------------------------------------------------------------------
                         0.078934245    0.000000000    0.000000000 ^ _135133_/CLK (sg13g2_dfrbpq_1)
     1    0.007117750    0.060586225    0.318650901    0.318650901 ^ _135133_/Q (sg13g2_dfrbpq_1)
     4    0.240193993    1.521150112    1.075537920    1.394188762 ^ fanout6730/X (sg13g2_buf_1)
     6    0.157334417    0.995119691    1.080141306    2.474330187 ^ fanout6729/X (sg13g2_buf_1)
     8    0.166312337    1.052817702    1.044660807    3.518990993 ^ fanout6725/X (sg13g2_buf_1)
                         1.052818894    0.001108003    3.520098925 ^ _130361_/RESET_B (sg13g2_dfrbpq_1)
                                                       3.520098925   data arrival time

                                        8.000000000    8.000000000   max_delay
                                       -0.513080955    7.486918926   library recovery time
                                                       7.486918926   data required time
---------------------------------------------------------------------------------------------------------
                                                       7.486918926   data required time
                                                      -3.520098925   data arrival time
---------------------------------------------------------------------------------------------------------
                                                       3.966819763   slack (MET)


Startpoint: _135133_ (rising edge-triggered flip-flop clocked by clk_i)
Endpoint: _135320_ (rising edge-triggered flip-flop clocked by eth_rx_clk_i)
Path Group: path delay
Path Type: max
Corner: nom_slow_1p08V_125C

Fanout            Cap           Slew          Delay           Time   Description
---------------------------------------------------------------------------------------------------------
                         0.078934245    0.000000000    0.000000000 ^ _135133_/CLK (sg13g2_dfrbpq_1)
     1    0.007117750    0.060586225    0.318650901    0.318650901 ^ _135133_/Q (sg13g2_dfrbpq_1)
     4    0.240193993    1.521150112    1.075537920    1.394188762 ^ fanout6730/X (sg13g2_buf_1)
     8    0.206642047    1.307237625    1.395017505    2.789206266 ^ fanout6724/X (sg13g2_buf_1)
     8    0.087563626    0.559480429    0.770929575    3.560135841 ^ fanout6723/X (sg13g2_buf_1)
                         0.560766101    0.023093084    3.583228827 ^ _135320_/RESET_B (sg13g2_dfrbpq_1)
                                                       3.583228827   data arrival time

                                        8.000000000    8.000000000   max_delay
                                       -0.395899028    7.604100704   library recovery time
                                                       7.604100704   data required time
---------------------------------------------------------------------------------------------------------
                                                       7.604100704   data required time
                                                      -3.583228827   data arrival time
---------------------------------------------------------------------------------------------------------
                                                       4.020871639   slack (MET)


Startpoint: _135133_ (rising edge-triggered flip-flop clocked by clk_i)
Endpoint: _135319_ (rising edge-triggered flip-flop clocked by eth_rx_clk_i)
Path Group: path delay
Path Type: max
Corner: nom_slow_1p08V_125C

Fanout            Cap           Slew          Delay           Time   Description
---------------------------------------------------------------------------------------------------------
                         0.078934245    0.000000000    0.000000000 ^ _135133_/CLK (sg13g2_dfrbpq_1)
     1    0.007117750    0.060586225    0.318650901    0.318650901 ^ _135133_/Q (sg13g2_dfrbpq_1)
     4    0.240193993    1.521150112    1.075537920    1.394188762 ^ fanout6730/X (sg13g2_buf_1)
     8    0.206642047    1.307237625    1.395017505    2.789206266 ^ fanout6724/X (sg13g2_buf_1)
     8    0.087563626    0.559480429    0.770929575    3.560135841 ^ fanout6723/X (sg13g2_buf_1)
                         0.560748100    0.022935877    3.583071709 ^ _135319_/RESET_B (sg13g2_dfrbpq_1)
                                                       3.583071709   data arrival time

                                        8.000000000    8.000000000   max_delay
                                       -0.395897388    7.604102612   library recovery time
                                                       7.604102612   data required time
---------------------------------------------------------------------------------------------------------
                                                       7.604102612   data required time
                                                      -3.583071709   data arrival time
---------------------------------------------------------------------------------------------------------
                                                       4.021030903   slack (MET)


Startpoint: _135133_ (rising edge-triggered flip-flop clocked by clk_i)
Endpoint: _129919_ (rising edge-triggered flip-flop clocked by eth_rx_clk_i)
Path Group: path delay
Path Type: max
Corner: nom_slow_1p08V_125C

Fanout            Cap           Slew          Delay           Time   Description
---------------------------------------------------------------------------------------------------------
                         0.078934245    0.000000000    0.000000000 ^ _135133_/CLK (sg13g2_dfrbpq_1)
     1    0.007117750    0.060586225    0.318650901    0.318650901 ^ _135133_/Q (sg13g2_dfrbpq_1)
     4    0.240193993    1.521150112    1.075537920    1.394188762 ^ fanout6730/X (sg13g2_buf_1)
     8    0.206642047    1.307237625    1.395017505    2.789206266 ^ fanout6724/X (sg13g2_buf_1)
     8    0.087563626    0.559480429    0.770929575    3.560135841 ^ fanout6723/X (sg13g2_buf_1)
                         0.560664177    0.022188919    3.582324743 ^ _129919_/RESET_B (sg13g2_dfrbpq_1)
                                                       3.582324743   data arrival time

                                        8.000000000    8.000000000   max_delay
                                       -0.395837098    7.604162693   library recovery time
                                                       7.604162693   data required time
---------------------------------------------------------------------------------------------------------
                                                       7.604162693   data required time
                                                      -3.582324743   data arrival time
---------------------------------------------------------------------------------------------------------
                                                       4.021838188   slack (MET)


Startpoint: _133202_ (rising edge-triggered flip-flop clocked by clk_i)
Endpoint: _126684_ (rising edge-triggered flip-flop clocked by clk_i)
Path Group: clk_i
Path Type: max
Corner: nom_slow_1p08V_125C

Fanout            Cap           Slew          Delay           Time   Description
---------------------------------------------------------------------------------------------------------
                                        0.000000000    0.000000000   clock clk_i (rise edge)
                                        3.763010025    3.763010025   clock network delay (propagated)
                         0.089162141    0.000000000    3.763010025 ^ _133202_/CLK (sg13g2_dfrbpq_1)
     7    0.062003959    0.393509686    0.574924111    4.337934017 ^ _133202_/Q (sg13g2_dfrbpq_1)
     3    0.089947544    0.572310627    0.617921293    4.955855370 ^ _071957_/X (sg13g2_buf_1)
     8    0.142039627    0.893349409    0.896319509    5.852174759 ^ fanout5281/X (sg13g2_buf_1)
     3    0.036647614    0.394732654    0.621459365    6.473634243 v _072030_/Y (sg13g2_nor4_1)
     3    0.055045668    0.290650427    0.435597360    6.909231663 v _072031_/X (sg13g2_buf_1)
     8    0.109384641    0.566008389    0.603994191    7.513226032 v fanout4040/X (sg13g2_buf_1)
     3    0.039029524    0.210911095    0.443078488    7.956304073 v _072254_/X (sg13g2_buf_1)
     8    0.160626128    0.825740993    0.769775391    8.726079941 v fanout3677/X (sg13g2_buf_1)
     3    0.111409999    0.575491011    0.769564867    9.495644569 v _072699_/X (sg13g2_buf_1)
     8    0.143332407    0.738313317    0.803940952   10.299585342 v fanout3308/X (sg13g2_buf_1)
     1    0.005842300    0.241221249    0.351032108   10.650617599 ^ _073590_/Y (sg13g2_a22oi_1)
     1    0.029790346    0.575662494    0.613079369   11.263696671 v _073593_/Y (sg13g2_nand4_1)
     1    0.138500184    2.661234617    2.295088530   13.558785439 ^ _073605_/Y (sg13g2_nor3_1)
     1    0.014801222    0.504077017    0.852286279   14.411071777 v _073607_/X (sg13g2_xor2_1)
     7    0.152413756    2.273739815    2.008167982   16.419239044 ^ _073609_/Y (sg13g2_o21ai_1)
     4    0.066521510    0.954597652    1.369079113   17.788318634 v _073645_/Y (sg13g2_o21ai_1)
     2    0.021629475    0.494077116    0.657863140   18.446182251 ^ _073646_/Y (sg13g2_a22oi_1)
     3    0.017783953    0.135554492    0.333766788   18.779949188 ^ _073647_/X (sg13g2_a21o_1)
     3    0.015041222    0.105980150    0.146576092   18.926525116 v _073648_/Y (sg13g2_inv_1)
     5    0.023493387    0.674381375    0.662051737   19.588577271 ^ _073857_/Y (sg13g2_nor4_1)
     5    0.022645181    0.367732525    0.488869399   20.077445984 v _074906_/Y (sg13g2_nand2_1)
     3    0.011959150    0.264827847    0.355699480   20.433145523 ^ _074942_/Y (sg13g2_o21ai_1)
     2    0.017610347    0.280944228    0.227965206   20.661109924 v _074946_/Y (sg13g2_a221oi_1)
     4    0.113796994    1.466086507    1.252990603   21.914100647 ^ _075429_/X (sg13g2_xor2_1)
     3    0.044931766    0.194556534    0.619339287   22.533441544 ^ _075618_/X (sg13g2_buf_2)
     8    0.078976050    0.502746165    0.520376623   23.053817749 ^ fanout664/X (sg13g2_buf_1)
     3    0.093640797    0.307159632    0.479094118   23.532911301 ^ _076352_/X (sg13g2_buf_2)
     8    0.216407269    1.366437197    1.121668100   24.654579163 ^ fanout628/X (sg13g2_buf_1)
     1    0.027949361    0.642176211    0.962193906   25.616773605 v _077695_/Y (sg13g2_nand3_1)
     3    0.014454114    0.514452875    0.595031619   26.211805344 ^ _077696_/Y (sg13g2_nor4_1)
     1    0.006513867    0.220416293    0.274726033   26.486530304 v _077701_/Y (sg13g2_a21oi_1)
     2    0.030188922    0.622606814    0.624973893   27.111505508 ^ _077717_/Y (sg13g2_nor3_1)
     1    0.009411521    0.088959761    0.367123216   27.478628159 ^ _077719_/X (sg13g2_or3_1)
     3    0.016331468    0.114405528    0.147378996   27.626007080 v _077724_/Y (sg13g2_a21oi_2)
     7    0.133601010    1.729259610    1.345046759   28.971054077 ^ _077786_/Y (sg13g2_a21oi_1)
     3    0.045914426    0.200896949    0.697435021   29.668489456 ^ _077787_/X (sg13g2_buf_2)
     8    0.157134131    0.990448654    0.863302350   30.531791687 ^ fanout561/X (sg13g2_buf_1)
     3    0.102399237    0.338539481    0.615191460   31.146982193 ^ _077788_/X (sg13g2_buf_2)
     8    0.145364031    0.921111822    0.831899881   31.978881836 ^ fanout558/X (sg13g2_buf_1)
     3    0.095153473    0.315000176    0.613535881   32.592418671 ^ _077789_/X (sg13g2_buf_2)
     8    0.139043123    0.879603386    0.812185884   33.404605865 ^ fanout553/X (sg13g2_buf_1)
     2    0.080144033    0.583122671    0.900218606   34.304824829 v _078128_/Y (sg13g2_nor2_1)
     3    0.040749382    0.599112570    0.738609195   35.043434143 ^ _078129_/Y (sg13g2_a21oi_1)
     4    0.051918473    0.556197762    0.700364232   35.743797302 v _078131_/Y (sg13g2_o21ai_1)
     1    0.006362525    0.288766921    0.432109475   36.175907135 ^ _078243_/Y (sg13g2_nor4_1)
     3    0.017105224    0.386245459    0.462083727   36.637989044 v _078244_/Y (sg13g2_nand4_1)
     1    0.006638624    0.069562793    0.300207853   36.938198090 v _078248_/X (sg13g2_or2_1)
     1    0.006998420    0.291551083    0.315750986   37.253948212 ^ _078266_/Y (sg13g2_nor4_1)
     2    0.008884344    0.222969413    0.344201118   37.598148346 v _078267_/Y (sg13g2_nand4_1)
     2    0.011104637    0.117779359    0.163581148   37.761730194 ^ _078285_/Y (sg13g2_nand2_1)
     3    0.039786547    0.257845163    0.315260708   38.076992035 ^ _078288_/X (sg13g2_or2_1)
     1    0.007938260    0.172457322    0.247741386   38.324733734 ^ _078289_/Y (sg13g2_xnor2_1)
     2    0.011889929    0.220565513    0.271565884   38.596298218 v _078290_/Y (sg13g2_nand3_1)
     2    0.007812766    0.066313460    0.279687405   38.875988007 v _078300_/X (sg13g2_a21o_1)
     4    0.046604354    1.072759390    0.668947577   39.544933319 ^ _078301_/Y (sg13g2_a221oi_1)
     3    0.020957252    0.260567516    0.376591206   39.921524048 v _085602_/Y (sg13g2_nor2_2)
     8    0.049942512    0.263671428    0.381628960   40.303153992 v fanout465/X (sg13g2_buf_1)
     3    0.035851892    0.193075597    0.326629400   40.629783630 v _085664_/X (sg13g2_buf_1)
     8    0.062506542    0.326926172    0.406384259   41.036167145 v fanout436/X (sg13g2_buf_1)
     1    0.073003210    0.469040543    0.641275525   41.677444458 ^ _085695_/X (sg13g2_mux2_1)
                         0.470759004    0.024268588   41.701713562 ^ _126684_/D (sg13g2_dfrbpq_1)
                                                      41.701713562   data arrival time

                                       20.000000000   20.000000000   clock clk_i (rise edge)
                                        3.418195963   23.418195724   clock network delay (propagated)
                                       -0.250000000   23.168197632   clock uncertainty
                                        0.180614859   23.348812103   clock reconvergence pessimism
                                                      23.348812103 ^ _126684_/CLK (sg13g2_dfrbpq_1)
                                       -0.371708393   22.977104187   library setup time
                                                      22.977104187   data required time
---------------------------------------------------------------------------------------------------------
                                                      22.977104187   data required time
                                                     -41.701713562   data arrival time
---------------------------------------------------------------------------------------------------------
                                                     -18.724607468   slack (VIOLATED)


Startpoint: _133202_ (rising edge-triggered flip-flop clocked by clk_i)
Endpoint: _126687_ (rising edge-triggered flip-flop clocked by clk_i)
Path Group: clk_i
Path Type: max
Corner: nom_slow_1p08V_125C

Fanout            Cap           Slew          Delay           Time   Description
---------------------------------------------------------------------------------------------------------
                                        0.000000000    0.000000000   clock clk_i (rise edge)
                                        3.763010025    3.763010025   clock network delay (propagated)
                         0.089162141    0.000000000    3.763010025 ^ _133202_/CLK (sg13g2_dfrbpq_1)
     7    0.062003959    0.393509686    0.574924111    4.337934017 ^ _133202_/Q (sg13g2_dfrbpq_1)
     3    0.089947544    0.572310627    0.617921293    4.955855370 ^ _071957_/X (sg13g2_buf_1)
     8    0.142039627    0.893349409    0.896319509    5.852174759 ^ fanout5281/X (sg13g2_buf_1)
     3    0.036647614    0.394732654    0.621459365    6.473634243 v _072030_/Y (sg13g2_nor4_1)
     3    0.055045668    0.290650427    0.435597360    6.909231663 v _072031_/X (sg13g2_buf_1)
     8    0.109384641    0.566008389    0.603994191    7.513226032 v fanout4040/X (sg13g2_buf_1)
     3    0.039029524    0.210911095    0.443078488    7.956304073 v _072254_/X (sg13g2_buf_1)
     8    0.160626128    0.825740993    0.769775391    8.726079941 v fanout3677/X (sg13g2_buf_1)
     3    0.111409999    0.575491011    0.769564867    9.495644569 v _072699_/X (sg13g2_buf_1)
     8    0.143332407    0.738313317    0.803940952   10.299585342 v fanout3308/X (sg13g2_buf_1)
     1    0.005842300    0.241221249    0.351032108   10.650617599 ^ _073590_/Y (sg13g2_a22oi_1)
     1    0.029790346    0.575662494    0.613079369   11.263696671 v _073593_/Y (sg13g2_nand4_1)
     1    0.138500184    2.661234617    2.295088530   13.558785439 ^ _073605_/Y (sg13g2_nor3_1)
     1    0.014801222    0.504077017    0.852286279   14.411071777 v _073607_/X (sg13g2_xor2_1)
     7    0.152413756    2.273739815    2.008167982   16.419239044 ^ _073609_/Y (sg13g2_o21ai_1)
     4    0.066521510    0.954597652    1.369079113   17.788318634 v _073645_/Y (sg13g2_o21ai_1)
     2    0.021629475    0.494077116    0.657863140   18.446182251 ^ _073646_/Y (sg13g2_a22oi_1)
     3    0.017783953    0.135554492    0.333766788   18.779949188 ^ _073647_/X (sg13g2_a21o_1)
     3    0.015041222    0.105980150    0.146576092   18.926525116 v _073648_/Y (sg13g2_inv_1)
     5    0.023493387    0.674381375    0.662051737   19.588577271 ^ _073857_/Y (sg13g2_nor4_1)
     5    0.022645181    0.367732525    0.488869399   20.077445984 v _074906_/Y (sg13g2_nand2_1)
     3    0.011959150    0.264827847    0.355699480   20.433145523 ^ _074942_/Y (sg13g2_o21ai_1)
     2    0.017610347    0.280944228    0.227965206   20.661109924 v _074946_/Y (sg13g2_a221oi_1)
     4    0.113796994    1.466086507    1.252990603   21.914100647 ^ _075429_/X (sg13g2_xor2_1)
     3    0.044931766    0.194556534    0.619339287   22.533441544 ^ _075618_/X (sg13g2_buf_2)
     8    0.078976050    0.502746165    0.520376623   23.053817749 ^ fanout664/X (sg13g2_buf_1)
     3    0.093640797    0.307159632    0.479094118   23.532911301 ^ _076352_/X (sg13g2_buf_2)
     8    0.216407269    1.366437197    1.121668100   24.654579163 ^ fanout628/X (sg13g2_buf_1)
     1    0.027949361    0.642176211    0.962193906   25.616773605 v _077695_/Y (sg13g2_nand3_1)
     3    0.014454114    0.514452875    0.595031619   26.211805344 ^ _077696_/Y (sg13g2_nor4_1)
     1    0.006513867    0.220416293    0.274726033   26.486530304 v _077701_/Y (sg13g2_a21oi_1)
     2    0.030188922    0.622606814    0.624973893   27.111505508 ^ _077717_/Y (sg13g2_nor3_1)
     1    0.009411521    0.088959761    0.367123216   27.478628159 ^ _077719_/X (sg13g2_or3_1)
     3    0.016331468    0.114405528    0.147378996   27.626007080 v _077724_/Y (sg13g2_a21oi_2)
     7    0.133601010    1.729259610    1.345046759   28.971054077 ^ _077786_/Y (sg13g2_a21oi_1)
     3    0.045914426    0.200896949    0.697435021   29.668489456 ^ _077787_/X (sg13g2_buf_2)
     8    0.157134131    0.990448654    0.863302350   30.531791687 ^ fanout561/X (sg13g2_buf_1)
     3    0.102399237    0.338539481    0.615191460   31.146982193 ^ _077788_/X (sg13g2_buf_2)
     8    0.145364031    0.921111822    0.831899881   31.978881836 ^ fanout558/X (sg13g2_buf_1)
     3    0.095153473    0.315000176    0.613535881   32.592418671 ^ _077789_/X (sg13g2_buf_2)
     8    0.139043123    0.879603386    0.812185884   33.404605865 ^ fanout553/X (sg13g2_buf_1)
     2    0.080144033    0.583122671    0.900218606   34.304824829 v _078128_/Y (sg13g2_nor2_1)
     3    0.040749382    0.599112570    0.738609195   35.043434143 ^ _078129_/Y (sg13g2_a21oi_1)
     4    0.051918473    0.556197762    0.700364232   35.743797302 v _078131_/Y (sg13g2_o21ai_1)
     1    0.006362525    0.288766921    0.432109475   36.175907135 ^ _078243_/Y (sg13g2_nor4_1)
     3    0.017105224    0.386245459    0.462083727   36.637989044 v _078244_/Y (sg13g2_nand4_1)
     1    0.006638624    0.069562793    0.300207853   36.938198090 v _078248_/X (sg13g2_or2_1)
     1    0.006998420    0.291551083    0.315750986   37.253948212 ^ _078266_/Y (sg13g2_nor4_1)
     2    0.008884344    0.222969413    0.344201118   37.598148346 v _078267_/Y (sg13g2_nand4_1)
     2    0.011104637    0.117779359    0.163581148   37.761730194 ^ _078285_/Y (sg13g2_nand2_1)
     3    0.039786547    0.257845163    0.315260708   38.076992035 ^ _078288_/X (sg13g2_or2_1)
     1    0.007938260    0.172457322    0.247741386   38.324733734 ^ _078289_/Y (sg13g2_xnor2_1)
     2    0.011889929    0.220565513    0.271565884   38.596298218 v _078290_/Y (sg13g2_nand3_1)
     1    0.004891629    0.116140842    0.202216908   38.798515320 ^ _085598_/Y (sg13g2_a21oi_1)
     1    0.004856016    0.224786505    0.169556811   38.968070984 v _085600_/Y (sg13g2_a221oi_1)
     3    0.019783769    0.116750278    0.250516057   39.218589783 v _085601_/X (sg13g2_buf_1)
     8    0.049738597    0.261930138    0.328196138   39.546783447 v fanout471/X (sg13g2_buf_1)
     3    0.021287331    0.226857230    0.252608597   39.799392700 ^ _085602_/Y (sg13g2_nor2_2)
     8    0.050556574    0.326027364    0.401513487   40.200908661 ^ fanout465/X (sg13g2_buf_1)
     3    0.036181971    0.237032935    0.366885185   40.567790985 ^ _085664_/X (sg13g2_buf_1)
     8    0.063550539    0.407249957    0.461128026   41.028919220 ^ fanout436/X (sg13g2_buf_1)
     1    0.048633955    0.274324000    0.574008405   41.602928162 v _085726_/X (sg13g2_mux2_1)
                         0.274950594    0.011283419   41.614212036 v _126687_/D (sg13g2_dfrbpq_1)
                                                      41.614212036   data arrival time

                                       20.000000000   20.000000000   clock clk_i (rise edge)
                                        3.419895411   23.419895172   clock network delay (propagated)
                                       -0.250000000   23.169897079   clock uncertainty
                                        0.180614859   23.350511551   clock reconvergence pessimism
                                                      23.350511551 ^ _126687_/CLK (sg13g2_dfrbpq_1)
                                       -0.284642875   23.065868378   library setup time
                                                      23.065868378   data required time
---------------------------------------------------------------------------------------------------------
                                                      23.065868378   data required time
                                                     -41.614212036   data arrival time
---------------------------------------------------------------------------------------------------------
                                                     -18.548343658   slack (VIOLATED)


Startpoint: _133202_ (rising edge-triggered flip-flop clocked by clk_i)
Endpoint: _126685_ (rising edge-triggered flip-flop clocked by clk_i)
Path Group: clk_i
Path Type: max
Corner: nom_slow_1p08V_125C

Fanout            Cap           Slew          Delay           Time   Description
---------------------------------------------------------------------------------------------------------
                                        0.000000000    0.000000000   clock clk_i (rise edge)
                                        3.763010025    3.763010025   clock network delay (propagated)
                         0.089162141    0.000000000    3.763010025 ^ _133202_/CLK (sg13g2_dfrbpq_1)
     7    0.062003959    0.393509686    0.574924111    4.337934017 ^ _133202_/Q (sg13g2_dfrbpq_1)
     3    0.089947544    0.572310627    0.617921293    4.955855370 ^ _071957_/X (sg13g2_buf_1)
     8    0.142039627    0.893349409    0.896319509    5.852174759 ^ fanout5281/X (sg13g2_buf_1)
     3    0.036647614    0.394732654    0.621459365    6.473634243 v _072030_/Y (sg13g2_nor4_1)
     3    0.055045668    0.290650427    0.435597360    6.909231663 v _072031_/X (sg13g2_buf_1)
     8    0.109384641    0.566008389    0.603994191    7.513226032 v fanout4040/X (sg13g2_buf_1)
     3    0.039029524    0.210911095    0.443078488    7.956304073 v _072254_/X (sg13g2_buf_1)
     8    0.160626128    0.825740993    0.769775391    8.726079941 v fanout3677/X (sg13g2_buf_1)
     3    0.111409999    0.575491011    0.769564867    9.495644569 v _072699_/X (sg13g2_buf_1)
     8    0.143332407    0.738313317    0.803940952   10.299585342 v fanout3308/X (sg13g2_buf_1)
     1    0.005842300    0.241221249    0.351032108   10.650617599 ^ _073590_/Y (sg13g2_a22oi_1)
     1    0.029790346    0.575662494    0.613079369   11.263696671 v _073593_/Y (sg13g2_nand4_1)
     1    0.138500184    2.661234617    2.295088530   13.558785439 ^ _073605_/Y (sg13g2_nor3_1)
     1    0.014801222    0.504077017    0.852286279   14.411071777 v _073607_/X (sg13g2_xor2_1)
     7    0.152413756    2.273739815    2.008167982   16.419239044 ^ _073609_/Y (sg13g2_o21ai_1)
     4    0.066521510    0.954597652    1.369079113   17.788318634 v _073645_/Y (sg13g2_o21ai_1)
     2    0.021629475    0.494077116    0.657863140   18.446182251 ^ _073646_/Y (sg13g2_a22oi_1)
     3    0.017783953    0.135554492    0.333766788   18.779949188 ^ _073647_/X (sg13g2_a21o_1)
     3    0.015041222    0.105980150    0.146576092   18.926525116 v _073648_/Y (sg13g2_inv_1)
     5    0.023493387    0.674381375    0.662051737   19.588577271 ^ _073857_/Y (sg13g2_nor4_1)
     5    0.022645181    0.367732525    0.488869399   20.077445984 v _074906_/Y (sg13g2_nand2_1)
     3    0.011959150    0.264827847    0.355699480   20.433145523 ^ _074942_/Y (sg13g2_o21ai_1)
     2    0.017610347    0.280944228    0.227965206   20.661109924 v _074946_/Y (sg13g2_a221oi_1)
     4    0.113796994    1.466086507    1.252990603   21.914100647 ^ _075429_/X (sg13g2_xor2_1)
     3    0.044931766    0.194556534    0.619339287   22.533441544 ^ _075618_/X (sg13g2_buf_2)
     8    0.078976050    0.502746165    0.520376623   23.053817749 ^ fanout664/X (sg13g2_buf_1)
     3    0.093640797    0.307159632    0.479094118   23.532911301 ^ _076352_/X (sg13g2_buf_2)
     8    0.216407269    1.366437197    1.121668100   24.654579163 ^ fanout628/X (sg13g2_buf_1)
     1    0.027949361    0.642176211    0.962193906   25.616773605 v _077695_/Y (sg13g2_nand3_1)
     3    0.014454114    0.514452875    0.595031619   26.211805344 ^ _077696_/Y (sg13g2_nor4_1)
     1    0.006513867    0.220416293    0.274726033   26.486530304 v _077701_/Y (sg13g2_a21oi_1)
     2    0.030188922    0.622606814    0.624973893   27.111505508 ^ _077717_/Y (sg13g2_nor3_1)
     1    0.009411521    0.088959761    0.367123216   27.478628159 ^ _077719_/X (sg13g2_or3_1)
     3    0.016331468    0.114405528    0.147378996   27.626007080 v _077724_/Y (sg13g2_a21oi_2)
     7    0.133601010    1.729259610    1.345046759   28.971054077 ^ _077786_/Y (sg13g2_a21oi_1)
     3    0.045914426    0.200896949    0.697435021   29.668489456 ^ _077787_/X (sg13g2_buf_2)
     8    0.157134131    0.990448654    0.863302350   30.531791687 ^ fanout561/X (sg13g2_buf_1)
     3    0.102399237    0.338539481    0.615191460   31.146982193 ^ _077788_/X (sg13g2_buf_2)
     8    0.145364031    0.921111822    0.831899881   31.978881836 ^ fanout558/X (sg13g2_buf_1)
     3    0.095153473    0.315000176    0.613535881   32.592418671 ^ _077789_/X (sg13g2_buf_2)
     8    0.139043123    0.879603386    0.812185884   33.404605865 ^ fanout553/X (sg13g2_buf_1)
     2    0.080144033    0.583122671    0.900218606   34.304824829 v _078128_/Y (sg13g2_nor2_1)
     3    0.040749382    0.599112570    0.738609195   35.043434143 ^ _078129_/Y (sg13g2_a21oi_1)
     4    0.051918473    0.556197762    0.700364232   35.743797302 v _078131_/Y (sg13g2_o21ai_1)
     1    0.006362525    0.288766921    0.432109475   36.175907135 ^ _078243_/Y (sg13g2_nor4_1)
     3    0.017105224    0.386245459    0.462083727   36.637989044 v _078244_/Y (sg13g2_nand4_1)
     1    0.006638624    0.069562793    0.300207853   36.938198090 v _078248_/X (sg13g2_or2_1)
     1    0.006998420    0.291551083    0.315750986   37.253948212 ^ _078266_/Y (sg13g2_nor4_1)
     2    0.008884344    0.222969413    0.344201118   37.598148346 v _078267_/Y (sg13g2_nand4_1)
     2    0.011104637    0.117779359    0.163581148   37.761730194 ^ _078285_/Y (sg13g2_nand2_1)
     3    0.039786547    0.257845163    0.315260708   38.076992035 ^ _078288_/X (sg13g2_or2_1)
     1    0.007938260    0.172457322    0.247741386   38.324733734 ^ _078289_/Y (sg13g2_xnor2_1)
     2    0.011889929    0.220565513    0.271565884   38.596298218 v _078290_/Y (sg13g2_nand3_1)
     2    0.007812766    0.066313460    0.279687405   38.875988007 v _078300_/X (sg13g2_a21o_1)
     2    0.022237614    0.412649214    0.352915943   39.228900909 ^ _085636_/Y (sg13g2_o21ai_1)
     3    0.026814813    0.180804163    0.344936520   39.573837280 ^ _085637_/X (sg13g2_buf_1)
     8    0.058612045    0.376160055    0.423575848   39.997413635 ^ fanout470/X (sg13g2_buf_1)
     3    0.025964351    0.105908804    0.303781897   40.301197052 ^ _085638_/X (sg13g2_buf_2)
     8    0.063571945    0.406903028    0.416132927   40.717330933 ^ fanout464/X (sg13g2_buf_1)
     1    0.019774966    0.139639020    0.458499044   41.175827026 v _085704_/X (sg13g2_mux2_1)
     1    0.006946066    0.138516411    0.161513478   41.337341309 ^ _085705_/Y (sg13g2_nor2_1)
     1    0.004076030    0.210738078    0.090835787   41.428176880 v _085706_/Y (sg13g2_a21oi_1)
                         0.210738078    0.000113687   41.428291321 v _126685_/D (sg13g2_dfrbpq_1)
                                                      41.428291321   data arrival time

                                       20.000000000   20.000000000   clock clk_i (rise edge)
                                        3.450452328   23.450452805   clock network delay (propagated)
                                       -0.250000000   23.200454712   clock uncertainty
                                        0.180614859   23.381069183   clock reconvergence pessimism
                                                      23.381069183 ^ _126685_/CLK (sg13g2_dfrbpq_1)
                                       -0.259863764   23.121204376   library setup time
                                                      23.121204376   data required time
---------------------------------------------------------------------------------------------------------
                                                      23.121204376   data required time
                                                     -41.428291321   data arrival time
---------------------------------------------------------------------------------------------------------
                                                     -18.307086945   slack (VIOLATED)


Startpoint: _133202_ (rising edge-triggered flip-flop clocked by clk_i)
Endpoint: _126692_ (rising edge-triggered flip-flop clocked by clk_i)
Path Group: clk_i
Path Type: max
Corner: nom_slow_1p08V_125C

Fanout            Cap           Slew          Delay           Time   Description
---------------------------------------------------------------------------------------------------------
                                        0.000000000    0.000000000   clock clk_i (rise edge)
                                        3.763010025    3.763010025   clock network delay (propagated)
                         0.089162141    0.000000000    3.763010025 ^ _133202_/CLK (sg13g2_dfrbpq_1)
     7    0.062003959    0.393509686    0.574924111    4.337934017 ^ _133202_/Q (sg13g2_dfrbpq_1)
     3    0.089947544    0.572310627    0.617921293    4.955855370 ^ _071957_/X (sg13g2_buf_1)
     8    0.142039627    0.893349409    0.896319509    5.852174759 ^ fanout5281/X (sg13g2_buf_1)
     3    0.036647614    0.394732654    0.621459365    6.473634243 v _072030_/Y (sg13g2_nor4_1)
     3    0.055045668    0.290650427    0.435597360    6.909231663 v _072031_/X (sg13g2_buf_1)
     8    0.109384641    0.566008389    0.603994191    7.513226032 v fanout4040/X (sg13g2_buf_1)
     3    0.039029524    0.210911095    0.443078488    7.956304073 v _072254_/X (sg13g2_buf_1)
     8    0.160626128    0.825740993    0.769775391    8.726079941 v fanout3677/X (sg13g2_buf_1)
     3    0.111409999    0.575491011    0.769564867    9.495644569 v _072699_/X (sg13g2_buf_1)
     8    0.143332407    0.738313317    0.803940952   10.299585342 v fanout3308/X (sg13g2_buf_1)
     1    0.005842300    0.241221249    0.351032108   10.650617599 ^ _073590_/Y (sg13g2_a22oi_1)
     1    0.029790346    0.575662494    0.613079369   11.263696671 v _073593_/Y (sg13g2_nand4_1)
     1    0.138500184    2.661234617    2.295088530   13.558785439 ^ _073605_/Y (sg13g2_nor3_1)
     1    0.014801222    0.504077017    0.852286279   14.411071777 v _073607_/X (sg13g2_xor2_1)
     7    0.152413756    2.273739815    2.008167982   16.419239044 ^ _073609_/Y (sg13g2_o21ai_1)
     4    0.066521510    0.954597652    1.369079113   17.788318634 v _073645_/Y (sg13g2_o21ai_1)
     2    0.021629475    0.494077116    0.657863140   18.446182251 ^ _073646_/Y (sg13g2_a22oi_1)
     3    0.017783953    0.135554492    0.333766788   18.779949188 ^ _073647_/X (sg13g2_a21o_1)
     3    0.015041222    0.105980150    0.146576092   18.926525116 v _073648_/Y (sg13g2_inv_1)
     5    0.023493387    0.674381375    0.662051737   19.588577271 ^ _073857_/Y (sg13g2_nor4_1)
     5    0.022645181    0.367732525    0.488869399   20.077445984 v _074906_/Y (sg13g2_nand2_1)
     3    0.011959150    0.264827847    0.355699480   20.433145523 ^ _074942_/Y (sg13g2_o21ai_1)
     2    0.017610347    0.280944228    0.227965206   20.661109924 v _074946_/Y (sg13g2_a221oi_1)
     4    0.113796994    1.466086507    1.252990603   21.914100647 ^ _075429_/X (sg13g2_xor2_1)
     3    0.044931766    0.194556534    0.619339287   22.533441544 ^ _075618_/X (sg13g2_buf_2)
     8    0.078976050    0.502746165    0.520376623   23.053817749 ^ fanout664/X (sg13g2_buf_1)
     3    0.093640797    0.307159632    0.479094118   23.532911301 ^ _076352_/X (sg13g2_buf_2)
     8    0.216407269    1.366437197    1.121668100   24.654579163 ^ fanout628/X (sg13g2_buf_1)
     1    0.027949361    0.642176211    0.962193906   25.616773605 v _077695_/Y (sg13g2_nand3_1)
     3    0.014454114    0.514452875    0.595031619   26.211805344 ^ _077696_/Y (sg13g2_nor4_1)
     1    0.006513867    0.220416293    0.274726033   26.486530304 v _077701_/Y (sg13g2_a21oi_1)
     2    0.030188922    0.622606814    0.624973893   27.111505508 ^ _077717_/Y (sg13g2_nor3_1)
     1    0.009411521    0.088959761    0.367123216   27.478628159 ^ _077719_/X (sg13g2_or3_1)
     3    0.016331468    0.114405528    0.147378996   27.626007080 v _077724_/Y (sg13g2_a21oi_2)
     7    0.133601010    1.729259610    1.345046759   28.971054077 ^ _077786_/Y (sg13g2_a21oi_1)
     3    0.045914426    0.200896949    0.697435021   29.668489456 ^ _077787_/X (sg13g2_buf_2)
     8    0.157134131    0.990448654    0.863302350   30.531791687 ^ fanout561/X (sg13g2_buf_1)
     3    0.102399237    0.338539481    0.615191460   31.146982193 ^ _077788_/X (sg13g2_buf_2)
     8    0.145364031    0.921111822    0.831899881   31.978881836 ^ fanout558/X (sg13g2_buf_1)
     3    0.095153473    0.315000176    0.613535881   32.592418671 ^ _077789_/X (sg13g2_buf_2)
     8    0.139043123    0.879603386    0.812185884   33.404605865 ^ fanout553/X (sg13g2_buf_1)
     2    0.080144033    0.583122671    0.900218606   34.304824829 v _078128_/Y (sg13g2_nor2_1)
     3    0.040749382    0.599112570    0.738609195   35.043434143 ^ _078129_/Y (sg13g2_a21oi_1)
     4    0.051918473    0.556197762    0.700364232   35.743797302 v _078131_/Y (sg13g2_o21ai_1)
     1    0.006362525    0.288766921    0.432109475   36.175907135 ^ _078243_/Y (sg13g2_nor4_1)
     3    0.017105224    0.386245459    0.462083727   36.637989044 v _078244_/Y (sg13g2_nand4_1)
     1    0.006638624    0.069562793    0.300207853   36.938198090 v _078248_/X (sg13g2_or2_1)
     1    0.006998420    0.291551083    0.315750986   37.253948212 ^ _078266_/Y (sg13g2_nor4_1)
     2    0.008884344    0.222969413    0.344201118   37.598148346 v _078267_/Y (sg13g2_nand4_1)
     2    0.011104637    0.117779359    0.163581148   37.761730194 ^ _078285_/Y (sg13g2_nand2_1)
     3    0.039786547    0.257845163    0.315260708   38.076992035 ^ _078288_/X (sg13g2_or2_1)
     1    0.007938260    0.172457322    0.247741386   38.324733734 ^ _078289_/Y (sg13g2_xnor2_1)
     2    0.011889929    0.220565513    0.271565884   38.596298218 v _078290_/Y (sg13g2_nand3_1)
     1    0.004891629    0.116140842    0.202216908   38.798515320 ^ _085598_/Y (sg13g2_a21oi_1)
     1    0.004856016    0.224786505    0.169556811   38.968070984 v _085600_/Y (sg13g2_a221oi_1)
     3    0.019783769    0.116750278    0.250516057   39.218589783 v _085601_/X (sg13g2_buf_1)
     8    0.049738597    0.261930138    0.328196138   39.546783447 v fanout471/X (sg13g2_buf_1)
     3    0.021287331    0.226857230    0.252608597   39.799392700 ^ _085602_/Y (sg13g2_nor2_2)
     8    0.050556574    0.326027364    0.401513487   40.200908661 ^ fanout465/X (sg13g2_buf_1)
     3    0.036181971    0.237032935    0.366885185   40.567790985 ^ _085664_/X (sg13g2_buf_1)
     8    0.063550539    0.407249957    0.461128026   41.028919220 ^ fanout436/X (sg13g2_buf_1)
     1    0.005453521    0.105493084    0.394333452   41.423252106 v _085765_/X (sg13g2_mux2_1)
                         0.105493084    0.000216716   41.423469543 v _126692_/D (sg13g2_dfrbpq_1)
                                                      41.423469543   data arrival time

                                       20.000000000   20.000000000   clock clk_i (rise edge)
                                        3.449562550   23.449562073   clock network delay (propagated)
                                       -0.250000000   23.199563980   clock uncertainty
                                        0.180614859   23.380178452   clock reconvergence pessimism
                                                      23.380178452 ^ _126692_/CLK (sg13g2_dfrbpq_1)
                                       -0.213017374   23.167161942   library setup time
                                                      23.167161942   data required time
---------------------------------------------------------------------------------------------------------
                                                      23.167161942   data required time
                                                     -41.423469543   data arrival time
---------------------------------------------------------------------------------------------------------
                                                     -18.256309509   slack (VIOLATED)


Startpoint: _133202_ (rising edge-triggered flip-flop clocked by clk_i)
Endpoint: _126681_ (rising edge-triggered flip-flop clocked by clk_i)
Path Group: clk_i
Path Type: max
Corner: nom_slow_1p08V_125C

Fanout            Cap           Slew          Delay           Time   Description
---------------------------------------------------------------------------------------------------------
                                        0.000000000    0.000000000   clock clk_i (rise edge)
                                        3.763010025    3.763010025   clock network delay (propagated)
                         0.089162141    0.000000000    3.763010025 ^ _133202_/CLK (sg13g2_dfrbpq_1)
     7    0.062003959    0.393509686    0.574924111    4.337934017 ^ _133202_/Q (sg13g2_dfrbpq_1)
     3    0.089947544    0.572310627    0.617921293    4.955855370 ^ _071957_/X (sg13g2_buf_1)
     8    0.142039627    0.893349409    0.896319509    5.852174759 ^ fanout5281/X (sg13g2_buf_1)
     3    0.036647614    0.394732654    0.621459365    6.473634243 v _072030_/Y (sg13g2_nor4_1)
     3    0.055045668    0.290650427    0.435597360    6.909231663 v _072031_/X (sg13g2_buf_1)
     8    0.109384641    0.566008389    0.603994191    7.513226032 v fanout4040/X (sg13g2_buf_1)
     3    0.039029524    0.210911095    0.443078488    7.956304073 v _072254_/X (sg13g2_buf_1)
     8    0.160626128    0.825740993    0.769775391    8.726079941 v fanout3677/X (sg13g2_buf_1)
     3    0.111409999    0.575491011    0.769564867    9.495644569 v _072699_/X (sg13g2_buf_1)
     8    0.143332407    0.738313317    0.803940952   10.299585342 v fanout3308/X (sg13g2_buf_1)
     1    0.005842300    0.241221249    0.351032108   10.650617599 ^ _073590_/Y (sg13g2_a22oi_1)
     1    0.029790346    0.575662494    0.613079369   11.263696671 v _073593_/Y (sg13g2_nand4_1)
     1    0.138500184    2.661234617    2.295088530   13.558785439 ^ _073605_/Y (sg13g2_nor3_1)
     1    0.014801222    0.504077017    0.852286279   14.411071777 v _073607_/X (sg13g2_xor2_1)
     7    0.152413756    2.273739815    2.008167982   16.419239044 ^ _073609_/Y (sg13g2_o21ai_1)
     4    0.066521510    0.954597652    1.369079113   17.788318634 v _073645_/Y (sg13g2_o21ai_1)
     2    0.021629475    0.494077116    0.657863140   18.446182251 ^ _073646_/Y (sg13g2_a22oi_1)
     3    0.017783953    0.135554492    0.333766788   18.779949188 ^ _073647_/X (sg13g2_a21o_1)
     3    0.015041222    0.105980150    0.146576092   18.926525116 v _073648_/Y (sg13g2_inv_1)
     5    0.023493387    0.674381375    0.662051737   19.588577271 ^ _073857_/Y (sg13g2_nor4_1)
     5    0.022645181    0.367732525    0.488869399   20.077445984 v _074906_/Y (sg13g2_nand2_1)
     3    0.011959150    0.264827847    0.355699480   20.433145523 ^ _074942_/Y (sg13g2_o21ai_1)
     2    0.017610347    0.280944228    0.227965206   20.661109924 v _074946_/Y (sg13g2_a221oi_1)
     4    0.113796994    1.466086507    1.252990603   21.914100647 ^ _075429_/X (sg13g2_xor2_1)
     3    0.044931766    0.194556534    0.619339287   22.533441544 ^ _075618_/X (sg13g2_buf_2)
     8    0.078976050    0.502746165    0.520376623   23.053817749 ^ fanout664/X (sg13g2_buf_1)
     3    0.093640797    0.307159632    0.479094118   23.532911301 ^ _076352_/X (sg13g2_buf_2)
     8    0.216407269    1.366437197    1.121668100   24.654579163 ^ fanout628/X (sg13g2_buf_1)
     1    0.027949361    0.642176211    0.962193906   25.616773605 v _077695_/Y (sg13g2_nand3_1)
     3    0.014454114    0.514452875    0.595031619   26.211805344 ^ _077696_/Y (sg13g2_nor4_1)
     1    0.006513867    0.220416293    0.274726033   26.486530304 v _077701_/Y (sg13g2_a21oi_1)
     2    0.030188922    0.622606814    0.624973893   27.111505508 ^ _077717_/Y (sg13g2_nor3_1)
     1    0.009411521    0.088959761    0.367123216   27.478628159 ^ _077719_/X (sg13g2_or3_1)
     3    0.016331468    0.114405528    0.147378996   27.626007080 v _077724_/Y (sg13g2_a21oi_2)
     7    0.133601010    1.729259610    1.345046759   28.971054077 ^ _077786_/Y (sg13g2_a21oi_1)
     3    0.045914426    0.200896949    0.697435021   29.668489456 ^ _077787_/X (sg13g2_buf_2)
     8    0.157134131    0.990448654    0.863302350   30.531791687 ^ fanout561/X (sg13g2_buf_1)
     3    0.102399237    0.338539481    0.615191460   31.146982193 ^ _077788_/X (sg13g2_buf_2)
     8    0.145364031    0.921111822    0.831899881   31.978881836 ^ fanout558/X (sg13g2_buf_1)
     3    0.095153473    0.315000176    0.613535881   32.592418671 ^ _077789_/X (sg13g2_buf_2)
     8    0.139043123    0.879603386    0.812185884   33.404605865 ^ fanout553/X (sg13g2_buf_1)
     2    0.080144033    0.583122671    0.900218606   34.304824829 v _078128_/Y (sg13g2_nor2_1)
     3    0.040749382    0.599112570    0.738609195   35.043434143 ^ _078129_/Y (sg13g2_a21oi_1)
     4    0.051918473    0.556197762    0.700364232   35.743797302 v _078131_/Y (sg13g2_o21ai_1)
     1    0.006362525    0.288766921    0.432109475   36.175907135 ^ _078243_/Y (sg13g2_nor4_1)
     3    0.017105224    0.386245459    0.462083727   36.637989044 v _078244_/Y (sg13g2_nand4_1)
     1    0.006638624    0.069562793    0.300207853   36.938198090 v _078248_/X (sg13g2_or2_1)
     1    0.006998420    0.291551083    0.315750986   37.253948212 ^ _078266_/Y (sg13g2_nor4_1)
     2    0.008884344    0.222969413    0.344201118   37.598148346 v _078267_/Y (sg13g2_nand4_1)
     2    0.011104637    0.117779359    0.163581148   37.761730194 ^ _078285_/Y (sg13g2_nand2_1)
     3    0.039786547    0.257845163    0.315260708   38.076992035 ^ _078288_/X (sg13g2_or2_1)
     1    0.007938260    0.172457322    0.247741386   38.324733734 ^ _078289_/Y (sg13g2_xnor2_1)
     2    0.011889929    0.220565513    0.271565884   38.596298218 v _078290_/Y (sg13g2_nand3_1)
     2    0.007812766    0.066313460    0.279687405   38.875988007 v _078300_/X (sg13g2_a21o_1)
     2    0.022237614    0.412649214    0.352915943   39.228900909 ^ _085636_/Y (sg13g2_o21ai_1)
     3    0.026814813    0.180804163    0.344936520   39.573837280 ^ _085637_/X (sg13g2_buf_1)
     8    0.058612045    0.376160055    0.423575848   39.997413635 ^ fanout470/X (sg13g2_buf_1)
     3    0.025964351    0.105908804    0.303781897   40.301197052 ^ _085638_/X (sg13g2_buf_2)
     8    0.063571945    0.406903028    0.416132927   40.717330933 ^ fanout464/X (sg13g2_buf_1)
     1    0.013474578    0.104496852    0.427469641   41.144798279 v _085639_/X (sg13g2_mux2_1)
     1    0.003874200    0.104980260    0.117321268   41.262119293 ^ _085640_/Y (sg13g2_nor2_1)
     1    0.005099212    0.262985408    0.086021855   41.348140717 v _085641_/Y (sg13g2_a21oi_1)
                         0.262985408    0.000184741   41.348327637 v _126681_/D (sg13g2_dfrbpq_1)
                                                      41.348327637   data arrival time

                                       20.000000000   20.000000000   clock clk_i (rise edge)
                                        3.449846268   23.449846268   clock network delay (propagated)
                                       -0.250000000   23.199848175   clock uncertainty
                                        0.180614859   23.380462646   clock reconvergence pessimism
                                                      23.380462646 ^ _126681_/CLK (sg13g2_dfrbpq_1)
                                       -0.283785284   23.096677780   library setup time
                                                      23.096677780   data required time
---------------------------------------------------------------------------------------------------------
                                                      23.096677780   data required time
                                                     -41.348327637   data arrival time
---------------------------------------------------------------------------------------------------------
                                                     -18.251649857   slack (VIOLATED)


Startpoint: _133202_ (rising edge-triggered flip-flop clocked by clk_i)
Endpoint: _126690_ (rising edge-triggered flip-flop clocked by clk_i)
Path Group: clk_i
Path Type: max
Corner: nom_slow_1p08V_125C

Fanout            Cap           Slew          Delay           Time   Description
---------------------------------------------------------------------------------------------------------
                                        0.000000000    0.000000000   clock clk_i (rise edge)
                                        3.763010025    3.763010025   clock network delay (propagated)
                         0.089162141    0.000000000    3.763010025 ^ _133202_/CLK (sg13g2_dfrbpq_1)
     7    0.062003959    0.393509686    0.574924111    4.337934017 ^ _133202_/Q (sg13g2_dfrbpq_1)
     3    0.089947544    0.572310627    0.617921293    4.955855370 ^ _071957_/X (sg13g2_buf_1)
     8    0.142039627    0.893349409    0.896319509    5.852174759 ^ fanout5281/X (sg13g2_buf_1)
     3    0.036647614    0.394732654    0.621459365    6.473634243 v _072030_/Y (sg13g2_nor4_1)
     3    0.055045668    0.290650427    0.435597360    6.909231663 v _072031_/X (sg13g2_buf_1)
     8    0.109384641    0.566008389    0.603994191    7.513226032 v fanout4040/X (sg13g2_buf_1)
     3    0.039029524    0.210911095    0.443078488    7.956304073 v _072254_/X (sg13g2_buf_1)
     8    0.160626128    0.825740993    0.769775391    8.726079941 v fanout3677/X (sg13g2_buf_1)
     3    0.111409999    0.575491011    0.769564867    9.495644569 v _072699_/X (sg13g2_buf_1)
     8    0.143332407    0.738313317    0.803940952   10.299585342 v fanout3308/X (sg13g2_buf_1)
     1    0.005842300    0.241221249    0.351032108   10.650617599 ^ _073590_/Y (sg13g2_a22oi_1)
     1    0.029790346    0.575662494    0.613079369   11.263696671 v _073593_/Y (sg13g2_nand4_1)
     1    0.138500184    2.661234617    2.295088530   13.558785439 ^ _073605_/Y (sg13g2_nor3_1)
     1    0.014801222    0.504077017    0.852286279   14.411071777 v _073607_/X (sg13g2_xor2_1)
     7    0.152413756    2.273739815    2.008167982   16.419239044 ^ _073609_/Y (sg13g2_o21ai_1)
     4    0.066521510    0.954597652    1.369079113   17.788318634 v _073645_/Y (sg13g2_o21ai_1)
     2    0.021629475    0.494077116    0.657863140   18.446182251 ^ _073646_/Y (sg13g2_a22oi_1)
     3    0.017783953    0.135554492    0.333766788   18.779949188 ^ _073647_/X (sg13g2_a21o_1)
     3    0.015041222    0.105980150    0.146576092   18.926525116 v _073648_/Y (sg13g2_inv_1)
     5    0.023493387    0.674381375    0.662051737   19.588577271 ^ _073857_/Y (sg13g2_nor4_1)
     5    0.022645181    0.367732525    0.488869399   20.077445984 v _074906_/Y (sg13g2_nand2_1)
     3    0.011959150    0.264827847    0.355699480   20.433145523 ^ _074942_/Y (sg13g2_o21ai_1)
     2    0.017610347    0.280944228    0.227965206   20.661109924 v _074946_/Y (sg13g2_a221oi_1)
     4    0.113796994    1.466086507    1.252990603   21.914100647 ^ _075429_/X (sg13g2_xor2_1)
     3    0.044931766    0.194556534    0.619339287   22.533441544 ^ _075618_/X (sg13g2_buf_2)
     8    0.078976050    0.502746165    0.520376623   23.053817749 ^ fanout664/X (sg13g2_buf_1)
     3    0.093640797    0.307159632    0.479094118   23.532911301 ^ _076352_/X (sg13g2_buf_2)
     8    0.216407269    1.366437197    1.121668100   24.654579163 ^ fanout628/X (sg13g2_buf_1)
     1    0.027949361    0.642176211    0.962193906   25.616773605 v _077695_/Y (sg13g2_nand3_1)
     3    0.014454114    0.514452875    0.595031619   26.211805344 ^ _077696_/Y (sg13g2_nor4_1)
     1    0.006513867    0.220416293    0.274726033   26.486530304 v _077701_/Y (sg13g2_a21oi_1)
     2    0.030188922    0.622606814    0.624973893   27.111505508 ^ _077717_/Y (sg13g2_nor3_1)
     1    0.009411521    0.088959761    0.367123216   27.478628159 ^ _077719_/X (sg13g2_or3_1)
     3    0.016331468    0.114405528    0.147378996   27.626007080 v _077724_/Y (sg13g2_a21oi_2)
     7    0.133601010    1.729259610    1.345046759   28.971054077 ^ _077786_/Y (sg13g2_a21oi_1)
     3    0.045914426    0.200896949    0.697435021   29.668489456 ^ _077787_/X (sg13g2_buf_2)
     8    0.157134131    0.990448654    0.863302350   30.531791687 ^ fanout561/X (sg13g2_buf_1)
     3    0.102399237    0.338539481    0.615191460   31.146982193 ^ _077788_/X (sg13g2_buf_2)
     8    0.145364031    0.921111822    0.831899881   31.978881836 ^ fanout558/X (sg13g2_buf_1)
     3    0.095153473    0.315000176    0.613535881   32.592418671 ^ _077789_/X (sg13g2_buf_2)
     8    0.139043123    0.879603386    0.812185884   33.404605865 ^ fanout553/X (sg13g2_buf_1)
     2    0.080144033    0.583122671    0.900218606   34.304824829 v _078128_/Y (sg13g2_nor2_1)
     3    0.040749382    0.599112570    0.738609195   35.043434143 ^ _078129_/Y (sg13g2_a21oi_1)
     4    0.051918473    0.556197762    0.700364232   35.743797302 v _078131_/Y (sg13g2_o21ai_1)
     1    0.006362525    0.288766921    0.432109475   36.175907135 ^ _078243_/Y (sg13g2_nor4_1)
     3    0.017105224    0.386245459    0.462083727   36.637989044 v _078244_/Y (sg13g2_nand4_1)
     1    0.006638624    0.069562793    0.300207853   36.938198090 v _078248_/X (sg13g2_or2_1)
     1    0.006998420    0.291551083    0.315750986   37.253948212 ^ _078266_/Y (sg13g2_nor4_1)
     2    0.008884344    0.222969413    0.344201118   37.598148346 v _078267_/Y (sg13g2_nand4_1)
     2    0.011104637    0.117779359    0.163581148   37.761730194 ^ _078285_/Y (sg13g2_nand2_1)
     3    0.039786547    0.257845163    0.315260708   38.076992035 ^ _078288_/X (sg13g2_or2_1)
     1    0.007938260    0.172457322    0.247741386   38.324733734 ^ _078289_/Y (sg13g2_xnor2_1)
     2    0.011889929    0.220565513    0.271565884   38.596298218 v _078290_/Y (sg13g2_nand3_1)
     1    0.004891629    0.116140842    0.202216908   38.798515320 ^ _085598_/Y (sg13g2_a21oi_1)
     1    0.004856016    0.224786505    0.169556811   38.968070984 v _085600_/Y (sg13g2_a221oi_1)
     3    0.019783769    0.116750278    0.250516057   39.218589783 v _085601_/X (sg13g2_buf_1)
     8    0.049738597    0.261930138    0.328196138   39.546783447 v fanout471/X (sg13g2_buf_1)
     3    0.021287331    0.226857230    0.252608597   39.799392700 ^ _085602_/Y (sg13g2_nor2_2)
     8    0.050556574    0.326027364    0.401513487   40.200908661 ^ fanout465/X (sg13g2_buf_1)
     3    0.036181971    0.237032935    0.366885185   40.567790985 ^ _085664_/X (sg13g2_buf_1)
     8    0.063550539    0.407249957    0.461128026   41.028919220 ^ fanout436/X (sg13g2_buf_1)
     1    0.005391791    0.102256559    0.393253446   41.422172546 v _085761_/X (sg13g2_mux2_1)
                         0.102256559    0.000216716   41.422389984 v _126690_/D (sg13g2_dfrbpq_1)
                                                      41.422389984   data arrival time

                                       20.000000000   20.000000000   clock clk_i (rise edge)
                                        3.454057693   23.454059601   clock network delay (propagated)
                                       -0.250000000   23.204059601   clock uncertainty
                                        0.180614859   23.384674072   clock reconvergence pessimism
                                                      23.384674072 ^ _126690_/CLK (sg13g2_dfrbpq_1)
                                       -0.211506799   23.173166275   library setup time
                                                      23.173166275   data required time
---------------------------------------------------------------------------------------------------------
                                                      23.173166275   data required time
                                                     -41.422389984   data arrival time
---------------------------------------------------------------------------------------------------------
                                                     -18.249223709   slack (VIOLATED)


Startpoint: _133202_ (rising edge-triggered flip-flop clocked by clk_i)
Endpoint: _126691_ (rising edge-triggered flip-flop clocked by clk_i)
Path Group: clk_i
Path Type: max
Corner: nom_slow_1p08V_125C

Fanout            Cap           Slew          Delay           Time   Description
---------------------------------------------------------------------------------------------------------
                                        0.000000000    0.000000000   clock clk_i (rise edge)
                                        3.763010025    3.763010025   clock network delay (propagated)
                         0.089162141    0.000000000    3.763010025 ^ _133202_/CLK (sg13g2_dfrbpq_1)
     7    0.062003959    0.393509686    0.574924111    4.337934017 ^ _133202_/Q (sg13g2_dfrbpq_1)
     3    0.089947544    0.572310627    0.617921293    4.955855370 ^ _071957_/X (sg13g2_buf_1)
     8    0.142039627    0.893349409    0.896319509    5.852174759 ^ fanout5281/X (sg13g2_buf_1)
     3    0.036647614    0.394732654    0.621459365    6.473634243 v _072030_/Y (sg13g2_nor4_1)
     3    0.055045668    0.290650427    0.435597360    6.909231663 v _072031_/X (sg13g2_buf_1)
     8    0.109384641    0.566008389    0.603994191    7.513226032 v fanout4040/X (sg13g2_buf_1)
     3    0.039029524    0.210911095    0.443078488    7.956304073 v _072254_/X (sg13g2_buf_1)
     8    0.160626128    0.825740993    0.769775391    8.726079941 v fanout3677/X (sg13g2_buf_1)
     3    0.111409999    0.575491011    0.769564867    9.495644569 v _072699_/X (sg13g2_buf_1)
     8    0.143332407    0.738313317    0.803940952   10.299585342 v fanout3308/X (sg13g2_buf_1)
     1    0.005842300    0.241221249    0.351032108   10.650617599 ^ _073590_/Y (sg13g2_a22oi_1)
     1    0.029790346    0.575662494    0.613079369   11.263696671 v _073593_/Y (sg13g2_nand4_1)
     1    0.138500184    2.661234617    2.295088530   13.558785439 ^ _073605_/Y (sg13g2_nor3_1)
     1    0.014801222    0.504077017    0.852286279   14.411071777 v _073607_/X (sg13g2_xor2_1)
     7    0.152413756    2.273739815    2.008167982   16.419239044 ^ _073609_/Y (sg13g2_o21ai_1)
     4    0.066521510    0.954597652    1.369079113   17.788318634 v _073645_/Y (sg13g2_o21ai_1)
     2    0.021629475    0.494077116    0.657863140   18.446182251 ^ _073646_/Y (sg13g2_a22oi_1)
     3    0.017783953    0.135554492    0.333766788   18.779949188 ^ _073647_/X (sg13g2_a21o_1)
     3    0.015041222    0.105980150    0.146576092   18.926525116 v _073648_/Y (sg13g2_inv_1)
     5    0.023493387    0.674381375    0.662051737   19.588577271 ^ _073857_/Y (sg13g2_nor4_1)
     5    0.022645181    0.367732525    0.488869399   20.077445984 v _074906_/Y (sg13g2_nand2_1)
     3    0.011959150    0.264827847    0.355699480   20.433145523 ^ _074942_/Y (sg13g2_o21ai_1)
     2    0.017610347    0.280944228    0.227965206   20.661109924 v _074946_/Y (sg13g2_a221oi_1)
     4    0.113796994    1.466086507    1.252990603   21.914100647 ^ _075429_/X (sg13g2_xor2_1)
     3    0.044931766    0.194556534    0.619339287   22.533441544 ^ _075618_/X (sg13g2_buf_2)
     8    0.078976050    0.502746165    0.520376623   23.053817749 ^ fanout664/X (sg13g2_buf_1)
     3    0.093640797    0.307159632    0.479094118   23.532911301 ^ _076352_/X (sg13g2_buf_2)
     8    0.216407269    1.366437197    1.121668100   24.654579163 ^ fanout628/X (sg13g2_buf_1)
     1    0.027949361    0.642176211    0.962193906   25.616773605 v _077695_/Y (sg13g2_nand3_1)
     3    0.014454114    0.514452875    0.595031619   26.211805344 ^ _077696_/Y (sg13g2_nor4_1)
     1    0.006513867    0.220416293    0.274726033   26.486530304 v _077701_/Y (sg13g2_a21oi_1)
     2    0.030188922    0.622606814    0.624973893   27.111505508 ^ _077717_/Y (sg13g2_nor3_1)
     1    0.009411521    0.088959761    0.367123216   27.478628159 ^ _077719_/X (sg13g2_or3_1)
     3    0.016331468    0.114405528    0.147378996   27.626007080 v _077724_/Y (sg13g2_a21oi_2)
     7    0.133601010    1.729259610    1.345046759   28.971054077 ^ _077786_/Y (sg13g2_a21oi_1)
     3    0.045914426    0.200896949    0.697435021   29.668489456 ^ _077787_/X (sg13g2_buf_2)
     8    0.157134131    0.990448654    0.863302350   30.531791687 ^ fanout561/X (sg13g2_buf_1)
     3    0.102399237    0.338539481    0.615191460   31.146982193 ^ _077788_/X (sg13g2_buf_2)
     8    0.145364031    0.921111822    0.831899881   31.978881836 ^ fanout558/X (sg13g2_buf_1)
     3    0.095153473    0.315000176    0.613535881   32.592418671 ^ _077789_/X (sg13g2_buf_2)
     8    0.139043123    0.879603386    0.812185884   33.404605865 ^ fanout553/X (sg13g2_buf_1)
     2    0.080144033    0.583122671    0.900218606   34.304824829 v _078128_/Y (sg13g2_nor2_1)
     3    0.040749382    0.599112570    0.738609195   35.043434143 ^ _078129_/Y (sg13g2_a21oi_1)
     4    0.051918473    0.556197762    0.700364232   35.743797302 v _078131_/Y (sg13g2_o21ai_1)
     1    0.006362525    0.288766921    0.432109475   36.175907135 ^ _078243_/Y (sg13g2_nor4_1)
     3    0.017105224    0.386245459    0.462083727   36.637989044 v _078244_/Y (sg13g2_nand4_1)
     1    0.006638624    0.069562793    0.300207853   36.938198090 v _078248_/X (sg13g2_or2_1)
     1    0.006998420    0.291551083    0.315750986   37.253948212 ^ _078266_/Y (sg13g2_nor4_1)
     2    0.008884344    0.222969413    0.344201118   37.598148346 v _078267_/Y (sg13g2_nand4_1)
     2    0.011104637    0.117779359    0.163581148   37.761730194 ^ _078285_/Y (sg13g2_nand2_1)
     3    0.039786547    0.257845163    0.315260708   38.076992035 ^ _078288_/X (sg13g2_or2_1)
     1    0.007938260    0.172457322    0.247741386   38.324733734 ^ _078289_/Y (sg13g2_xnor2_1)
     2    0.011889929    0.220565513    0.271565884   38.596298218 v _078290_/Y (sg13g2_nand3_1)
     1    0.004891629    0.116140842    0.202216908   38.798515320 ^ _085598_/Y (sg13g2_a21oi_1)
     1    0.004856016    0.224786505    0.169556811   38.968070984 v _085600_/Y (sg13g2_a221oi_1)
     3    0.019783769    0.116750278    0.250516057   39.218589783 v _085601_/X (sg13g2_buf_1)
     8    0.049738597    0.261930138    0.328196138   39.546783447 v fanout471/X (sg13g2_buf_1)
     3    0.021287331    0.226857230    0.252608597   39.799392700 ^ _085602_/Y (sg13g2_nor2_2)
     8    0.050556574    0.326027364    0.401513487   40.200908661 ^ fanout465/X (sg13g2_buf_1)
     3    0.036181971    0.237032935    0.366885185   40.567790985 ^ _085664_/X (sg13g2_buf_1)
     8    0.063550539    0.407249957    0.461128026   41.028919220 ^ fanout436/X (sg13g2_buf_1)
     1    0.004097170    0.102977335    0.387519360   41.416439056 v _085763_/X (sg13g2_mux2_1)
                         0.102977365    0.000117240   41.416557312 v _126691_/D (sg13g2_dfrbpq_1)
                                                      41.416557312   data arrival time

                                       20.000000000   20.000000000   clock clk_i (rise edge)
                                        3.449578285   23.449579239   clock network delay (propagated)
                                       -0.250000000   23.199579239   clock uncertainty
                                        0.180614859   23.380193710   clock reconvergence pessimism
                                                      23.380193710 ^ _126691_/CLK (sg13g2_dfrbpq_1)
                                       -0.211876974   23.168317795   library setup time
                                                      23.168317795   data required time
---------------------------------------------------------------------------------------------------------
                                                      23.168317795   data required time
                                                     -41.416557312   data arrival time
---------------------------------------------------------------------------------------------------------
                                                     -18.248239517   slack (VIOLATED)


Startpoint: _133202_ (rising edge-triggered flip-flop clocked by clk_i)
Endpoint: _126686_ (rising edge-triggered flip-flop clocked by clk_i)
Path Group: clk_i
Path Type: max
Corner: nom_slow_1p08V_125C

Fanout            Cap           Slew          Delay           Time   Description
---------------------------------------------------------------------------------------------------------
                                        0.000000000    0.000000000   clock clk_i (rise edge)
                                        3.763010025    3.763010025   clock network delay (propagated)
                         0.089162141    0.000000000    3.763010025 ^ _133202_/CLK (sg13g2_dfrbpq_1)
     7    0.062003959    0.393509686    0.574924111    4.337934017 ^ _133202_/Q (sg13g2_dfrbpq_1)
     3    0.089947544    0.572310627    0.617921293    4.955855370 ^ _071957_/X (sg13g2_buf_1)
     8    0.142039627    0.893349409    0.896319509    5.852174759 ^ fanout5281/X (sg13g2_buf_1)
     3    0.036647614    0.394732654    0.621459365    6.473634243 v _072030_/Y (sg13g2_nor4_1)
     3    0.055045668    0.290650427    0.435597360    6.909231663 v _072031_/X (sg13g2_buf_1)
     8    0.109384641    0.566008389    0.603994191    7.513226032 v fanout4040/X (sg13g2_buf_1)
     3    0.039029524    0.210911095    0.443078488    7.956304073 v _072254_/X (sg13g2_buf_1)
     8    0.160626128    0.825740993    0.769775391    8.726079941 v fanout3677/X (sg13g2_buf_1)
     3    0.111409999    0.575491011    0.769564867    9.495644569 v _072699_/X (sg13g2_buf_1)
     8    0.143332407    0.738313317    0.803940952   10.299585342 v fanout3308/X (sg13g2_buf_1)
     1    0.005842300    0.241221249    0.351032108   10.650617599 ^ _073590_/Y (sg13g2_a22oi_1)
     1    0.029790346    0.575662494    0.613079369   11.263696671 v _073593_/Y (sg13g2_nand4_1)
     1    0.138500184    2.661234617    2.295088530   13.558785439 ^ _073605_/Y (sg13g2_nor3_1)
     1    0.014801222    0.504077017    0.852286279   14.411071777 v _073607_/X (sg13g2_xor2_1)
     7    0.152413756    2.273739815    2.008167982   16.419239044 ^ _073609_/Y (sg13g2_o21ai_1)
     4    0.066521510    0.954597652    1.369079113   17.788318634 v _073645_/Y (sg13g2_o21ai_1)
     2    0.021629475    0.494077116    0.657863140   18.446182251 ^ _073646_/Y (sg13g2_a22oi_1)
     3    0.017783953    0.135554492    0.333766788   18.779949188 ^ _073647_/X (sg13g2_a21o_1)
     3    0.015041222    0.105980150    0.146576092   18.926525116 v _073648_/Y (sg13g2_inv_1)
     5    0.023493387    0.674381375    0.662051737   19.588577271 ^ _073857_/Y (sg13g2_nor4_1)
     5    0.022645181    0.367732525    0.488869399   20.077445984 v _074906_/Y (sg13g2_nand2_1)
     3    0.011959150    0.264827847    0.355699480   20.433145523 ^ _074942_/Y (sg13g2_o21ai_1)
     2    0.017610347    0.280944228    0.227965206   20.661109924 v _074946_/Y (sg13g2_a221oi_1)
     4    0.113796994    1.466086507    1.252990603   21.914100647 ^ _075429_/X (sg13g2_xor2_1)
     3    0.044931766    0.194556534    0.619339287   22.533441544 ^ _075618_/X (sg13g2_buf_2)
     8    0.078976050    0.502746165    0.520376623   23.053817749 ^ fanout664/X (sg13g2_buf_1)
     3    0.093640797    0.307159632    0.479094118   23.532911301 ^ _076352_/X (sg13g2_buf_2)
     8    0.216407269    1.366437197    1.121668100   24.654579163 ^ fanout628/X (sg13g2_buf_1)
     1    0.027949361    0.642176211    0.962193906   25.616773605 v _077695_/Y (sg13g2_nand3_1)
     3    0.014454114    0.514452875    0.595031619   26.211805344 ^ _077696_/Y (sg13g2_nor4_1)
     1    0.006513867    0.220416293    0.274726033   26.486530304 v _077701_/Y (sg13g2_a21oi_1)
     2    0.030188922    0.622606814    0.624973893   27.111505508 ^ _077717_/Y (sg13g2_nor3_1)
     1    0.009411521    0.088959761    0.367123216   27.478628159 ^ _077719_/X (sg13g2_or3_1)
     3    0.016331468    0.114405528    0.147378996   27.626007080 v _077724_/Y (sg13g2_a21oi_2)
     7    0.133601010    1.729259610    1.345046759   28.971054077 ^ _077786_/Y (sg13g2_a21oi_1)
     3    0.045914426    0.200896949    0.697435021   29.668489456 ^ _077787_/X (sg13g2_buf_2)
     8    0.157134131    0.990448654    0.863302350   30.531791687 ^ fanout561/X (sg13g2_buf_1)
     3    0.102399237    0.338539481    0.615191460   31.146982193 ^ _077788_/X (sg13g2_buf_2)
     8    0.145364031    0.921111822    0.831899881   31.978881836 ^ fanout558/X (sg13g2_buf_1)
     3    0.095153473    0.315000176    0.613535881   32.592418671 ^ _077789_/X (sg13g2_buf_2)
     8    0.139043123    0.879603386    0.812185884   33.404605865 ^ fanout553/X (sg13g2_buf_1)
     2    0.080144033    0.583122671    0.900218606   34.304824829 v _078128_/Y (sg13g2_nor2_1)
     3    0.040749382    0.599112570    0.738609195   35.043434143 ^ _078129_/Y (sg13g2_a21oi_1)
     4    0.051918473    0.556197762    0.700364232   35.743797302 v _078131_/Y (sg13g2_o21ai_1)
     1    0.006362525    0.288766921    0.432109475   36.175907135 ^ _078243_/Y (sg13g2_nor4_1)
     3    0.017105224    0.386245459    0.462083727   36.637989044 v _078244_/Y (sg13g2_nand4_1)
     1    0.006638624    0.069562793    0.300207853   36.938198090 v _078248_/X (sg13g2_or2_1)
     1    0.006998420    0.291551083    0.315750986   37.253948212 ^ _078266_/Y (sg13g2_nor4_1)
     2    0.008884344    0.222969413    0.344201118   37.598148346 v _078267_/Y (sg13g2_nand4_1)
     2    0.011104637    0.117779359    0.163581148   37.761730194 ^ _078285_/Y (sg13g2_nand2_1)
     3    0.039786547    0.257845163    0.315260708   38.076992035 ^ _078288_/X (sg13g2_or2_1)
     1    0.007938260    0.172457322    0.247741386   38.324733734 ^ _078289_/Y (sg13g2_xnor2_1)
     2    0.011889929    0.220565513    0.271565884   38.596298218 v _078290_/Y (sg13g2_nand3_1)
     2    0.007812766    0.066313460    0.279687405   38.875988007 v _078300_/X (sg13g2_a21o_1)
     2    0.022237614    0.412649214    0.352915943   39.228900909 ^ _085636_/Y (sg13g2_o21ai_1)
     3    0.026814813    0.180804163    0.344936520   39.573837280 ^ _085637_/X (sg13g2_buf_1)
     8    0.058612045    0.376160055    0.423575848   39.997413635 ^ fanout470/X (sg13g2_buf_1)
     3    0.025964351    0.105908804    0.303781897   40.301197052 ^ _085638_/X (sg13g2_buf_2)
     8    0.063571945    0.406903028    0.416132927   40.717330933 ^ fanout464/X (sg13g2_buf_1)
     1    0.016296363    0.121160194    0.440973490   41.158302307 v _085715_/X (sg13g2_mux2_1)
     1    0.005157828    0.118610360    0.136154205   41.294456482 ^ _085716_/Y (sg13g2_nor2_1)
     1    0.002100068    0.216909409    0.074475542   41.368930817 v _085717_/Y (sg13g2_a21oi_1)
                         0.216909409    0.000028422   41.368961334 v _126686_/D (sg13g2_dfrbpq_1)
                                                      41.368961334   data arrival time

                                       20.000000000   20.000000000   clock clk_i (rise edge)
                                        3.454077244   23.454078674   clock network delay (propagated)
                                       -0.250000000   23.204078674   clock uncertainty
                                        0.180614859   23.384693146   clock reconvergence pessimism
                                                      23.384693146 ^ _126686_/CLK (sg13g2_dfrbpq_1)
                                       -0.263472170   23.121221542   library setup time
                                                      23.121221542   data required time
---------------------------------------------------------------------------------------------------------
                                                      23.121221542   data required time
                                                     -41.368961334   data arrival time
---------------------------------------------------------------------------------------------------------
                                                     -18.247739792   slack (VIOLATED)


Startpoint: _133202_ (rising edge-triggered flip-flop clocked by clk_i)
Endpoint: _133550_ (rising edge-triggered flip-flop clocked by clk_i)
Path Group: clk_i
Path Type: max
Corner: nom_slow_1p08V_125C

Fanout            Cap           Slew          Delay           Time   Description
---------------------------------------------------------------------------------------------------------
                                        0.000000000    0.000000000   clock clk_i (rise edge)
                                        3.763010025    3.763010025   clock network delay (propagated)
                         0.089162141    0.000000000    3.763010025 ^ _133202_/CLK (sg13g2_dfrbpq_1)
     7    0.062003959    0.393509686    0.574924111    4.337934017 ^ _133202_/Q (sg13g2_dfrbpq_1)
     3    0.089947544    0.572310627    0.617921293    4.955855370 ^ _071957_/X (sg13g2_buf_1)
     8    0.142039627    0.893349409    0.896319509    5.852174759 ^ fanout5281/X (sg13g2_buf_1)
     3    0.036647614    0.394732654    0.621459365    6.473634243 v _072030_/Y (sg13g2_nor4_1)
     3    0.055045668    0.290650427    0.435597360    6.909231663 v _072031_/X (sg13g2_buf_1)
     8    0.109384641    0.566008389    0.603994191    7.513226032 v fanout4040/X (sg13g2_buf_1)
     3    0.039029524    0.210911095    0.443078488    7.956304073 v _072254_/X (sg13g2_buf_1)
     8    0.160626128    0.825740993    0.769775391    8.726079941 v fanout3677/X (sg13g2_buf_1)
     3    0.111409999    0.575491011    0.769564867    9.495644569 v _072699_/X (sg13g2_buf_1)
     8    0.143332407    0.738313317    0.803940952   10.299585342 v fanout3308/X (sg13g2_buf_1)
     1    0.005842300    0.241221249    0.351032108   10.650617599 ^ _073590_/Y (sg13g2_a22oi_1)
     1    0.029790346    0.575662494    0.613079369   11.263696671 v _073593_/Y (sg13g2_nand4_1)
     1    0.138500184    2.661234617    2.295088530   13.558785439 ^ _073605_/Y (sg13g2_nor3_1)
     1    0.014801222    0.504077017    0.852286279   14.411071777 v _073607_/X (sg13g2_xor2_1)
     7    0.152413756    2.273739815    2.008167982   16.419239044 ^ _073609_/Y (sg13g2_o21ai_1)
     4    0.066521510    0.954597652    1.369079113   17.788318634 v _073645_/Y (sg13g2_o21ai_1)
     2    0.021629475    0.494077116    0.657863140   18.446182251 ^ _073646_/Y (sg13g2_a22oi_1)
     3    0.017783953    0.135554492    0.333766788   18.779949188 ^ _073647_/X (sg13g2_a21o_1)
     3    0.015041222    0.105980150    0.146576092   18.926525116 v _073648_/Y (sg13g2_inv_1)
     5    0.023493387    0.674381375    0.662051737   19.588577271 ^ _073857_/Y (sg13g2_nor4_1)
     5    0.022645181    0.367732525    0.488869399   20.077445984 v _074906_/Y (sg13g2_nand2_1)
     3    0.011959150    0.264827847    0.355699480   20.433145523 ^ _074942_/Y (sg13g2_o21ai_1)
     2    0.017610347    0.280944228    0.227965206   20.661109924 v _074946_/Y (sg13g2_a221oi_1)
     4    0.113796994    1.466086507    1.252990603   21.914100647 ^ _075429_/X (sg13g2_xor2_1)
     3    0.044931766    0.194556534    0.619339287   22.533441544 ^ _075618_/X (sg13g2_buf_2)
     8    0.078976050    0.502746165    0.520376623   23.053817749 ^ fanout664/X (sg13g2_buf_1)
     3    0.093640797    0.307159632    0.479094118   23.532911301 ^ _076352_/X (sg13g2_buf_2)
     8    0.216407269    1.366437197    1.121668100   24.654579163 ^ fanout628/X (sg13g2_buf_1)
     1    0.027949361    0.642176211    0.962193906   25.616773605 v _077695_/Y (sg13g2_nand3_1)
     3    0.014454114    0.514452875    0.595031619   26.211805344 ^ _077696_/Y (sg13g2_nor4_1)
     1    0.006513867    0.220416293    0.274726033   26.486530304 v _077701_/Y (sg13g2_a21oi_1)
     2    0.030188922    0.622606814    0.624973893   27.111505508 ^ _077717_/Y (sg13g2_nor3_1)
     1    0.009411521    0.088959761    0.367123216   27.478628159 ^ _077719_/X (sg13g2_or3_1)
     3    0.016331468    0.114405528    0.147378996   27.626007080 v _077724_/Y (sg13g2_a21oi_2)
     7    0.133601010    1.729259610    1.345046759   28.971054077 ^ _077786_/Y (sg13g2_a21oi_1)
     3    0.045914426    0.200896949    0.697435021   29.668489456 ^ _077787_/X (sg13g2_buf_2)
     8    0.157134131    0.990448654    0.863302350   30.531791687 ^ fanout561/X (sg13g2_buf_1)
     3    0.102399237    0.338539481    0.615191460   31.146982193 ^ _077788_/X (sg13g2_buf_2)
     8    0.145364031    0.921111822    0.831899881   31.978881836 ^ fanout558/X (sg13g2_buf_1)
     3    0.095153473    0.315000176    0.613535881   32.592418671 ^ _077789_/X (sg13g2_buf_2)
     8    0.139043123    0.879603386    0.812185884   33.404605865 ^ fanout553/X (sg13g2_buf_1)
     2    0.080144033    0.583122671    0.900218606   34.304824829 v _078128_/Y (sg13g2_nor2_1)
     3    0.040749382    0.599112570    0.738609195   35.043434143 ^ _078129_/Y (sg13g2_a21oi_1)
     4    0.051918473    0.556197762    0.700364232   35.743797302 v _078131_/Y (sg13g2_o21ai_1)
     1    0.006362525    0.288766921    0.432109475   36.175907135 ^ _078243_/Y (sg13g2_nor4_1)
     3    0.017105224    0.386245459    0.462083727   36.637989044 v _078244_/Y (sg13g2_nand4_1)
     1    0.006638624    0.069562793    0.300207853   36.938198090 v _078248_/X (sg13g2_or2_1)
     1    0.006998420    0.291551083    0.315750986   37.253948212 ^ _078266_/Y (sg13g2_nor4_1)
     2    0.008884344    0.222969413    0.344201118   37.598148346 v _078267_/Y (sg13g2_nand4_1)
     2    0.011104637    0.117779359    0.163581148   37.761730194 ^ _078285_/Y (sg13g2_nand2_1)
     3    0.039786547    0.257845163    0.315260708   38.076992035 ^ _078288_/X (sg13g2_or2_1)
     1    0.007938260    0.172457322    0.247741386   38.324733734 ^ _078289_/Y (sg13g2_xnor2_1)
     2    0.011889929    0.220565513    0.271565884   38.596298218 v _078290_/Y (sg13g2_nand3_1)
     2    0.007812766    0.066313460    0.279687405   38.875988007 v _078300_/X (sg13g2_a21o_1)
     4    0.046604354    1.072759390    0.668947577   39.544933319 ^ _078301_/Y (sg13g2_a221oi_1)
     1    0.004903739    0.077495173    0.395608902   39.940544128 ^ _122034_/X (sg13g2_or2_1)
     7    0.062508188    0.399008900    0.391459316   40.332000732 ^ _122035_/X (sg13g2_buf_1)
     3    0.036170181    0.238055110    0.386602759   40.718605042 ^ _122036_/X (sg13g2_buf_1)
     8    0.067285821    0.429985434    0.479062140   41.197666168 ^ fanout396/X (sg13g2_buf_1)
     1    0.002113597    0.052577589    0.375894874   41.573562622 v _122037_/X (sg13g2_mux2_1)
                         0.052577589    0.000028422   41.573589325 v _133550_/D (sg13g2_dfrbpq_1)
                                                      41.573589325   data arrival time

                                       20.000000000   20.000000000   clock clk_i (rise edge)
                                        3.451267958   23.451269150   clock network delay (propagated)
                                       -0.250000000   23.201269150   clock uncertainty
                                        0.293851167   23.495119095   clock reconvergence pessimism
                                                      23.495119095 ^ _133550_/CLK (sg13g2_dfrbpq_1)
                                       -0.167132959   23.327989578   library setup time
                                                      23.327989578   data required time
---------------------------------------------------------------------------------------------------------
                                                      23.327989578   data required time
                                                     -41.573589325   data arrival time
---------------------------------------------------------------------------------------------------------
                                                     -18.245601654   slack (VIOLATED)


Startpoint: _133202_ (rising edge-triggered flip-flop clocked by clk_i)
Endpoint: _126689_ (rising edge-triggered flip-flop clocked by clk_i)
Path Group: clk_i
Path Type: max
Corner: nom_slow_1p08V_125C

Fanout            Cap           Slew          Delay           Time   Description
---------------------------------------------------------------------------------------------------------
                                        0.000000000    0.000000000   clock clk_i (rise edge)
                                        3.763010025    3.763010025   clock network delay (propagated)
                         0.089162141    0.000000000    3.763010025 ^ _133202_/CLK (sg13g2_dfrbpq_1)
     7    0.062003959    0.393509686    0.574924111    4.337934017 ^ _133202_/Q (sg13g2_dfrbpq_1)
     3    0.089947544    0.572310627    0.617921293    4.955855370 ^ _071957_/X (sg13g2_buf_1)
     8    0.142039627    0.893349409    0.896319509    5.852174759 ^ fanout5281/X (sg13g2_buf_1)
     3    0.036647614    0.394732654    0.621459365    6.473634243 v _072030_/Y (sg13g2_nor4_1)
     3    0.055045668    0.290650427    0.435597360    6.909231663 v _072031_/X (sg13g2_buf_1)
     8    0.109384641    0.566008389    0.603994191    7.513226032 v fanout4040/X (sg13g2_buf_1)
     3    0.039029524    0.210911095    0.443078488    7.956304073 v _072254_/X (sg13g2_buf_1)
     8    0.160626128    0.825740993    0.769775391    8.726079941 v fanout3677/X (sg13g2_buf_1)
     3    0.111409999    0.575491011    0.769564867    9.495644569 v _072699_/X (sg13g2_buf_1)
     8    0.143332407    0.738313317    0.803940952   10.299585342 v fanout3308/X (sg13g2_buf_1)
     1    0.005842300    0.241221249    0.351032108   10.650617599 ^ _073590_/Y (sg13g2_a22oi_1)
     1    0.029790346    0.575662494    0.613079369   11.263696671 v _073593_/Y (sg13g2_nand4_1)
     1    0.138500184    2.661234617    2.295088530   13.558785439 ^ _073605_/Y (sg13g2_nor3_1)
     1    0.014801222    0.504077017    0.852286279   14.411071777 v _073607_/X (sg13g2_xor2_1)
     7    0.152413756    2.273739815    2.008167982   16.419239044 ^ _073609_/Y (sg13g2_o21ai_1)
     4    0.066521510    0.954597652    1.369079113   17.788318634 v _073645_/Y (sg13g2_o21ai_1)
     2    0.021629475    0.494077116    0.657863140   18.446182251 ^ _073646_/Y (sg13g2_a22oi_1)
     3    0.017783953    0.135554492    0.333766788   18.779949188 ^ _073647_/X (sg13g2_a21o_1)
     3    0.015041222    0.105980150    0.146576092   18.926525116 v _073648_/Y (sg13g2_inv_1)
     5    0.023493387    0.674381375    0.662051737   19.588577271 ^ _073857_/Y (sg13g2_nor4_1)
     5    0.022645181    0.367732525    0.488869399   20.077445984 v _074906_/Y (sg13g2_nand2_1)
     3    0.011959150    0.264827847    0.355699480   20.433145523 ^ _074942_/Y (sg13g2_o21ai_1)
     2    0.017610347    0.280944228    0.227965206   20.661109924 v _074946_/Y (sg13g2_a221oi_1)
     4    0.113796994    1.466086507    1.252990603   21.914100647 ^ _075429_/X (sg13g2_xor2_1)
     3    0.044931766    0.194556534    0.619339287   22.533441544 ^ _075618_/X (sg13g2_buf_2)
     8    0.078976050    0.502746165    0.520376623   23.053817749 ^ fanout664/X (sg13g2_buf_1)
     3    0.093640797    0.307159632    0.479094118   23.532911301 ^ _076352_/X (sg13g2_buf_2)
     8    0.216407269    1.366437197    1.121668100   24.654579163 ^ fanout628/X (sg13g2_buf_1)
     1    0.027949361    0.642176211    0.962193906   25.616773605 v _077695_/Y (sg13g2_nand3_1)
     3    0.014454114    0.514452875    0.595031619   26.211805344 ^ _077696_/Y (sg13g2_nor4_1)
     1    0.006513867    0.220416293    0.274726033   26.486530304 v _077701_/Y (sg13g2_a21oi_1)
     2    0.030188922    0.622606814    0.624973893   27.111505508 ^ _077717_/Y (sg13g2_nor3_1)
     1    0.009411521    0.088959761    0.367123216   27.478628159 ^ _077719_/X (sg13g2_or3_1)
     3    0.016331468    0.114405528    0.147378996   27.626007080 v _077724_/Y (sg13g2_a21oi_2)
     7    0.133601010    1.729259610    1.345046759   28.971054077 ^ _077786_/Y (sg13g2_a21oi_1)
     3    0.045914426    0.200896949    0.697435021   29.668489456 ^ _077787_/X (sg13g2_buf_2)
     8    0.157134131    0.990448654    0.863302350   30.531791687 ^ fanout561/X (sg13g2_buf_1)
     3    0.102399237    0.338539481    0.615191460   31.146982193 ^ _077788_/X (sg13g2_buf_2)
     8    0.145364031    0.921111822    0.831899881   31.978881836 ^ fanout558/X (sg13g2_buf_1)
     3    0.095153473    0.315000176    0.613535881   32.592418671 ^ _077789_/X (sg13g2_buf_2)
     8    0.139043123    0.879603386    0.812185884   33.404605865 ^ fanout553/X (sg13g2_buf_1)
     2    0.080144033    0.583122671    0.900218606   34.304824829 v _078128_/Y (sg13g2_nor2_1)
     3    0.040749382    0.599112570    0.738609195   35.043434143 ^ _078129_/Y (sg13g2_a21oi_1)
     4    0.051918473    0.556197762    0.700364232   35.743797302 v _078131_/Y (sg13g2_o21ai_1)
     1    0.006362525    0.288766921    0.432109475   36.175907135 ^ _078243_/Y (sg13g2_nor4_1)
     3    0.017105224    0.386245459    0.462083727   36.637989044 v _078244_/Y (sg13g2_nand4_1)
     1    0.006638624    0.069562793    0.300207853   36.938198090 v _078248_/X (sg13g2_or2_1)
     1    0.006998420    0.291551083    0.315750986   37.253948212 ^ _078266_/Y (sg13g2_nor4_1)
     2    0.008884344    0.222969413    0.344201118   37.598148346 v _078267_/Y (sg13g2_nand4_1)
     2    0.011104637    0.117779359    0.163581148   37.761730194 ^ _078285_/Y (sg13g2_nand2_1)
     3    0.039786547    0.257845163    0.315260708   38.076992035 ^ _078288_/X (sg13g2_or2_1)
     1    0.007938260    0.172457322    0.247741386   38.324733734 ^ _078289_/Y (sg13g2_xnor2_1)
     2    0.011889929    0.220565513    0.271565884   38.596298218 v _078290_/Y (sg13g2_nand3_1)
     1    0.004891629    0.116140842    0.202216908   38.798515320 ^ _085598_/Y (sg13g2_a21oi_1)
     1    0.004856016    0.224786505    0.169556811   38.968070984 v _085600_/Y (sg13g2_a221oi_1)
     3    0.019783769    0.116750278    0.250516057   39.218589783 v _085601_/X (sg13g2_buf_1)
     8    0.049738597    0.261930138    0.328196138   39.546783447 v fanout471/X (sg13g2_buf_1)
     3    0.021287331    0.226857230    0.252608597   39.799392700 ^ _085602_/Y (sg13g2_nor2_2)
     8    0.050556574    0.326027364    0.401513487   40.200908661 ^ fanout465/X (sg13g2_buf_1)
     3    0.036181971    0.237032935    0.366885185   40.567790985 ^ _085664_/X (sg13g2_buf_1)
     8    0.063550539    0.407249957    0.461128026   41.028919220 ^ fanout436/X (sg13g2_buf_1)
     1    0.003829113    0.097582079    0.385782093   41.414703369 v _085748_/X (sg13g2_mux2_1)
                         0.097582079    0.000099476   41.414802551 v _126689_/D (sg13g2_dfrbpq_1)
                                                      41.414802551   data arrival time

                                       20.000000000   20.000000000   clock clk_i (rise edge)
                                        3.449907780   23.449907303   clock network delay (propagated)
                                       -0.250000000   23.199909210   clock uncertainty
                                        0.180614859   23.380523682   clock reconvergence pessimism
                                                      23.380523682 ^ _126689_/CLK (sg13g2_dfrbpq_1)
                                       -0.208578959   23.171943665   library setup time
                                                      23.171943665   data required time
---------------------------------------------------------------------------------------------------------
                                                      23.171943665   data required time
                                                     -41.414802551   data arrival time
---------------------------------------------------------------------------------------------------------
                                                     -18.242858887   slack (VIOLATED)


Startpoint: _133202_ (rising edge-triggered flip-flop clocked by clk_i)
Endpoint: _133570_ (rising edge-triggered flip-flop clocked by clk_i)
Path Group: clk_i
Path Type: max
Corner: nom_slow_1p08V_125C

Fanout            Cap           Slew          Delay           Time   Description
---------------------------------------------------------------------------------------------------------
                                        0.000000000    0.000000000   clock clk_i (rise edge)
                                        3.763010025    3.763010025   clock network delay (propagated)
                         0.089162141    0.000000000    3.763010025 ^ _133202_/CLK (sg13g2_dfrbpq_1)
     7    0.062003959    0.393509686    0.574924111    4.337934017 ^ _133202_/Q (sg13g2_dfrbpq_1)
     3    0.089947544    0.572310627    0.617921293    4.955855370 ^ _071957_/X (sg13g2_buf_1)
     8    0.142039627    0.893349409    0.896319509    5.852174759 ^ fanout5281/X (sg13g2_buf_1)
     3    0.036647614    0.394732654    0.621459365    6.473634243 v _072030_/Y (sg13g2_nor4_1)
     3    0.055045668    0.290650427    0.435597360    6.909231663 v _072031_/X (sg13g2_buf_1)
     8    0.109384641    0.566008389    0.603994191    7.513226032 v fanout4040/X (sg13g2_buf_1)
     3    0.039029524    0.210911095    0.443078488    7.956304073 v _072254_/X (sg13g2_buf_1)
     8    0.160626128    0.825740993    0.769775391    8.726079941 v fanout3677/X (sg13g2_buf_1)
     3    0.111409999    0.575491011    0.769564867    9.495644569 v _072699_/X (sg13g2_buf_1)
     8    0.143332407    0.738313317    0.803940952   10.299585342 v fanout3308/X (sg13g2_buf_1)
     1    0.005842300    0.241221249    0.351032108   10.650617599 ^ _073590_/Y (sg13g2_a22oi_1)
     1    0.029790346    0.575662494    0.613079369   11.263696671 v _073593_/Y (sg13g2_nand4_1)
     1    0.138500184    2.661234617    2.295088530   13.558785439 ^ _073605_/Y (sg13g2_nor3_1)
     1    0.014801222    0.504077017    0.852286279   14.411071777 v _073607_/X (sg13g2_xor2_1)
     7    0.152413756    2.273739815    2.008167982   16.419239044 ^ _073609_/Y (sg13g2_o21ai_1)
     4    0.066521510    0.954597652    1.369079113   17.788318634 v _073645_/Y (sg13g2_o21ai_1)
     2    0.021629475    0.494077116    0.657863140   18.446182251 ^ _073646_/Y (sg13g2_a22oi_1)
     3    0.017783953    0.135554492    0.333766788   18.779949188 ^ _073647_/X (sg13g2_a21o_1)
     3    0.015041222    0.105980150    0.146576092   18.926525116 v _073648_/Y (sg13g2_inv_1)
     5    0.023493387    0.674381375    0.662051737   19.588577271 ^ _073857_/Y (sg13g2_nor4_1)
     5    0.022645181    0.367732525    0.488869399   20.077445984 v _074906_/Y (sg13g2_nand2_1)
     3    0.011959150    0.264827847    0.355699480   20.433145523 ^ _074942_/Y (sg13g2_o21ai_1)
     2    0.017610347    0.280944228    0.227965206   20.661109924 v _074946_/Y (sg13g2_a221oi_1)
     4    0.113796994    1.466086507    1.252990603   21.914100647 ^ _075429_/X (sg13g2_xor2_1)
     3    0.044931766    0.194556534    0.619339287   22.533441544 ^ _075618_/X (sg13g2_buf_2)
     8    0.078976050    0.502746165    0.520376623   23.053817749 ^ fanout664/X (sg13g2_buf_1)
     3    0.093640797    0.307159632    0.479094118   23.532911301 ^ _076352_/X (sg13g2_buf_2)
     8    0.216407269    1.366437197    1.121668100   24.654579163 ^ fanout628/X (sg13g2_buf_1)
     1    0.027949361    0.642176211    0.962193906   25.616773605 v _077695_/Y (sg13g2_nand3_1)
     3    0.014454114    0.514452875    0.595031619   26.211805344 ^ _077696_/Y (sg13g2_nor4_1)
     1    0.006513867    0.220416293    0.274726033   26.486530304 v _077701_/Y (sg13g2_a21oi_1)
     2    0.030188922    0.622606814    0.624973893   27.111505508 ^ _077717_/Y (sg13g2_nor3_1)
     1    0.009411521    0.088959761    0.367123216   27.478628159 ^ _077719_/X (sg13g2_or3_1)
     3    0.016331468    0.114405528    0.147378996   27.626007080 v _077724_/Y (sg13g2_a21oi_2)
     7    0.133601010    1.729259610    1.345046759   28.971054077 ^ _077786_/Y (sg13g2_a21oi_1)
     3    0.045914426    0.200896949    0.697435021   29.668489456 ^ _077787_/X (sg13g2_buf_2)
     8    0.157134131    0.990448654    0.863302350   30.531791687 ^ fanout561/X (sg13g2_buf_1)
     3    0.102399237    0.338539481    0.615191460   31.146982193 ^ _077788_/X (sg13g2_buf_2)
     8    0.145364031    0.921111822    0.831899881   31.978881836 ^ fanout558/X (sg13g2_buf_1)
     3    0.095153473    0.315000176    0.613535881   32.592418671 ^ _077789_/X (sg13g2_buf_2)
     8    0.139043123    0.879603386    0.812185884   33.404605865 ^ fanout553/X (sg13g2_buf_1)
     2    0.080144033    0.583122671    0.900218606   34.304824829 v _078128_/Y (sg13g2_nor2_1)
     3    0.040749382    0.599112570    0.738609195   35.043434143 ^ _078129_/Y (sg13g2_a21oi_1)
     4    0.051918473    0.556197762    0.700364232   35.743797302 v _078131_/Y (sg13g2_o21ai_1)
     1    0.006362525    0.288766921    0.432109475   36.175907135 ^ _078243_/Y (sg13g2_nor4_1)
     3    0.017105224    0.386245459    0.462083727   36.637989044 v _078244_/Y (sg13g2_nand4_1)
     1    0.006638624    0.069562793    0.300207853   36.938198090 v _078248_/X (sg13g2_or2_1)
     1    0.006998420    0.291551083    0.315750986   37.253948212 ^ _078266_/Y (sg13g2_nor4_1)
     2    0.008884344    0.222969413    0.344201118   37.598148346 v _078267_/Y (sg13g2_nand4_1)
     2    0.011104637    0.117779359    0.163581148   37.761730194 ^ _078285_/Y (sg13g2_nand2_1)
     3    0.039786547    0.257845163    0.315260708   38.076992035 ^ _078288_/X (sg13g2_or2_1)
     1    0.007938260    0.172457322    0.247741386   38.324733734 ^ _078289_/Y (sg13g2_xnor2_1)
     2    0.011889929    0.220565513    0.271565884   38.596298218 v _078290_/Y (sg13g2_nand3_1)
     2    0.007812766    0.066313460    0.279687405   38.875988007 v _078300_/X (sg13g2_a21o_1)
     4    0.046604354    1.072759390    0.668947577   39.544933319 ^ _078301_/Y (sg13g2_a221oi_1)
     1    0.004903739    0.077495173    0.395608902   39.940544128 ^ _122034_/X (sg13g2_or2_1)
     7    0.062508188    0.399008900    0.391459316   40.332000732 ^ _122035_/X (sg13g2_buf_1)
     3    0.036170181    0.238055110    0.386602759   40.718605042 ^ _122036_/X (sg13g2_buf_1)
     8    0.067285821    0.429985434    0.479062140   41.197666168 ^ fanout396/X (sg13g2_buf_1)
     1    0.006184452    0.122370504    0.224783748   41.422451019 v _122060_/Y (sg13g2_nand2_1)
     1    0.002394833    0.140754253    0.086220808   41.508670807 ^ _122061_/Y (sg13g2_o21ai_1)
                         0.140754253    0.000039080   41.508708954 ^ _133570_/D (sg13g2_dfrbpq_1)
                                                      41.508708954   data arrival time

                                       20.000000000   20.000000000   clock clk_i (rise edge)
                                        3.449889898   23.449890137   clock network delay (propagated)
                                       -0.250000000   23.199890137   clock uncertainty
                                        0.293851167   23.493740082   clock reconvergence pessimism
                                                      23.493740082 ^ _133570_/CLK (sg13g2_dfrbpq_1)
                                       -0.225533098   23.268207550   library setup time
                                                      23.268207550   data required time
---------------------------------------------------------------------------------------------------------
                                                      23.268207550   data required time
                                                     -41.508708954   data arrival time
---------------------------------------------------------------------------------------------------------
                                                     -18.240503311   slack (VIOLATED)


Startpoint: _133202_ (rising edge-triggered flip-flop clocked by clk_i)
Endpoint: _133569_ (rising edge-triggered flip-flop clocked by clk_i)
Path Group: clk_i
Path Type: max
Corner: nom_slow_1p08V_125C

Fanout            Cap           Slew          Delay           Time   Description
---------------------------------------------------------------------------------------------------------
                                        0.000000000    0.000000000   clock clk_i (rise edge)
                                        3.763010025    3.763010025   clock network delay (propagated)
                         0.089162141    0.000000000    3.763010025 ^ _133202_/CLK (sg13g2_dfrbpq_1)
     7    0.062003959    0.393509686    0.574924111    4.337934017 ^ _133202_/Q (sg13g2_dfrbpq_1)
     3    0.089947544    0.572310627    0.617921293    4.955855370 ^ _071957_/X (sg13g2_buf_1)
     8    0.142039627    0.893349409    0.896319509    5.852174759 ^ fanout5281/X (sg13g2_buf_1)
     3    0.036647614    0.394732654    0.621459365    6.473634243 v _072030_/Y (sg13g2_nor4_1)
     3    0.055045668    0.290650427    0.435597360    6.909231663 v _072031_/X (sg13g2_buf_1)
     8    0.109384641    0.566008389    0.603994191    7.513226032 v fanout4040/X (sg13g2_buf_1)
     3    0.039029524    0.210911095    0.443078488    7.956304073 v _072254_/X (sg13g2_buf_1)
     8    0.160626128    0.825740993    0.769775391    8.726079941 v fanout3677/X (sg13g2_buf_1)
     3    0.111409999    0.575491011    0.769564867    9.495644569 v _072699_/X (sg13g2_buf_1)
     8    0.143332407    0.738313317    0.803940952   10.299585342 v fanout3308/X (sg13g2_buf_1)
     1    0.005842300    0.241221249    0.351032108   10.650617599 ^ _073590_/Y (sg13g2_a22oi_1)
     1    0.029790346    0.575662494    0.613079369   11.263696671 v _073593_/Y (sg13g2_nand4_1)
     1    0.138500184    2.661234617    2.295088530   13.558785439 ^ _073605_/Y (sg13g2_nor3_1)
     1    0.014801222    0.504077017    0.852286279   14.411071777 v _073607_/X (sg13g2_xor2_1)
     7    0.152413756    2.273739815    2.008167982   16.419239044 ^ _073609_/Y (sg13g2_o21ai_1)
     4    0.066521510    0.954597652    1.369079113   17.788318634 v _073645_/Y (sg13g2_o21ai_1)
     2    0.021629475    0.494077116    0.657863140   18.446182251 ^ _073646_/Y (sg13g2_a22oi_1)
     3    0.017783953    0.135554492    0.333766788   18.779949188 ^ _073647_/X (sg13g2_a21o_1)
     3    0.015041222    0.105980150    0.146576092   18.926525116 v _073648_/Y (sg13g2_inv_1)
     5    0.023493387    0.674381375    0.662051737   19.588577271 ^ _073857_/Y (sg13g2_nor4_1)
     5    0.022645181    0.367732525    0.488869399   20.077445984 v _074906_/Y (sg13g2_nand2_1)
     3    0.011959150    0.264827847    0.355699480   20.433145523 ^ _074942_/Y (sg13g2_o21ai_1)
     2    0.017610347    0.280944228    0.227965206   20.661109924 v _074946_/Y (sg13g2_a221oi_1)
     4    0.113796994    1.466086507    1.252990603   21.914100647 ^ _075429_/X (sg13g2_xor2_1)
     3    0.044931766    0.194556534    0.619339287   22.533441544 ^ _075618_/X (sg13g2_buf_2)
     8    0.078976050    0.502746165    0.520376623   23.053817749 ^ fanout664/X (sg13g2_buf_1)
     3    0.093640797    0.307159632    0.479094118   23.532911301 ^ _076352_/X (sg13g2_buf_2)
     8    0.216407269    1.366437197    1.121668100   24.654579163 ^ fanout628/X (sg13g2_buf_1)
     1    0.027949361    0.642176211    0.962193906   25.616773605 v _077695_/Y (sg13g2_nand3_1)
     3    0.014454114    0.514452875    0.595031619   26.211805344 ^ _077696_/Y (sg13g2_nor4_1)
     1    0.006513867    0.220416293    0.274726033   26.486530304 v _077701_/Y (sg13g2_a21oi_1)
     2    0.030188922    0.622606814    0.624973893   27.111505508 ^ _077717_/Y (sg13g2_nor3_1)
     1    0.009411521    0.088959761    0.367123216   27.478628159 ^ _077719_/X (sg13g2_or3_1)
     3    0.016331468    0.114405528    0.147378996   27.626007080 v _077724_/Y (sg13g2_a21oi_2)
     7    0.133601010    1.729259610    1.345046759   28.971054077 ^ _077786_/Y (sg13g2_a21oi_1)
     3    0.045914426    0.200896949    0.697435021   29.668489456 ^ _077787_/X (sg13g2_buf_2)
     8    0.157134131    0.990448654    0.863302350   30.531791687 ^ fanout561/X (sg13g2_buf_1)
     3    0.102399237    0.338539481    0.615191460   31.146982193 ^ _077788_/X (sg13g2_buf_2)
     8    0.145364031    0.921111822    0.831899881   31.978881836 ^ fanout558/X (sg13g2_buf_1)
     3    0.095153473    0.315000176    0.613535881   32.592418671 ^ _077789_/X (sg13g2_buf_2)
     8    0.139043123    0.879603386    0.812185884   33.404605865 ^ fanout553/X (sg13g2_buf_1)
     2    0.080144033    0.583122671    0.900218606   34.304824829 v _078128_/Y (sg13g2_nor2_1)
     3    0.040749382    0.599112570    0.738609195   35.043434143 ^ _078129_/Y (sg13g2_a21oi_1)
     4    0.051918473    0.556197762    0.700364232   35.743797302 v _078131_/Y (sg13g2_o21ai_1)
     1    0.006362525    0.288766921    0.432109475   36.175907135 ^ _078243_/Y (sg13g2_nor4_1)
     3    0.017105224    0.386245459    0.462083727   36.637989044 v _078244_/Y (sg13g2_nand4_1)
     1    0.006638624    0.069562793    0.300207853   36.938198090 v _078248_/X (sg13g2_or2_1)
     1    0.006998420    0.291551083    0.315750986   37.253948212 ^ _078266_/Y (sg13g2_nor4_1)
     2    0.008884344    0.222969413    0.344201118   37.598148346 v _078267_/Y (sg13g2_nand4_1)
     2    0.011104637    0.117779359    0.163581148   37.761730194 ^ _078285_/Y (sg13g2_nand2_1)
     3    0.039786547    0.257845163    0.315260708   38.076992035 ^ _078288_/X (sg13g2_or2_1)
     1    0.007938260    0.172457322    0.247741386   38.324733734 ^ _078289_/Y (sg13g2_xnor2_1)
     2    0.011889929    0.220565513    0.271565884   38.596298218 v _078290_/Y (sg13g2_nand3_1)
     2    0.007812766    0.066313460    0.279687405   38.875988007 v _078300_/X (sg13g2_a21o_1)
     4    0.046604354    1.072759390    0.668947577   39.544933319 ^ _078301_/Y (sg13g2_a221oi_1)
     1    0.004903739    0.077495173    0.395608902   39.940544128 ^ _122034_/X (sg13g2_or2_1)
     7    0.062508188    0.399008900    0.391459316   40.332000732 ^ _122035_/X (sg13g2_buf_1)
     3    0.036170181    0.238055110    0.386602759   40.718605042 ^ _122036_/X (sg13g2_buf_1)
     8    0.067285821    0.429985434    0.479062140   41.197666168 ^ fanout396/X (sg13g2_buf_1)
     1    0.003853336    0.103731357    0.195978343   41.393646240 v _122058_/Y (sg13g2_nand2_1)
     1    0.005530965    0.178579926    0.100381926   41.494026184 ^ _122059_/Y (sg13g2_o21ai_1)
                         0.178579971    0.000220268   41.494247437 ^ _133569_/D (sg13g2_dfrbpq_1)
                                                      41.494247437   data arrival time

                                       20.000000000   20.000000000   clock clk_i (rise edge)
                                        3.450736761   23.450737000   clock network delay (propagated)
                                       -0.250000000   23.200738907   clock uncertainty
                                        0.293851167   23.494590759   clock reconvergence pessimism
                                                      23.494590759 ^ _133569_/CLK (sg13g2_dfrbpq_1)
                                       -0.240592033   23.253995895   library setup time
                                                      23.253995895   data required time
---------------------------------------------------------------------------------------------------------
                                                      23.253995895   data required time
                                                     -41.494247437   data arrival time
---------------------------------------------------------------------------------------------------------
                                                     -18.240251541   slack (VIOLATED)


Startpoint: _133202_ (rising edge-triggered flip-flop clocked by clk_i)
Endpoint: _126683_ (rising edge-triggered flip-flop clocked by clk_i)
Path Group: clk_i
Path Type: max
Corner: nom_slow_1p08V_125C

Fanout            Cap           Slew          Delay           Time   Description
---------------------------------------------------------------------------------------------------------
                                        0.000000000    0.000000000   clock clk_i (rise edge)
                                        3.763010025    3.763010025   clock network delay (propagated)
                         0.089162141    0.000000000    3.763010025 ^ _133202_/CLK (sg13g2_dfrbpq_1)
     7    0.062003959    0.393509686    0.574924111    4.337934017 ^ _133202_/Q (sg13g2_dfrbpq_1)
     3    0.089947544    0.572310627    0.617921293    4.955855370 ^ _071957_/X (sg13g2_buf_1)
     8    0.142039627    0.893349409    0.896319509    5.852174759 ^ fanout5281/X (sg13g2_buf_1)
     3    0.036647614    0.394732654    0.621459365    6.473634243 v _072030_/Y (sg13g2_nor4_1)
     3    0.055045668    0.290650427    0.435597360    6.909231663 v _072031_/X (sg13g2_buf_1)
     8    0.109384641    0.566008389    0.603994191    7.513226032 v fanout4040/X (sg13g2_buf_1)
     3    0.039029524    0.210911095    0.443078488    7.956304073 v _072254_/X (sg13g2_buf_1)
     8    0.160626128    0.825740993    0.769775391    8.726079941 v fanout3677/X (sg13g2_buf_1)
     3    0.111409999    0.575491011    0.769564867    9.495644569 v _072699_/X (sg13g2_buf_1)
     8    0.143332407    0.738313317    0.803940952   10.299585342 v fanout3308/X (sg13g2_buf_1)
     1    0.005842300    0.241221249    0.351032108   10.650617599 ^ _073590_/Y (sg13g2_a22oi_1)
     1    0.029790346    0.575662494    0.613079369   11.263696671 v _073593_/Y (sg13g2_nand4_1)
     1    0.138500184    2.661234617    2.295088530   13.558785439 ^ _073605_/Y (sg13g2_nor3_1)
     1    0.014801222    0.504077017    0.852286279   14.411071777 v _073607_/X (sg13g2_xor2_1)
     7    0.152413756    2.273739815    2.008167982   16.419239044 ^ _073609_/Y (sg13g2_o21ai_1)
     4    0.066521510    0.954597652    1.369079113   17.788318634 v _073645_/Y (sg13g2_o21ai_1)
     2    0.021629475    0.494077116    0.657863140   18.446182251 ^ _073646_/Y (sg13g2_a22oi_1)
     3    0.017783953    0.135554492    0.333766788   18.779949188 ^ _073647_/X (sg13g2_a21o_1)
     3    0.015041222    0.105980150    0.146576092   18.926525116 v _073648_/Y (sg13g2_inv_1)
     5    0.023493387    0.674381375    0.662051737   19.588577271 ^ _073857_/Y (sg13g2_nor4_1)
     5    0.022645181    0.367732525    0.488869399   20.077445984 v _074906_/Y (sg13g2_nand2_1)
     3    0.011959150    0.264827847    0.355699480   20.433145523 ^ _074942_/Y (sg13g2_o21ai_1)
     2    0.017610347    0.280944228    0.227965206   20.661109924 v _074946_/Y (sg13g2_a221oi_1)
     4    0.113796994    1.466086507    1.252990603   21.914100647 ^ _075429_/X (sg13g2_xor2_1)
     3    0.044931766    0.194556534    0.619339287   22.533441544 ^ _075618_/X (sg13g2_buf_2)
     8    0.078976050    0.502746165    0.520376623   23.053817749 ^ fanout664/X (sg13g2_buf_1)
     3    0.093640797    0.307159632    0.479094118   23.532911301 ^ _076352_/X (sg13g2_buf_2)
     8    0.216407269    1.366437197    1.121668100   24.654579163 ^ fanout628/X (sg13g2_buf_1)
     1    0.027949361    0.642176211    0.962193906   25.616773605 v _077695_/Y (sg13g2_nand3_1)
     3    0.014454114    0.514452875    0.595031619   26.211805344 ^ _077696_/Y (sg13g2_nor4_1)
     1    0.006513867    0.220416293    0.274726033   26.486530304 v _077701_/Y (sg13g2_a21oi_1)
     2    0.030188922    0.622606814    0.624973893   27.111505508 ^ _077717_/Y (sg13g2_nor3_1)
     1    0.009411521    0.088959761    0.367123216   27.478628159 ^ _077719_/X (sg13g2_or3_1)
     3    0.016331468    0.114405528    0.147378996   27.626007080 v _077724_/Y (sg13g2_a21oi_2)
     7    0.133601010    1.729259610    1.345046759   28.971054077 ^ _077786_/Y (sg13g2_a21oi_1)
     3    0.045914426    0.200896949    0.697435021   29.668489456 ^ _077787_/X (sg13g2_buf_2)
     8    0.157134131    0.990448654    0.863302350   30.531791687 ^ fanout561/X (sg13g2_buf_1)
     3    0.102399237    0.338539481    0.615191460   31.146982193 ^ _077788_/X (sg13g2_buf_2)
     8    0.145364031    0.921111822    0.831899881   31.978881836 ^ fanout558/X (sg13g2_buf_1)
     3    0.095153473    0.315000176    0.613535881   32.592418671 ^ _077789_/X (sg13g2_buf_2)
     8    0.139043123    0.879603386    0.812185884   33.404605865 ^ fanout553/X (sg13g2_buf_1)
     2    0.080144033    0.583122671    0.900218606   34.304824829 v _078128_/Y (sg13g2_nor2_1)
     3    0.040749382    0.599112570    0.738609195   35.043434143 ^ _078129_/Y (sg13g2_a21oi_1)
     4    0.051918473    0.556197762    0.700364232   35.743797302 v _078131_/Y (sg13g2_o21ai_1)
     1    0.006362525    0.288766921    0.432109475   36.175907135 ^ _078243_/Y (sg13g2_nor4_1)
     3    0.017105224    0.386245459    0.462083727   36.637989044 v _078244_/Y (sg13g2_nand4_1)
     1    0.006638624    0.069562793    0.300207853   36.938198090 v _078248_/X (sg13g2_or2_1)
     1    0.006998420    0.291551083    0.315750986   37.253948212 ^ _078266_/Y (sg13g2_nor4_1)
     2    0.008884344    0.222969413    0.344201118   37.598148346 v _078267_/Y (sg13g2_nand4_1)
     2    0.011104637    0.117779359    0.163581148   37.761730194 ^ _078285_/Y (sg13g2_nand2_1)
     3    0.039786547    0.257845163    0.315260708   38.076992035 ^ _078288_/X (sg13g2_or2_1)
     1    0.007938260    0.172457322    0.247741386   38.324733734 ^ _078289_/Y (sg13g2_xnor2_1)
     2    0.011889929    0.220565513    0.271565884   38.596298218 v _078290_/Y (sg13g2_nand3_1)
     2    0.007812766    0.066313460    0.279687405   38.875988007 v _078300_/X (sg13g2_a21o_1)
     2    0.022237614    0.412649214    0.352915943   39.228900909 ^ _085636_/Y (sg13g2_o21ai_1)
     3    0.026814813    0.180804163    0.344936520   39.573837280 ^ _085637_/X (sg13g2_buf_1)
     8    0.058612045    0.376160055    0.423575848   39.997413635 ^ fanout470/X (sg13g2_buf_1)
     3    0.025964351    0.105908804    0.303781897   40.301197052 ^ _085638_/X (sg13g2_buf_2)
     8    0.063571945    0.406903028    0.416132927   40.717330933 ^ fanout464/X (sg13g2_buf_1)
     1    0.015454985    0.117341720    0.436642736   41.153972626 v _085680_/X (sg13g2_mux2_1)
     1    0.005726075    0.124774806    0.140548915   41.294521332 ^ _085681_/Y (sg13g2_nor2_1)
     1    0.002670006    0.178099334    0.079193540   41.373714447 v _085682_/Y (sg13g2_a21oi_1)
                         0.178099334    0.000049738   41.373764038 v _126683_/D (sg13g2_dfrbpq_1)
                                                      41.373764038   data arrival time

                                       20.000000000   20.000000000   clock clk_i (rise edge)
                                        3.449938774   23.449939728   clock network delay (propagated)
                                       -0.250000000   23.199939728   clock uncertainty
                                        0.180614859   23.380554199   clock reconvergence pessimism
                                                      23.380554199 ^ _126683_/CLK (sg13g2_dfrbpq_1)
                                       -0.245309889   23.135246277   library setup time
                                                      23.135246277   data required time
---------------------------------------------------------------------------------------------------------
                                                      23.135246277   data required time
                                                     -41.373764038   data arrival time
---------------------------------------------------------------------------------------------------------
                                                     -18.238519669   slack (VIOLATED)


Startpoint: _133202_ (rising edge-triggered flip-flop clocked by clk_i)
Endpoint: _129086_ (rising edge-triggered flip-flop clocked by clk_i)
Path Group: clk_i
Path Type: max
Corner: nom_slow_1p08V_125C

Fanout            Cap           Slew          Delay           Time   Description
---------------------------------------------------------------------------------------------------------
                                        0.000000000    0.000000000   clock clk_i (rise edge)
                                        3.763010025    3.763010025   clock network delay (propagated)
                         0.089162141    0.000000000    3.763010025 ^ _133202_/CLK (sg13g2_dfrbpq_1)
     7    0.062003959    0.393509686    0.574924111    4.337934017 ^ _133202_/Q (sg13g2_dfrbpq_1)
     3    0.089947544    0.572310627    0.617921293    4.955855370 ^ _071957_/X (sg13g2_buf_1)
     8    0.142039627    0.893349409    0.896319509    5.852174759 ^ fanout5281/X (sg13g2_buf_1)
     3    0.036647614    0.394732654    0.621459365    6.473634243 v _072030_/Y (sg13g2_nor4_1)
     3    0.055045668    0.290650427    0.435597360    6.909231663 v _072031_/X (sg13g2_buf_1)
     8    0.109384641    0.566008389    0.603994191    7.513226032 v fanout4040/X (sg13g2_buf_1)
     3    0.039029524    0.210911095    0.443078488    7.956304073 v _072254_/X (sg13g2_buf_1)
     8    0.160626128    0.825740993    0.769775391    8.726079941 v fanout3677/X (sg13g2_buf_1)
     3    0.111409999    0.575491011    0.769564867    9.495644569 v _072699_/X (sg13g2_buf_1)
     8    0.143332407    0.738313317    0.803940952   10.299585342 v fanout3308/X (sg13g2_buf_1)
     1    0.005842300    0.241221249    0.351032108   10.650617599 ^ _073590_/Y (sg13g2_a22oi_1)
     1    0.029790346    0.575662494    0.613079369   11.263696671 v _073593_/Y (sg13g2_nand4_1)
     1    0.138500184    2.661234617    2.295088530   13.558785439 ^ _073605_/Y (sg13g2_nor3_1)
     1    0.014801222    0.504077017    0.852286279   14.411071777 v _073607_/X (sg13g2_xor2_1)
     7    0.152413756    2.273739815    2.008167982   16.419239044 ^ _073609_/Y (sg13g2_o21ai_1)
     4    0.066521510    0.954597652    1.369079113   17.788318634 v _073645_/Y (sg13g2_o21ai_1)
     2    0.021629475    0.494077116    0.657863140   18.446182251 ^ _073646_/Y (sg13g2_a22oi_1)
     3    0.017783953    0.135554492    0.333766788   18.779949188 ^ _073647_/X (sg13g2_a21o_1)
     3    0.015041222    0.105980150    0.146576092   18.926525116 v _073648_/Y (sg13g2_inv_1)
     5    0.023493387    0.674381375    0.662051737   19.588577271 ^ _073857_/Y (sg13g2_nor4_1)
     5    0.022645181    0.367732525    0.488869399   20.077445984 v _074906_/Y (sg13g2_nand2_1)
     3    0.011959150    0.264827847    0.355699480   20.433145523 ^ _074942_/Y (sg13g2_o21ai_1)
     2    0.017610347    0.280944228    0.227965206   20.661109924 v _074946_/Y (sg13g2_a221oi_1)
     4    0.113796994    1.466086507    1.252990603   21.914100647 ^ _075429_/X (sg13g2_xor2_1)
     3    0.044931766    0.194556534    0.619339287   22.533441544 ^ _075618_/X (sg13g2_buf_2)
     8    0.078976050    0.502746165    0.520376623   23.053817749 ^ fanout664/X (sg13g2_buf_1)
     3    0.093640797    0.307159632    0.479094118   23.532911301 ^ _076352_/X (sg13g2_buf_2)
     8    0.216407269    1.366437197    1.121668100   24.654579163 ^ fanout628/X (sg13g2_buf_1)
     1    0.027949361    0.642176211    0.962193906   25.616773605 v _077695_/Y (sg13g2_nand3_1)
     3    0.014454114    0.514452875    0.595031619   26.211805344 ^ _077696_/Y (sg13g2_nor4_1)
     1    0.006513867    0.220416293    0.274726033   26.486530304 v _077701_/Y (sg13g2_a21oi_1)
     2    0.030188922    0.622606814    0.624973893   27.111505508 ^ _077717_/Y (sg13g2_nor3_1)
     1    0.009411521    0.088959761    0.367123216   27.478628159 ^ _077719_/X (sg13g2_or3_1)
     3    0.016331468    0.114405528    0.147378996   27.626007080 v _077724_/Y (sg13g2_a21oi_2)
     7    0.133601010    1.729259610    1.345046759   28.971054077 ^ _077786_/Y (sg13g2_a21oi_1)
     3    0.045914426    0.200896949    0.697435021   29.668489456 ^ _077787_/X (sg13g2_buf_2)
     8    0.157134131    0.990448654    0.863302350   30.531791687 ^ fanout561/X (sg13g2_buf_1)
     3    0.102399237    0.338539481    0.615191460   31.146982193 ^ _077788_/X (sg13g2_buf_2)
     8    0.145364031    0.921111822    0.831899881   31.978881836 ^ fanout558/X (sg13g2_buf_1)
     3    0.095153473    0.315000176    0.613535881   32.592418671 ^ _077789_/X (sg13g2_buf_2)
     8    0.139043123    0.879603386    0.812185884   33.404605865 ^ fanout553/X (sg13g2_buf_1)
     2    0.080144033    0.583122671    0.900218606   34.304824829 v _078128_/Y (sg13g2_nor2_1)
     3    0.040749382    0.599112570    0.738609195   35.043434143 ^ _078129_/Y (sg13g2_a21oi_1)
     4    0.051918473    0.556197762    0.700364232   35.743797302 v _078131_/Y (sg13g2_o21ai_1)
     1    0.006362525    0.288766921    0.432109475   36.175907135 ^ _078243_/Y (sg13g2_nor4_1)
     3    0.017105224    0.386245459    0.462083727   36.637989044 v _078244_/Y (sg13g2_nand4_1)
     1    0.006638624    0.069562793    0.300207853   36.938198090 v _078248_/X (sg13g2_or2_1)
     1    0.006998420    0.291551083    0.315750986   37.253948212 ^ _078266_/Y (sg13g2_nor4_1)
     2    0.008884344    0.222969413    0.344201118   37.598148346 v _078267_/Y (sg13g2_nand4_1)
     2    0.011104637    0.117779359    0.163581148   37.761730194 ^ _078285_/Y (sg13g2_nand2_1)
     3    0.039786547    0.257845163    0.315260708   38.076992035 ^ _078288_/X (sg13g2_or2_1)
     1    0.007938260    0.172457322    0.247741386   38.324733734 ^ _078289_/Y (sg13g2_xnor2_1)
     2    0.011889929    0.220565513    0.271565884   38.596298218 v _078290_/Y (sg13g2_nand3_1)
     2    0.007812766    0.066313460    0.279687405   38.875988007 v _078300_/X (sg13g2_a21o_1)
     4    0.046604354    1.072759390    0.668947577   39.544933319 ^ _078301_/Y (sg13g2_a221oi_1)
     3    0.020957252    0.260567516    0.376591206   39.921524048 v _085602_/Y (sg13g2_nor2_2)
     8    0.049942512    0.263671428    0.381628960   40.303153992 v fanout465/X (sg13g2_buf_1)
     3    0.016364137    0.100848630    0.248657987   40.551811218 v _085603_/X (sg13g2_buf_1)
     8    0.079012193    0.411240458    0.426116049   40.977928162 v fanout438/X (sg13g2_buf_1)
     1    0.009119692    0.274866104    0.341835022   41.319763184 ^ _094357_/Y (sg13g2_a22oi_1)
                         0.274866104    0.000454747   41.320217133 ^ _129086_/D (sg13g2_dfrbpq_1)
                                                      41.320217133   data arrival time

                                       20.000000000   20.000000000   clock clk_i (rise edge)
                                        3.445715427   23.445714951   clock network delay (propagated)
                                       -0.250000000   23.195716858   clock uncertainty
                                        0.180614859   23.376331329   clock reconvergence pessimism
                                                      23.376331329 ^ _129086_/CLK (sg13g2_dfrbpq_1)
                                       -0.293965697   23.082365036   library setup time
                                                      23.082365036   data required time
---------------------------------------------------------------------------------------------------------
                                                      23.082365036   data required time
                                                     -41.320217133   data arrival time
---------------------------------------------------------------------------------------------------------
                                                     -18.237852097   slack (VIOLATED)


Startpoint: _133202_ (rising edge-triggered flip-flop clocked by clk_i)
Endpoint: _126682_ (rising edge-triggered flip-flop clocked by clk_i)
Path Group: clk_i
Path Type: max
Corner: nom_slow_1p08V_125C

Fanout            Cap           Slew          Delay           Time   Description
---------------------------------------------------------------------------------------------------------
                                        0.000000000    0.000000000   clock clk_i (rise edge)
                                        3.763010025    3.763010025   clock network delay (propagated)
                         0.089162141    0.000000000    3.763010025 ^ _133202_/CLK (sg13g2_dfrbpq_1)
     7    0.062003959    0.393509686    0.574924111    4.337934017 ^ _133202_/Q (sg13g2_dfrbpq_1)
     3    0.089947544    0.572310627    0.617921293    4.955855370 ^ _071957_/X (sg13g2_buf_1)
     8    0.142039627    0.893349409    0.896319509    5.852174759 ^ fanout5281/X (sg13g2_buf_1)
     3    0.036647614    0.394732654    0.621459365    6.473634243 v _072030_/Y (sg13g2_nor4_1)
     3    0.055045668    0.290650427    0.435597360    6.909231663 v _072031_/X (sg13g2_buf_1)
     8    0.109384641    0.566008389    0.603994191    7.513226032 v fanout4040/X (sg13g2_buf_1)
     3    0.039029524    0.210911095    0.443078488    7.956304073 v _072254_/X (sg13g2_buf_1)
     8    0.160626128    0.825740993    0.769775391    8.726079941 v fanout3677/X (sg13g2_buf_1)
     3    0.111409999    0.575491011    0.769564867    9.495644569 v _072699_/X (sg13g2_buf_1)
     8    0.143332407    0.738313317    0.803940952   10.299585342 v fanout3308/X (sg13g2_buf_1)
     1    0.005842300    0.241221249    0.351032108   10.650617599 ^ _073590_/Y (sg13g2_a22oi_1)
     1    0.029790346    0.575662494    0.613079369   11.263696671 v _073593_/Y (sg13g2_nand4_1)
     1    0.138500184    2.661234617    2.295088530   13.558785439 ^ _073605_/Y (sg13g2_nor3_1)
     1    0.014801222    0.504077017    0.852286279   14.411071777 v _073607_/X (sg13g2_xor2_1)
     7    0.152413756    2.273739815    2.008167982   16.419239044 ^ _073609_/Y (sg13g2_o21ai_1)
     4    0.066521510    0.954597652    1.369079113   17.788318634 v _073645_/Y (sg13g2_o21ai_1)
     2    0.021629475    0.494077116    0.657863140   18.446182251 ^ _073646_/Y (sg13g2_a22oi_1)
     3    0.017783953    0.135554492    0.333766788   18.779949188 ^ _073647_/X (sg13g2_a21o_1)
     3    0.015041222    0.105980150    0.146576092   18.926525116 v _073648_/Y (sg13g2_inv_1)
     5    0.023493387    0.674381375    0.662051737   19.588577271 ^ _073857_/Y (sg13g2_nor4_1)
     5    0.022645181    0.367732525    0.488869399   20.077445984 v _074906_/Y (sg13g2_nand2_1)
     3    0.011959150    0.264827847    0.355699480   20.433145523 ^ _074942_/Y (sg13g2_o21ai_1)
     2    0.017610347    0.280944228    0.227965206   20.661109924 v _074946_/Y (sg13g2_a221oi_1)
     4    0.113796994    1.466086507    1.252990603   21.914100647 ^ _075429_/X (sg13g2_xor2_1)
     3    0.044931766    0.194556534    0.619339287   22.533441544 ^ _075618_/X (sg13g2_buf_2)
     8    0.078976050    0.502746165    0.520376623   23.053817749 ^ fanout664/X (sg13g2_buf_1)
     3    0.093640797    0.307159632    0.479094118   23.532911301 ^ _076352_/X (sg13g2_buf_2)
     8    0.216407269    1.366437197    1.121668100   24.654579163 ^ fanout628/X (sg13g2_buf_1)
     1    0.027949361    0.642176211    0.962193906   25.616773605 v _077695_/Y (sg13g2_nand3_1)
     3    0.014454114    0.514452875    0.595031619   26.211805344 ^ _077696_/Y (sg13g2_nor4_1)
     1    0.006513867    0.220416293    0.274726033   26.486530304 v _077701_/Y (sg13g2_a21oi_1)
     2    0.030188922    0.622606814    0.624973893   27.111505508 ^ _077717_/Y (sg13g2_nor3_1)
     1    0.009411521    0.088959761    0.367123216   27.478628159 ^ _077719_/X (sg13g2_or3_1)
     3    0.016331468    0.114405528    0.147378996   27.626007080 v _077724_/Y (sg13g2_a21oi_2)
     7    0.133601010    1.729259610    1.345046759   28.971054077 ^ _077786_/Y (sg13g2_a21oi_1)
     3    0.045914426    0.200896949    0.697435021   29.668489456 ^ _077787_/X (sg13g2_buf_2)
     8    0.157134131    0.990448654    0.863302350   30.531791687 ^ fanout561/X (sg13g2_buf_1)
     3    0.102399237    0.338539481    0.615191460   31.146982193 ^ _077788_/X (sg13g2_buf_2)
     8    0.145364031    0.921111822    0.831899881   31.978881836 ^ fanout558/X (sg13g2_buf_1)
     3    0.095153473    0.315000176    0.613535881   32.592418671 ^ _077789_/X (sg13g2_buf_2)
     8    0.139043123    0.879603386    0.812185884   33.404605865 ^ fanout553/X (sg13g2_buf_1)
     2    0.080144033    0.583122671    0.900218606   34.304824829 v _078128_/Y (sg13g2_nor2_1)
     3    0.040749382    0.599112570    0.738609195   35.043434143 ^ _078129_/Y (sg13g2_a21oi_1)
     4    0.051918473    0.556197762    0.700364232   35.743797302 v _078131_/Y (sg13g2_o21ai_1)
     1    0.006362525    0.288766921    0.432109475   36.175907135 ^ _078243_/Y (sg13g2_nor4_1)
     3    0.017105224    0.386245459    0.462083727   36.637989044 v _078244_/Y (sg13g2_nand4_1)
     1    0.006638624    0.069562793    0.300207853   36.938198090 v _078248_/X (sg13g2_or2_1)
     1    0.006998420    0.291551083    0.315750986   37.253948212 ^ _078266_/Y (sg13g2_nor4_1)
     2    0.008884344    0.222969413    0.344201118   37.598148346 v _078267_/Y (sg13g2_nand4_1)
     2    0.011104637    0.117779359    0.163581148   37.761730194 ^ _078285_/Y (sg13g2_nand2_1)
     3    0.039786547    0.257845163    0.315260708   38.076992035 ^ _078288_/X (sg13g2_or2_1)
     1    0.007938260    0.172457322    0.247741386   38.324733734 ^ _078289_/Y (sg13g2_xnor2_1)
     2    0.011889929    0.220565513    0.271565884   38.596298218 v _078290_/Y (sg13g2_nand3_1)
     1    0.004891629    0.116140842    0.202216908   38.798515320 ^ _085598_/Y (sg13g2_a21oi_1)
     1    0.004856016    0.224786505    0.169556811   38.968070984 v _085600_/Y (sg13g2_a221oi_1)
     3    0.019783769    0.116750278    0.250516057   39.218589783 v _085601_/X (sg13g2_buf_1)
     8    0.049738597    0.261930138    0.328196138   39.546783447 v fanout471/X (sg13g2_buf_1)
     3    0.021287331    0.226857230    0.252608597   39.799392700 ^ _085602_/Y (sg13g2_nor2_2)
     8    0.050556574    0.326027364    0.401513487   40.200908661 ^ fanout465/X (sg13g2_buf_1)
     3    0.036181971    0.237032935    0.366885185   40.567790985 ^ _085664_/X (sg13g2_buf_1)
     8    0.063550539    0.407249957    0.461128026   41.028919220 ^ fanout436/X (sg13g2_buf_1)
     1    0.003706717    0.078317940    0.383412421   41.412330627 v _085665_/X (sg13g2_mux2_1)
                         0.078317940    0.000103029   41.412437439 v _126682_/D (sg13g2_dfrbpq_1)
                                                      41.412437439   data arrival time

                                       20.000000000   20.000000000   clock clk_i (rise edge)
                                        3.450092793   23.450092316   clock network delay (propagated)
                                       -0.250000000   23.200092316   clock uncertainty
                                        0.180614859   23.380708694   clock reconvergence pessimism
                                                      23.380708694 ^ _126682_/CLK (sg13g2_dfrbpq_1)
                                       -0.199846566   23.180860519   library setup time
                                                      23.180860519   data required time
---------------------------------------------------------------------------------------------------------
                                                      23.180860519   data required time
                                                     -41.412437439   data arrival time
---------------------------------------------------------------------------------------------------------
                                                     -18.231575012   slack (VIOLATED)


Startpoint: _133202_ (rising edge-triggered flip-flop clocked by clk_i)
Endpoint: _133551_ (rising edge-triggered flip-flop clocked by clk_i)
Path Group: clk_i
Path Type: max
Corner: nom_slow_1p08V_125C

Fanout            Cap           Slew          Delay           Time   Description
---------------------------------------------------------------------------------------------------------
                                        0.000000000    0.000000000   clock clk_i (rise edge)
                                        3.763010025    3.763010025   clock network delay (propagated)
                         0.089162141    0.000000000    3.763010025 ^ _133202_/CLK (sg13g2_dfrbpq_1)
     7    0.062003959    0.393509686    0.574924111    4.337934017 ^ _133202_/Q (sg13g2_dfrbpq_1)
     3    0.089947544    0.572310627    0.617921293    4.955855370 ^ _071957_/X (sg13g2_buf_1)
     8    0.142039627    0.893349409    0.896319509    5.852174759 ^ fanout5281/X (sg13g2_buf_1)
     3    0.036647614    0.394732654    0.621459365    6.473634243 v _072030_/Y (sg13g2_nor4_1)
     3    0.055045668    0.290650427    0.435597360    6.909231663 v _072031_/X (sg13g2_buf_1)
     8    0.109384641    0.566008389    0.603994191    7.513226032 v fanout4040/X (sg13g2_buf_1)
     3    0.039029524    0.210911095    0.443078488    7.956304073 v _072254_/X (sg13g2_buf_1)
     8    0.160626128    0.825740993    0.769775391    8.726079941 v fanout3677/X (sg13g2_buf_1)
     3    0.111409999    0.575491011    0.769564867    9.495644569 v _072699_/X (sg13g2_buf_1)
     8    0.143332407    0.738313317    0.803940952   10.299585342 v fanout3308/X (sg13g2_buf_1)
     1    0.005842300    0.241221249    0.351032108   10.650617599 ^ _073590_/Y (sg13g2_a22oi_1)
     1    0.029790346    0.575662494    0.613079369   11.263696671 v _073593_/Y (sg13g2_nand4_1)
     1    0.138500184    2.661234617    2.295088530   13.558785439 ^ _073605_/Y (sg13g2_nor3_1)
     1    0.014801222    0.504077017    0.852286279   14.411071777 v _073607_/X (sg13g2_xor2_1)
     7    0.152413756    2.273739815    2.008167982   16.419239044 ^ _073609_/Y (sg13g2_o21ai_1)
     4    0.066521510    0.954597652    1.369079113   17.788318634 v _073645_/Y (sg13g2_o21ai_1)
     2    0.021629475    0.494077116    0.657863140   18.446182251 ^ _073646_/Y (sg13g2_a22oi_1)
     3    0.017783953    0.135554492    0.333766788   18.779949188 ^ _073647_/X (sg13g2_a21o_1)
     3    0.015041222    0.105980150    0.146576092   18.926525116 v _073648_/Y (sg13g2_inv_1)
     5    0.023493387    0.674381375    0.662051737   19.588577271 ^ _073857_/Y (sg13g2_nor4_1)
     5    0.022645181    0.367732525    0.488869399   20.077445984 v _074906_/Y (sg13g2_nand2_1)
     3    0.011959150    0.264827847    0.355699480   20.433145523 ^ _074942_/Y (sg13g2_o21ai_1)
     2    0.017610347    0.280944228    0.227965206   20.661109924 v _074946_/Y (sg13g2_a221oi_1)
     4    0.113796994    1.466086507    1.252990603   21.914100647 ^ _075429_/X (sg13g2_xor2_1)
     3    0.044931766    0.194556534    0.619339287   22.533441544 ^ _075618_/X (sg13g2_buf_2)
     8    0.078976050    0.502746165    0.520376623   23.053817749 ^ fanout664/X (sg13g2_buf_1)
     3    0.093640797    0.307159632    0.479094118   23.532911301 ^ _076352_/X (sg13g2_buf_2)
     8    0.216407269    1.366437197    1.121668100   24.654579163 ^ fanout628/X (sg13g2_buf_1)
     1    0.027949361    0.642176211    0.962193906   25.616773605 v _077695_/Y (sg13g2_nand3_1)
     3    0.014454114    0.514452875    0.595031619   26.211805344 ^ _077696_/Y (sg13g2_nor4_1)
     1    0.006513867    0.220416293    0.274726033   26.486530304 v _077701_/Y (sg13g2_a21oi_1)
     2    0.030188922    0.622606814    0.624973893   27.111505508 ^ _077717_/Y (sg13g2_nor3_1)
     1    0.009411521    0.088959761    0.367123216   27.478628159 ^ _077719_/X (sg13g2_or3_1)
     3    0.016331468    0.114405528    0.147378996   27.626007080 v _077724_/Y (sg13g2_a21oi_2)
     7    0.133601010    1.729259610    1.345046759   28.971054077 ^ _077786_/Y (sg13g2_a21oi_1)
     3    0.045914426    0.200896949    0.697435021   29.668489456 ^ _077787_/X (sg13g2_buf_2)
     8    0.157134131    0.990448654    0.863302350   30.531791687 ^ fanout561/X (sg13g2_buf_1)
     3    0.102399237    0.338539481    0.615191460   31.146982193 ^ _077788_/X (sg13g2_buf_2)
     8    0.145364031    0.921111822    0.831899881   31.978881836 ^ fanout558/X (sg13g2_buf_1)
     3    0.095153473    0.315000176    0.613535881   32.592418671 ^ _077789_/X (sg13g2_buf_2)
     8    0.139043123    0.879603386    0.812185884   33.404605865 ^ fanout553/X (sg13g2_buf_1)
     2    0.080144033    0.583122671    0.900218606   34.304824829 v _078128_/Y (sg13g2_nor2_1)
     3    0.040749382    0.599112570    0.738609195   35.043434143 ^ _078129_/Y (sg13g2_a21oi_1)
     4    0.051918473    0.556197762    0.700364232   35.743797302 v _078131_/Y (sg13g2_o21ai_1)
     1    0.006362525    0.288766921    0.432109475   36.175907135 ^ _078243_/Y (sg13g2_nor4_1)
     3    0.017105224    0.386245459    0.462083727   36.637989044 v _078244_/Y (sg13g2_nand4_1)
     1    0.006638624    0.069562793    0.300207853   36.938198090 v _078248_/X (sg13g2_or2_1)
     1    0.006998420    0.291551083    0.315750986   37.253948212 ^ _078266_/Y (sg13g2_nor4_1)
     2    0.008884344    0.222969413    0.344201118   37.598148346 v _078267_/Y (sg13g2_nand4_1)
     2    0.011104637    0.117779359    0.163581148   37.761730194 ^ _078285_/Y (sg13g2_nand2_1)
     3    0.039786547    0.257845163    0.315260708   38.076992035 ^ _078288_/X (sg13g2_or2_1)
     1    0.007938260    0.172457322    0.247741386   38.324733734 ^ _078289_/Y (sg13g2_xnor2_1)
     2    0.011889929    0.220565513    0.271565884   38.596298218 v _078290_/Y (sg13g2_nand3_1)
     2    0.007812766    0.066313460    0.279687405   38.875988007 v _078300_/X (sg13g2_a21o_1)
     4    0.046604354    1.072759390    0.668947577   39.544933319 ^ _078301_/Y (sg13g2_a221oi_1)
     1    0.004903739    0.077495173    0.395608902   39.940544128 ^ _122034_/X (sg13g2_or2_1)
     7    0.062508188    0.399008900    0.391459316   40.332000732 ^ _122035_/X (sg13g2_buf_1)
     3    0.036170181    0.238055110    0.386602759   40.718605042 ^ _122036_/X (sg13g2_buf_1)
     8    0.067285821    0.429985434    0.479062140   41.197666168 ^ fanout396/X (sg13g2_buf_1)
     1    0.004323576    0.063962586    0.386684477   41.584350586 v _122038_/X (sg13g2_mux2_1)
                         0.063962586    0.000103029   41.584453583 v _133551_/D (sg13g2_dfrbpq_1)
                                                      41.584453583   data arrival time

                                       20.000000000   20.000000000   clock clk_i (rise edge)
                                        3.475322008   23.475322723   clock network delay (propagated)
                                       -0.250000000   23.225322723   clock uncertainty
                                        0.293851167   23.519174576   clock reconvergence pessimism
                                                      23.519174576 ^ _133551_/CLK (sg13g2_dfrbpq_1)
                                       -0.166174144   23.353000641   library setup time
                                                      23.353000641   data required time
---------------------------------------------------------------------------------------------------------
                                                      23.353000641   data required time
                                                     -41.584453583   data arrival time
---------------------------------------------------------------------------------------------------------
                                                     -18.231454849   slack (VIOLATED)


Startpoint: _133202_ (rising edge-triggered flip-flop clocked by clk_i)
Endpoint: _133575_ (rising edge-triggered flip-flop clocked by clk_i)
Path Group: clk_i
Path Type: max
Corner: nom_slow_1p08V_125C

Fanout            Cap           Slew          Delay           Time   Description
---------------------------------------------------------------------------------------------------------
                                        0.000000000    0.000000000   clock clk_i (rise edge)
                                        3.763010025    3.763010025   clock network delay (propagated)
                         0.089162141    0.000000000    3.763010025 ^ _133202_/CLK (sg13g2_dfrbpq_1)
     7    0.062003959    0.393509686    0.574924111    4.337934017 ^ _133202_/Q (sg13g2_dfrbpq_1)
     3    0.089947544    0.572310627    0.617921293    4.955855370 ^ _071957_/X (sg13g2_buf_1)
     8    0.142039627    0.893349409    0.896319509    5.852174759 ^ fanout5281/X (sg13g2_buf_1)
     3    0.036647614    0.394732654    0.621459365    6.473634243 v _072030_/Y (sg13g2_nor4_1)
     3    0.055045668    0.290650427    0.435597360    6.909231663 v _072031_/X (sg13g2_buf_1)
     8    0.109384641    0.566008389    0.603994191    7.513226032 v fanout4040/X (sg13g2_buf_1)
     3    0.039029524    0.210911095    0.443078488    7.956304073 v _072254_/X (sg13g2_buf_1)
     8    0.160626128    0.825740993    0.769775391    8.726079941 v fanout3677/X (sg13g2_buf_1)
     3    0.111409999    0.575491011    0.769564867    9.495644569 v _072699_/X (sg13g2_buf_1)
     8    0.143332407    0.738313317    0.803940952   10.299585342 v fanout3308/X (sg13g2_buf_1)
     1    0.005842300    0.241221249    0.351032108   10.650617599 ^ _073590_/Y (sg13g2_a22oi_1)
     1    0.029790346    0.575662494    0.613079369   11.263696671 v _073593_/Y (sg13g2_nand4_1)
     1    0.138500184    2.661234617    2.295088530   13.558785439 ^ _073605_/Y (sg13g2_nor3_1)
     1    0.014801222    0.504077017    0.852286279   14.411071777 v _073607_/X (sg13g2_xor2_1)
     7    0.152413756    2.273739815    2.008167982   16.419239044 ^ _073609_/Y (sg13g2_o21ai_1)
     4    0.066521510    0.954597652    1.369079113   17.788318634 v _073645_/Y (sg13g2_o21ai_1)
     2    0.021629475    0.494077116    0.657863140   18.446182251 ^ _073646_/Y (sg13g2_a22oi_1)
     3    0.017783953    0.135554492    0.333766788   18.779949188 ^ _073647_/X (sg13g2_a21o_1)
     3    0.015041222    0.105980150    0.146576092   18.926525116 v _073648_/Y (sg13g2_inv_1)
     5    0.023493387    0.674381375    0.662051737   19.588577271 ^ _073857_/Y (sg13g2_nor4_1)
     5    0.022645181    0.367732525    0.488869399   20.077445984 v _074906_/Y (sg13g2_nand2_1)
     3    0.011959150    0.264827847    0.355699480   20.433145523 ^ _074942_/Y (sg13g2_o21ai_1)
     2    0.017610347    0.280944228    0.227965206   20.661109924 v _074946_/Y (sg13g2_a221oi_1)
     4    0.113796994    1.466086507    1.252990603   21.914100647 ^ _075429_/X (sg13g2_xor2_1)
     3    0.044931766    0.194556534    0.619339287   22.533441544 ^ _075618_/X (sg13g2_buf_2)
     8    0.078976050    0.502746165    0.520376623   23.053817749 ^ fanout664/X (sg13g2_buf_1)
     3    0.093640797    0.307159632    0.479094118   23.532911301 ^ _076352_/X (sg13g2_buf_2)
     8    0.216407269    1.366437197    1.121668100   24.654579163 ^ fanout628/X (sg13g2_buf_1)
     1    0.027949361    0.642176211    0.962193906   25.616773605 v _077695_/Y (sg13g2_nand3_1)
     3    0.014454114    0.514452875    0.595031619   26.211805344 ^ _077696_/Y (sg13g2_nor4_1)
     1    0.006513867    0.220416293    0.274726033   26.486530304 v _077701_/Y (sg13g2_a21oi_1)
     2    0.030188922    0.622606814    0.624973893   27.111505508 ^ _077717_/Y (sg13g2_nor3_1)
     1    0.009411521    0.088959761    0.367123216   27.478628159 ^ _077719_/X (sg13g2_or3_1)
     3    0.016331468    0.114405528    0.147378996   27.626007080 v _077724_/Y (sg13g2_a21oi_2)
     7    0.133601010    1.729259610    1.345046759   28.971054077 ^ _077786_/Y (sg13g2_a21oi_1)
     3    0.045914426    0.200896949    0.697435021   29.668489456 ^ _077787_/X (sg13g2_buf_2)
     8    0.157134131    0.990448654    0.863302350   30.531791687 ^ fanout561/X (sg13g2_buf_1)
     3    0.102399237    0.338539481    0.615191460   31.146982193 ^ _077788_/X (sg13g2_buf_2)
     8    0.145364031    0.921111822    0.831899881   31.978881836 ^ fanout558/X (sg13g2_buf_1)
     3    0.095153473    0.315000176    0.613535881   32.592418671 ^ _077789_/X (sg13g2_buf_2)
     8    0.139043123    0.879603386    0.812185884   33.404605865 ^ fanout553/X (sg13g2_buf_1)
     2    0.080144033    0.583122671    0.900218606   34.304824829 v _078128_/Y (sg13g2_nor2_1)
     3    0.040749382    0.599112570    0.738609195   35.043434143 ^ _078129_/Y (sg13g2_a21oi_1)
     4    0.051918473    0.556197762    0.700364232   35.743797302 v _078131_/Y (sg13g2_o21ai_1)
     1    0.006362525    0.288766921    0.432109475   36.175907135 ^ _078243_/Y (sg13g2_nor4_1)
     3    0.017105224    0.386245459    0.462083727   36.637989044 v _078244_/Y (sg13g2_nand4_1)
     1    0.006638624    0.069562793    0.300207853   36.938198090 v _078248_/X (sg13g2_or2_1)
     1    0.006998420    0.291551083    0.315750986   37.253948212 ^ _078266_/Y (sg13g2_nor4_1)
     2    0.008884344    0.222969413    0.344201118   37.598148346 v _078267_/Y (sg13g2_nand4_1)
     2    0.011104637    0.117779359    0.163581148   37.761730194 ^ _078285_/Y (sg13g2_nand2_1)
     3    0.039786547    0.257845163    0.315260708   38.076992035 ^ _078288_/X (sg13g2_or2_1)
     1    0.007938260    0.172457322    0.247741386   38.324733734 ^ _078289_/Y (sg13g2_xnor2_1)
     2    0.011889929    0.220565513    0.271565884   38.596298218 v _078290_/Y (sg13g2_nand3_1)
     2    0.007812766    0.066313460    0.279687405   38.875988007 v _078300_/X (sg13g2_a21o_1)
     4    0.046604354    1.072759390    0.668947577   39.544933319 ^ _078301_/Y (sg13g2_a221oi_1)
     1    0.004903739    0.077495173    0.395608902   39.940544128 ^ _122034_/X (sg13g2_or2_1)
     7    0.062508188    0.399008900    0.391459316   40.332000732 ^ _122035_/X (sg13g2_buf_1)
     3    0.036170181    0.238055110    0.386602759   40.718605042 ^ _122036_/X (sg13g2_buf_1)
     8    0.067285821    0.429985434    0.479062140   41.197666168 ^ fanout396/X (sg13g2_buf_1)
     1    0.005091301    0.113346122    0.212498471   41.410163879 v _122066_/Y (sg13g2_nand2_1)
     1    0.002105636    0.111115761    0.081740841   41.491905212 ^ _122067_/Y (sg13g2_o21ai_1)
                         0.111115761    0.000028422   41.491935730 ^ _133575_/D (sg13g2_dfrbpq_1)
                                                      41.491935730   data arrival time

                                       20.000000000   20.000000000   clock clk_i (rise edge)
                                        3.433043480   23.433044434   clock network delay (propagated)
                                       -0.250000000   23.183046341   clock uncertainty
                                        0.293851167   23.476898193   clock reconvergence pessimism
                                                      23.476898193 ^ _133575_/CLK (sg13g2_dfrbpq_1)
                                       -0.215483129   23.261415482   library setup time
                                                      23.261415482   data required time
---------------------------------------------------------------------------------------------------------
                                                      23.261415482   data required time
                                                     -41.491935730   data arrival time
---------------------------------------------------------------------------------------------------------
                                                     -18.230520248   slack (VIOLATED)


Startpoint: _133202_ (rising edge-triggered flip-flop clocked by clk_i)
Endpoint: _126688_ (rising edge-triggered flip-flop clocked by clk_i)
Path Group: clk_i
Path Type: max
Corner: nom_slow_1p08V_125C

Fanout            Cap           Slew          Delay           Time   Description
---------------------------------------------------------------------------------------------------------
                                        0.000000000    0.000000000   clock clk_i (rise edge)
                                        3.763010025    3.763010025   clock network delay (propagated)
                         0.089162141    0.000000000    3.763010025 ^ _133202_/CLK (sg13g2_dfrbpq_1)
     7    0.062003959    0.393509686    0.574924111    4.337934017 ^ _133202_/Q (sg13g2_dfrbpq_1)
     3    0.089947544    0.572310627    0.617921293    4.955855370 ^ _071957_/X (sg13g2_buf_1)
     8    0.142039627    0.893349409    0.896319509    5.852174759 ^ fanout5281/X (sg13g2_buf_1)
     3    0.036647614    0.394732654    0.621459365    6.473634243 v _072030_/Y (sg13g2_nor4_1)
     3    0.055045668    0.290650427    0.435597360    6.909231663 v _072031_/X (sg13g2_buf_1)
     8    0.109384641    0.566008389    0.603994191    7.513226032 v fanout4040/X (sg13g2_buf_1)
     3    0.039029524    0.210911095    0.443078488    7.956304073 v _072254_/X (sg13g2_buf_1)
     8    0.160626128    0.825740993    0.769775391    8.726079941 v fanout3677/X (sg13g2_buf_1)
     3    0.111409999    0.575491011    0.769564867    9.495644569 v _072699_/X (sg13g2_buf_1)
     8    0.143332407    0.738313317    0.803940952   10.299585342 v fanout3308/X (sg13g2_buf_1)
     1    0.005842300    0.241221249    0.351032108   10.650617599 ^ _073590_/Y (sg13g2_a22oi_1)
     1    0.029790346    0.575662494    0.613079369   11.263696671 v _073593_/Y (sg13g2_nand4_1)
     1    0.138500184    2.661234617    2.295088530   13.558785439 ^ _073605_/Y (sg13g2_nor3_1)
     1    0.014801222    0.504077017    0.852286279   14.411071777 v _073607_/X (sg13g2_xor2_1)
     7    0.152413756    2.273739815    2.008167982   16.419239044 ^ _073609_/Y (sg13g2_o21ai_1)
     4    0.066521510    0.954597652    1.369079113   17.788318634 v _073645_/Y (sg13g2_o21ai_1)
     2    0.021629475    0.494077116    0.657863140   18.446182251 ^ _073646_/Y (sg13g2_a22oi_1)
     3    0.017783953    0.135554492    0.333766788   18.779949188 ^ _073647_/X (sg13g2_a21o_1)
     3    0.015041222    0.105980150    0.146576092   18.926525116 v _073648_/Y (sg13g2_inv_1)
     5    0.023493387    0.674381375    0.662051737   19.588577271 ^ _073857_/Y (sg13g2_nor4_1)
     5    0.022645181    0.367732525    0.488869399   20.077445984 v _074906_/Y (sg13g2_nand2_1)
     3    0.011959150    0.264827847    0.355699480   20.433145523 ^ _074942_/Y (sg13g2_o21ai_1)
     2    0.017610347    0.280944228    0.227965206   20.661109924 v _074946_/Y (sg13g2_a221oi_1)
     4    0.113796994    1.466086507    1.252990603   21.914100647 ^ _075429_/X (sg13g2_xor2_1)
     3    0.044931766    0.194556534    0.619339287   22.533441544 ^ _075618_/X (sg13g2_buf_2)
     8    0.078976050    0.502746165    0.520376623   23.053817749 ^ fanout664/X (sg13g2_buf_1)
     3    0.093640797    0.307159632    0.479094118   23.532911301 ^ _076352_/X (sg13g2_buf_2)
     8    0.216407269    1.366437197    1.121668100   24.654579163 ^ fanout628/X (sg13g2_buf_1)
     1    0.027949361    0.642176211    0.962193906   25.616773605 v _077695_/Y (sg13g2_nand3_1)
     3    0.014454114    0.514452875    0.595031619   26.211805344 ^ _077696_/Y (sg13g2_nor4_1)
     1    0.006513867    0.220416293    0.274726033   26.486530304 v _077701_/Y (sg13g2_a21oi_1)
     2    0.030188922    0.622606814    0.624973893   27.111505508 ^ _077717_/Y (sg13g2_nor3_1)
     1    0.009411521    0.088959761    0.367123216   27.478628159 ^ _077719_/X (sg13g2_or3_1)
     3    0.016331468    0.114405528    0.147378996   27.626007080 v _077724_/Y (sg13g2_a21oi_2)
     7    0.133601010    1.729259610    1.345046759   28.971054077 ^ _077786_/Y (sg13g2_a21oi_1)
     3    0.045914426    0.200896949    0.697435021   29.668489456 ^ _077787_/X (sg13g2_buf_2)
     8    0.157134131    0.990448654    0.863302350   30.531791687 ^ fanout561/X (sg13g2_buf_1)
     3    0.102399237    0.338539481    0.615191460   31.146982193 ^ _077788_/X (sg13g2_buf_2)
     8    0.145364031    0.921111822    0.831899881   31.978881836 ^ fanout558/X (sg13g2_buf_1)
     3    0.095153473    0.315000176    0.613535881   32.592418671 ^ _077789_/X (sg13g2_buf_2)
     8    0.139043123    0.879603386    0.812185884   33.404605865 ^ fanout553/X (sg13g2_buf_1)
     2    0.080144033    0.583122671    0.900218606   34.304824829 v _078128_/Y (sg13g2_nor2_1)
     3    0.040749382    0.599112570    0.738609195   35.043434143 ^ _078129_/Y (sg13g2_a21oi_1)
     4    0.051918473    0.556197762    0.700364232   35.743797302 v _078131_/Y (sg13g2_o21ai_1)
     1    0.006362525    0.288766921    0.432109475   36.175907135 ^ _078243_/Y (sg13g2_nor4_1)
     3    0.017105224    0.386245459    0.462083727   36.637989044 v _078244_/Y (sg13g2_nand4_1)
     1    0.006638624    0.069562793    0.300207853   36.938198090 v _078248_/X (sg13g2_or2_1)
     1    0.006998420    0.291551083    0.315750986   37.253948212 ^ _078266_/Y (sg13g2_nor4_1)
     2    0.008884344    0.222969413    0.344201118   37.598148346 v _078267_/Y (sg13g2_nand4_1)
     2    0.011104637    0.117779359    0.163581148   37.761730194 ^ _078285_/Y (sg13g2_nand2_1)
     3    0.039786547    0.257845163    0.315260708   38.076992035 ^ _078288_/X (sg13g2_or2_1)
     1    0.007938260    0.172457322    0.247741386   38.324733734 ^ _078289_/Y (sg13g2_xnor2_1)
     2    0.011889929    0.220565513    0.271565884   38.596298218 v _078290_/Y (sg13g2_nand3_1)
     1    0.004891629    0.116140842    0.202216908   38.798515320 ^ _085598_/Y (sg13g2_a21oi_1)
     1    0.004856016    0.224786505    0.169556811   38.968070984 v _085600_/Y (sg13g2_a221oi_1)
     3    0.019783769    0.116750278    0.250516057   39.218589783 v _085601_/X (sg13g2_buf_1)
     8    0.049738597    0.261930138    0.328196138   39.546783447 v fanout471/X (sg13g2_buf_1)
     3    0.021287331    0.226857230    0.252608597   39.799392700 ^ _085602_/Y (sg13g2_nor2_2)
     8    0.050556574    0.326027364    0.401513487   40.200908661 ^ fanout465/X (sg13g2_buf_1)
     3    0.036181971    0.237032935    0.366885185   40.567790985 ^ _085664_/X (sg13g2_buf_1)
     8    0.063550539    0.407249957    0.461128026   41.028919220 ^ fanout436/X (sg13g2_buf_1)
     1    0.003741387    0.065061934    0.384414285   41.413333893 v _085737_/X (sg13g2_mux2_1)
                         0.065061934    0.000106581   41.413440704 v _126688_/D (sg13g2_dfrbpq_1)
                                                      41.413440704   data arrival time

                                       20.000000000   20.000000000   clock clk_i (rise edge)
                                        3.449405909   23.449407578   clock network delay (propagated)
                                       -0.250000000   23.199407578   clock uncertainty
                                        0.180614859   23.380022049   clock reconvergence pessimism
                                                      23.380022049 ^ _126688_/CLK (sg13g2_dfrbpq_1)
                                       -0.194080323   23.185941696   library setup time
                                                      23.185941696   data required time
---------------------------------------------------------------------------------------------------------
                                                      23.185941696   data required time
                                                     -41.413440704   data arrival time
---------------------------------------------------------------------------------------------------------
                                                     -18.227500916   slack (VIOLATED)


Startpoint: _133202_ (rising edge-triggered flip-flop clocked by clk_i)
Endpoint: _133552_ (rising edge-triggered flip-flop clocked by clk_i)
Path Group: clk_i
Path Type: max
Corner: nom_slow_1p08V_125C

Fanout            Cap           Slew          Delay           Time   Description
---------------------------------------------------------------------------------------------------------
                                        0.000000000    0.000000000   clock clk_i (rise edge)
                                        3.763010025    3.763010025   clock network delay (propagated)
                         0.089162141    0.000000000    3.763010025 ^ _133202_/CLK (sg13g2_dfrbpq_1)
     7    0.062003959    0.393509686    0.574924111    4.337934017 ^ _133202_/Q (sg13g2_dfrbpq_1)
     3    0.089947544    0.572310627    0.617921293    4.955855370 ^ _071957_/X (sg13g2_buf_1)
     8    0.142039627    0.893349409    0.896319509    5.852174759 ^ fanout5281/X (sg13g2_buf_1)
     3    0.036647614    0.394732654    0.621459365    6.473634243 v _072030_/Y (sg13g2_nor4_1)
     3    0.055045668    0.290650427    0.435597360    6.909231663 v _072031_/X (sg13g2_buf_1)
     8    0.109384641    0.566008389    0.603994191    7.513226032 v fanout4040/X (sg13g2_buf_1)
     3    0.039029524    0.210911095    0.443078488    7.956304073 v _072254_/X (sg13g2_buf_1)
     8    0.160626128    0.825740993    0.769775391    8.726079941 v fanout3677/X (sg13g2_buf_1)
     3    0.111409999    0.575491011    0.769564867    9.495644569 v _072699_/X (sg13g2_buf_1)
     8    0.143332407    0.738313317    0.803940952   10.299585342 v fanout3308/X (sg13g2_buf_1)
     1    0.005842300    0.241221249    0.351032108   10.650617599 ^ _073590_/Y (sg13g2_a22oi_1)
     1    0.029790346    0.575662494    0.613079369   11.263696671 v _073593_/Y (sg13g2_nand4_1)
     1    0.138500184    2.661234617    2.295088530   13.558785439 ^ _073605_/Y (sg13g2_nor3_1)
     1    0.014801222    0.504077017    0.852286279   14.411071777 v _073607_/X (sg13g2_xor2_1)
     7    0.152413756    2.273739815    2.008167982   16.419239044 ^ _073609_/Y (sg13g2_o21ai_1)
     4    0.066521510    0.954597652    1.369079113   17.788318634 v _073645_/Y (sg13g2_o21ai_1)
     2    0.021629475    0.494077116    0.657863140   18.446182251 ^ _073646_/Y (sg13g2_a22oi_1)
     3    0.017783953    0.135554492    0.333766788   18.779949188 ^ _073647_/X (sg13g2_a21o_1)
     3    0.015041222    0.105980150    0.146576092   18.926525116 v _073648_/Y (sg13g2_inv_1)
     5    0.023493387    0.674381375    0.662051737   19.588577271 ^ _073857_/Y (sg13g2_nor4_1)
     5    0.022645181    0.367732525    0.488869399   20.077445984 v _074906_/Y (sg13g2_nand2_1)
     3    0.011959150    0.264827847    0.355699480   20.433145523 ^ _074942_/Y (sg13g2_o21ai_1)
     2    0.017610347    0.280944228    0.227965206   20.661109924 v _074946_/Y (sg13g2_a221oi_1)
     4    0.113796994    1.466086507    1.252990603   21.914100647 ^ _075429_/X (sg13g2_xor2_1)
     3    0.044931766    0.194556534    0.619339287   22.533441544 ^ _075618_/X (sg13g2_buf_2)
     8    0.078976050    0.502746165    0.520376623   23.053817749 ^ fanout664/X (sg13g2_buf_1)
     3    0.093640797    0.307159632    0.479094118   23.532911301 ^ _076352_/X (sg13g2_buf_2)
     8    0.216407269    1.366437197    1.121668100   24.654579163 ^ fanout628/X (sg13g2_buf_1)
     1    0.027949361    0.642176211    0.962193906   25.616773605 v _077695_/Y (sg13g2_nand3_1)
     3    0.014454114    0.514452875    0.595031619   26.211805344 ^ _077696_/Y (sg13g2_nor4_1)
     1    0.006513867    0.220416293    0.274726033   26.486530304 v _077701_/Y (sg13g2_a21oi_1)
     2    0.030188922    0.622606814    0.624973893   27.111505508 ^ _077717_/Y (sg13g2_nor3_1)
     1    0.009411521    0.088959761    0.367123216   27.478628159 ^ _077719_/X (sg13g2_or3_1)
     3    0.016331468    0.114405528    0.147378996   27.626007080 v _077724_/Y (sg13g2_a21oi_2)
     7    0.133601010    1.729259610    1.345046759   28.971054077 ^ _077786_/Y (sg13g2_a21oi_1)
     3    0.045914426    0.200896949    0.697435021   29.668489456 ^ _077787_/X (sg13g2_buf_2)
     8    0.157134131    0.990448654    0.863302350   30.531791687 ^ fanout561/X (sg13g2_buf_1)
     3    0.102399237    0.338539481    0.615191460   31.146982193 ^ _077788_/X (sg13g2_buf_2)
     8    0.145364031    0.921111822    0.831899881   31.978881836 ^ fanout558/X (sg13g2_buf_1)
     3    0.095153473    0.315000176    0.613535881   32.592418671 ^ _077789_/X (sg13g2_buf_2)
     8    0.139043123    0.879603386    0.812185884   33.404605865 ^ fanout553/X (sg13g2_buf_1)
     2    0.080144033    0.583122671    0.900218606   34.304824829 v _078128_/Y (sg13g2_nor2_1)
     3    0.040749382    0.599112570    0.738609195   35.043434143 ^ _078129_/Y (sg13g2_a21oi_1)
     4    0.051918473    0.556197762    0.700364232   35.743797302 v _078131_/Y (sg13g2_o21ai_1)
     1    0.006362525    0.288766921    0.432109475   36.175907135 ^ _078243_/Y (sg13g2_nor4_1)
     3    0.017105224    0.386245459    0.462083727   36.637989044 v _078244_/Y (sg13g2_nand4_1)
     1    0.006638624    0.069562793    0.300207853   36.938198090 v _078248_/X (sg13g2_or2_1)
     1    0.006998420    0.291551083    0.315750986   37.253948212 ^ _078266_/Y (sg13g2_nor4_1)
     2    0.008884344    0.222969413    0.344201118   37.598148346 v _078267_/Y (sg13g2_nand4_1)
     2    0.011104637    0.117779359    0.163581148   37.761730194 ^ _078285_/Y (sg13g2_nand2_1)
     3    0.039786547    0.257845163    0.315260708   38.076992035 ^ _078288_/X (sg13g2_or2_1)
     1    0.007938260    0.172457322    0.247741386   38.324733734 ^ _078289_/Y (sg13g2_xnor2_1)
     2    0.011889929    0.220565513    0.271565884   38.596298218 v _078290_/Y (sg13g2_nand3_1)
     2    0.007812766    0.066313460    0.279687405   38.875988007 v _078300_/X (sg13g2_a21o_1)
     4    0.046604354    1.072759390    0.668947577   39.544933319 ^ _078301_/Y (sg13g2_a221oi_1)
     1    0.004903739    0.077495173    0.395608902   39.940544128 ^ _122034_/X (sg13g2_or2_1)
     7    0.062508188    0.399008900    0.391459316   40.332000732 ^ _122035_/X (sg13g2_buf_1)
     3    0.036170181    0.238055110    0.386602759   40.718605042 ^ _122036_/X (sg13g2_buf_1)
     8    0.067285821    0.429985434    0.479062140   41.197666168 ^ fanout396/X (sg13g2_buf_1)
     1    0.003358328    0.061029516    0.382033974   41.579700470 v _122039_/X (sg13g2_mux2_1)
                         0.061029516    0.000085265   41.579784393 v _133552_/D (sg13g2_dfrbpq_1)
                                                      41.579784393   data arrival time

                                       20.000000000   20.000000000   clock clk_i (rise edge)
                                        3.475384712   23.475385666   clock network delay (propagated)
                                       -0.250000000   23.225387573   clock uncertainty
                                        0.293851167   23.519239426   clock reconvergence pessimism
                                                      23.519239426 ^ _133552_/CLK (sg13g2_dfrbpq_1)
                                       -0.164837182   23.354400635   library setup time
                                                      23.354400635   data required time
---------------------------------------------------------------------------------------------------------
                                                      23.354400635   data required time
                                                     -41.579784393   data arrival time
---------------------------------------------------------------------------------------------------------
                                                     -18.225385666   slack (VIOLATED)


Startpoint: _133202_ (rising edge-triggered flip-flop clocked by clk_i)
Endpoint: _129085_ (rising edge-triggered flip-flop clocked by clk_i)
Path Group: clk_i
Path Type: max
Corner: nom_slow_1p08V_125C

Fanout            Cap           Slew          Delay           Time   Description
---------------------------------------------------------------------------------------------------------
                                        0.000000000    0.000000000   clock clk_i (rise edge)
                                        3.763010025    3.763010025   clock network delay (propagated)
                         0.089162141    0.000000000    3.763010025 ^ _133202_/CLK (sg13g2_dfrbpq_1)
     7    0.062003959    0.393509686    0.574924111    4.337934017 ^ _133202_/Q (sg13g2_dfrbpq_1)
     3    0.089947544    0.572310627    0.617921293    4.955855370 ^ _071957_/X (sg13g2_buf_1)
     8    0.142039627    0.893349409    0.896319509    5.852174759 ^ fanout5281/X (sg13g2_buf_1)
     3    0.036647614    0.394732654    0.621459365    6.473634243 v _072030_/Y (sg13g2_nor4_1)
     3    0.055045668    0.290650427    0.435597360    6.909231663 v _072031_/X (sg13g2_buf_1)
     8    0.109384641    0.566008389    0.603994191    7.513226032 v fanout4040/X (sg13g2_buf_1)
     3    0.039029524    0.210911095    0.443078488    7.956304073 v _072254_/X (sg13g2_buf_1)
     8    0.160626128    0.825740993    0.769775391    8.726079941 v fanout3677/X (sg13g2_buf_1)
     3    0.111409999    0.575491011    0.769564867    9.495644569 v _072699_/X (sg13g2_buf_1)
     8    0.143332407    0.738313317    0.803940952   10.299585342 v fanout3308/X (sg13g2_buf_1)
     1    0.005842300    0.241221249    0.351032108   10.650617599 ^ _073590_/Y (sg13g2_a22oi_1)
     1    0.029790346    0.575662494    0.613079369   11.263696671 v _073593_/Y (sg13g2_nand4_1)
     1    0.138500184    2.661234617    2.295088530   13.558785439 ^ _073605_/Y (sg13g2_nor3_1)
     1    0.014801222    0.504077017    0.852286279   14.411071777 v _073607_/X (sg13g2_xor2_1)
     7    0.152413756    2.273739815    2.008167982   16.419239044 ^ _073609_/Y (sg13g2_o21ai_1)
     4    0.066521510    0.954597652    1.369079113   17.788318634 v _073645_/Y (sg13g2_o21ai_1)
     2    0.021629475    0.494077116    0.657863140   18.446182251 ^ _073646_/Y (sg13g2_a22oi_1)
     3    0.017783953    0.135554492    0.333766788   18.779949188 ^ _073647_/X (sg13g2_a21o_1)
     3    0.015041222    0.105980150    0.146576092   18.926525116 v _073648_/Y (sg13g2_inv_1)
     5    0.023493387    0.674381375    0.662051737   19.588577271 ^ _073857_/Y (sg13g2_nor4_1)
     5    0.022645181    0.367732525    0.488869399   20.077445984 v _074906_/Y (sg13g2_nand2_1)
     3    0.011959150    0.264827847    0.355699480   20.433145523 ^ _074942_/Y (sg13g2_o21ai_1)
     2    0.017610347    0.280944228    0.227965206   20.661109924 v _074946_/Y (sg13g2_a221oi_1)
     4    0.113796994    1.466086507    1.252990603   21.914100647 ^ _075429_/X (sg13g2_xor2_1)
     3    0.044931766    0.194556534    0.619339287   22.533441544 ^ _075618_/X (sg13g2_buf_2)
     8    0.078976050    0.502746165    0.520376623   23.053817749 ^ fanout664/X (sg13g2_buf_1)
     3    0.093640797    0.307159632    0.479094118   23.532911301 ^ _076352_/X (sg13g2_buf_2)
     8    0.216407269    1.366437197    1.121668100   24.654579163 ^ fanout628/X (sg13g2_buf_1)
     1    0.027949361    0.642176211    0.962193906   25.616773605 v _077695_/Y (sg13g2_nand3_1)
     3    0.014454114    0.514452875    0.595031619   26.211805344 ^ _077696_/Y (sg13g2_nor4_1)
     1    0.006513867    0.220416293    0.274726033   26.486530304 v _077701_/Y (sg13g2_a21oi_1)
     2    0.030188922    0.622606814    0.624973893   27.111505508 ^ _077717_/Y (sg13g2_nor3_1)
     1    0.009411521    0.088959761    0.367123216   27.478628159 ^ _077719_/X (sg13g2_or3_1)
     3    0.016331468    0.114405528    0.147378996   27.626007080 v _077724_/Y (sg13g2_a21oi_2)
     7    0.133601010    1.729259610    1.345046759   28.971054077 ^ _077786_/Y (sg13g2_a21oi_1)
     3    0.045914426    0.200896949    0.697435021   29.668489456 ^ _077787_/X (sg13g2_buf_2)
     8    0.157134131    0.990448654    0.863302350   30.531791687 ^ fanout561/X (sg13g2_buf_1)
     3    0.102399237    0.338539481    0.615191460   31.146982193 ^ _077788_/X (sg13g2_buf_2)
     8    0.145364031    0.921111822    0.831899881   31.978881836 ^ fanout558/X (sg13g2_buf_1)
     3    0.095153473    0.315000176    0.613535881   32.592418671 ^ _077789_/X (sg13g2_buf_2)
     8    0.139043123    0.879603386    0.812185884   33.404605865 ^ fanout553/X (sg13g2_buf_1)
     2    0.080144033    0.583122671    0.900218606   34.304824829 v _078128_/Y (sg13g2_nor2_1)
     3    0.040749382    0.599112570    0.738609195   35.043434143 ^ _078129_/Y (sg13g2_a21oi_1)
     4    0.051918473    0.556197762    0.700364232   35.743797302 v _078131_/Y (sg13g2_o21ai_1)
     1    0.006362525    0.288766921    0.432109475   36.175907135 ^ _078243_/Y (sg13g2_nor4_1)
     3    0.017105224    0.386245459    0.462083727   36.637989044 v _078244_/Y (sg13g2_nand4_1)
     1    0.006638624    0.069562793    0.300207853   36.938198090 v _078248_/X (sg13g2_or2_1)
     1    0.006998420    0.291551083    0.315750986   37.253948212 ^ _078266_/Y (sg13g2_nor4_1)
     2    0.008884344    0.222969413    0.344201118   37.598148346 v _078267_/Y (sg13g2_nand4_1)
     2    0.011104637    0.117779359    0.163581148   37.761730194 ^ _078285_/Y (sg13g2_nand2_1)
     3    0.039786547    0.257845163    0.315260708   38.076992035 ^ _078288_/X (sg13g2_or2_1)
     1    0.007938260    0.172457322    0.247741386   38.324733734 ^ _078289_/Y (sg13g2_xnor2_1)
     2    0.011889929    0.220565513    0.271565884   38.596298218 v _078290_/Y (sg13g2_nand3_1)
     2    0.007812766    0.066313460    0.279687405   38.875988007 v _078300_/X (sg13g2_a21o_1)
     4    0.046604354    1.072759390    0.668947577   39.544933319 ^ _078301_/Y (sg13g2_a221oi_1)
     3    0.020957252    0.260567516    0.376591206   39.921524048 v _085602_/Y (sg13g2_nor2_2)
     8    0.049942512    0.263671428    0.381628960   40.303153992 v fanout465/X (sg13g2_buf_1)
     3    0.016364137    0.100848630    0.248657987   40.551811218 v _085603_/X (sg13g2_buf_1)
     8    0.079012193    0.411240458    0.426116049   40.977928162 v fanout438/X (sg13g2_buf_1)
     1    0.007877086    0.241671935    0.326473087   41.304401398 ^ _094355_/Y (sg13g2_a22oi_1)
                         0.241678074    0.000369482   41.304771423 ^ _129085_/D (sg13g2_dfrbpq_1)
                                                      41.304771423   data arrival time

                                       20.000000000   20.000000000   clock clk_i (rise edge)
                                        3.445754290   23.445755005   clock network delay (propagated)
                                       -0.250000000   23.195755005   clock uncertainty
                                        0.180614859   23.376369476   clock reconvergence pessimism
                                                      23.376369476 ^ _129085_/CLK (sg13g2_dfrbpq_1)
                                       -0.280258149   23.096113205   library setup time
                                                      23.096113205   data required time
---------------------------------------------------------------------------------------------------------
                                                      23.096113205   data required time
                                                     -41.304771423   data arrival time
---------------------------------------------------------------------------------------------------------
                                                     -18.208658218   slack (VIOLATED)


Startpoint: _135872_ (rising edge-triggered flip-flop clocked by eth_tx_clk_i)
Endpoint: eth_txd_o[3] (output port clocked by eth_gtx)
Path Group: eth_gtx
Path Type: max
Corner: nom_slow_1p08V_125C

Fanout            Cap           Slew          Delay           Time   Description
---------------------------------------------------------------------------------------------------------
                                        0.000000000    0.000000000   clock eth_tx_clk_i (rise edge)
                                        1.725607157    1.725607157   clock network delay (propagated)
                         0.078092769    0.000000000    1.725607157 ^ _135872_/CLK (sg13g2_dfrbpq_1)
     1    0.009106396    0.072255380    0.327573210    2.053180456 ^ _135872_/Q (sg13g2_dfrbpq_1)
     1    0.017906386    0.125063151    0.188865811    2.242046118 ^ output65/X (sg13g2_buf_1)
                         0.125129044    0.001372236    2.243418455 ^ eth_txd_o[3] (out)
                                                       2.243418455   data arrival time

                                        8.000000000    8.000000000   clock eth_gtx (rise edge)
                                        2.125124693   10.125123978   clock network delay (propagated)
                                       -0.250000000    9.875123978   clock uncertainty
                                        0.000000000    9.875123978   clock reconvergence pessimism
                                       -2.500000000    7.375123978   output external delay
                                                       7.375123978   data required time
---------------------------------------------------------------------------------------------------------
                                                       7.375123978   data required time
                                                      -2.243418455   data arrival time
---------------------------------------------------------------------------------------------------------
                                                       5.131705284   slack (MET)


Startpoint: _135870_ (rising edge-triggered flip-flop clocked by eth_tx_clk_i)
Endpoint: eth_txd_o[1] (output port clocked by eth_gtx)
Path Group: eth_gtx
Path Type: max
Corner: nom_slow_1p08V_125C

Fanout            Cap           Slew          Delay           Time   Description
---------------------------------------------------------------------------------------------------------
                                        0.000000000    0.000000000   clock eth_tx_clk_i (rise edge)
                                        1.724965096    1.724965096   clock network delay (propagated)
                         0.078019157    0.000000000    1.724965096 ^ _135870_/CLK (sg13g2_dfrbpq_1)
     1    0.007615810    0.063549101    0.320472538    2.045437574 ^ _135870_/Q (sg13g2_dfrbpq_1)
     1    0.017896697    0.124931850    0.183817849    2.229255438 ^ output63/X (sg13g2_buf_1)
                         0.124997526    0.001363354    2.230618954 ^ eth_txd_o[1] (out)
                                                       2.230618954   data arrival time

                                        8.000000000    8.000000000   clock eth_gtx (rise edge)
                                        2.125124693   10.125123978   clock network delay (propagated)
                                       -0.250000000    9.875123978   clock uncertainty
                                        0.000000000    9.875123978   clock reconvergence pessimism
                                       -2.500000000    7.375123978   output external delay
                                                       7.375123978   data required time
---------------------------------------------------------------------------------------------------------
                                                       7.375123978   data required time
                                                      -2.230618954   data arrival time
---------------------------------------------------------------------------------------------------------
                                                       5.144505024   slack (MET)


Startpoint: _135854_ (rising edge-triggered flip-flop clocked by eth_tx_clk_i)
Endpoint: eth_txd_o[7] (output port clocked by eth_gtx)
Path Group: eth_gtx
Path Type: max
Corner: nom_slow_1p08V_125C

Fanout            Cap           Slew          Delay           Time   Description
---------------------------------------------------------------------------------------------------------
                                        0.000000000    0.000000000   clock eth_tx_clk_i (rise edge)
                                        1.722005248    1.722005248   clock network delay (propagated)
                         0.081915602    0.000000000    1.722005248 ^ _135854_/CLK (sg13g2_dfrbpq_1)
     1    0.005872173    0.053501770    0.314493328    2.036498547 ^ _135854_/Q (sg13g2_dfrbpq_1)
     1    0.019571180    0.135188237    0.185807824    2.222306490 ^ output69/X (sg13g2_buf_1)
                         0.135270014    0.001869394    2.224175692 ^ eth_txd_o[7] (out)
                                                       2.224175692   data arrival time

                                        8.000000000    8.000000000   clock eth_gtx (rise edge)
                                        2.125124693   10.125123978   clock network delay (propagated)
                                       -0.250000000    9.875123978   clock uncertainty
                                        0.000000000    9.875123978   clock reconvergence pessimism
                                       -2.500000000    7.375123978   output external delay
                                                       7.375123978   data required time
---------------------------------------------------------------------------------------------------------
                                                       7.375123978   data required time
                                                      -2.224175692   data arrival time
---------------------------------------------------------------------------------------------------------
                                                       5.150948048   slack (MET)


Startpoint: _135873_ (rising edge-triggered flip-flop clocked by eth_tx_clk_i)
Endpoint: eth_txd_o[4] (output port clocked by eth_gtx)
Path Group: eth_gtx
Path Type: max
Corner: nom_slow_1p08V_125C

Fanout            Cap           Slew          Delay           Time   Description
---------------------------------------------------------------------------------------------------------
                                        0.000000000    0.000000000   clock eth_tx_clk_i (rise edge)
                                        1.726371527    1.726371527   clock network delay (propagated)
                         0.078200765    0.000000000    1.726371527 ^ _135873_/CLK (sg13g2_dfrbpq_1)
     1    0.006288840    0.055855140    0.314283729    2.040655375 ^ _135873_/Q (sg13g2_dfrbpq_1)
     1    0.018234756    0.126952171    0.180959031    2.221614361 ^ output66/X (sg13g2_buf_1)
                         0.127020225    0.001449285    2.223063469 ^ eth_txd_o[4] (out)
                                                       2.223063469   data arrival time

                                        8.000000000    8.000000000   clock eth_gtx (rise edge)
                                        2.125124693   10.125123978   clock network delay (propagated)
                                       -0.250000000    9.875123978   clock uncertainty
                                        0.000000000    9.875123978   clock reconvergence pessimism
                                       -2.500000000    7.375123978   output external delay
                                                       7.375123978   data required time
---------------------------------------------------------------------------------------------------------
                                                       7.375123978   data required time
                                                      -2.223063469   data arrival time
---------------------------------------------------------------------------------------------------------
                                                       5.152060032   slack (MET)


Startpoint: _135855_ (rising edge-triggered flip-flop clocked by eth_tx_clk_i)
Endpoint: eth_tx_en_o (output port clocked by eth_gtx)
Path Group: eth_gtx
Path Type: max
Corner: nom_slow_1p08V_125C

Fanout            Cap           Slew          Delay           Time   Description
---------------------------------------------------------------------------------------------------------
                                        0.000000000    0.000000000   clock eth_tx_clk_i (rise edge)
                                        1.721469760    1.721469760   clock network delay (propagated)
                         0.081866130    0.000000000    1.721469760 ^ _135855_/CLK (sg13g2_dfrbpq_1)
     1    0.006727926    0.058358021    0.318534642    2.040004492 ^ _135855_/Q (sg13g2_dfrbpq_1)
     1    0.017978333    0.125397995    0.181202173    2.221206665 ^ output60/X (sg13g2_buf_1)
                         0.125464737    0.001412204    2.222618818 ^ eth_tx_en_o (out)
                                                       2.222618818   data arrival time

                                        8.000000000    8.000000000   clock eth_gtx (rise edge)
                                        2.125124693   10.125123978   clock network delay (propagated)
                                       -0.250000000    9.875123978   clock uncertainty
                                        0.000000000    9.875123978   clock reconvergence pessimism
                                       -2.500000000    7.375123978   output external delay
                                                       7.375123978   data required time
---------------------------------------------------------------------------------------------------------
                                                       7.375123978   data required time
                                                      -2.222618818   data arrival time
---------------------------------------------------------------------------------------------------------
                                                       5.152505398   slack (MET)


Startpoint: _135871_ (rising edge-triggered flip-flop clocked by eth_tx_clk_i)
Endpoint: eth_txd_o[2] (output port clocked by eth_gtx)
Path Group: eth_gtx
Path Type: max
Corner: nom_slow_1p08V_125C

Fanout            Cap           Slew          Delay           Time   Description
---------------------------------------------------------------------------------------------------------
                                        0.000000000    0.000000000   clock eth_tx_clk_i (rise edge)
                                        1.726093292    1.726093292   clock network delay (propagated)
                         0.078158967    0.000000000    1.726093292 ^ _135871_/CLK (sg13g2_dfrbpq_1)
     1    0.005868791    0.053477515    0.312254667    2.038347960 ^ _135871_/Q (sg13g2_dfrbpq_1)
     1    0.018361459    0.127714068    0.180216298    2.218564272 ^ output64/X (sg13g2_buf_1)
                         0.127783015    0.001478151    2.220042467 ^ eth_txd_o[2] (out)
                                                       2.220042467   data arrival time

                                        8.000000000    8.000000000   clock eth_gtx (rise edge)
                                        2.125124693   10.125123978   clock network delay (propagated)
                                       -0.250000000    9.875123978   clock uncertainty
                                        0.000000000    9.875123978   clock reconvergence pessimism
                                       -2.500000000    7.375123978   output external delay
                                                       7.375123978   data required time
---------------------------------------------------------------------------------------------------------
                                                       7.375123978   data required time
                                                      -2.220042467   data arrival time
---------------------------------------------------------------------------------------------------------
                                                       5.155081272   slack (MET)


Startpoint: _132212_ (rising edge-triggered flip-flop clocked by eth_tx_clk_i)
Endpoint: eth_tx_er_o (output port clocked by eth_gtx)
Path Group: eth_gtx
Path Type: max
Corner: nom_slow_1p08V_125C

Fanout            Cap           Slew          Delay           Time   Description
---------------------------------------------------------------------------------------------------------
                                        0.000000000    0.000000000   clock eth_tx_clk_i (rise edge)
                                        1.722175360    1.722175360   clock network delay (propagated)
                         0.081933536    0.000000000    1.722175360 ^ _132212_/CLK (sg13g2_dfrbpq_1)
     1    0.005568385    0.051796980    0.313064486    2.035239697 ^ _132212_/Q (sg13g2_dfrbpq_1)
     1    0.017717615    0.123740129    0.176214159    2.211453915 ^ output61/X (sg13g2_buf_1)
                         0.123805121    0.001354916    2.212808847 ^ eth_tx_er_o (out)
                                                       2.212808847   data arrival time

                                        8.000000000    8.000000000   clock eth_gtx (rise edge)
                                        2.125124693   10.125123978   clock network delay (propagated)
                                       -0.250000000    9.875123978   clock uncertainty
                                        0.000000000    9.875123978   clock reconvergence pessimism
                                       -2.500000000    7.375123978   output external delay
                                                       7.375123978   data required time
---------------------------------------------------------------------------------------------------------
                                                       7.375123978   data required time
                                                      -2.212808847   data arrival time
---------------------------------------------------------------------------------------------------------
                                                       5.162315369   slack (MET)


Startpoint: _135874_ (rising edge-triggered flip-flop clocked by eth_tx_clk_i)
Endpoint: eth_txd_o[5] (output port clocked by eth_gtx)
Path Group: eth_gtx
Path Type: max
Corner: nom_slow_1p08V_125C

Fanout            Cap           Slew          Delay           Time   Description
---------------------------------------------------------------------------------------------------------
                                        0.000000000    0.000000000   clock eth_tx_clk_i (rise edge)
                                        1.724962592    1.724962592   clock network delay (propagated)
                         0.078018889    0.000000000    1.724962592 ^ _135874_/CLK (sg13g2_dfrbpq_1)
     1    0.004099785    0.043686453    0.303744256    2.028706789 ^ _135874_/Q (sg13g2_dfrbpq_1)
     1    0.019091878    0.132206932    0.178015381    2.206722260 ^ output67/X (sg13g2_buf_1)
                         0.132236406    0.001716627    2.208438873 ^ eth_txd_o[5] (out)
                                                       2.208438873   data arrival time

                                        8.000000000    8.000000000   clock eth_gtx (rise edge)
                                        2.125124693   10.125123978   clock network delay (propagated)
                                       -0.250000000    9.875123978   clock uncertainty
                                        0.000000000    9.875123978   clock reconvergence pessimism
                                       -2.500000000    7.375123978   output external delay
                                                       7.375123978   data required time
---------------------------------------------------------------------------------------------------------
                                                       7.375123978   data required time
                                                      -2.208438873   data arrival time
---------------------------------------------------------------------------------------------------------
                                                       5.166685104   slack (MET)


Startpoint: _135869_ (rising edge-triggered flip-flop clocked by eth_tx_clk_i)
Endpoint: eth_txd_o[0] (output port clocked by eth_gtx)
Path Group: eth_gtx
Path Type: max
Corner: nom_slow_1p08V_125C

Fanout            Cap           Slew          Delay           Time   Description
---------------------------------------------------------------------------------------------------------
                                        0.000000000    0.000000000   clock eth_tx_clk_i (rise edge)
                                        1.726151109    1.726151109   clock network delay (propagated)
                         0.078167424    0.000000000    1.726151109 ^ _135869_/CLK (sg13g2_dfrbpq_1)
     1    0.003595804    0.040798083    0.301427007    2.027578115 ^ _135869_/Q (sg13g2_dfrbpq_1)
     1    0.019350864    0.133792266    0.177573740    2.205151796 ^ output62/X (sg13g2_buf_1)
                         0.133824572    0.001807887    2.206959724 ^ eth_txd_o[0] (out)
                                                       2.206959724   data arrival time

                                        8.000000000    8.000000000   clock eth_gtx (rise edge)
                                        2.125124693   10.125123978   clock network delay (propagated)
                                       -0.250000000    9.875123978   clock uncertainty
                                        0.000000000    9.875123978   clock reconvergence pessimism
                                       -2.500000000    7.375123978   output external delay
                                                       7.375123978   data required time
---------------------------------------------------------------------------------------------------------
                                                       7.375123978   data required time
                                                      -2.206959724   data arrival time
---------------------------------------------------------------------------------------------------------
                                                       5.168163776   slack (MET)


Startpoint: _135875_ (rising edge-triggered flip-flop clocked by eth_tx_clk_i)
Endpoint: eth_txd_o[6] (output port clocked by eth_gtx)
Path Group: eth_gtx
Path Type: max
Corner: nom_slow_1p08V_125C

Fanout            Cap           Slew          Delay           Time   Description
---------------------------------------------------------------------------------------------------------
                                        0.000000000    0.000000000   clock eth_tx_clk_i (rise edge)
                                        1.721978664    1.721978664   clock network delay (propagated)
                         0.081912898    0.000000000    1.721978664 ^ _135875_/CLK (sg13g2_dfrbpq_1)
     1    0.004169125    0.044073205    0.306378603    2.028357267 ^ _135875_/Q (sg13g2_dfrbpq_1)
     1    0.017724380    0.123763084    0.171879411    2.200236797 ^ output68/X (sg13g2_buf_1)
                         0.123782776    0.001356915    2.201593637 ^ eth_txd_o[6] (out)
                                                       2.201593637   data arrival time

                                        8.000000000    8.000000000   clock eth_gtx (rise edge)
                                        2.125124693   10.125123978   clock network delay (propagated)
                                       -0.250000000    9.875123978   clock uncertainty
                                        0.000000000    9.875123978   clock reconvergence pessimism
                                       -2.500000000    7.375123978   output external delay
                                                       7.375123978   data required time
---------------------------------------------------------------------------------------------------------
                                                       7.375123978   data required time
                                                      -2.201593637   data arrival time
---------------------------------------------------------------------------------------------------------
                                                       5.173530102   slack (MET)


Startpoint: _139709_ (rising edge-triggered flip-flop clocked by eth_rx_clk_i)
Endpoint: _128364_ (rising edge-triggered flip-flop clocked by eth_rx_clk_i)
Path Group: eth_rx_clk_i
Path Type: max
Corner: nom_slow_1p08V_125C

Fanout            Cap           Slew          Delay           Time   Description
---------------------------------------------------------------------------------------------------------
                                        0.000000000    0.000000000   clock eth_rx_clk_i (rise edge)
                                        1.800178528    1.800178528   clock network delay (propagated)
                         0.081603751    0.000000000    1.800178528 ^ _139709_/CLK (sg13g2_dfrbpq_1)
     1    0.005787396    0.053025957    0.313911796    2.114090204 ^ _139709_/Q (sg13g2_dfrbpq_1)
     7    0.071449660    0.454131782    0.419487119    2.533577442 ^ _139331_/X (sg13g2_buf_1)
     3    0.026862580    0.110896841    0.328512788    2.862090111 ^ _139332_/X (sg13g2_buf_2)
     8    0.240555331    1.521568179    1.088429809    3.950520039 ^ fanout4913/X (sg13g2_buf_1)
     2    0.143923715    0.757421494    1.275966048    5.226486206 v _139339_/X (sg13g2_mux2_1)
     1    0.104229480    1.390289783    1.538679004    6.765164852 ^ _064728_/Y (sg13g2_a22oi_1)
     2    0.016784901    0.167391583    0.721764445    7.486929417 ^ _064730_/X (sg13g2_and4_1)
     2    0.008685233    0.148998439    0.188515872    7.675445557 v _064731_/X (sg13g2_xor2_1)
     1    0.006195468    0.155625537    0.204270378    7.879715919 ^ _064867_/Y (sg13g2_o21ai_1)
     1    0.009704216    0.172533005    0.241302982    8.121018410 v _064868_/Y (sg13g2_nand3_1)
     1    0.004146411    0.158048898    0.190437004    8.311455727 ^ _064869_/Y (sg13g2_nor3_1)
     1    0.007540251    0.198257312    0.283548295    8.595004082 v _064870_/Y (sg13g2_nand4_1)
     2    0.017976470    0.542266726    0.516529918    9.111534119 ^ _064871_/Y (sg13g2_nor4_1)
     4    0.019911116    0.171762317    0.344588369    9.456122398 ^ _064900_/Y (sg13g2_nand2b_1)
     1    0.005501457    0.065948687    0.243038490    9.699160576 ^ _089888_/X (sg13g2_and3_1)
     3    0.021076588    0.121575810    0.138824061    9.837985039 v _089889_/Y (sg13g2_inv_1)
     4    0.023713809    0.393738836    0.407154322   10.245139122 ^ _089893_/Y (sg13g2_o21ai_1)
     3    0.016957961    0.135446846    0.395481884   10.640621185 ^ _089897_/X (sg13g2_and3_1)
     3    0.013487526    0.102651089    0.233717933   10.874339104 ^ _089900_/X (sg13g2_and2_1)
     3    0.013426643    0.102401204    0.219616339   11.093955040 ^ _089903_/X (sg13g2_and2_1)
     3    0.014288511    0.107413150    0.223909780   11.317865372 ^ _089906_/X (sg13g2_and2_1)
     2    0.010284188    0.121903963    0.163066015   11.480931282 v _089910_/Y (sg13g2_nand2_1)
     1    0.005042422    0.092999481    0.195487186   11.676418304 v _089912_/X (sg13g2_xor2_1)
     1    0.004683669    0.099218085    0.120426342   11.796844482 ^ _089913_/Y (sg13g2_nor2_1)
                         0.099218152    0.000158984   11.797003746 ^ _128364_/D (sg13g2_dfrbpq_1)
                                                      11.797003746   data arrival time

                                        8.000000000    8.000000000   clock eth_rx_clk_i (rise edge)
                                        1.484969020    9.484969139   clock network delay (propagated)
                                       -0.250000000    9.234969139   clock uncertainty
                                        0.102114543    9.337083817   clock reconvergence pessimism
                                                       9.337083817 ^ _128364_/CLK (sg13g2_dfrbpq_1)
                                       -0.211653039    9.125431061   library setup time
                                                       9.125431061   data required time
---------------------------------------------------------------------------------------------------------
                                                       9.125431061   data required time
                                                     -11.797003746   data arrival time
---------------------------------------------------------------------------------------------------------
                                                      -2.671572447   slack (VIOLATED)


Startpoint: _139709_ (rising edge-triggered flip-flop clocked by eth_rx_clk_i)
Endpoint: _128363_ (rising edge-triggered flip-flop clocked by eth_rx_clk_i)
Path Group: eth_rx_clk_i
Path Type: max
Corner: nom_slow_1p08V_125C

Fanout            Cap           Slew          Delay           Time   Description
---------------------------------------------------------------------------------------------------------
                                        0.000000000    0.000000000   clock eth_rx_clk_i (rise edge)
                                        1.800178528    1.800178528   clock network delay (propagated)
                         0.081603751    0.000000000    1.800178528 ^ _139709_/CLK (sg13g2_dfrbpq_1)
     1    0.005787396    0.053025957    0.313911796    2.114090204 ^ _139709_/Q (sg13g2_dfrbpq_1)
     7    0.071449660    0.454131782    0.419487119    2.533577442 ^ _139331_/X (sg13g2_buf_1)
     3    0.026862580    0.110896841    0.328512788    2.862090111 ^ _139332_/X (sg13g2_buf_2)
     8    0.240555331    1.521568179    1.088429809    3.950520039 ^ fanout4913/X (sg13g2_buf_1)
     2    0.143923715    0.757421494    1.275966048    5.226486206 v _139339_/X (sg13g2_mux2_1)
     1    0.104229480    1.390289783    1.538679004    6.765164852 ^ _064728_/Y (sg13g2_a22oi_1)
     2    0.016784901    0.167391583    0.721764445    7.486929417 ^ _064730_/X (sg13g2_and4_1)
     2    0.008685233    0.148998439    0.188515872    7.675445557 v _064731_/X (sg13g2_xor2_1)
     1    0.006195468    0.155625537    0.204270378    7.879715919 ^ _064867_/Y (sg13g2_o21ai_1)
     1    0.009704216    0.172533005    0.241302982    8.121018410 v _064868_/Y (sg13g2_nand3_1)
     1    0.004146411    0.158048898    0.190437004    8.311455727 ^ _064869_/Y (sg13g2_nor3_1)
     1    0.007540251    0.198257312    0.283548295    8.595004082 v _064870_/Y (sg13g2_nand4_1)
     2    0.017976470    0.542266726    0.516529918    9.111534119 ^ _064871_/Y (sg13g2_nor4_1)
     4    0.019911116    0.171762317    0.344588369    9.456122398 ^ _064900_/Y (sg13g2_nand2b_1)
     1    0.005501457    0.065948687    0.243038490    9.699160576 ^ _089888_/X (sg13g2_and3_1)
     3    0.021076588    0.121575810    0.138824061    9.837985039 v _089889_/Y (sg13g2_inv_1)
     4    0.023713809    0.393738836    0.407154322   10.245139122 ^ _089893_/Y (sg13g2_o21ai_1)
     3    0.016957961    0.135446846    0.395481884   10.640621185 ^ _089897_/X (sg13g2_and3_1)
     3    0.013487526    0.102651089    0.233717933   10.874339104 ^ _089900_/X (sg13g2_and2_1)
     3    0.013426643    0.102401204    0.219616339   11.093955040 ^ _089903_/X (sg13g2_and2_1)
     3    0.014288511    0.107413150    0.223909780   11.317865372 ^ _089906_/X (sg13g2_and2_1)
     2    0.010284188    0.121903963    0.163066015   11.480931282 v _089910_/Y (sg13g2_nand2_1)
     1    0.003367630    0.046780765    0.154075861   11.635006905 v _089911_/Y (sg13g2_nor2b_1)
                         0.046780791    0.000084377   11.635091782 v _128363_/D (sg13g2_dfrbpq_1)
                                                      11.635091782   data arrival time

                                        8.000000000    8.000000000   clock eth_rx_clk_i (rise edge)
                                        1.485208750    9.485208511   clock network delay (propagated)
                                       -0.250000000    9.235208511   clock uncertainty
                                        0.102114543    9.337323189   clock reconvergence pessimism
                                                       9.337323189 ^ _128363_/CLK (sg13g2_dfrbpq_1)
                                       -0.170558721    9.166764259   library setup time
                                                       9.166764259   data required time
---------------------------------------------------------------------------------------------------------
                                                       9.166764259   data required time
                                                     -11.635091782   data arrival time
---------------------------------------------------------------------------------------------------------
                                                      -2.468327045   slack (VIOLATED)


Startpoint: _139709_ (rising edge-triggered flip-flop clocked by eth_rx_clk_i)
Endpoint: _128362_ (rising edge-triggered flip-flop clocked by eth_rx_clk_i)
Path Group: eth_rx_clk_i
Path Type: max
Corner: nom_slow_1p08V_125C

Fanout            Cap           Slew          Delay           Time   Description
---------------------------------------------------------------------------------------------------------
                                        0.000000000    0.000000000   clock eth_rx_clk_i (rise edge)
                                        1.800178528    1.800178528   clock network delay (propagated)
                         0.081603751    0.000000000    1.800178528 ^ _139709_/CLK (sg13g2_dfrbpq_1)
     1    0.005787396    0.053025957    0.313911796    2.114090204 ^ _139709_/Q (sg13g2_dfrbpq_1)
     7    0.071449660    0.454131782    0.419487119    2.533577442 ^ _139331_/X (sg13g2_buf_1)
     3    0.026862580    0.110896841    0.328512788    2.862090111 ^ _139332_/X (sg13g2_buf_2)
     8    0.240555331    1.521568179    1.088429809    3.950520039 ^ fanout4913/X (sg13g2_buf_1)
     2    0.143923715    0.757421494    1.275966048    5.226486206 v _139339_/X (sg13g2_mux2_1)
     1    0.104229480    1.390289783    1.538679004    6.765164852 ^ _064728_/Y (sg13g2_a22oi_1)
     2    0.016784901    0.167391583    0.721764445    7.486929417 ^ _064730_/X (sg13g2_and4_1)
     2    0.008685233    0.148998439    0.188515872    7.675445557 v _064731_/X (sg13g2_xor2_1)
     1    0.006195468    0.155625537    0.204270378    7.879715919 ^ _064867_/Y (sg13g2_o21ai_1)
     1    0.009704216    0.172533005    0.241302982    8.121018410 v _064868_/Y (sg13g2_nand3_1)
     1    0.004146411    0.158048898    0.190437004    8.311455727 ^ _064869_/Y (sg13g2_nor3_1)
     1    0.007540251    0.198257312    0.283548295    8.595004082 v _064870_/Y (sg13g2_nand4_1)
     2    0.017976470    0.542266726    0.516529918    9.111534119 ^ _064871_/Y (sg13g2_nor4_1)
     4    0.019911116    0.171762317    0.344588369    9.456122398 ^ _064900_/Y (sg13g2_nand2b_1)
     1    0.005501457    0.065948687    0.243038490    9.699160576 ^ _089888_/X (sg13g2_and3_1)
     3    0.021076588    0.121575810    0.138824061    9.837985039 v _089889_/Y (sg13g2_inv_1)
     4    0.023713809    0.393738836    0.407154322   10.245139122 ^ _089893_/Y (sg13g2_o21ai_1)
     3    0.016957961    0.135446846    0.395481884   10.640621185 ^ _089897_/X (sg13g2_and3_1)
     3    0.013487526    0.102651089    0.233717933   10.874339104 ^ _089900_/X (sg13g2_and2_1)
     3    0.013426643    0.102401204    0.219616339   11.093955040 ^ _089903_/X (sg13g2_and2_1)
     3    0.014288511    0.107413150    0.223909780   11.317865372 ^ _089906_/X (sg13g2_and2_1)
     1    0.003391307    0.049455412    0.087891474   11.405756950 v _089908_/Y (sg13g2_nor2_1)
                         0.049455412    0.000086153   11.405842781 v _128362_/D (sg13g2_dfrbpq_1)
                                                      11.405842781   data arrival time

                                        8.000000000    8.000000000   clock eth_rx_clk_i (rise edge)
                                        1.485491037    9.485490799   clock network delay (propagated)
                                       -0.250000000    9.235490799   clock uncertainty
                                        0.102114543    9.337605476   clock reconvergence pessimism
                                                       9.337605476 ^ _128362_/CLK (sg13g2_dfrbpq_1)
                                       -0.171758652    9.165846825   library setup time
                                                       9.165846825   data required time
---------------------------------------------------------------------------------------------------------
                                                       9.165846825   data required time
                                                     -11.405842781   data arrival time
---------------------------------------------------------------------------------------------------------
                                                      -2.239995718   slack (VIOLATED)


Startpoint: _139709_ (rising edge-triggered flip-flop clocked by eth_rx_clk_i)
Endpoint: _129929_ (rising edge-triggered flip-flop clocked by eth_rx_clk_i)
Path Group: eth_rx_clk_i
Path Type: max
Corner: nom_slow_1p08V_125C

Fanout            Cap           Slew          Delay           Time   Description
---------------------------------------------------------------------------------------------------------
                                        0.000000000    0.000000000   clock eth_rx_clk_i (rise edge)
                                        1.800178528    1.800178528   clock network delay (propagated)
                         0.081603751    0.000000000    1.800178528 ^ _139709_/CLK (sg13g2_dfrbpq_1)
     1    0.005787396    0.053025957    0.313911796    2.114090204 ^ _139709_/Q (sg13g2_dfrbpq_1)
     7    0.071449660    0.454131782    0.419487119    2.533577442 ^ _139331_/X (sg13g2_buf_1)
     3    0.026862580    0.110896841    0.328512788    2.862090111 ^ _139332_/X (sg13g2_buf_2)
     8    0.240555331    1.521568179    1.088429809    3.950520039 ^ fanout4913/X (sg13g2_buf_1)
     2    0.143923715    0.757421494    1.275966048    5.226486206 v _139339_/X (sg13g2_mux2_1)
     1    0.104229480    1.390289783    1.538679004    6.765164852 ^ _064728_/Y (sg13g2_a22oi_1)
     2    0.016784901    0.167391583    0.721764445    7.486929417 ^ _064730_/X (sg13g2_and4_1)
     2    0.008685233    0.148998439    0.188515872    7.675445557 v _064731_/X (sg13g2_xor2_1)
     1    0.006195468    0.155625537    0.204270378    7.879715919 ^ _064867_/Y (sg13g2_o21ai_1)
     1    0.009704216    0.172533005    0.241302982    8.121018410 v _064868_/Y (sg13g2_nand3_1)
     1    0.004146411    0.158048898    0.190437004    8.311455727 ^ _064869_/Y (sg13g2_nor3_1)
     1    0.007540251    0.198257312    0.283548295    8.595004082 v _064870_/Y (sg13g2_nand4_1)
     2    0.017976470    0.542266726    0.516529918    9.111534119 ^ _064871_/Y (sg13g2_nor4_1)
     4    0.019911116    0.171762317    0.344588369    9.456122398 ^ _064900_/Y (sg13g2_nand2b_1)
     1    0.005501457    0.065948687    0.243038490    9.699160576 ^ _089888_/X (sg13g2_and3_1)
     3    0.021076588    0.121575810    0.138824061    9.837985039 v _089889_/Y (sg13g2_inv_1)
     3    0.015266052    0.234045655    0.254796177   10.092781067 ^ _098828_/Y (sg13g2_a21oi_1)
     3    0.013430960    0.119455948    0.173277393   10.266058922 v _098850_/Y (sg13g2_inv_1)
     2    0.007898758    0.145913690    0.179223746   10.445281982 ^ _098859_/Y (sg13g2_a21oi_1)
     3    0.022191018    0.151902154    0.241980672   10.687262535 ^ _098860_/X (sg13g2_buf_1)
     8    0.053634927    0.345153093    0.388636678   11.075900078 ^ fanout1078/X (sg13g2_buf_1)
     1    0.010303046    0.169222385    0.254970282   11.330869675 v _098879_/Y (sg13g2_a22oi_1)
                         0.169222385    0.000581757   11.331451416 v _129929_/D (sg13g2_dfrbpq_1)
                                                      11.331451416   data arrival time

                                        8.000000000    8.000000000   clock eth_rx_clk_i (rise edge)
                                        1.503486395    9.503486633   clock network delay (propagated)
                                       -0.250000000    9.253486633   clock uncertainty
                                        0.102114543    9.355601311   clock reconvergence pessimism
                                                       9.355601311 ^ _129929_/CLK (sg13g2_dfrbpq_1)
                                       -0.225608796    9.129992485   library setup time
                                                       9.129992485   data required time
---------------------------------------------------------------------------------------------------------
                                                       9.129992485   data required time
                                                     -11.331451416   data arrival time
---------------------------------------------------------------------------------------------------------
                                                      -2.201459408   slack (VIOLATED)


Startpoint: _139709_ (rising edge-triggered flip-flop clocked by eth_rx_clk_i)
Endpoint: _129928_ (rising edge-triggered flip-flop clocked by eth_rx_clk_i)
Path Group: eth_rx_clk_i
Path Type: max
Corner: nom_slow_1p08V_125C

Fanout            Cap           Slew          Delay           Time   Description
---------------------------------------------------------------------------------------------------------
                                        0.000000000    0.000000000   clock eth_rx_clk_i (rise edge)
                                        1.800178528    1.800178528   clock network delay (propagated)
                         0.081603751    0.000000000    1.800178528 ^ _139709_/CLK (sg13g2_dfrbpq_1)
     1    0.005787396    0.053025957    0.313911796    2.114090204 ^ _139709_/Q (sg13g2_dfrbpq_1)
     7    0.071449660    0.454131782    0.419487119    2.533577442 ^ _139331_/X (sg13g2_buf_1)
     3    0.026862580    0.110896841    0.328512788    2.862090111 ^ _139332_/X (sg13g2_buf_2)
     8    0.240555331    1.521568179    1.088429809    3.950520039 ^ fanout4913/X (sg13g2_buf_1)
     2    0.143923715    0.757421494    1.275966048    5.226486206 v _139339_/X (sg13g2_mux2_1)
     1    0.104229480    1.390289783    1.538679004    6.765164852 ^ _064728_/Y (sg13g2_a22oi_1)
     2    0.016784901    0.167391583    0.721764445    7.486929417 ^ _064730_/X (sg13g2_and4_1)
     2    0.008685233    0.148998439    0.188515872    7.675445557 v _064731_/X (sg13g2_xor2_1)
     1    0.006195468    0.155625537    0.204270378    7.879715919 ^ _064867_/Y (sg13g2_o21ai_1)
     1    0.009704216    0.172533005    0.241302982    8.121018410 v _064868_/Y (sg13g2_nand3_1)
     1    0.004146411    0.158048898    0.190437004    8.311455727 ^ _064869_/Y (sg13g2_nor3_1)
     1    0.007540251    0.198257312    0.283548295    8.595004082 v _064870_/Y (sg13g2_nand4_1)
     2    0.017976470    0.542266726    0.516529918    9.111534119 ^ _064871_/Y (sg13g2_nor4_1)
     4    0.019911116    0.171762317    0.344588369    9.456122398 ^ _064900_/Y (sg13g2_nand2b_1)
     1    0.005501457    0.065948687    0.243038490    9.699160576 ^ _089888_/X (sg13g2_and3_1)
     3    0.021076588    0.121575810    0.138824061    9.837985039 v _089889_/Y (sg13g2_inv_1)
     3    0.015266052    0.234045655    0.254796177   10.092781067 ^ _098828_/Y (sg13g2_a21oi_1)
     3    0.013430960    0.119455948    0.173277393   10.266058922 v _098850_/Y (sg13g2_inv_1)
     2    0.007898758    0.145913690    0.179223746   10.445281982 ^ _098859_/Y (sg13g2_a21oi_1)
     3    0.022191018    0.151902154    0.241980672   10.687262535 ^ _098860_/X (sg13g2_buf_1)
     8    0.053634927    0.345153093    0.388636678   11.075900078 ^ fanout1078/X (sg13g2_buf_1)
     1    0.006689362    0.140714839    0.219462678   11.295362473 v _098873_/Y (sg13g2_a22oi_1)
                         0.140714929    0.000257572   11.295619965 v _129928_/D (sg13g2_dfrbpq_1)
                                                      11.295619965   data arrival time

                                        8.000000000    8.000000000   clock eth_rx_clk_i (rise edge)
                                        1.503233671    9.503233910   clock network delay (propagated)
                                       -0.250000000    9.253233910   clock uncertainty
                                        0.102114543    9.355348587   clock reconvergence pessimism
                                                       9.355348587 ^ _129928_/CLK (sg13g2_dfrbpq_1)
                                       -0.212691933    9.142656326   library setup time
                                                       9.142656326   data required time
---------------------------------------------------------------------------------------------------------
                                                       9.142656326   data required time
                                                     -11.295619965   data arrival time
---------------------------------------------------------------------------------------------------------
                                                      -2.152963161   slack (VIOLATED)


Startpoint: _139709_ (rising edge-triggered flip-flop clocked by eth_rx_clk_i)
Endpoint: _129933_ (rising edge-triggered flip-flop clocked by eth_rx_clk_i)
Path Group: eth_rx_clk_i
Path Type: max
Corner: nom_slow_1p08V_125C

Fanout            Cap           Slew          Delay           Time   Description
---------------------------------------------------------------------------------------------------------
                                        0.000000000    0.000000000   clock eth_rx_clk_i (rise edge)
                                        1.800178528    1.800178528   clock network delay (propagated)
                         0.081603751    0.000000000    1.800178528 ^ _139709_/CLK (sg13g2_dfrbpq_1)
     1    0.005787396    0.053025957    0.313911796    2.114090204 ^ _139709_/Q (sg13g2_dfrbpq_1)
     7    0.071449660    0.454131782    0.419487119    2.533577442 ^ _139331_/X (sg13g2_buf_1)
     3    0.026862580    0.110896841    0.328512788    2.862090111 ^ _139332_/X (sg13g2_buf_2)
     8    0.240555331    1.521568179    1.088429809    3.950520039 ^ fanout4913/X (sg13g2_buf_1)
     2    0.143923715    0.757421494    1.275966048    5.226486206 v _139339_/X (sg13g2_mux2_1)
     1    0.104229480    1.390289783    1.538679004    6.765164852 ^ _064728_/Y (sg13g2_a22oi_1)
     2    0.016784901    0.167391583    0.721764445    7.486929417 ^ _064730_/X (sg13g2_and4_1)
     2    0.008685233    0.148998439    0.188515872    7.675445557 v _064731_/X (sg13g2_xor2_1)
     1    0.006195468    0.155625537    0.204270378    7.879715919 ^ _064867_/Y (sg13g2_o21ai_1)
     1    0.009704216    0.172533005    0.241302982    8.121018410 v _064868_/Y (sg13g2_nand3_1)
     1    0.004146411    0.158048898    0.190437004    8.311455727 ^ _064869_/Y (sg13g2_nor3_1)
     1    0.007540251    0.198257312    0.283548295    8.595004082 v _064870_/Y (sg13g2_nand4_1)
     2    0.017976470    0.542266726    0.516529918    9.111534119 ^ _064871_/Y (sg13g2_nor4_1)
     4    0.019911116    0.171762317    0.344588369    9.456122398 ^ _064900_/Y (sg13g2_nand2b_1)
     1    0.005501457    0.065948687    0.243038490    9.699160576 ^ _089888_/X (sg13g2_and3_1)
     3    0.021076588    0.121575810    0.138824061    9.837985039 v _089889_/Y (sg13g2_inv_1)
     3    0.015266052    0.234045655    0.254796177   10.092781067 ^ _098828_/Y (sg13g2_a21oi_1)
     3    0.013430960    0.119455948    0.173277393   10.266058922 v _098850_/Y (sg13g2_inv_1)
     2    0.007898758    0.145913690    0.179223746   10.445281982 ^ _098859_/Y (sg13g2_a21oi_1)
     3    0.022191018    0.151902154    0.241980672   10.687262535 ^ _098860_/X (sg13g2_buf_1)
     8    0.053634927    0.345153093    0.388636678   11.075900078 ^ fanout1078/X (sg13g2_buf_1)
     1    0.005824741    0.134436905    0.211558774   11.287458420 v _098903_/Y (sg13g2_a22oi_1)
                         0.134437010    0.000253131   11.287711143 v _129933_/D (sg13g2_dfrbpq_1)
                                                      11.287711143   data arrival time

                                        8.000000000    8.000000000   clock eth_rx_clk_i (rise edge)
                                        1.502285600    9.502285004   clock network delay (propagated)
                                       -0.250000000    9.252285004   clock uncertainty
                                        0.102114543    9.354400635   clock reconvergence pessimism
                                                       9.354400635 ^ _129933_/CLK (sg13g2_dfrbpq_1)
                                       -0.206201211    9.148199081   library setup time
                                                       9.148199081   data required time
---------------------------------------------------------------------------------------------------------
                                                       9.148199081   data required time
                                                     -11.287711143   data arrival time
---------------------------------------------------------------------------------------------------------
                                                      -2.139512539   slack (VIOLATED)


Startpoint: _139709_ (rising edge-triggered flip-flop clocked by eth_rx_clk_i)
Endpoint: _129930_ (rising edge-triggered flip-flop clocked by eth_rx_clk_i)
Path Group: eth_rx_clk_i
Path Type: max
Corner: nom_slow_1p08V_125C

Fanout            Cap           Slew          Delay           Time   Description
---------------------------------------------------------------------------------------------------------
                                        0.000000000    0.000000000   clock eth_rx_clk_i (rise edge)
                                        1.800178528    1.800178528   clock network delay (propagated)
                         0.081603751    0.000000000    1.800178528 ^ _139709_/CLK (sg13g2_dfrbpq_1)
     1    0.005787396    0.053025957    0.313911796    2.114090204 ^ _139709_/Q (sg13g2_dfrbpq_1)
     7    0.071449660    0.454131782    0.419487119    2.533577442 ^ _139331_/X (sg13g2_buf_1)
     3    0.026862580    0.110896841    0.328512788    2.862090111 ^ _139332_/X (sg13g2_buf_2)
     8    0.240555331    1.521568179    1.088429809    3.950520039 ^ fanout4913/X (sg13g2_buf_1)
     2    0.143923715    0.757421494    1.275966048    5.226486206 v _139339_/X (sg13g2_mux2_1)
     1    0.104229480    1.390289783    1.538679004    6.765164852 ^ _064728_/Y (sg13g2_a22oi_1)
     2    0.016784901    0.167391583    0.721764445    7.486929417 ^ _064730_/X (sg13g2_and4_1)
     2    0.008685233    0.148998439    0.188515872    7.675445557 v _064731_/X (sg13g2_xor2_1)
     1    0.006195468    0.155625537    0.204270378    7.879715919 ^ _064867_/Y (sg13g2_o21ai_1)
     1    0.009704216    0.172533005    0.241302982    8.121018410 v _064868_/Y (sg13g2_nand3_1)
     1    0.004146411    0.158048898    0.190437004    8.311455727 ^ _064869_/Y (sg13g2_nor3_1)
     1    0.007540251    0.198257312    0.283548295    8.595004082 v _064870_/Y (sg13g2_nand4_1)
     2    0.017976470    0.542266726    0.516529918    9.111534119 ^ _064871_/Y (sg13g2_nor4_1)
     4    0.019911116    0.171762317    0.344588369    9.456122398 ^ _064900_/Y (sg13g2_nand2b_1)
     1    0.005501457    0.065948687    0.243038490    9.699160576 ^ _089888_/X (sg13g2_and3_1)
     3    0.021076588    0.121575810    0.138824061    9.837985039 v _089889_/Y (sg13g2_inv_1)
     3    0.015266052    0.234045655    0.254796177   10.092781067 ^ _098828_/Y (sg13g2_a21oi_1)
     3    0.013430960    0.119455948    0.173277393   10.266058922 v _098850_/Y (sg13g2_inv_1)
     2    0.007898758    0.145913690    0.179223746   10.445281982 ^ _098859_/Y (sg13g2_a21oi_1)
     3    0.022191018    0.151902154    0.241980672   10.687262535 ^ _098860_/X (sg13g2_buf_1)
     8    0.053634927    0.345153093    0.388636678   11.075900078 ^ fanout1078/X (sg13g2_buf_1)
     1    0.005457749    0.131771684    0.207522899   11.283422470 v _098886_/Y (sg13g2_a22oi_1)
                         0.131771743    0.000220268   11.283642769 v _129930_/D (sg13g2_dfrbpq_1)
                                                      11.283642769   data arrival time

                                        8.000000000    8.000000000   clock eth_rx_clk_i (rise edge)
                                        1.504110456    9.504110336   clock network delay (propagated)
                                       -0.250000000    9.254110336   clock uncertainty
                                        0.102114543    9.356225014   clock reconvergence pessimism
                                                       9.356225014 ^ _129930_/CLK (sg13g2_dfrbpq_1)
                                       -0.208600834    9.147624016   library setup time
                                                       9.147624016   data required time
---------------------------------------------------------------------------------------------------------
                                                       9.147624016   data required time
                                                     -11.283642769   data arrival time
---------------------------------------------------------------------------------------------------------
                                                      -2.136018515   slack (VIOLATED)


Startpoint: _139709_ (rising edge-triggered flip-flop clocked by eth_rx_clk_i)
Endpoint: _129926_ (rising edge-triggered flip-flop clocked by eth_rx_clk_i)
Path Group: eth_rx_clk_i
Path Type: max
Corner: nom_slow_1p08V_125C

Fanout            Cap           Slew          Delay           Time   Description
---------------------------------------------------------------------------------------------------------
                                        0.000000000    0.000000000   clock eth_rx_clk_i (rise edge)
                                        1.800178528    1.800178528   clock network delay (propagated)
                         0.081603751    0.000000000    1.800178528 ^ _139709_/CLK (sg13g2_dfrbpq_1)
     1    0.005787396    0.053025957    0.313911796    2.114090204 ^ _139709_/Q (sg13g2_dfrbpq_1)
     7    0.071449660    0.454131782    0.419487119    2.533577442 ^ _139331_/X (sg13g2_buf_1)
     3    0.026862580    0.110896841    0.328512788    2.862090111 ^ _139332_/X (sg13g2_buf_2)
     8    0.240555331    1.521568179    1.088429809    3.950520039 ^ fanout4913/X (sg13g2_buf_1)
     2    0.143923715    0.757421494    1.275966048    5.226486206 v _139339_/X (sg13g2_mux2_1)
     1    0.104229480    1.390289783    1.538679004    6.765164852 ^ _064728_/Y (sg13g2_a22oi_1)
     2    0.016784901    0.167391583    0.721764445    7.486929417 ^ _064730_/X (sg13g2_and4_1)
     2    0.008685233    0.148998439    0.188515872    7.675445557 v _064731_/X (sg13g2_xor2_1)
     1    0.006195468    0.155625537    0.204270378    7.879715919 ^ _064867_/Y (sg13g2_o21ai_1)
     1    0.009704216    0.172533005    0.241302982    8.121018410 v _064868_/Y (sg13g2_nand3_1)
     1    0.004146411    0.158048898    0.190437004    8.311455727 ^ _064869_/Y (sg13g2_nor3_1)
     1    0.007540251    0.198257312    0.283548295    8.595004082 v _064870_/Y (sg13g2_nand4_1)
     2    0.017976470    0.542266726    0.516529918    9.111534119 ^ _064871_/Y (sg13g2_nor4_1)
     4    0.019911116    0.171762317    0.344588369    9.456122398 ^ _064900_/Y (sg13g2_nand2b_1)
     1    0.005501457    0.065948687    0.243038490    9.699160576 ^ _089888_/X (sg13g2_and3_1)
     3    0.021076588    0.121575810    0.138824061    9.837985039 v _089889_/Y (sg13g2_inv_1)
     3    0.015266052    0.234045655    0.254796177   10.092781067 ^ _098828_/Y (sg13g2_a21oi_1)
     3    0.013430960    0.119455948    0.173277393   10.266058922 v _098850_/Y (sg13g2_inv_1)
     2    0.007898758    0.145913690    0.179223746   10.445281982 ^ _098859_/Y (sg13g2_a21oi_1)
     3    0.022191018    0.151902154    0.241980672   10.687262535 ^ _098860_/X (sg13g2_buf_1)
     8    0.053634927    0.345153093    0.388636678   11.075900078 ^ fanout1078/X (sg13g2_buf_1)
     1    0.002555004    0.132673308    0.161525026   11.237424850 v _098861_/Y (sg13g2_a22oi_1)
                         0.132673308    0.000044409   11.237468719 v _129926_/D (sg13g2_dfrbpq_1)
                                                      11.237468719   data arrival time

                                        8.000000000    8.000000000   clock eth_rx_clk_i (rise edge)
                                        1.488402009    9.488402367   clock network delay (propagated)
                                       -0.250000000    9.238402367   clock uncertainty
                                        0.102114543    9.340517044   clock reconvergence pessimism
                                                       9.340517044 ^ _129926_/CLK (sg13g2_dfrbpq_1)
                                       -0.210293800    9.130223274   library setup time
                                                       9.130223274   data required time
---------------------------------------------------------------------------------------------------------
                                                       9.130223274   data required time
                                                     -11.237468719   data arrival time
---------------------------------------------------------------------------------------------------------
                                                      -2.107245922   slack (VIOLATED)


Startpoint: _139709_ (rising edge-triggered flip-flop clocked by eth_rx_clk_i)
Endpoint: _129934_ (rising edge-triggered flip-flop clocked by eth_rx_clk_i)
Path Group: eth_rx_clk_i
Path Type: max
Corner: nom_slow_1p08V_125C

Fanout            Cap           Slew          Delay           Time   Description
---------------------------------------------------------------------------------------------------------
                                        0.000000000    0.000000000   clock eth_rx_clk_i (rise edge)
                                        1.800178528    1.800178528   clock network delay (propagated)
                         0.081603751    0.000000000    1.800178528 ^ _139709_/CLK (sg13g2_dfrbpq_1)
     1    0.005787396    0.053025957    0.313911796    2.114090204 ^ _139709_/Q (sg13g2_dfrbpq_1)
     7    0.071449660    0.454131782    0.419487119    2.533577442 ^ _139331_/X (sg13g2_buf_1)
     3    0.026862580    0.110896841    0.328512788    2.862090111 ^ _139332_/X (sg13g2_buf_2)
     8    0.240555331    1.521568179    1.088429809    3.950520039 ^ fanout4913/X (sg13g2_buf_1)
     2    0.143923715    0.757421494    1.275966048    5.226486206 v _139339_/X (sg13g2_mux2_1)
     1    0.104229480    1.390289783    1.538679004    6.765164852 ^ _064728_/Y (sg13g2_a22oi_1)
     2    0.016784901    0.167391583    0.721764445    7.486929417 ^ _064730_/X (sg13g2_and4_1)
     2    0.008685233    0.148998439    0.188515872    7.675445557 v _064731_/X (sg13g2_xor2_1)
     1    0.006195468    0.155625537    0.204270378    7.879715919 ^ _064867_/Y (sg13g2_o21ai_1)
     1    0.009704216    0.172533005    0.241302982    8.121018410 v _064868_/Y (sg13g2_nand3_1)
     1    0.004146411    0.158048898    0.190437004    8.311455727 ^ _064869_/Y (sg13g2_nor3_1)
     1    0.007540251    0.198257312    0.283548295    8.595004082 v _064870_/Y (sg13g2_nand4_1)
     2    0.017976470    0.542266726    0.516529918    9.111534119 ^ _064871_/Y (sg13g2_nor4_1)
     4    0.019911116    0.171762317    0.344588369    9.456122398 ^ _064900_/Y (sg13g2_nand2b_1)
     1    0.005501457    0.065948687    0.243038490    9.699160576 ^ _089888_/X (sg13g2_and3_1)
     3    0.021076588    0.121575810    0.138824061    9.837985039 v _089889_/Y (sg13g2_inv_1)
     3    0.015266052    0.234045655    0.254796177   10.092781067 ^ _098828_/Y (sg13g2_a21oi_1)
     3    0.013430960    0.119455948    0.173277393   10.266058922 v _098850_/Y (sg13g2_inv_1)
     2    0.007898758    0.145913690    0.179223746   10.445281982 ^ _098859_/Y (sg13g2_a21oi_1)
     3    0.022191018    0.151902154    0.241980672   10.687262535 ^ _098860_/X (sg13g2_buf_1)
     8    0.053634927    0.345153093    0.388636678   11.075900078 ^ fanout1078/X (sg13g2_buf_1)
     1    0.002612505    0.110965103    0.180165216   11.256064415 v _098909_/Y (sg13g2_a22oi_1)
                         0.110965103    0.000047073   11.256112099 v _129934_/D (sg13g2_dfrbpq_1)
                                                      11.256112099   data arrival time

                                        8.000000000    8.000000000   clock eth_rx_clk_i (rise edge)
                                        1.502460241    9.502460480   clock network delay (propagated)
                                       -0.250000000    9.252460480   clock uncertainty
                                        0.102114543    9.354575157   clock reconvergence pessimism
                                                       9.354575157 ^ _129934_/CLK (sg13g2_dfrbpq_1)
                                       -0.195547983    9.159027100   library setup time
                                                       9.159027100   data required time
---------------------------------------------------------------------------------------------------------
                                                       9.159027100   data required time
                                                     -11.256112099   data arrival time
---------------------------------------------------------------------------------------------------------
                                                      -2.097084284   slack (VIOLATED)


Startpoint: _139709_ (rising edge-triggered flip-flop clocked by eth_rx_clk_i)
Endpoint: _129927_ (rising edge-triggered flip-flop clocked by eth_rx_clk_i)
Path Group: eth_rx_clk_i
Path Type: max
Corner: nom_slow_1p08V_125C

Fanout            Cap           Slew          Delay           Time   Description
---------------------------------------------------------------------------------------------------------
                                        0.000000000    0.000000000   clock eth_rx_clk_i (rise edge)
                                        1.800178528    1.800178528   clock network delay (propagated)
                         0.081603751    0.000000000    1.800178528 ^ _139709_/CLK (sg13g2_dfrbpq_1)
     1    0.005787396    0.053025957    0.313911796    2.114090204 ^ _139709_/Q (sg13g2_dfrbpq_1)
     7    0.071449660    0.454131782    0.419487119    2.533577442 ^ _139331_/X (sg13g2_buf_1)
     3    0.026862580    0.110896841    0.328512788    2.862090111 ^ _139332_/X (sg13g2_buf_2)
     8    0.240555331    1.521568179    1.088429809    3.950520039 ^ fanout4913/X (sg13g2_buf_1)
     2    0.143923715    0.757421494    1.275966048    5.226486206 v _139339_/X (sg13g2_mux2_1)
     1    0.104229480    1.390289783    1.538679004    6.765164852 ^ _064728_/Y (sg13g2_a22oi_1)
     2    0.016784901    0.167391583    0.721764445    7.486929417 ^ _064730_/X (sg13g2_and4_1)
     2    0.008685233    0.148998439    0.188515872    7.675445557 v _064731_/X (sg13g2_xor2_1)
     1    0.006195468    0.155625537    0.204270378    7.879715919 ^ _064867_/Y (sg13g2_o21ai_1)
     1    0.009704216    0.172533005    0.241302982    8.121018410 v _064868_/Y (sg13g2_nand3_1)
     1    0.004146411    0.158048898    0.190437004    8.311455727 ^ _064869_/Y (sg13g2_nor3_1)
     1    0.007540251    0.198257312    0.283548295    8.595004082 v _064870_/Y (sg13g2_nand4_1)
     2    0.017976470    0.542266726    0.516529918    9.111534119 ^ _064871_/Y (sg13g2_nor4_1)
     4    0.019911116    0.171762317    0.344588369    9.456122398 ^ _064900_/Y (sg13g2_nand2b_1)
     1    0.005501457    0.065948687    0.243038490    9.699160576 ^ _089888_/X (sg13g2_and3_1)
     3    0.021076588    0.121575810    0.138824061    9.837985039 v _089889_/Y (sg13g2_inv_1)
     3    0.015266052    0.234045655    0.254796177   10.092781067 ^ _098828_/Y (sg13g2_a21oi_1)
     3    0.013430960    0.119455948    0.173277393   10.266058922 v _098850_/Y (sg13g2_inv_1)
     2    0.007898758    0.145913690    0.179223746   10.445281982 ^ _098859_/Y (sg13g2_a21oi_1)
     3    0.022191018    0.151902154    0.241980672   10.687262535 ^ _098860_/X (sg13g2_buf_1)
     8    0.053634927    0.345153093    0.388636678   11.075900078 ^ fanout1078/X (sg13g2_buf_1)
     1    0.002465369    0.109854802    0.176815897   11.252715111 v _098867_/Y (sg13g2_a22oi_1)
                         0.109854802    0.000041744   11.252757072 v _129927_/D (sg13g2_dfrbpq_1)
                                                      11.252757072   data arrival time

                                        8.000000000    8.000000000   clock eth_rx_clk_i (rise edge)
                                        1.500265837    9.500266075   clock network delay (propagated)
                                       -0.250000000    9.250266075   clock uncertainty
                                        0.102114543    9.352380753   clock reconvergence pessimism
                                                       9.352380753 ^ _129927_/CLK (sg13g2_dfrbpq_1)
                                       -0.195133194    9.157247543   library setup time
                                                       9.157247543   data required time
---------------------------------------------------------------------------------------------------------
                                                       9.157247543   data required time
                                                     -11.252757072   data arrival time
---------------------------------------------------------------------------------------------------------
                                                      -2.095509529   slack (VIOLATED)


Startpoint: _139709_ (rising edge-triggered flip-flop clocked by eth_rx_clk_i)
Endpoint: _128361_ (rising edge-triggered flip-flop clocked by eth_rx_clk_i)
Path Group: eth_rx_clk_i
Path Type: max
Corner: nom_slow_1p08V_125C

Fanout            Cap           Slew          Delay           Time   Description
---------------------------------------------------------------------------------------------------------
                                        0.000000000    0.000000000   clock eth_rx_clk_i (rise edge)
                                        1.800178528    1.800178528   clock network delay (propagated)
                         0.081603751    0.000000000    1.800178528 ^ _139709_/CLK (sg13g2_dfrbpq_1)
     1    0.005787396    0.053025957    0.313911796    2.114090204 ^ _139709_/Q (sg13g2_dfrbpq_1)
     7    0.071449660    0.454131782    0.419487119    2.533577442 ^ _139331_/X (sg13g2_buf_1)
     3    0.026862580    0.110896841    0.328512788    2.862090111 ^ _139332_/X (sg13g2_buf_2)
     8    0.240555331    1.521568179    1.088429809    3.950520039 ^ fanout4913/X (sg13g2_buf_1)
     2    0.143923715    0.757421494    1.275966048    5.226486206 v _139339_/X (sg13g2_mux2_1)
     1    0.104229480    1.390289783    1.538679004    6.765164852 ^ _064728_/Y (sg13g2_a22oi_1)
     2    0.016784901    0.167391583    0.721764445    7.486929417 ^ _064730_/X (sg13g2_and4_1)
     2    0.008685233    0.148998439    0.188515872    7.675445557 v _064731_/X (sg13g2_xor2_1)
     1    0.006195468    0.155625537    0.204270378    7.879715919 ^ _064867_/Y (sg13g2_o21ai_1)
     1    0.009704216    0.172533005    0.241302982    8.121018410 v _064868_/Y (sg13g2_nand3_1)
     1    0.004146411    0.158048898    0.190437004    8.311455727 ^ _064869_/Y (sg13g2_nor3_1)
     1    0.007540251    0.198257312    0.283548295    8.595004082 v _064870_/Y (sg13g2_nand4_1)
     2    0.017976470    0.542266726    0.516529918    9.111534119 ^ _064871_/Y (sg13g2_nor4_1)
     4    0.019911116    0.171762317    0.344588369    9.456122398 ^ _064900_/Y (sg13g2_nand2b_1)
     1    0.005501457    0.065948687    0.243038490    9.699160576 ^ _089888_/X (sg13g2_and3_1)
     3    0.021076588    0.121575810    0.138824061    9.837985039 v _089889_/Y (sg13g2_inv_1)
     4    0.023713809    0.393738836    0.407154322   10.245139122 ^ _089893_/Y (sg13g2_o21ai_1)
     3    0.016957961    0.135446846    0.395481884   10.640621185 ^ _089897_/X (sg13g2_and3_1)
     3    0.013487526    0.102651089    0.233717933   10.874339104 ^ _089900_/X (sg13g2_and2_1)
     3    0.013426643    0.102401204    0.219616339   11.093955040 ^ _089903_/X (sg13g2_and2_1)
     1    0.002443384    0.044586711    0.081516132   11.175471306 v _089905_/Y (sg13g2_nor2_1)
                         0.044586711    0.000040856   11.175512314 v _128361_/D (sg13g2_dfrbpq_1)
                                                      11.175512314   data arrival time

                                        8.000000000    8.000000000   clock eth_rx_clk_i (rise edge)
                                        1.481398225    9.481398582   clock network delay (propagated)
                                       -0.250000000    9.231398582   clock uncertainty
                                        0.102114543    9.333513260   clock reconvergence pessimism
                                                       9.333513260 ^ _128361_/CLK (sg13g2_dfrbpq_1)
                                       -0.167510405    9.166002274   library setup time
                                                       9.166002274   data required time
---------------------------------------------------------------------------------------------------------
                                                       9.166002274   data required time
                                                     -11.175512314   data arrival time
---------------------------------------------------------------------------------------------------------
                                                      -2.009510040   slack (VIOLATED)


Startpoint: _139709_ (rising edge-triggered flip-flop clocked by eth_rx_clk_i)
Endpoint: _129935_ (rising edge-triggered flip-flop clocked by eth_rx_clk_i)
Path Group: eth_rx_clk_i
Path Type: max
Corner: nom_slow_1p08V_125C

Fanout            Cap           Slew          Delay           Time   Description
---------------------------------------------------------------------------------------------------------
                                        0.000000000    0.000000000   clock eth_rx_clk_i (rise edge)
                                        1.800178528    1.800178528   clock network delay (propagated)
                         0.081603751    0.000000000    1.800178528 ^ _139709_/CLK (sg13g2_dfrbpq_1)
     1    0.005787396    0.053025957    0.313911796    2.114090204 ^ _139709_/Q (sg13g2_dfrbpq_1)
     7    0.071449660    0.454131782    0.419487119    2.533577442 ^ _139331_/X (sg13g2_buf_1)
     3    0.026862580    0.110896841    0.328512788    2.862090111 ^ _139332_/X (sg13g2_buf_2)
     8    0.240555331    1.521568179    1.088429809    3.950520039 ^ fanout4913/X (sg13g2_buf_1)
     2    0.143923715    0.757421494    1.275966048    5.226486206 v _139339_/X (sg13g2_mux2_1)
     1    0.104229480    1.390289783    1.538679004    6.765164852 ^ _064728_/Y (sg13g2_a22oi_1)
     2    0.016784901    0.167391583    0.721764445    7.486929417 ^ _064730_/X (sg13g2_and4_1)
     2    0.008685233    0.148998439    0.188515872    7.675445557 v _064731_/X (sg13g2_xor2_1)
     1    0.006195468    0.155625537    0.204270378    7.879715919 ^ _064867_/Y (sg13g2_o21ai_1)
     1    0.009704216    0.172533005    0.241302982    8.121018410 v _064868_/Y (sg13g2_nand3_1)
     1    0.004146411    0.158048898    0.190437004    8.311455727 ^ _064869_/Y (sg13g2_nor3_1)
     1    0.007540251    0.198257312    0.283548295    8.595004082 v _064870_/Y (sg13g2_nand4_1)
     2    0.017976470    0.542266726    0.516529918    9.111534119 ^ _064871_/Y (sg13g2_nor4_1)
     4    0.019911116    0.171762317    0.344588369    9.456122398 ^ _064900_/Y (sg13g2_nand2b_1)
     1    0.005501457    0.065948687    0.243038490    9.699160576 ^ _089888_/X (sg13g2_and3_1)
     3    0.021076588    0.121575810    0.138824061    9.837985039 v _089889_/Y (sg13g2_inv_1)
     3    0.015266052    0.234045655    0.254796177   10.092781067 ^ _098828_/Y (sg13g2_a21oi_1)
     3    0.013430960    0.119455948    0.173277393   10.266058922 v _098850_/Y (sg13g2_inv_1)
     2    0.007898758    0.145913690    0.179223746   10.445281982 ^ _098859_/Y (sg13g2_a21oi_1)
     3    0.022191018    0.151902154    0.241980672   10.687262535 ^ _098860_/X (sg13g2_buf_1)
     8    0.053634927    0.345153093    0.388636678   11.075900078 ^ fanout1078/X (sg13g2_buf_1)
     1    0.005305539    0.130669966    0.206915379   11.282814980 v _098915_/Y (sg13g2_a22oi_1)
                         0.130670041    0.000203393   11.283018112 v _129935_/D (sg13g2_dfrbpq_1)
                                                      11.283018112   data arrival time

                                        8.000000000    8.000000000   clock eth_rx_clk_i (rise edge)
                                        1.678115010    9.678114891   clock network delay (propagated)
                                       -0.250000000    9.428114891   clock uncertainty
                                        0.102114543    9.530229568   clock reconvergence pessimism
                                                       9.530229568 ^ _129935_/CLK (sg13g2_dfrbpq_1)
                                       -0.203997433    9.326231956   library setup time
                                                       9.326231956   data required time
---------------------------------------------------------------------------------------------------------
                                                       9.326231956   data required time
                                                     -11.283018112   data arrival time
---------------------------------------------------------------------------------------------------------
                                                      -1.956786752   slack (VIOLATED)


Startpoint: _139709_ (rising edge-triggered flip-flop clocked by eth_rx_clk_i)
Endpoint: _128360_ (rising edge-triggered flip-flop clocked by eth_rx_clk_i)
Path Group: eth_rx_clk_i
Path Type: max
Corner: nom_slow_1p08V_125C

Fanout            Cap           Slew          Delay           Time   Description
---------------------------------------------------------------------------------------------------------
                                        0.000000000    0.000000000   clock eth_rx_clk_i (rise edge)
                                        1.800178528    1.800178528   clock network delay (propagated)
                         0.081603751    0.000000000    1.800178528 ^ _139709_/CLK (sg13g2_dfrbpq_1)
     1    0.005787396    0.053025957    0.313911796    2.114090204 ^ _139709_/Q (sg13g2_dfrbpq_1)
     7    0.071449660    0.454131782    0.419487119    2.533577442 ^ _139331_/X (sg13g2_buf_1)
     3    0.026862580    0.110896841    0.328512788    2.862090111 ^ _139332_/X (sg13g2_buf_2)
     8    0.240555331    1.521568179    1.088429809    3.950520039 ^ fanout4913/X (sg13g2_buf_1)
     2    0.143923715    0.757421494    1.275966048    5.226486206 v _139339_/X (sg13g2_mux2_1)
     1    0.104229480    1.390289783    1.538679004    6.765164852 ^ _064728_/Y (sg13g2_a22oi_1)
     2    0.016784901    0.167391583    0.721764445    7.486929417 ^ _064730_/X (sg13g2_and4_1)
     2    0.008685233    0.148998439    0.188515872    7.675445557 v _064731_/X (sg13g2_xor2_1)
     1    0.006195468    0.155625537    0.204270378    7.879715919 ^ _064867_/Y (sg13g2_o21ai_1)
     1    0.009704216    0.172533005    0.241302982    8.121018410 v _064868_/Y (sg13g2_nand3_1)
     1    0.004146411    0.158048898    0.190437004    8.311455727 ^ _064869_/Y (sg13g2_nor3_1)
     1    0.007540251    0.198257312    0.283548295    8.595004082 v _064870_/Y (sg13g2_nand4_1)
     2    0.017976470    0.542266726    0.516529918    9.111534119 ^ _064871_/Y (sg13g2_nor4_1)
     4    0.019911116    0.171762317    0.344588369    9.456122398 ^ _064900_/Y (sg13g2_nand2b_1)
     1    0.005501457    0.065948687    0.243038490    9.699160576 ^ _089888_/X (sg13g2_and3_1)
     3    0.021076588    0.121575810    0.138824061    9.837985039 v _089889_/Y (sg13g2_inv_1)
     4    0.023713809    0.393738836    0.407154322   10.245139122 ^ _089893_/Y (sg13g2_o21ai_1)
     3    0.016957961    0.135446846    0.395481884   10.640621185 ^ _089897_/X (sg13g2_and3_1)
     3    0.013487526    0.102651089    0.233717933   10.874339104 ^ _089900_/X (sg13g2_and2_1)
     1    0.003524912    0.054366242    0.087026387   10.961365700 v _089902_/Y (sg13g2_nor2_1)
                         0.054366272    0.000093259   10.961459160 v _128360_/D (sg13g2_dfrbpq_1)
                                                      10.961459160   data arrival time

                                        8.000000000    8.000000000   clock eth_rx_clk_i (rise edge)
                                        1.485646486    9.485646248   clock network delay (propagated)
                                       -0.250000000    9.235646248   clock uncertainty
                                        0.102114543    9.337760925   clock reconvergence pessimism
                                                       9.337760925 ^ _128360_/CLK (sg13g2_dfrbpq_1)
                                       -0.173977733    9.163783073   library setup time
                                                       9.163783073   data required time
---------------------------------------------------------------------------------------------------------
                                                       9.163783073   data required time
                                                     -10.961459160   data arrival time
---------------------------------------------------------------------------------------------------------
                                                      -1.797675848   slack (VIOLATED)


Startpoint: _139709_ (rising edge-triggered flip-flop clocked by eth_rx_clk_i)
Endpoint: _129932_ (rising edge-triggered flip-flop clocked by eth_rx_clk_i)
Path Group: eth_rx_clk_i
Path Type: max
Corner: nom_slow_1p08V_125C

Fanout            Cap           Slew          Delay           Time   Description
---------------------------------------------------------------------------------------------------------
                                        0.000000000    0.000000000   clock eth_rx_clk_i (rise edge)
                                        1.800178528    1.800178528   clock network delay (propagated)
                         0.081603751    0.000000000    1.800178528 ^ _139709_/CLK (sg13g2_dfrbpq_1)
     1    0.005787396    0.053025957    0.313911796    2.114090204 ^ _139709_/Q (sg13g2_dfrbpq_1)
     7    0.071449660    0.454131782    0.419487119    2.533577442 ^ _139331_/X (sg13g2_buf_1)
     3    0.026862580    0.110896841    0.328512788    2.862090111 ^ _139332_/X (sg13g2_buf_2)
     8    0.240555331    1.521568179    1.088429809    3.950520039 ^ fanout4913/X (sg13g2_buf_1)
     2    0.143923715    0.757421494    1.275966048    5.226486206 v _139339_/X (sg13g2_mux2_1)
     1    0.104229480    1.390289783    1.538679004    6.765164852 ^ _064728_/Y (sg13g2_a22oi_1)
     2    0.016784901    0.167391583    0.721764445    7.486929417 ^ _064730_/X (sg13g2_and4_1)
     2    0.008685233    0.148998439    0.188515872    7.675445557 v _064731_/X (sg13g2_xor2_1)
     1    0.006195468    0.155625537    0.204270378    7.879715919 ^ _064867_/Y (sg13g2_o21ai_1)
     1    0.009704216    0.172533005    0.241302982    8.121018410 v _064868_/Y (sg13g2_nand3_1)
     1    0.004146411    0.158048898    0.190437004    8.311455727 ^ _064869_/Y (sg13g2_nor3_1)
     1    0.007540251    0.198257312    0.283548295    8.595004082 v _064870_/Y (sg13g2_nand4_1)
     2    0.017976470    0.542266726    0.516529918    9.111534119 ^ _064871_/Y (sg13g2_nor4_1)
     4    0.019911116    0.171762317    0.344588369    9.456122398 ^ _064900_/Y (sg13g2_nand2b_1)
     1    0.005501457    0.065948687    0.243038490    9.699160576 ^ _089888_/X (sg13g2_and3_1)
     3    0.021076588    0.121575810    0.138824061    9.837985039 v _089889_/Y (sg13g2_inv_1)
     3    0.015266052    0.234045655    0.254796177   10.092781067 ^ _098828_/Y (sg13g2_a21oi_1)
     3    0.013430960    0.119455948    0.173277393   10.266058922 v _098850_/Y (sg13g2_inv_1)
     2    0.007898758    0.145913690    0.179223746   10.445281982 ^ _098859_/Y (sg13g2_a21oi_1)
     3    0.022191018    0.151902154    0.241980672   10.687262535 ^ _098860_/X (sg13g2_buf_1)
     1    0.007744048    0.125862226    0.170055971   10.857318878 v _098898_/Y (sg13g2_a22oi_1)
                         0.125862584    0.000426326   10.857745171 v _129932_/D (sg13g2_dfrbpq_1)
                                                      10.857745171   data arrival time

                                        8.000000000    8.000000000   clock eth_rx_clk_i (rise edge)
                                        1.502264142    9.502264023   clock network delay (propagated)
                                       -0.250000000    9.252264023   clock uncertainty
                                        0.102114543    9.354378700   clock reconvergence pessimism
                                                       9.354378700 ^ _129932_/CLK (sg13g2_dfrbpq_1)
                                       -0.202314138    9.152065277   library setup time
                                                       9.152065277   data required time
---------------------------------------------------------------------------------------------------------
                                                       9.152065277   data required time
                                                     -10.857745171   data arrival time
---------------------------------------------------------------------------------------------------------
                                                      -1.705680132   slack (VIOLATED)


Startpoint: _139709_ (rising edge-triggered flip-flop clocked by eth_rx_clk_i)
Endpoint: _130034_ (rising edge-triggered flip-flop clocked by eth_rx_clk_i)
Path Group: eth_rx_clk_i
Path Type: max
Corner: nom_slow_1p08V_125C

Fanout            Cap           Slew          Delay           Time   Description
---------------------------------------------------------------------------------------------------------
                                        0.000000000    0.000000000   clock eth_rx_clk_i (rise edge)
                                        1.800178528    1.800178528   clock network delay (propagated)
                         0.081603751    0.000000000    1.800178528 ^ _139709_/CLK (sg13g2_dfrbpq_1)
     1    0.005787396    0.053025957    0.313911796    2.114090204 ^ _139709_/Q (sg13g2_dfrbpq_1)
     7    0.071449660    0.454131782    0.419487119    2.533577442 ^ _139331_/X (sg13g2_buf_1)
     3    0.026862580    0.110896841    0.328512788    2.862090111 ^ _139332_/X (sg13g2_buf_2)
     8    0.240555331    1.521568179    1.088429809    3.950520039 ^ fanout4913/X (sg13g2_buf_1)
     2    0.143923715    0.757421494    1.275966048    5.226486206 v _139339_/X (sg13g2_mux2_1)
     1    0.104229480    1.390289783    1.538679004    6.765164852 ^ _064728_/Y (sg13g2_a22oi_1)
     2    0.016784901    0.167391583    0.721764445    7.486929417 ^ _064730_/X (sg13g2_and4_1)
     1    0.007327159    0.152492329    0.198026493    7.684956074 v _082527_/Y (sg13g2_nand3_1)
     1    0.003453014    0.227557585    0.252543777    7.937500000 ^ _082529_/Y (sg13g2_nor4_1)
     3    0.039181400    0.736169338    0.745276749    8.682776451 v _082530_/Y (sg13g2_nand4_1)
     3    0.011471426    0.290439069    0.400206983    9.082983971 ^ _082531_/Y (sg13g2_a21oi_1)
     4    0.033114832    0.337207586    0.423120230    9.506103516 v _082532_/Y (sg13g2_nand2_1)
     5    0.029389055    0.615457177    0.645746589   10.151850700 ^ _099202_/Y (sg13g2_nor3_1)
     2    0.009672427    0.166793674    0.383483469   10.535333633 ^ _099209_/Y (sg13g2_nor2b_1)
     1    0.007302083    0.109358832    0.161205277   10.696538925 v _099211_/Y (sg13g2_nand2_1)
     1    0.003326195    0.073666722    0.175389484   10.871928215 v _099212_/Y (sg13g2_xnor2_1)
                         0.073666722    0.000082601   10.872011185 v _130034_/D (sg13g2_dfrbpq_1)
                                                      10.872011185   data arrival time

                                        8.000000000    8.000000000   clock eth_rx_clk_i (rise edge)
                                        1.499470353    9.499469757   clock network delay (propagated)
                                       -0.250000000    9.249469757   clock uncertainty
                                        0.102114543    9.351584435   clock reconvergence pessimism
                                                       9.351584435 ^ _130034_/CLK (sg13g2_dfrbpq_1)
                                       -0.178738937    9.172845840   library setup time
                                                       9.172845840   data required time
---------------------------------------------------------------------------------------------------------
                                                       9.172845840   data required time
                                                     -10.872011185   data arrival time
---------------------------------------------------------------------------------------------------------
                                                      -1.699165344   slack (VIOLATED)


Startpoint: _139709_ (rising edge-triggered flip-flop clocked by eth_rx_clk_i)
Endpoint: _129931_ (rising edge-triggered flip-flop clocked by eth_rx_clk_i)
Path Group: eth_rx_clk_i
Path Type: max
Corner: nom_slow_1p08V_125C

Fanout            Cap           Slew          Delay           Time   Description
---------------------------------------------------------------------------------------------------------
                                        0.000000000    0.000000000   clock eth_rx_clk_i (rise edge)
                                        1.800178528    1.800178528   clock network delay (propagated)
                         0.081603751    0.000000000    1.800178528 ^ _139709_/CLK (sg13g2_dfrbpq_1)
     1    0.005787396    0.053025957    0.313911796    2.114090204 ^ _139709_/Q (sg13g2_dfrbpq_1)
     7    0.071449660    0.454131782    0.419487119    2.533577442 ^ _139331_/X (sg13g2_buf_1)
     3    0.026862580    0.110896841    0.328512788    2.862090111 ^ _139332_/X (sg13g2_buf_2)
     8    0.240555331    1.521568179    1.088429809    3.950520039 ^ fanout4913/X (sg13g2_buf_1)
     2    0.143923715    0.757421494    1.275966048    5.226486206 v _139339_/X (sg13g2_mux2_1)
     1    0.104229480    1.390289783    1.538679004    6.765164852 ^ _064728_/Y (sg13g2_a22oi_1)
     2    0.016784901    0.167391583    0.721764445    7.486929417 ^ _064730_/X (sg13g2_and4_1)
     2    0.008685233    0.148998439    0.188515872    7.675445557 v _064731_/X (sg13g2_xor2_1)
     1    0.006195468    0.155625537    0.204270378    7.879715919 ^ _064867_/Y (sg13g2_o21ai_1)
     1    0.009704216    0.172533005    0.241302982    8.121018410 v _064868_/Y (sg13g2_nand3_1)
     1    0.004146411    0.158048898    0.190437004    8.311455727 ^ _064869_/Y (sg13g2_nor3_1)
     1    0.007540251    0.198257312    0.283548295    8.595004082 v _064870_/Y (sg13g2_nand4_1)
     2    0.017976470    0.542266726    0.516529918    9.111534119 ^ _064871_/Y (sg13g2_nor4_1)
     4    0.019911116    0.171762317    0.344588369    9.456122398 ^ _064900_/Y (sg13g2_nand2b_1)
     1    0.005501457    0.065948687    0.243038490    9.699160576 ^ _089888_/X (sg13g2_and3_1)
     3    0.021076588    0.121575810    0.138824061    9.837985039 v _089889_/Y (sg13g2_inv_1)
     3    0.015266052    0.234045655    0.254796177   10.092781067 ^ _098828_/Y (sg13g2_a21oi_1)
     3    0.013430960    0.119455948    0.173277393   10.266058922 v _098850_/Y (sg13g2_inv_1)
     2    0.007898758    0.145913690    0.179223746   10.445281982 ^ _098859_/Y (sg13g2_a21oi_1)
     3    0.022191018    0.151902154    0.241980672   10.687262535 ^ _098860_/X (sg13g2_buf_1)
     1    0.005857287    0.110528380    0.155086622   10.842350006 v _098891_/Y (sg13g2_a22oi_1)
                         0.110528447    0.000187406   10.842536926 v _129931_/D (sg13g2_dfrbpq_1)
                                                      10.842536926   data arrival time

                                        8.000000000    8.000000000   clock eth_rx_clk_i (rise edge)
                                        1.503995061    9.503994942   clock network delay (propagated)
                                       -0.250000000    9.253994942   clock uncertainty
                                        0.102114543    9.356109619   clock reconvergence pessimism
                                                       9.356109619 ^ _129931_/CLK (sg13g2_dfrbpq_1)
                                       -0.198973984    9.157135963   library setup time
                                                       9.157135963   data required time
---------------------------------------------------------------------------------------------------------
                                                       9.157135963   data required time
                                                     -10.842536926   data arrival time
---------------------------------------------------------------------------------------------------------
                                                      -1.685401201   slack (VIOLATED)


Startpoint: _139709_ (rising edge-triggered flip-flop clocked by eth_rx_clk_i)
Endpoint: _129922_ (rising edge-triggered flip-flop clocked by eth_rx_clk_i)
Path Group: eth_rx_clk_i
Path Type: max
Corner: nom_slow_1p08V_125C

Fanout            Cap           Slew          Delay           Time   Description
---------------------------------------------------------------------------------------------------------
                                        0.000000000    0.000000000   clock eth_rx_clk_i (rise edge)
                                        1.800178528    1.800178528   clock network delay (propagated)
                         0.081603751    0.000000000    1.800178528 ^ _139709_/CLK (sg13g2_dfrbpq_1)
     1    0.005787396    0.053025957    0.313911796    2.114090204 ^ _139709_/Q (sg13g2_dfrbpq_1)
     7    0.071449660    0.454131782    0.419487119    2.533577442 ^ _139331_/X (sg13g2_buf_1)
     3    0.026862580    0.110896841    0.328512788    2.862090111 ^ _139332_/X (sg13g2_buf_2)
     8    0.240555331    1.521568179    1.088429809    3.950520039 ^ fanout4913/X (sg13g2_buf_1)
     2    0.143923715    0.757421494    1.275966048    5.226486206 v _139339_/X (sg13g2_mux2_1)
     1    0.104229480    1.390289783    1.538679004    6.765164852 ^ _064728_/Y (sg13g2_a22oi_1)
     2    0.016784901    0.167391583    0.721764445    7.486929417 ^ _064730_/X (sg13g2_and4_1)
     2    0.008685233    0.148998439    0.188515872    7.675445557 v _064731_/X (sg13g2_xor2_1)
     1    0.006195468    0.155625537    0.204270378    7.879715919 ^ _064867_/Y (sg13g2_o21ai_1)
     1    0.009704216    0.172533005    0.241302982    8.121018410 v _064868_/Y (sg13g2_nand3_1)
     1    0.004146411    0.158048898    0.190437004    8.311455727 ^ _064869_/Y (sg13g2_nor3_1)
     1    0.007540251    0.198257312    0.283548295    8.595004082 v _064870_/Y (sg13g2_nand4_1)
     2    0.017976470    0.542266726    0.516529918    9.111534119 ^ _064871_/Y (sg13g2_nor4_1)
     4    0.019911116    0.171762317    0.344588369    9.456122398 ^ _064900_/Y (sg13g2_nand2b_1)
     1    0.005501457    0.065948687    0.243038490    9.699160576 ^ _089888_/X (sg13g2_and3_1)
     3    0.021076588    0.121575810    0.138824061    9.837985039 v _089889_/Y (sg13g2_inv_1)
     3    0.015266052    0.234045655    0.254796177   10.092781067 ^ _098828_/Y (sg13g2_a21oi_1)
     4    0.020197026    0.230131209    0.300043553   10.392825127 v _098832_/Y (sg13g2_nand2b_1)
     3    0.013458361    0.227683842    0.281298548   10.674122810 ^ _098835_/Y (sg13g2_a21oi_1)
     1    0.003805730    0.091583140    0.130702570   10.804825783 v _098838_/Y (sg13g2_o21ai_1)
     1    0.005442528    0.054538555    0.217423424   11.022249222 v _098840_/X (sg13g2_a21o_1)
                         0.054538555    0.000220268   11.022469521 v _129922_/D (sg13g2_dfrbpq_1)
                                                      11.022469521   data arrival time

                                        8.000000000    8.000000000   clock eth_rx_clk_i (rise edge)
                                        1.677247167    9.677247047   clock network delay (propagated)
                                       -0.250000000    9.427247047   clock uncertainty
                                        0.102114543    9.529361725   clock reconvergence pessimism
                                                       9.529361725 ^ _129922_/CLK (sg13g2_dfrbpq_1)
                                       -0.169540197    9.359821320   library setup time
                                                       9.359821320   data required time
---------------------------------------------------------------------------------------------------------
                                                       9.359821320   data required time
                                                     -11.022469521   data arrival time
---------------------------------------------------------------------------------------------------------
                                                      -1.662647843   slack (VIOLATED)


Startpoint: _139709_ (rising edge-triggered flip-flop clocked by eth_rx_clk_i)
Endpoint: _129923_ (rising edge-triggered flip-flop clocked by eth_rx_clk_i)
Path Group: eth_rx_clk_i
Path Type: max
Corner: nom_slow_1p08V_125C

Fanout            Cap           Slew          Delay           Time   Description
---------------------------------------------------------------------------------------------------------
                                        0.000000000    0.000000000   clock eth_rx_clk_i (rise edge)
                                        1.800178528    1.800178528   clock network delay (propagated)
                         0.081603751    0.000000000    1.800178528 ^ _139709_/CLK (sg13g2_dfrbpq_1)
     1    0.005787396    0.053025957    0.313911796    2.114090204 ^ _139709_/Q (sg13g2_dfrbpq_1)
     7    0.071449660    0.454131782    0.419487119    2.533577442 ^ _139331_/X (sg13g2_buf_1)
     3    0.026862580    0.110896841    0.328512788    2.862090111 ^ _139332_/X (sg13g2_buf_2)
     8    0.240555331    1.521568179    1.088429809    3.950520039 ^ fanout4913/X (sg13g2_buf_1)
     2    0.143923715    0.757421494    1.275966048    5.226486206 v _139339_/X (sg13g2_mux2_1)
     1    0.104229480    1.390289783    1.538679004    6.765164852 ^ _064728_/Y (sg13g2_a22oi_1)
     2    0.016784901    0.167391583    0.721764445    7.486929417 ^ _064730_/X (sg13g2_and4_1)
     2    0.008685233    0.148998439    0.188515872    7.675445557 v _064731_/X (sg13g2_xor2_1)
     1    0.006195468    0.155625537    0.204270378    7.879715919 ^ _064867_/Y (sg13g2_o21ai_1)
     1    0.009704216    0.172533005    0.241302982    8.121018410 v _064868_/Y (sg13g2_nand3_1)
     1    0.004146411    0.158048898    0.190437004    8.311455727 ^ _064869_/Y (sg13g2_nor3_1)
     1    0.007540251    0.198257312    0.283548295    8.595004082 v _064870_/Y (sg13g2_nand4_1)
     2    0.017976470    0.542266726    0.516529918    9.111534119 ^ _064871_/Y (sg13g2_nor4_1)
     4    0.019911116    0.171762317    0.344588369    9.456122398 ^ _064900_/Y (sg13g2_nand2b_1)
     1    0.005501457    0.065948687    0.243038490    9.699160576 ^ _089888_/X (sg13g2_and3_1)
     3    0.021076588    0.121575810    0.138824061    9.837985039 v _089889_/Y (sg13g2_inv_1)
     3    0.015266052    0.234045655    0.254796177   10.092781067 ^ _098828_/Y (sg13g2_a21oi_1)
     4    0.020197026    0.230131209    0.300043553   10.392825127 v _098832_/Y (sg13g2_nand2b_1)
     3    0.013458361    0.227683842    0.281298548   10.674122810 ^ _098835_/Y (sg13g2_a21oi_1)
     1    0.005771335    0.086002938    0.195633739   10.869756699 ^ _098843_/Y (sg13g2_nand2b_1)
     1    0.006683659    0.106341325    0.117275968   10.987032890 v _098844_/Y (sg13g2_o21ai_1)
                         0.106341325    0.000291323   10.987324715 v _129923_/D (sg13g2_dfrbpq_1)
                                                      10.987324715   data arrival time

                                        8.000000000    8.000000000   clock eth_rx_clk_i (rise edge)
                                        1.677404881    9.677405357   clock network delay (propagated)
                                       -0.250000000    9.427405357   clock uncertainty
                                        0.102114543    9.529520035   clock reconvergence pessimism
                                                       9.529520035 ^ _129923_/CLK (sg13g2_dfrbpq_1)
                                       -0.193020001    9.336500168   library setup time
                                                       9.336500168   data required time
---------------------------------------------------------------------------------------------------------
                                                       9.336500168   data required time
                                                     -10.987324715   data arrival time
---------------------------------------------------------------------------------------------------------
                                                      -1.650824428   slack (VIOLATED)


Startpoint: _139709_ (rising edge-triggered flip-flop clocked by eth_rx_clk_i)
Endpoint: _129921_ (rising edge-triggered flip-flop clocked by eth_rx_clk_i)
Path Group: eth_rx_clk_i
Path Type: max
Corner: nom_slow_1p08V_125C

Fanout            Cap           Slew          Delay           Time   Description
---------------------------------------------------------------------------------------------------------
                                        0.000000000    0.000000000   clock eth_rx_clk_i (rise edge)
                                        1.800178528    1.800178528   clock network delay (propagated)
                         0.081603751    0.000000000    1.800178528 ^ _139709_/CLK (sg13g2_dfrbpq_1)
     1    0.005787396    0.053025957    0.313911796    2.114090204 ^ _139709_/Q (sg13g2_dfrbpq_1)
     7    0.071449660    0.454131782    0.419487119    2.533577442 ^ _139331_/X (sg13g2_buf_1)
     3    0.026862580    0.110896841    0.328512788    2.862090111 ^ _139332_/X (sg13g2_buf_2)
     8    0.240555331    1.521568179    1.088429809    3.950520039 ^ fanout4913/X (sg13g2_buf_1)
     2    0.143923715    0.757421494    1.275966048    5.226486206 v _139339_/X (sg13g2_mux2_1)
     1    0.104229480    1.390289783    1.538679004    6.765164852 ^ _064728_/Y (sg13g2_a22oi_1)
     2    0.016784901    0.167391583    0.721764445    7.486929417 ^ _064730_/X (sg13g2_and4_1)
     2    0.008685233    0.148998439    0.188515872    7.675445557 v _064731_/X (sg13g2_xor2_1)
     1    0.006195468    0.155625537    0.204270378    7.879715919 ^ _064867_/Y (sg13g2_o21ai_1)
     1    0.009704216    0.172533005    0.241302982    8.121018410 v _064868_/Y (sg13g2_nand3_1)
     1    0.004146411    0.158048898    0.190437004    8.311455727 ^ _064869_/Y (sg13g2_nor3_1)
     1    0.007540251    0.198257312    0.283548295    8.595004082 v _064870_/Y (sg13g2_nand4_1)
     2    0.017976470    0.542266726    0.516529918    9.111534119 ^ _064871_/Y (sg13g2_nor4_1)
     4    0.019911116    0.171762317    0.344588369    9.456122398 ^ _064900_/Y (sg13g2_nand2b_1)
     1    0.005501457    0.065948687    0.243038490    9.699160576 ^ _089888_/X (sg13g2_and3_1)
     3    0.021076588    0.121575810    0.138824061    9.837985039 v _089889_/Y (sg13g2_inv_1)
     3    0.015266052    0.234045655    0.254796177   10.092781067 ^ _098828_/Y (sg13g2_a21oi_1)
     4    0.020197026    0.230131209    0.300043553   10.392825127 v _098832_/Y (sg13g2_nand2b_1)
     3    0.013458361    0.227683842    0.281298548   10.674122810 ^ _098835_/Y (sg13g2_a21oi_1)
     1    0.004376087    0.077099644    0.188951075   10.863074303 ^ _098836_/Y (sg13g2_nand2b_1)
     1    0.005464297    0.098351896    0.104048327   10.967123032 v _098837_/Y (sg13g2_o21ai_1)
                         0.098351985    0.000189182   10.967311859 v _129921_/D (sg13g2_dfrbpq_1)
                                                      10.967311859   data arrival time

                                        8.000000000    8.000000000   clock eth_rx_clk_i (rise edge)
                                        1.677677989    9.677677155   clock network delay (propagated)
                                       -0.250000000    9.427677155   clock uncertainty
                                        0.102114543    9.529792786   clock reconvergence pessimism
                                                       9.529792786 ^ _129921_/CLK (sg13g2_dfrbpq_1)
                                       -0.189376682    9.340415955   library setup time
                                                       9.340415955   data required time
---------------------------------------------------------------------------------------------------------
                                                       9.340415955   data required time
                                                     -10.967311859   data arrival time
---------------------------------------------------------------------------------------------------------
                                                      -1.626896024   slack (VIOLATED)


Startpoint: _139709_ (rising edge-triggered flip-flop clocked by eth_rx_clk_i)
Endpoint: _130032_ (rising edge-triggered flip-flop clocked by eth_rx_clk_i)
Path Group: eth_rx_clk_i
Path Type: max
Corner: nom_slow_1p08V_125C

Fanout            Cap           Slew          Delay           Time   Description
---------------------------------------------------------------------------------------------------------
                                        0.000000000    0.000000000   clock eth_rx_clk_i (rise edge)
                                        1.800178528    1.800178528   clock network delay (propagated)
                         0.081603751    0.000000000    1.800178528 ^ _139709_/CLK (sg13g2_dfrbpq_1)
     1    0.005787396    0.053025957    0.313911796    2.114090204 ^ _139709_/Q (sg13g2_dfrbpq_1)
     7    0.071449660    0.454131782    0.419487119    2.533577442 ^ _139331_/X (sg13g2_buf_1)
     3    0.026862580    0.110896841    0.328512788    2.862090111 ^ _139332_/X (sg13g2_buf_2)
     8    0.240555331    1.521568179    1.088429809    3.950520039 ^ fanout4913/X (sg13g2_buf_1)
     2    0.143923715    0.757421494    1.275966048    5.226486206 v _139339_/X (sg13g2_mux2_1)
     1    0.104229480    1.390289783    1.538679004    6.765164852 ^ _064728_/Y (sg13g2_a22oi_1)
     2    0.016784901    0.167391583    0.721764445    7.486929417 ^ _064730_/X (sg13g2_and4_1)
     1    0.007327159    0.152492329    0.198026493    7.684956074 v _082527_/Y (sg13g2_nand3_1)
     1    0.003453014    0.227557585    0.252543777    7.937500000 ^ _082529_/Y (sg13g2_nor4_1)
     3    0.039181400    0.736169338    0.745276749    8.682776451 v _082530_/Y (sg13g2_nand4_1)
     3    0.011471426    0.290439069    0.400206983    9.082983971 ^ _082531_/Y (sg13g2_a21oi_1)
     4    0.033114832    0.337207586    0.423120230    9.506103516 v _082532_/Y (sg13g2_nand2_1)
     5    0.029389055    0.615457177    0.645746589   10.151850700 ^ _099202_/Y (sg13g2_nor3_1)
     2    0.011784931    0.244530991    0.394941866   10.546792030 v _099206_/Y (sg13g2_nand3_1)
     1    0.002688609    0.072183602    0.218808979   10.765601158 v _099208_/Y (sg13g2_xnor2_1)
                         0.072183602    0.000050626   10.765651703 v _130032_/D (sg13g2_dfrbpq_1)
                                                      10.765651703   data arrival time

                                        8.000000000    8.000000000   clock eth_rx_clk_i (rise edge)
                                        1.502282500    9.502283096   clock network delay (propagated)
                                       -0.250000000    9.252283096   clock uncertainty
                                        0.102114543    9.354397774   clock reconvergence pessimism
                                                       9.354397774 ^ _130032_/CLK (sg13g2_dfrbpq_1)
                                       -0.181643561    9.172754288   library setup time
                                                       9.172754288   data required time
---------------------------------------------------------------------------------------------------------
                                                       9.172754288   data required time
                                                     -10.765651703   data arrival time
---------------------------------------------------------------------------------------------------------
                                                      -1.592897415   slack (VIOLATED)


Startpoint: _139551_ (rising edge-triggered flip-flop clocked by eth_tx_clk_i)
Endpoint: _128388_ (rising edge-triggered flip-flop clocked by eth_tx_clk_i)
Path Group: eth_tx_clk_i
Path Type: max
Corner: nom_slow_1p08V_125C

Fanout            Cap           Slew          Delay           Time   Description
---------------------------------------------------------------------------------------------------------
                                        0.000000000    0.000000000   clock eth_tx_clk_i (rise edge)
                                        1.735496521    1.735496521   clock network delay (propagated)
                         0.084210865    0.000000000    1.735496521 ^ _139551_/CLK (sg13g2_dfrbpq_1)
     1    0.003734484    0.041505370    0.305664062    2.041160583 ^ _139551_/Q (sg13g2_dfrbpq_1)
     7    0.233091384    1.473616600    1.045304775    3.086465359 ^ _138906_/X (sg13g2_buf_1)
     3    0.031369634    0.152411565    0.740276277    3.826741695 ^ _138907_/X (sg13g2_buf_2)
     8    0.069266163    0.442679226    0.457685471    4.284427166 ^ fanout4938/X (sg13g2_buf_1)
     2    0.160705596    0.835649967    0.976295531    5.260722637 v _138917_/X (sg13g2_mux2_1)
     1    0.006385861    0.252710640    0.418207258    5.678929806 ^ _064097_/Y (sg13g2_a22oi_1)
     1    0.005897992    0.063733906    0.226450413    5.905380249 ^ _064099_/X (sg13g2_and2_1)
     3    0.039910465    0.264676511    0.369728714    6.275109291 ^ _064102_/X (sg13g2_and3_1)
     1    0.005955767    0.107426889    0.215199858    6.490308762 v _064104_/Y (sg13g2_xnor2_1)
     1    0.007203574    0.196243465    0.249647871    6.739956856 ^ _064120_/Y (sg13g2_nor3_1)
     1    0.006279042    0.126877859    0.147107661    6.887064457 v _064121_/Y (sg13g2_o21ai_1)
     2    0.038127832    1.041934371    0.881764889    7.768829346 ^ _064122_/Y (sg13g2_nor4_1)
     3    0.017187716    0.446475744    0.585377991    8.354207039 v _064196_/Y (sg13g2_nand3_1)
     2    0.011636322    0.227146730    0.356790155    8.710997581 ^ _089994_/Y (sg13g2_a22oi_1)
     2    0.009440774    0.126788050    0.198399529    8.909397125 v _089995_/Y (sg13g2_nand2_1)
     7    0.069049641    0.364520520    0.478715748    9.388113022 v _089996_/X (sg13g2_a21o_1)
     3    0.013996604    0.349682212    0.434976518    9.823089600 ^ _090006_/Y (sg13g2_nor3_1)
     3    0.014071838    0.110246196    0.306802601   10.129892349 ^ _090008_/X (sg13g2_and2_1)
     3    0.012756953    0.099007115    0.219722912   10.349615097 ^ _090011_/X (sg13g2_and2_1)
     2    0.013266006    0.119971469    0.347209394   10.696824074 ^ _090022_/X (sg13g2_and4_1)
     1    0.005495666    0.085861601    0.144334331   10.841158867 v _090025_/Y (sg13g2_xnor2_1)
     1    0.003855822    0.102713712    0.109417364   10.950575829 ^ _090026_/Y (sg13g2_nor2_1)
                         0.102713712    0.000101252   10.950676918 ^ _128388_/D (sg13g2_dfrbpq_1)
                                                      10.950676918   data arrival time

                                        8.000000000    8.000000000   clock eth_tx_clk_i (rise edge)
                                        1.566700339    9.566700935   clock network delay (propagated)
                                       -0.250000000    9.316700935   clock uncertainty
                                        0.149205312    9.465905190   clock reconvergence pessimism
                                                       9.465905190 ^ _128388_/CLK (sg13g2_dfrbpq_1)
                                       -0.213572845    9.252332687   library setup time
                                                       9.252332687   data required time
---------------------------------------------------------------------------------------------------------
                                                       9.252332687   data required time
                                                     -10.950676918   data arrival time
---------------------------------------------------------------------------------------------------------
                                                      -1.698344588   slack (VIOLATED)


Startpoint: _139551_ (rising edge-triggered flip-flop clocked by eth_tx_clk_i)
Endpoint: _128387_ (rising edge-triggered flip-flop clocked by eth_tx_clk_i)
Path Group: eth_tx_clk_i
Path Type: max
Corner: nom_slow_1p08V_125C

Fanout            Cap           Slew          Delay           Time   Description
---------------------------------------------------------------------------------------------------------
                                        0.000000000    0.000000000   clock eth_tx_clk_i (rise edge)
                                        1.735496521    1.735496521   clock network delay (propagated)
                         0.084210865    0.000000000    1.735496521 ^ _139551_/CLK (sg13g2_dfrbpq_1)
     1    0.003734484    0.041505370    0.305664062    2.041160583 ^ _139551_/Q (sg13g2_dfrbpq_1)
     7    0.233091384    1.473616600    1.045304775    3.086465359 ^ _138906_/X (sg13g2_buf_1)
     3    0.031369634    0.152411565    0.740276277    3.826741695 ^ _138907_/X (sg13g2_buf_2)
     8    0.069266163    0.442679226    0.457685471    4.284427166 ^ fanout4938/X (sg13g2_buf_1)
     2    0.160705596    0.835649967    0.976295531    5.260722637 v _138917_/X (sg13g2_mux2_1)
     1    0.006385861    0.252710640    0.418207258    5.678929806 ^ _064097_/Y (sg13g2_a22oi_1)
     1    0.005897992    0.063733906    0.226450413    5.905380249 ^ _064099_/X (sg13g2_and2_1)
     3    0.039910465    0.264676511    0.369728714    6.275109291 ^ _064102_/X (sg13g2_and3_1)
     1    0.005955767    0.107426889    0.215199858    6.490308762 v _064104_/Y (sg13g2_xnor2_1)
     1    0.007203574    0.196243465    0.249647871    6.739956856 ^ _064120_/Y (sg13g2_nor3_1)
     1    0.006279042    0.126877859    0.147107661    6.887064457 v _064121_/Y (sg13g2_o21ai_1)
     2    0.038127832    1.041934371    0.881764889    7.768829346 ^ _064122_/Y (sg13g2_nor4_1)
     3    0.017187716    0.446475744    0.585377991    8.354207039 v _064196_/Y (sg13g2_nand3_1)
     2    0.011636322    0.227146730    0.356790155    8.710997581 ^ _089994_/Y (sg13g2_a22oi_1)
     2    0.009440774    0.126788050    0.198399529    8.909397125 v _089995_/Y (sg13g2_nand2_1)
     7    0.069049641    0.364520520    0.478715748    9.388113022 v _089996_/X (sg13g2_a21o_1)
     4    0.018282687    0.302237183    0.372550011    9.760663033 ^ _090000_/Y (sg13g2_nor2_1)
     1    0.004959553    0.091600478    0.153833389    9.914496422 v _090015_/Y (sg13g2_nor2_1)
     1    0.005048057    0.125765398    0.123503879   10.038000107 ^ _090016_/Y (sg13g2_nor2_1)
     3    0.012920275    0.118999340    0.355057329   10.393057823 ^ _090017_/X (sg13g2_and4_1)
     2    0.011766223    0.092402406    0.217823103   10.610880852 ^ _090020_/X (sg13g2_and2_1)
     1    0.005149814    0.111531660    0.124980919   10.735861778 v _090023_/Y (sg13g2_o21ai_1)
     1    0.006750111    0.122198656    0.147442952   10.883304596 ^ _090024_/Y (sg13g2_nor2_1)
                         0.122198656    0.000312639   10.883617401 ^ _128387_/D (sg13g2_dfrbpq_1)
                                                      10.883617401   data arrival time

                                        8.000000000    8.000000000   clock eth_tx_clk_i (rise edge)
                                        1.566639185    9.566638947   clock network delay (propagated)
                                       -0.250000000    9.316638947   clock uncertainty
                                        0.149205312    9.465844154   clock reconvergence pessimism
                                                       9.465844154 ^ _128387_/CLK (sg13g2_dfrbpq_1)
                                       -0.221583992    9.244260788   library setup time
                                                       9.244260788   data required time
---------------------------------------------------------------------------------------------------------
                                                       9.244260788   data required time
                                                     -10.883617401   data arrival time
---------------------------------------------------------------------------------------------------------
                                                      -1.639356256   slack (VIOLATED)


Startpoint: _139551_ (rising edge-triggered flip-flop clocked by eth_tx_clk_i)
Endpoint: _128386_ (rising edge-triggered flip-flop clocked by eth_tx_clk_i)
Path Group: eth_tx_clk_i
Path Type: max
Corner: nom_slow_1p08V_125C

Fanout            Cap           Slew          Delay           Time   Description
---------------------------------------------------------------------------------------------------------
                                        0.000000000    0.000000000   clock eth_tx_clk_i (rise edge)
                                        1.735496521    1.735496521   clock network delay (propagated)
                         0.084210865    0.000000000    1.735496521 ^ _139551_/CLK (sg13g2_dfrbpq_1)
     1    0.003734484    0.041505370    0.305664062    2.041160583 ^ _139551_/Q (sg13g2_dfrbpq_1)
     7    0.233091384    1.473616600    1.045304775    3.086465359 ^ _138906_/X (sg13g2_buf_1)
     3    0.031369634    0.152411565    0.740276277    3.826741695 ^ _138907_/X (sg13g2_buf_2)
     8    0.069266163    0.442679226    0.457685471    4.284427166 ^ fanout4938/X (sg13g2_buf_1)
     2    0.160705596    0.835649967    0.976295531    5.260722637 v _138917_/X (sg13g2_mux2_1)
     1    0.006385861    0.252710640    0.418207258    5.678929806 ^ _064097_/Y (sg13g2_a22oi_1)
     1    0.005897992    0.063733906    0.226450413    5.905380249 ^ _064099_/X (sg13g2_and2_1)
     3    0.039910465    0.264676511    0.369728714    6.275109291 ^ _064102_/X (sg13g2_and3_1)
     1    0.005955767    0.107426889    0.215199858    6.490308762 v _064104_/Y (sg13g2_xnor2_1)
     1    0.007203574    0.196243465    0.249647871    6.739956856 ^ _064120_/Y (sg13g2_nor3_1)
     1    0.006279042    0.126877859    0.147107661    6.887064457 v _064121_/Y (sg13g2_o21ai_1)
     2    0.038127832    1.041934371    0.881764889    7.768829346 ^ _064122_/Y (sg13g2_nor4_1)
     3    0.017187716    0.446475744    0.585377991    8.354207039 v _064196_/Y (sg13g2_nand3_1)
     2    0.011636322    0.227146730    0.356790155    8.710997581 ^ _089994_/Y (sg13g2_a22oi_1)
     2    0.009440774    0.126788050    0.198399529    8.909397125 v _089995_/Y (sg13g2_nand2_1)
     7    0.069049641    0.364520520    0.478715748    9.388113022 v _089996_/X (sg13g2_a21o_1)
     4    0.018282687    0.302237183    0.372550011    9.760663033 ^ _090000_/Y (sg13g2_nor2_1)
     1    0.004959553    0.091600478    0.153833389    9.914496422 v _090015_/Y (sg13g2_nor2_1)
     1    0.005048057    0.125765398    0.123503879   10.038000107 ^ _090016_/Y (sg13g2_nor2_1)
     3    0.012920275    0.118999340    0.355057329   10.393057823 ^ _090017_/X (sg13g2_and4_1)
     1    0.005234711    0.056683417    0.090407684   10.483465195 v _090019_/Y (sg13g2_nor2_1)
     1    0.005591632    0.176931769    0.196789250   10.680253983 ^ _090021_/Y (sg13g2_nor3_1)
                         0.176931828    0.000196287   10.680450439 ^ _128386_/D (sg13g2_dfrbpq_1)
                                                      10.680450439   data arrival time

                                        8.000000000    8.000000000   clock eth_tx_clk_i (rise edge)
                                        1.570290804    9.570290565   clock network delay (propagated)
                                       -0.250000000    9.320290565   clock uncertainty
                                        0.109914191    9.430204391   clock reconvergence pessimism
                                                       9.430204391 ^ _128386_/CLK (sg13g2_dfrbpq_1)
                                       -0.243397638    9.186806679   library setup time
                                                       9.186806679   data required time
---------------------------------------------------------------------------------------------------------
                                                       9.186806679   data required time
                                                     -10.680450439   data arrival time
---------------------------------------------------------------------------------------------------------
                                                      -1.493643522   slack (VIOLATED)


Startpoint: _139551_ (rising edge-triggered flip-flop clocked by eth_tx_clk_i)
Endpoint: _128385_ (rising edge-triggered flip-flop clocked by eth_tx_clk_i)
Path Group: eth_tx_clk_i
Path Type: max
Corner: nom_slow_1p08V_125C

Fanout            Cap           Slew          Delay           Time   Description
---------------------------------------------------------------------------------------------------------
                                        0.000000000    0.000000000   clock eth_tx_clk_i (rise edge)
                                        1.735496521    1.735496521   clock network delay (propagated)
                         0.084210865    0.000000000    1.735496521 ^ _139551_/CLK (sg13g2_dfrbpq_1)
     1    0.003734484    0.041505370    0.305664062    2.041160583 ^ _139551_/Q (sg13g2_dfrbpq_1)
     7    0.233091384    1.473616600    1.045304775    3.086465359 ^ _138906_/X (sg13g2_buf_1)
     3    0.031369634    0.152411565    0.740276277    3.826741695 ^ _138907_/X (sg13g2_buf_2)
     8    0.069266163    0.442679226    0.457685471    4.284427166 ^ fanout4938/X (sg13g2_buf_1)
     2    0.160705596    0.835649967    0.976295531    5.260722637 v _138917_/X (sg13g2_mux2_1)
     1    0.006385861    0.252710640    0.418207258    5.678929806 ^ _064097_/Y (sg13g2_a22oi_1)
     1    0.005897992    0.063733906    0.226450413    5.905380249 ^ _064099_/X (sg13g2_and2_1)
     3    0.039910465    0.264676511    0.369728714    6.275109291 ^ _064102_/X (sg13g2_and3_1)
     1    0.005955767    0.107426889    0.215199858    6.490308762 v _064104_/Y (sg13g2_xnor2_1)
     1    0.007203574    0.196243465    0.249647871    6.739956856 ^ _064120_/Y (sg13g2_nor3_1)
     1    0.006279042    0.126877859    0.147107661    6.887064457 v _064121_/Y (sg13g2_o21ai_1)
     2    0.038127832    1.041934371    0.881764889    7.768829346 ^ _064122_/Y (sg13g2_nor4_1)
     3    0.017187716    0.446475744    0.585377991    8.354207039 v _064196_/Y (sg13g2_nand3_1)
     2    0.011636322    0.227146730    0.356790155    8.710997581 ^ _089994_/Y (sg13g2_a22oi_1)
     2    0.009440774    0.126788050    0.198399529    8.909397125 v _089995_/Y (sg13g2_nand2_1)
     7    0.069049641    0.364520520    0.478715748    9.388113022 v _089996_/X (sg13g2_a21o_1)
     3    0.013996604    0.349682212    0.434976518    9.823089600 ^ _090006_/Y (sg13g2_nor3_1)
     3    0.014071838    0.110246196    0.306802601   10.129892349 ^ _090008_/X (sg13g2_and2_1)
     3    0.012756953    0.099007115    0.219722912   10.349615097 ^ _090011_/X (sg13g2_and2_1)
     1    0.004747642    0.058717046    0.081765711   10.431380272 v _090014_/Y (sg13g2_nor2_1)
     1    0.003717143    0.145480514    0.170115486   10.601495743 ^ _090018_/Y (sg13g2_nor3_1)
                         0.145480514    0.000093259   10.601589203 ^ _128385_/D (sg13g2_dfrbpq_1)
                                                      10.601589203   data arrival time

                                        8.000000000    8.000000000   clock eth_tx_clk_i (rise edge)
                                        1.578270555    9.578270912   clock network delay (propagated)
                                       -0.250000000    9.328270912   clock uncertainty
                                        0.149205312    9.477476120   clock reconvergence pessimism
                                                       9.477476120 ^ _128385_/CLK (sg13g2_dfrbpq_1)
                                       -0.228669479    9.248806000   library setup time
                                                       9.248806000   data required time
---------------------------------------------------------------------------------------------------------
                                                       9.248806000   data required time
                                                     -10.601589203   data arrival time
---------------------------------------------------------------------------------------------------------
                                                      -1.352782845   slack (VIOLATED)


Startpoint: _139551_ (rising edge-triggered flip-flop clocked by eth_tx_clk_i)
Endpoint: _130436_ (rising edge-triggered flip-flop clocked by eth_tx_clk_i)
Path Group: eth_tx_clk_i
Path Type: max
Corner: nom_slow_1p08V_125C

Fanout            Cap           Slew          Delay           Time   Description
---------------------------------------------------------------------------------------------------------
                                        0.000000000    0.000000000   clock eth_tx_clk_i (rise edge)
                                        1.735496521    1.735496521   clock network delay (propagated)
                         0.084210865    0.000000000    1.735496521 ^ _139551_/CLK (sg13g2_dfrbpq_1)
     1    0.003734484    0.041505370    0.305664062    2.041160583 ^ _139551_/Q (sg13g2_dfrbpq_1)
     7    0.233091384    1.473616600    1.045304775    3.086465359 ^ _138906_/X (sg13g2_buf_1)
     3    0.031369634    0.152411565    0.740276277    3.826741695 ^ _138907_/X (sg13g2_buf_2)
     8    0.069266163    0.442679226    0.457685471    4.284427166 ^ fanout4938/X (sg13g2_buf_1)
     2    0.160705596    0.835649967    0.976295531    5.260722637 v _138917_/X (sg13g2_mux2_1)
     1    0.006385861    0.252710640    0.418207258    5.678929806 ^ _064097_/Y (sg13g2_a22oi_1)
     1    0.005897992    0.063733906    0.226450413    5.905380249 ^ _064099_/X (sg13g2_and2_1)
     3    0.039910465    0.264676511    0.369728714    6.275109291 ^ _064102_/X (sg13g2_and3_1)
     1    0.005955767    0.107426889    0.215199858    6.490308762 v _064104_/Y (sg13g2_xnor2_1)
     1    0.007203574    0.196243465    0.249647871    6.739956856 ^ _064120_/Y (sg13g2_nor3_1)
     1    0.006279042    0.126877859    0.147107661    6.887064457 v _064121_/Y (sg13g2_o21ai_1)
     2    0.038127832    1.041934371    0.881764889    7.768829346 ^ _064122_/Y (sg13g2_nor4_1)
     3    0.017187716    0.446475744    0.585377991    8.354207039 v _064196_/Y (sg13g2_nand3_1)
     2    0.011636322    0.227146730    0.356790155    8.710997581 ^ _089994_/Y (sg13g2_a22oi_1)
     2    0.009440774    0.126788050    0.198399529    8.909397125 v _089995_/Y (sg13g2_nand2_1)
     7    0.069049641    0.364520520    0.478715748    9.388113022 v _089996_/X (sg13g2_a21o_1)
     2    0.007588421    0.155753151    0.241588086    9.629700661 ^ _100651_/Y (sg13g2_nor2_1)
     3    0.020542087    0.141914114    0.238628685    9.868330002 ^ _100652_/X (sg13g2_buf_1)
     8    0.047842342    0.309354126    0.356386036   10.224715233 ^ fanout1369/X (sg13g2_buf_1)
     1    0.004298641    0.117820546    0.190704346   10.415419579 v _100691_/Y (sg13g2_a22oi_1)
                         0.117820576    0.000142109   10.415561676 v _130436_/D (sg13g2_dfrbpq_1)
                                                      10.415561676   data arrival time

                                        8.000000000    8.000000000   clock eth_tx_clk_i (rise edge)
                                        1.565627813    9.565628052   clock network delay (propagated)
                                       -0.250000000    9.315628052   clock uncertainty
                                        0.109914191    9.425541878   clock reconvergence pessimism
                                                       9.425541878 ^ _130436_/CLK (sg13g2_dfrbpq_1)
                                       -0.200416356    9.225125313   library setup time
                                                       9.225125313   data required time
---------------------------------------------------------------------------------------------------------
                                                       9.225125313   data required time
                                                     -10.415561676   data arrival time
---------------------------------------------------------------------------------------------------------
                                                      -1.190437078   slack (VIOLATED)


Startpoint: _139551_ (rising edge-triggered flip-flop clocked by eth_tx_clk_i)
Endpoint: _130438_ (rising edge-triggered flip-flop clocked by eth_tx_clk_i)
Path Group: eth_tx_clk_i
Path Type: max
Corner: nom_slow_1p08V_125C

Fanout            Cap           Slew          Delay           Time   Description
---------------------------------------------------------------------------------------------------------
                                        0.000000000    0.000000000   clock eth_tx_clk_i (rise edge)
                                        1.735496521    1.735496521   clock network delay (propagated)
                         0.084210865    0.000000000    1.735496521 ^ _139551_/CLK (sg13g2_dfrbpq_1)
     1    0.003734484    0.041505370    0.305664062    2.041160583 ^ _139551_/Q (sg13g2_dfrbpq_1)
     7    0.233091384    1.473616600    1.045304775    3.086465359 ^ _138906_/X (sg13g2_buf_1)
     3    0.031369634    0.152411565    0.740276277    3.826741695 ^ _138907_/X (sg13g2_buf_2)
     8    0.069266163    0.442679226    0.457685471    4.284427166 ^ fanout4938/X (sg13g2_buf_1)
     2    0.160705596    0.835649967    0.976295531    5.260722637 v _138917_/X (sg13g2_mux2_1)
     1    0.006385861    0.252710640    0.418207258    5.678929806 ^ _064097_/Y (sg13g2_a22oi_1)
     1    0.005897992    0.063733906    0.226450413    5.905380249 ^ _064099_/X (sg13g2_and2_1)
     3    0.039910465    0.264676511    0.369728714    6.275109291 ^ _064102_/X (sg13g2_and3_1)
     1    0.005955767    0.107426889    0.215199858    6.490308762 v _064104_/Y (sg13g2_xnor2_1)
     1    0.007203574    0.196243465    0.249647871    6.739956856 ^ _064120_/Y (sg13g2_nor3_1)
     1    0.006279042    0.126877859    0.147107661    6.887064457 v _064121_/Y (sg13g2_o21ai_1)
     2    0.038127832    1.041934371    0.881764889    7.768829346 ^ _064122_/Y (sg13g2_nor4_1)
     3    0.017187716    0.446475744    0.585377991    8.354207039 v _064196_/Y (sg13g2_nand3_1)
     2    0.011636322    0.227146730    0.356790155    8.710997581 ^ _089994_/Y (sg13g2_a22oi_1)
     2    0.009440774    0.126788050    0.198399529    8.909397125 v _089995_/Y (sg13g2_nand2_1)
     7    0.069049641    0.364520520    0.478715748    9.388113022 v _089996_/X (sg13g2_a21o_1)
     2    0.007588421    0.155753151    0.241588086    9.629700661 ^ _100651_/Y (sg13g2_nor2_1)
     3    0.020542087    0.141914114    0.238628685    9.868330002 ^ _100652_/X (sg13g2_buf_1)
     8    0.047842342    0.309354126    0.356386036   10.224715233 ^ fanout1369/X (sg13g2_buf_1)
     1    0.003539917    0.112265535    0.183796093   10.408512115 v _100702_/Y (sg13g2_a22oi_1)
                         0.112265535    0.000082601   10.408594131 v _130438_/D (sg13g2_dfrbpq_1)
                                                      10.408594131   data arrival time

                                        8.000000000    8.000000000   clock eth_tx_clk_i (rise edge)
                                        1.565227151    9.565227509   clock network delay (propagated)
                                       -0.250000000    9.315227509   clock uncertainty
                                        0.109914191    9.425141335   clock reconvergence pessimism
                                                       9.425141335 ^ _130438_/CLK (sg13g2_dfrbpq_1)
                                       -0.197937429    9.227203369   library setup time
                                                       9.227203369   data required time
---------------------------------------------------------------------------------------------------------
                                                       9.227203369   data required time
                                                     -10.408594131   data arrival time
---------------------------------------------------------------------------------------------------------
                                                      -1.181391001   slack (VIOLATED)


Startpoint: _139551_ (rising edge-triggered flip-flop clocked by eth_tx_clk_i)
Endpoint: _130437_ (rising edge-triggered flip-flop clocked by eth_tx_clk_i)
Path Group: eth_tx_clk_i
Path Type: max
Corner: nom_slow_1p08V_125C

Fanout            Cap           Slew          Delay           Time   Description
---------------------------------------------------------------------------------------------------------
                                        0.000000000    0.000000000   clock eth_tx_clk_i (rise edge)
                                        1.735496521    1.735496521   clock network delay (propagated)
                         0.084210865    0.000000000    1.735496521 ^ _139551_/CLK (sg13g2_dfrbpq_1)
     1    0.003734484    0.041505370    0.305664062    2.041160583 ^ _139551_/Q (sg13g2_dfrbpq_1)
     7    0.233091384    1.473616600    1.045304775    3.086465359 ^ _138906_/X (sg13g2_buf_1)
     3    0.031369634    0.152411565    0.740276277    3.826741695 ^ _138907_/X (sg13g2_buf_2)
     8    0.069266163    0.442679226    0.457685471    4.284427166 ^ fanout4938/X (sg13g2_buf_1)
     2    0.160705596    0.835649967    0.976295531    5.260722637 v _138917_/X (sg13g2_mux2_1)
     1    0.006385861    0.252710640    0.418207258    5.678929806 ^ _064097_/Y (sg13g2_a22oi_1)
     1    0.005897992    0.063733906    0.226450413    5.905380249 ^ _064099_/X (sg13g2_and2_1)
     3    0.039910465    0.264676511    0.369728714    6.275109291 ^ _064102_/X (sg13g2_and3_1)
     1    0.005955767    0.107426889    0.215199858    6.490308762 v _064104_/Y (sg13g2_xnor2_1)
     1    0.007203574    0.196243465    0.249647871    6.739956856 ^ _064120_/Y (sg13g2_nor3_1)
     1    0.006279042    0.126877859    0.147107661    6.887064457 v _064121_/Y (sg13g2_o21ai_1)
     2    0.038127832    1.041934371    0.881764889    7.768829346 ^ _064122_/Y (sg13g2_nor4_1)
     3    0.017187716    0.446475744    0.585377991    8.354207039 v _064196_/Y (sg13g2_nand3_1)
     2    0.011636322    0.227146730    0.356790155    8.710997581 ^ _089994_/Y (sg13g2_a22oi_1)
     2    0.009440774    0.126788050    0.198399529    8.909397125 v _089995_/Y (sg13g2_nand2_1)
     7    0.069049641    0.364520520    0.478715748    9.388113022 v _089996_/X (sg13g2_a21o_1)
     2    0.007588421    0.155753151    0.241588086    9.629700661 ^ _100651_/Y (sg13g2_nor2_1)
     3    0.020542087    0.141914114    0.238628685    9.868330002 ^ _100652_/X (sg13g2_buf_1)
     8    0.047842342    0.309354126    0.356386036   10.224715233 ^ fanout1369/X (sg13g2_buf_1)
     1    0.003469948    0.111750707    0.183050022   10.407765388 v _100697_/Y (sg13g2_a22oi_1)
                         0.111750707    0.000089706   10.407855034 v _130437_/D (sg13g2_dfrbpq_1)
                                                      10.407855034   data arrival time

                                        8.000000000    8.000000000   clock eth_tx_clk_i (rise edge)
                                        1.565486908    9.565486908   clock network delay (propagated)
                                       -0.250000000    9.315485954   clock uncertainty
                                        0.109914191    9.425400734   clock reconvergence pessimism
                                                       9.425400734 ^ _130437_/CLK (sg13g2_dfrbpq_1)
                                       -0.197678313    9.227722168   library setup time
                                                       9.227722168   data required time
---------------------------------------------------------------------------------------------------------
                                                       9.227722168   data required time
                                                     -10.407855034   data arrival time
---------------------------------------------------------------------------------------------------------
                                                      -1.180133343   slack (VIOLATED)


Startpoint: _139551_ (rising edge-triggered flip-flop clocked by eth_tx_clk_i)
Endpoint: _130433_ (rising edge-triggered flip-flop clocked by eth_tx_clk_i)
Path Group: eth_tx_clk_i
Path Type: max
Corner: nom_slow_1p08V_125C

Fanout            Cap           Slew          Delay           Time   Description
---------------------------------------------------------------------------------------------------------
                                        0.000000000    0.000000000   clock eth_tx_clk_i (rise edge)
                                        1.735496521    1.735496521   clock network delay (propagated)
                         0.084210865    0.000000000    1.735496521 ^ _139551_/CLK (sg13g2_dfrbpq_1)
     1    0.003734484    0.041505370    0.305664062    2.041160583 ^ _139551_/Q (sg13g2_dfrbpq_1)
     7    0.233091384    1.473616600    1.045304775    3.086465359 ^ _138906_/X (sg13g2_buf_1)
     3    0.031369634    0.152411565    0.740276277    3.826741695 ^ _138907_/X (sg13g2_buf_2)
     8    0.069266163    0.442679226    0.457685471    4.284427166 ^ fanout4938/X (sg13g2_buf_1)
     2    0.160705596    0.835649967    0.976295531    5.260722637 v _138917_/X (sg13g2_mux2_1)
     1    0.006385861    0.252710640    0.418207258    5.678929806 ^ _064097_/Y (sg13g2_a22oi_1)
     1    0.005897992    0.063733906    0.226450413    5.905380249 ^ _064099_/X (sg13g2_and2_1)
     3    0.039910465    0.264676511    0.369728714    6.275109291 ^ _064102_/X (sg13g2_and3_1)
     1    0.005955767    0.107426889    0.215199858    6.490308762 v _064104_/Y (sg13g2_xnor2_1)
     1    0.007203574    0.196243465    0.249647871    6.739956856 ^ _064120_/Y (sg13g2_nor3_1)
     1    0.006279042    0.126877859    0.147107661    6.887064457 v _064121_/Y (sg13g2_o21ai_1)
     2    0.038127832    1.041934371    0.881764889    7.768829346 ^ _064122_/Y (sg13g2_nor4_1)
     3    0.017187716    0.446475744    0.585377991    8.354207039 v _064196_/Y (sg13g2_nand3_1)
     2    0.011636322    0.227146730    0.356790155    8.710997581 ^ _089994_/Y (sg13g2_a22oi_1)
     2    0.009440774    0.126788050    0.198399529    8.909397125 v _089995_/Y (sg13g2_nand2_1)
     7    0.069049641    0.364520520    0.478715748    9.388113022 v _089996_/X (sg13g2_a21o_1)
     2    0.007588421    0.155753151    0.241588086    9.629700661 ^ _100651_/Y (sg13g2_nor2_1)
     3    0.020542087    0.141914114    0.238628685    9.868330002 ^ _100652_/X (sg13g2_buf_1)
     8    0.047842342    0.309354126    0.356386036   10.224715233 ^ fanout1369/X (sg13g2_buf_1)
     1    0.003954479    0.115286224    0.184556380   10.409272194 v _100666_/Y (sg13g2_a22oi_1)
                         0.115286224    0.000119904   10.409391403 v _130433_/D (sg13g2_dfrbpq_1)
                                                      10.409391403   data arrival time

                                        8.000000000    8.000000000   clock eth_tx_clk_i (rise edge)
                                        1.567743182    9.567743301   clock network delay (propagated)
                                       -0.250000000    9.317743301   clock uncertainty
                                        0.109914191    9.427657127   clock reconvergence pessimism
                                                       9.427657127 ^ _130433_/CLK (sg13g2_dfrbpq_1)
                                       -0.197872549    9.229784012   library setup time
                                                       9.229784012   data required time
---------------------------------------------------------------------------------------------------------
                                                       9.229784012   data required time
                                                     -10.409391403   data arrival time
---------------------------------------------------------------------------------------------------------
                                                      -1.179607511   slack (VIOLATED)


Startpoint: _139551_ (rising edge-triggered flip-flop clocked by eth_tx_clk_i)
Endpoint: _130431_ (rising edge-triggered flip-flop clocked by eth_tx_clk_i)
Path Group: eth_tx_clk_i
Path Type: max
Corner: nom_slow_1p08V_125C

Fanout            Cap           Slew          Delay           Time   Description
---------------------------------------------------------------------------------------------------------
                                        0.000000000    0.000000000   clock eth_tx_clk_i (rise edge)
                                        1.735496521    1.735496521   clock network delay (propagated)
                         0.084210865    0.000000000    1.735496521 ^ _139551_/CLK (sg13g2_dfrbpq_1)
     1    0.003734484    0.041505370    0.305664062    2.041160583 ^ _139551_/Q (sg13g2_dfrbpq_1)
     7    0.233091384    1.473616600    1.045304775    3.086465359 ^ _138906_/X (sg13g2_buf_1)
     3    0.031369634    0.152411565    0.740276277    3.826741695 ^ _138907_/X (sg13g2_buf_2)
     8    0.069266163    0.442679226    0.457685471    4.284427166 ^ fanout4938/X (sg13g2_buf_1)
     2    0.160705596    0.835649967    0.976295531    5.260722637 v _138917_/X (sg13g2_mux2_1)
     1    0.006385861    0.252710640    0.418207258    5.678929806 ^ _064097_/Y (sg13g2_a22oi_1)
     1    0.005897992    0.063733906    0.226450413    5.905380249 ^ _064099_/X (sg13g2_and2_1)
     3    0.039910465    0.264676511    0.369728714    6.275109291 ^ _064102_/X (sg13g2_and3_1)
     1    0.005955767    0.107426889    0.215199858    6.490308762 v _064104_/Y (sg13g2_xnor2_1)
     1    0.007203574    0.196243465    0.249647871    6.739956856 ^ _064120_/Y (sg13g2_nor3_1)
     1    0.006279042    0.126877859    0.147107661    6.887064457 v _064121_/Y (sg13g2_o21ai_1)
     2    0.038127832    1.041934371    0.881764889    7.768829346 ^ _064122_/Y (sg13g2_nor4_1)
     3    0.017187716    0.446475744    0.585377991    8.354207039 v _064196_/Y (sg13g2_nand3_1)
     2    0.011636322    0.227146730    0.356790155    8.710997581 ^ _089994_/Y (sg13g2_a22oi_1)
     2    0.009440774    0.126788050    0.198399529    8.909397125 v _089995_/Y (sg13g2_nand2_1)
     7    0.069049641    0.364520520    0.478715748    9.388113022 v _089996_/X (sg13g2_a21o_1)
     2    0.007588421    0.155753151    0.241588086    9.629700661 ^ _100651_/Y (sg13g2_nor2_1)
     3    0.020542087    0.141914114    0.238628685    9.868330002 ^ _100652_/X (sg13g2_buf_1)
     8    0.047842342    0.309354126    0.356386036   10.224715233 ^ fanout1369/X (sg13g2_buf_1)
     1    0.004168418    0.136906505    0.174883217   10.399599075 v _100653_/Y (sg13g2_a22oi_1)
                         0.136906505    0.000134115   10.399732590 v _130431_/D (sg13g2_dfrbpq_1)
                                                      10.399732590   data arrival time

                                        8.000000000    8.000000000   clock eth_tx_clk_i (rise edge)
                                        1.568744898    9.568745613   clock network delay (propagated)
                                       -0.250000000    9.318745613   clock uncertainty
                                        0.109914191    9.428659439   clock reconvergence pessimism
                                                       9.428659439 ^ _130431_/CLK (sg13g2_dfrbpq_1)
                                       -0.207586750    9.221072197   library setup time
                                                       9.221072197   data required time
---------------------------------------------------------------------------------------------------------
                                                       9.221072197   data required time
                                                     -10.399732590   data arrival time
---------------------------------------------------------------------------------------------------------
                                                      -1.178660750   slack (VIOLATED)


Startpoint: _139551_ (rising edge-triggered flip-flop clocked by eth_tx_clk_i)
Endpoint: _130434_ (rising edge-triggered flip-flop clocked by eth_tx_clk_i)
Path Group: eth_tx_clk_i
Path Type: max
Corner: nom_slow_1p08V_125C

Fanout            Cap           Slew          Delay           Time   Description
---------------------------------------------------------------------------------------------------------
                                        0.000000000    0.000000000   clock eth_tx_clk_i (rise edge)
                                        1.735496521    1.735496521   clock network delay (propagated)
                         0.084210865    0.000000000    1.735496521 ^ _139551_/CLK (sg13g2_dfrbpq_1)
     1    0.003734484    0.041505370    0.305664062    2.041160583 ^ _139551_/Q (sg13g2_dfrbpq_1)
     7    0.233091384    1.473616600    1.045304775    3.086465359 ^ _138906_/X (sg13g2_buf_1)
     3    0.031369634    0.152411565    0.740276277    3.826741695 ^ _138907_/X (sg13g2_buf_2)
     8    0.069266163    0.442679226    0.457685471    4.284427166 ^ fanout4938/X (sg13g2_buf_1)
     2    0.160705596    0.835649967    0.976295531    5.260722637 v _138917_/X (sg13g2_mux2_1)
     1    0.006385861    0.252710640    0.418207258    5.678929806 ^ _064097_/Y (sg13g2_a22oi_1)
     1    0.005897992    0.063733906    0.226450413    5.905380249 ^ _064099_/X (sg13g2_and2_1)
     3    0.039910465    0.264676511    0.369728714    6.275109291 ^ _064102_/X (sg13g2_and3_1)
     1    0.005955767    0.107426889    0.215199858    6.490308762 v _064104_/Y (sg13g2_xnor2_1)
     1    0.007203574    0.196243465    0.249647871    6.739956856 ^ _064120_/Y (sg13g2_nor3_1)
     1    0.006279042    0.126877859    0.147107661    6.887064457 v _064121_/Y (sg13g2_o21ai_1)
     2    0.038127832    1.041934371    0.881764889    7.768829346 ^ _064122_/Y (sg13g2_nor4_1)
     3    0.017187716    0.446475744    0.585377991    8.354207039 v _064196_/Y (sg13g2_nand3_1)
     2    0.011636322    0.227146730    0.356790155    8.710997581 ^ _089994_/Y (sg13g2_a22oi_1)
     2    0.009440774    0.126788050    0.198399529    8.909397125 v _089995_/Y (sg13g2_nand2_1)
     7    0.069049641    0.364520520    0.478715748    9.388113022 v _089996_/X (sg13g2_a21o_1)
     2    0.007588421    0.155753151    0.241588086    9.629700661 ^ _100651_/Y (sg13g2_nor2_1)
     3    0.020542087    0.141914114    0.238628685    9.868330002 ^ _100652_/X (sg13g2_buf_1)
     8    0.047842342    0.309354126    0.356386036   10.224715233 ^ fanout1369/X (sg13g2_buf_1)
     1    0.003275459    0.110294729    0.176372692   10.401088715 v _100675_/Y (sg13g2_a22oi_1)
                         0.110294729    0.000079936   10.401167870 v _130434_/D (sg13g2_dfrbpq_1)
                                                      10.401167870   data arrival time

                                        8.000000000    8.000000000   clock eth_tx_clk_i (rise edge)
                                        1.566914558    9.566914558   clock network delay (propagated)
                                       -0.250000000    9.316914558   clock uncertainty
                                        0.109914191    9.426828384   clock reconvergence pessimism
                                                       9.426828384 ^ _130434_/CLK (sg13g2_dfrbpq_1)
                                       -0.195672855    9.231155396   library setup time
                                                       9.231155396   data required time
---------------------------------------------------------------------------------------------------------
                                                       9.231155396   data required time
                                                     -10.401167870   data arrival time
---------------------------------------------------------------------------------------------------------
                                                      -1.170012593   slack (VIOLATED)


Startpoint: _139551_ (rising edge-triggered flip-flop clocked by eth_tx_clk_i)
Endpoint: _130432_ (rising edge-triggered flip-flop clocked by eth_tx_clk_i)
Path Group: eth_tx_clk_i
Path Type: max
Corner: nom_slow_1p08V_125C

Fanout            Cap           Slew          Delay           Time   Description
---------------------------------------------------------------------------------------------------------
                                        0.000000000    0.000000000   clock eth_tx_clk_i (rise edge)
                                        1.735496521    1.735496521   clock network delay (propagated)
                         0.084210865    0.000000000    1.735496521 ^ _139551_/CLK (sg13g2_dfrbpq_1)
     1    0.003734484    0.041505370    0.305664062    2.041160583 ^ _139551_/Q (sg13g2_dfrbpq_1)
     7    0.233091384    1.473616600    1.045304775    3.086465359 ^ _138906_/X (sg13g2_buf_1)
     3    0.031369634    0.152411565    0.740276277    3.826741695 ^ _138907_/X (sg13g2_buf_2)
     8    0.069266163    0.442679226    0.457685471    4.284427166 ^ fanout4938/X (sg13g2_buf_1)
     2    0.160705596    0.835649967    0.976295531    5.260722637 v _138917_/X (sg13g2_mux2_1)
     1    0.006385861    0.252710640    0.418207258    5.678929806 ^ _064097_/Y (sg13g2_a22oi_1)
     1    0.005897992    0.063733906    0.226450413    5.905380249 ^ _064099_/X (sg13g2_and2_1)
     3    0.039910465    0.264676511    0.369728714    6.275109291 ^ _064102_/X (sg13g2_and3_1)
     1    0.005955767    0.107426889    0.215199858    6.490308762 v _064104_/Y (sg13g2_xnor2_1)
     1    0.007203574    0.196243465    0.249647871    6.739956856 ^ _064120_/Y (sg13g2_nor3_1)
     1    0.006279042    0.126877859    0.147107661    6.887064457 v _064121_/Y (sg13g2_o21ai_1)
     2    0.038127832    1.041934371    0.881764889    7.768829346 ^ _064122_/Y (sg13g2_nor4_1)
     3    0.017187716    0.446475744    0.585377991    8.354207039 v _064196_/Y (sg13g2_nand3_1)
     2    0.011636322    0.227146730    0.356790155    8.710997581 ^ _089994_/Y (sg13g2_a22oi_1)
     2    0.009440774    0.126788050    0.198399529    8.909397125 v _089995_/Y (sg13g2_nand2_1)
     7    0.069049641    0.364520520    0.478715748    9.388113022 v _089996_/X (sg13g2_a21o_1)
     2    0.007588421    0.155753151    0.241588086    9.629700661 ^ _100651_/Y (sg13g2_nor2_1)
     3    0.020542087    0.141914114    0.238628685    9.868330002 ^ _100652_/X (sg13g2_buf_1)
     8    0.047842342    0.309354126    0.356386036   10.224715233 ^ fanout1369/X (sg13g2_buf_1)
     1    0.003035307    0.108527705    0.177020177   10.401735306 v _100659_/Y (sg13g2_a22oi_1)
                         0.108527705    0.000067502   10.401803017 v _130432_/D (sg13g2_dfrbpq_1)
                                                      10.401803017   data arrival time

                                        8.000000000    8.000000000   clock eth_tx_clk_i (rise edge)
                                        1.568715215    9.568715096   clock network delay (propagated)
                                       -0.250000000    9.318715096   clock uncertainty
                                        0.109914191    9.428628922   clock reconvergence pessimism
                                                       9.428628922 ^ _130432_/CLK (sg13g2_dfrbpq_1)
                                       -0.194720834    9.233907700   library setup time
                                                       9.233907700   data required time
---------------------------------------------------------------------------------------------------------
                                                       9.233907700   data required time
                                                     -10.401803017   data arrival time
---------------------------------------------------------------------------------------------------------
                                                      -1.167895198   slack (VIOLATED)


Startpoint: _139551_ (rising edge-triggered flip-flop clocked by eth_tx_clk_i)
Endpoint: _130435_ (rising edge-triggered flip-flop clocked by eth_tx_clk_i)
Path Group: eth_tx_clk_i
Path Type: max
Corner: nom_slow_1p08V_125C

Fanout            Cap           Slew          Delay           Time   Description
---------------------------------------------------------------------------------------------------------
                                        0.000000000    0.000000000   clock eth_tx_clk_i (rise edge)
                                        1.735496521    1.735496521   clock network delay (propagated)
                         0.084210865    0.000000000    1.735496521 ^ _139551_/CLK (sg13g2_dfrbpq_1)
     1    0.003734484    0.041505370    0.305664062    2.041160583 ^ _139551_/Q (sg13g2_dfrbpq_1)
     7    0.233091384    1.473616600    1.045304775    3.086465359 ^ _138906_/X (sg13g2_buf_1)
     3    0.031369634    0.152411565    0.740276277    3.826741695 ^ _138907_/X (sg13g2_buf_2)
     8    0.069266163    0.442679226    0.457685471    4.284427166 ^ fanout4938/X (sg13g2_buf_1)
     2    0.160705596    0.835649967    0.976295531    5.260722637 v _138917_/X (sg13g2_mux2_1)
     1    0.006385861    0.252710640    0.418207258    5.678929806 ^ _064097_/Y (sg13g2_a22oi_1)
     1    0.005897992    0.063733906    0.226450413    5.905380249 ^ _064099_/X (sg13g2_and2_1)
     3    0.039910465    0.264676511    0.369728714    6.275109291 ^ _064102_/X (sg13g2_and3_1)
     1    0.005955767    0.107426889    0.215199858    6.490308762 v _064104_/Y (sg13g2_xnor2_1)
     1    0.007203574    0.196243465    0.249647871    6.739956856 ^ _064120_/Y (sg13g2_nor3_1)
     1    0.006279042    0.126877859    0.147107661    6.887064457 v _064121_/Y (sg13g2_o21ai_1)
     2    0.038127832    1.041934371    0.881764889    7.768829346 ^ _064122_/Y (sg13g2_nor4_1)
     3    0.017187716    0.446475744    0.585377991    8.354207039 v _064196_/Y (sg13g2_nand3_1)
     2    0.011636322    0.227146730    0.356790155    8.710997581 ^ _089994_/Y (sg13g2_a22oi_1)
     2    0.009440774    0.126788050    0.198399529    8.909397125 v _089995_/Y (sg13g2_nand2_1)
     7    0.069049641    0.364520520    0.478715748    9.388113022 v _089996_/X (sg13g2_a21o_1)
     2    0.007588421    0.155753151    0.241588086    9.629700661 ^ _100651_/Y (sg13g2_nor2_1)
     3    0.020542087    0.141914114    0.238628685    9.868330002 ^ _100652_/X (sg13g2_buf_1)
     8    0.047842342    0.309354126    0.356386036   10.224715233 ^ fanout1369/X (sg13g2_buf_1)
     1    0.002888172    0.107441694    0.176813230   10.401528358 v _100682_/Y (sg13g2_a22oi_1)
                         0.107441694    0.000060396   10.401589394 v _130435_/D (sg13g2_dfrbpq_1)
                                                      10.401589394   data arrival time

                                        8.000000000    8.000000000   clock eth_tx_clk_i (rise edge)
                                        1.568803191    9.568802834   clock network delay (propagated)
                                       -0.250000000    9.318802834   clock uncertainty
                                        0.109914191    9.428716660   clock reconvergence pessimism
                                                       9.428716660 ^ _130435_/CLK (sg13g2_dfrbpq_1)
                                       -0.194219857    9.234497070   library setup time
                                                       9.234497070   data required time
---------------------------------------------------------------------------------------------------------
                                                       9.234497070   data required time
                                                     -10.401589394   data arrival time
---------------------------------------------------------------------------------------------------------
                                                      -1.167092204   slack (VIOLATED)


Startpoint: _139551_ (rising edge-triggered flip-flop clocked by eth_tx_clk_i)
Endpoint: _128384_ (rising edge-triggered flip-flop clocked by eth_tx_clk_i)
Path Group: eth_tx_clk_i
Path Type: max
Corner: nom_slow_1p08V_125C

Fanout            Cap           Slew          Delay           Time   Description
---------------------------------------------------------------------------------------------------------
                                        0.000000000    0.000000000   clock eth_tx_clk_i (rise edge)
                                        1.735496521    1.735496521   clock network delay (propagated)
                         0.084210865    0.000000000    1.735496521 ^ _139551_/CLK (sg13g2_dfrbpq_1)
     1    0.003734484    0.041505370    0.305664062    2.041160583 ^ _139551_/Q (sg13g2_dfrbpq_1)
     7    0.233091384    1.473616600    1.045304775    3.086465359 ^ _138906_/X (sg13g2_buf_1)
     3    0.031369634    0.152411565    0.740276277    3.826741695 ^ _138907_/X (sg13g2_buf_2)
     8    0.069266163    0.442679226    0.457685471    4.284427166 ^ fanout4938/X (sg13g2_buf_1)
     2    0.160705596    0.835649967    0.976295531    5.260722637 v _138917_/X (sg13g2_mux2_1)
     1    0.006385861    0.252710640    0.418207258    5.678929806 ^ _064097_/Y (sg13g2_a22oi_1)
     1    0.005897992    0.063733906    0.226450413    5.905380249 ^ _064099_/X (sg13g2_and2_1)
     3    0.039910465    0.264676511    0.369728714    6.275109291 ^ _064102_/X (sg13g2_and3_1)
     1    0.005955767    0.107426889    0.215199858    6.490308762 v _064104_/Y (sg13g2_xnor2_1)
     1    0.007203574    0.196243465    0.249647871    6.739956856 ^ _064120_/Y (sg13g2_nor3_1)
     1    0.006279042    0.126877859    0.147107661    6.887064457 v _064121_/Y (sg13g2_o21ai_1)
     2    0.038127832    1.041934371    0.881764889    7.768829346 ^ _064122_/Y (sg13g2_nor4_1)
     3    0.017187716    0.446475744    0.585377991    8.354207039 v _064196_/Y (sg13g2_nand3_1)
     2    0.011636322    0.227146730    0.356790155    8.710997581 ^ _089994_/Y (sg13g2_a22oi_1)
     2    0.009440774    0.126788050    0.198399529    8.909397125 v _089995_/Y (sg13g2_nand2_1)
     7    0.069049641    0.364520520    0.478715748    9.388113022 v _089996_/X (sg13g2_a21o_1)
     3    0.013996604    0.349682212    0.434976518    9.823089600 ^ _090006_/Y (sg13g2_nor3_1)
     3    0.014071838    0.110246196    0.306802601   10.129892349 ^ _090008_/X (sg13g2_and2_1)
     3    0.012756953    0.099007115    0.219722912   10.349615097 ^ _090011_/X (sg13g2_and2_1)
     1    0.003912828    0.049959347    0.087466925   10.437081337 v _090013_/Y (sg13g2_nor2_1)
                         0.049959391    0.000104805   10.437186241 v _128384_/D (sg13g2_dfrbpq_1)
                                                      10.437186241   data arrival time

                                        8.000000000    8.000000000   clock eth_tx_clk_i (rise edge)
                                        1.578195810    9.578196526   clock network delay (propagated)
                                       -0.250000000    9.328196526   clock uncertainty
                                        0.149205312    9.477401733   clock reconvergence pessimism
                                                       9.477401733 ^ _128384_/CLK (sg13g2_dfrbpq_1)
                                       -0.168720186    9.308681488   library setup time
                                                       9.308681488   data required time
---------------------------------------------------------------------------------------------------------
                                                       9.308681488   data required time
                                                     -10.437186241   data arrival time
---------------------------------------------------------------------------------------------------------
                                                      -1.128505349   slack (VIOLATED)


Startpoint: _139551_ (rising edge-triggered flip-flop clocked by eth_tx_clk_i)
Endpoint: _130427_ (rising edge-triggered flip-flop clocked by eth_tx_clk_i)
Path Group: eth_tx_clk_i
Path Type: max
Corner: nom_slow_1p08V_125C

Fanout            Cap           Slew          Delay           Time   Description
---------------------------------------------------------------------------------------------------------
                                        0.000000000    0.000000000   clock eth_tx_clk_i (rise edge)
                                        1.735496521    1.735496521   clock network delay (propagated)
                         0.084210865    0.000000000    1.735496521 ^ _139551_/CLK (sg13g2_dfrbpq_1)
     1    0.003734484    0.041505370    0.305664062    2.041160583 ^ _139551_/Q (sg13g2_dfrbpq_1)
     7    0.233091384    1.473616600    1.045304775    3.086465359 ^ _138906_/X (sg13g2_buf_1)
     3    0.031369634    0.152411565    0.740276277    3.826741695 ^ _138907_/X (sg13g2_buf_2)
     8    0.069266163    0.442679226    0.457685471    4.284427166 ^ fanout4938/X (sg13g2_buf_1)
     2    0.160705596    0.835649967    0.976295531    5.260722637 v _138917_/X (sg13g2_mux2_1)
     1    0.006385861    0.252710640    0.418207258    5.678929806 ^ _064097_/Y (sg13g2_a22oi_1)
     1    0.005897992    0.063733906    0.226450413    5.905380249 ^ _064099_/X (sg13g2_and2_1)
     3    0.039910465    0.264676511    0.369728714    6.275109291 ^ _064102_/X (sg13g2_and3_1)
     1    0.005955767    0.107426889    0.215199858    6.490308762 v _064104_/Y (sg13g2_xnor2_1)
     1    0.007203574    0.196243465    0.249647871    6.739956856 ^ _064120_/Y (sg13g2_nor3_1)
     1    0.006279042    0.126877859    0.147107661    6.887064457 v _064121_/Y (sg13g2_o21ai_1)
     2    0.038127832    1.041934371    0.881764889    7.768829346 ^ _064122_/Y (sg13g2_nor4_1)
     3    0.017187716    0.446475744    0.585377991    8.354207039 v _064196_/Y (sg13g2_nand3_1)
     2    0.011636322    0.227146730    0.356790155    8.710997581 ^ _089994_/Y (sg13g2_a22oi_1)
     2    0.009440774    0.126788050    0.198399529    8.909397125 v _089995_/Y (sg13g2_nand2_1)
     7    0.069049641    0.364520520    0.478715748    9.388113022 v _089996_/X (sg13g2_a21o_1)
     4    0.016091548    0.111627452    0.353202820    9.741315842 v _100621_/X (sg13g2_or2_1)
     3    0.011739075    0.087803744    0.238777891    9.980093002 v _100624_/X (sg13g2_a21o_1)
     1    0.007256001    0.160146311    0.204692274   10.184785843 ^ _100629_/Y (sg13g2_o21ai_1)
     1    0.005554148    0.106412157    0.131223917   10.316009521 v _100630_/Y (sg13g2_o21ai_1)
                         0.106412157    0.000222933   10.316232681 v _130427_/D (sg13g2_dfrbpq_1)
                                                      10.316232681   data arrival time

                                        8.000000000    8.000000000   clock eth_tx_clk_i (rise edge)
                                        1.563493609    9.563493729   clock network delay (propagated)
                                       -0.250000000    9.313493729   clock uncertainty
                                        0.109914191    9.423407555   clock reconvergence pessimism
                                                       9.423407555 ^ _130427_/CLK (sg13g2_dfrbpq_1)
                                       -0.195429355    9.227977753   library setup time
                                                       9.227977753   data required time
---------------------------------------------------------------------------------------------------------
                                                       9.227977753   data required time
                                                     -10.316232681   data arrival time
---------------------------------------------------------------------------------------------------------
                                                      -1.088254809   slack (VIOLATED)


Startpoint: _139551_ (rising edge-triggered flip-flop clocked by eth_tx_clk_i)
Endpoint: _128383_ (rising edge-triggered flip-flop clocked by eth_tx_clk_i)
Path Group: eth_tx_clk_i
Path Type: max
Corner: nom_slow_1p08V_125C

Fanout            Cap           Slew          Delay           Time   Description
---------------------------------------------------------------------------------------------------------
                                        0.000000000    0.000000000   clock eth_tx_clk_i (rise edge)
                                        1.735496521    1.735496521   clock network delay (propagated)
                         0.084210865    0.000000000    1.735496521 ^ _139551_/CLK (sg13g2_dfrbpq_1)
     1    0.003734484    0.041505370    0.305664062    2.041160583 ^ _139551_/Q (sg13g2_dfrbpq_1)
     7    0.233091384    1.473616600    1.045304775    3.086465359 ^ _138906_/X (sg13g2_buf_1)
     3    0.031369634    0.152411565    0.740276277    3.826741695 ^ _138907_/X (sg13g2_buf_2)
     8    0.069266163    0.442679226    0.457685471    4.284427166 ^ fanout4938/X (sg13g2_buf_1)
     2    0.160705596    0.835649967    0.976295531    5.260722637 v _138917_/X (sg13g2_mux2_1)
     1    0.006385861    0.252710640    0.418207258    5.678929806 ^ _064097_/Y (sg13g2_a22oi_1)
     1    0.005897992    0.063733906    0.226450413    5.905380249 ^ _064099_/X (sg13g2_and2_1)
     3    0.039910465    0.264676511    0.369728714    6.275109291 ^ _064102_/X (sg13g2_and3_1)
     1    0.005955767    0.107426889    0.215199858    6.490308762 v _064104_/Y (sg13g2_xnor2_1)
     1    0.007203574    0.196243465    0.249647871    6.739956856 ^ _064120_/Y (sg13g2_nor3_1)
     1    0.006279042    0.126877859    0.147107661    6.887064457 v _064121_/Y (sg13g2_o21ai_1)
     2    0.038127832    1.041934371    0.881764889    7.768829346 ^ _064122_/Y (sg13g2_nor4_1)
     3    0.017187716    0.446475744    0.585377991    8.354207039 v _064196_/Y (sg13g2_nand3_1)
     2    0.011636322    0.227146730    0.356790155    8.710997581 ^ _089994_/Y (sg13g2_a22oi_1)
     2    0.009440774    0.126788050    0.198399529    8.909397125 v _089995_/Y (sg13g2_nand2_1)
     7    0.069049641    0.364520520    0.478715748    9.388113022 v _089996_/X (sg13g2_a21o_1)
     3    0.013996604    0.349682212    0.434976518    9.823089600 ^ _090006_/Y (sg13g2_nor3_1)
     3    0.014071838    0.110246196    0.306802601   10.129892349 ^ _090008_/X (sg13g2_and2_1)
     1    0.004903661    0.056181461    0.096326508   10.226218224 v _090010_/Y (sg13g2_nor2_1)
                         0.056181543    0.000143885   10.226362228 v _128383_/D (sg13g2_dfrbpq_1)
                                                      10.226362228   data arrival time

                                        8.000000000    8.000000000   clock eth_tx_clk_i (rise edge)
                                        1.570092201    9.570092201   clock network delay (propagated)
                                       -0.250000000    9.320092201   clock uncertainty
                                        0.109914191    9.430006027   clock reconvergence pessimism
                                                       9.430006027 ^ _128383_/CLK (sg13g2_dfrbpq_1)
                                       -0.174525738    9.255479813   library setup time
                                                       9.255479813   data required time
---------------------------------------------------------------------------------------------------------
                                                       9.255479813   data required time
                                                     -10.226362228   data arrival time
---------------------------------------------------------------------------------------------------------
                                                      -0.970882058   slack (VIOLATED)


Startpoint: _139551_ (rising edge-triggered flip-flop clocked by eth_tx_clk_i)
Endpoint: _130428_ (rising edge-triggered flip-flop clocked by eth_tx_clk_i)
Path Group: eth_tx_clk_i
Path Type: max
Corner: nom_slow_1p08V_125C

Fanout            Cap           Slew          Delay           Time   Description
---------------------------------------------------------------------------------------------------------
                                        0.000000000    0.000000000   clock eth_tx_clk_i (rise edge)
                                        1.735496521    1.735496521   clock network delay (propagated)
                         0.084210865    0.000000000    1.735496521 ^ _139551_/CLK (sg13g2_dfrbpq_1)
     1    0.003734484    0.041505370    0.305664062    2.041160583 ^ _139551_/Q (sg13g2_dfrbpq_1)
     7    0.233091384    1.473616600    1.045304775    3.086465359 ^ _138906_/X (sg13g2_buf_1)
     3    0.031369634    0.152411565    0.740276277    3.826741695 ^ _138907_/X (sg13g2_buf_2)
     8    0.069266163    0.442679226    0.457685471    4.284427166 ^ fanout4938/X (sg13g2_buf_1)
     2    0.160705596    0.835649967    0.976295531    5.260722637 v _138917_/X (sg13g2_mux2_1)
     1    0.006385861    0.252710640    0.418207258    5.678929806 ^ _064097_/Y (sg13g2_a22oi_1)
     1    0.005897992    0.063733906    0.226450413    5.905380249 ^ _064099_/X (sg13g2_and2_1)
     3    0.039910465    0.264676511    0.369728714    6.275109291 ^ _064102_/X (sg13g2_and3_1)
     1    0.005955767    0.107426889    0.215199858    6.490308762 v _064104_/Y (sg13g2_xnor2_1)
     1    0.007203574    0.196243465    0.249647871    6.739956856 ^ _064120_/Y (sg13g2_nor3_1)
     1    0.006279042    0.126877859    0.147107661    6.887064457 v _064121_/Y (sg13g2_o21ai_1)
     2    0.038127832    1.041934371    0.881764889    7.768829346 ^ _064122_/Y (sg13g2_nor4_1)
     3    0.017187716    0.446475744    0.585377991    8.354207039 v _064196_/Y (sg13g2_nand3_1)
     2    0.011636322    0.227146730    0.356790155    8.710997581 ^ _089994_/Y (sg13g2_a22oi_1)
     2    0.009440774    0.126788050    0.198399529    8.909397125 v _089995_/Y (sg13g2_nand2_1)
     7    0.069049641    0.364520520    0.478715748    9.388113022 v _089996_/X (sg13g2_a21o_1)
     4    0.016091548    0.111627452    0.353202820    9.741315842 v _100621_/X (sg13g2_or2_1)
     3    0.011739075    0.087803744    0.238777891    9.980093002 v _100624_/X (sg13g2_a21o_1)
     1    0.005080476    0.060876120    0.090823352   10.070917130 ^ _100635_/Y (sg13g2_nand2_1)
     1    0.005884996    0.093959838    0.100922830   10.171839714 v _100636_/Y (sg13g2_o21ai_1)
                         0.093960032    0.000272671   10.172112465 v _130428_/D (sg13g2_dfrbpq_1)
                                                      10.172112465   data arrival time

                                        8.000000000    8.000000000   clock eth_tx_clk_i (rise edge)
                                        1.565604568    9.565604210   clock network delay (propagated)
                                       -0.250000000    9.315604210   clock uncertainty
                                        0.109914191    9.425518036   clock reconvergence pessimism
                                                       9.425518036 ^ _130428_/CLK (sg13g2_dfrbpq_1)
                                       -0.189599231    9.235918999   library setup time
                                                       9.235918999   data required time
---------------------------------------------------------------------------------------------------------
                                                       9.235918999   data required time
                                                     -10.172112465   data arrival time
---------------------------------------------------------------------------------------------------------
                                                      -0.936193347   slack (VIOLATED)


Startpoint: _139551_ (rising edge-triggered flip-flop clocked by eth_tx_clk_i)
Endpoint: _130426_ (rising edge-triggered flip-flop clocked by eth_tx_clk_i)
Path Group: eth_tx_clk_i
Path Type: max
Corner: nom_slow_1p08V_125C

Fanout            Cap           Slew          Delay           Time   Description
---------------------------------------------------------------------------------------------------------
                                        0.000000000    0.000000000   clock eth_tx_clk_i (rise edge)
                                        1.735496521    1.735496521   clock network delay (propagated)
                         0.084210865    0.000000000    1.735496521 ^ _139551_/CLK (sg13g2_dfrbpq_1)
     1    0.003734484    0.041505370    0.305664062    2.041160583 ^ _139551_/Q (sg13g2_dfrbpq_1)
     7    0.233091384    1.473616600    1.045304775    3.086465359 ^ _138906_/X (sg13g2_buf_1)
     3    0.031369634    0.152411565    0.740276277    3.826741695 ^ _138907_/X (sg13g2_buf_2)
     8    0.069266163    0.442679226    0.457685471    4.284427166 ^ fanout4938/X (sg13g2_buf_1)
     2    0.160705596    0.835649967    0.976295531    5.260722637 v _138917_/X (sg13g2_mux2_1)
     1    0.006385861    0.252710640    0.418207258    5.678929806 ^ _064097_/Y (sg13g2_a22oi_1)
     1    0.005897992    0.063733906    0.226450413    5.905380249 ^ _064099_/X (sg13g2_and2_1)
     3    0.039910465    0.264676511    0.369728714    6.275109291 ^ _064102_/X (sg13g2_and3_1)
     1    0.005955767    0.107426889    0.215199858    6.490308762 v _064104_/Y (sg13g2_xnor2_1)
     1    0.007203574    0.196243465    0.249647871    6.739956856 ^ _064120_/Y (sg13g2_nor3_1)
     1    0.006279042    0.126877859    0.147107661    6.887064457 v _064121_/Y (sg13g2_o21ai_1)
     2    0.038127832    1.041934371    0.881764889    7.768829346 ^ _064122_/Y (sg13g2_nor4_1)
     3    0.017187716    0.446475744    0.585377991    8.354207039 v _064196_/Y (sg13g2_nand3_1)
     2    0.011636322    0.227146730    0.356790155    8.710997581 ^ _089994_/Y (sg13g2_a22oi_1)
     2    0.009440774    0.126788050    0.198399529    8.909397125 v _089995_/Y (sg13g2_nand2_1)
     7    0.069049641    0.364520520    0.478715748    9.388113022 v _089996_/X (sg13g2_a21o_1)
     4    0.016091548    0.111627452    0.353202820    9.741315842 v _100621_/X (sg13g2_or2_1)
     3    0.011739075    0.087803744    0.238777891    9.980093002 v _100624_/X (sg13g2_a21o_1)
     1    0.003703831    0.073450930    0.083757892   10.063851357 ^ _100625_/Y (sg13g2_nand2_1)
     1    0.003257485    0.072260305    0.085365497   10.149216652 v _100626_/Y (sg13g2_o21ai_1)
                         0.072260305    0.000067502   10.149284363 v _130426_/D (sg13g2_dfrbpq_1)
                                                      10.149284363   data arrival time

                                        8.000000000    8.000000000   clock eth_tx_clk_i (rise edge)
                                        1.561401010    9.561400414   clock network delay (propagated)
                                       -0.250000000    9.311400414   clock uncertainty
                                        0.109914191    9.421314240   clock reconvergence pessimism
                                                       9.421314240 ^ _130426_/CLK (sg13g2_dfrbpq_1)
                                       -0.180057794    9.241256714   library setup time
                                                       9.241256714   data required time
---------------------------------------------------------------------------------------------------------
                                                       9.241256714   data required time
                                                     -10.149284363   data arrival time
---------------------------------------------------------------------------------------------------------
                                                      -0.908027470   slack (VIOLATED)


Startpoint: _139551_ (rising edge-triggered flip-flop clocked by eth_tx_clk_i)
Endpoint: _128382_ (rising edge-triggered flip-flop clocked by eth_tx_clk_i)
Path Group: eth_tx_clk_i
Path Type: max
Corner: nom_slow_1p08V_125C

Fanout            Cap           Slew          Delay           Time   Description
---------------------------------------------------------------------------------------------------------
                                        0.000000000    0.000000000   clock eth_tx_clk_i (rise edge)
                                        1.735496521    1.735496521   clock network delay (propagated)
                         0.084210865    0.000000000    1.735496521 ^ _139551_/CLK (sg13g2_dfrbpq_1)
     1    0.003734484    0.041505370    0.305664062    2.041160583 ^ _139551_/Q (sg13g2_dfrbpq_1)
     7    0.233091384    1.473616600    1.045304775    3.086465359 ^ _138906_/X (sg13g2_buf_1)
     3    0.031369634    0.152411565    0.740276277    3.826741695 ^ _138907_/X (sg13g2_buf_2)
     8    0.069266163    0.442679226    0.457685471    4.284427166 ^ fanout4938/X (sg13g2_buf_1)
     2    0.160705596    0.835649967    0.976295531    5.260722637 v _138917_/X (sg13g2_mux2_1)
     1    0.006385861    0.252710640    0.418207258    5.678929806 ^ _064097_/Y (sg13g2_a22oi_1)
     1    0.005897992    0.063733906    0.226450413    5.905380249 ^ _064099_/X (sg13g2_and2_1)
     3    0.039910465    0.264676511    0.369728714    6.275109291 ^ _064102_/X (sg13g2_and3_1)
     1    0.005955767    0.107426889    0.215199858    6.490308762 v _064104_/Y (sg13g2_xnor2_1)
     1    0.007203574    0.196243465    0.249647871    6.739956856 ^ _064120_/Y (sg13g2_nor3_1)
     1    0.006279042    0.126877859    0.147107661    6.887064457 v _064121_/Y (sg13g2_o21ai_1)
     2    0.038127832    1.041934371    0.881764889    7.768829346 ^ _064122_/Y (sg13g2_nor4_1)
     3    0.017187716    0.446475744    0.585377991    8.354207039 v _064196_/Y (sg13g2_nand3_1)
     2    0.011636322    0.227146730    0.356790155    8.710997581 ^ _089994_/Y (sg13g2_a22oi_1)
     2    0.009440774    0.126788050    0.198399529    8.909397125 v _089995_/Y (sg13g2_nand2_1)
     7    0.069049641    0.364520520    0.478715748    9.388113022 v _089996_/X (sg13g2_a21o_1)
     4    0.018282687    0.302237183    0.372550011    9.760663033 ^ _090000_/Y (sg13g2_nor2_1)
     1    0.003657658    0.098406114    0.196179971    9.956842422 v _090005_/Y (sg13g2_a21oi_1)
     1    0.003304704    0.142741248    0.179642081   10.136485100 ^ _090007_/Y (sg13g2_nor3_1)
                         0.142741248    0.000081712   10.136566162 ^ _128382_/D (sg13g2_dfrbpq_1)
                                                      10.136566162   data arrival time

                                        8.000000000    8.000000000   clock eth_tx_clk_i (rise edge)
                                        1.566240311    9.566240311   clock network delay (propagated)
                                       -0.250000000    9.316240311   clock uncertainty
                                        0.149205312    9.465445518   clock reconvergence pessimism
                                                       9.465445518 ^ _128382_/CLK (sg13g2_dfrbpq_1)
                                       -0.230037764    9.235407829   library setup time
                                                       9.235407829   data required time
---------------------------------------------------------------------------------------------------------
                                                       9.235407829   data required time
                                                     -10.136566162   data arrival time
---------------------------------------------------------------------------------------------------------
                                                      -0.901158273   slack (VIOLATED)


Startpoint: _139551_ (rising edge-triggered flip-flop clocked by eth_tx_clk_i)
Endpoint: _128381_ (rising edge-triggered flip-flop clocked by eth_tx_clk_i)
Path Group: eth_tx_clk_i
Path Type: max
Corner: nom_slow_1p08V_125C

Fanout            Cap           Slew          Delay           Time   Description
---------------------------------------------------------------------------------------------------------
                                        0.000000000    0.000000000   clock eth_tx_clk_i (rise edge)
                                        1.735496521    1.735496521   clock network delay (propagated)
                         0.084210865    0.000000000    1.735496521 ^ _139551_/CLK (sg13g2_dfrbpq_1)
     1    0.003734484    0.041505370    0.305664062    2.041160583 ^ _139551_/Q (sg13g2_dfrbpq_1)
     7    0.233091384    1.473616600    1.045304775    3.086465359 ^ _138906_/X (sg13g2_buf_1)
     3    0.031369634    0.152411565    0.740276277    3.826741695 ^ _138907_/X (sg13g2_buf_2)
     8    0.069266163    0.442679226    0.457685471    4.284427166 ^ fanout4938/X (sg13g2_buf_1)
     2    0.160705596    0.835649967    0.976295531    5.260722637 v _138917_/X (sg13g2_mux2_1)
     1    0.006385861    0.252710640    0.418207258    5.678929806 ^ _064097_/Y (sg13g2_a22oi_1)
     1    0.005897992    0.063733906    0.226450413    5.905380249 ^ _064099_/X (sg13g2_and2_1)
     3    0.039910465    0.264676511    0.369728714    6.275109291 ^ _064102_/X (sg13g2_and3_1)
     1    0.005955767    0.107426889    0.215199858    6.490308762 v _064104_/Y (sg13g2_xnor2_1)
     1    0.007203574    0.196243465    0.249647871    6.739956856 ^ _064120_/Y (sg13g2_nor3_1)
     1    0.006279042    0.126877859    0.147107661    6.887064457 v _064121_/Y (sg13g2_o21ai_1)
     2    0.038127832    1.041934371    0.881764889    7.768829346 ^ _064122_/Y (sg13g2_nor4_1)
     3    0.017187716    0.446475744    0.585377991    8.354207039 v _064196_/Y (sg13g2_nand3_1)
     2    0.011636322    0.227146730    0.356790155    8.710997581 ^ _089994_/Y (sg13g2_a22oi_1)
     2    0.009440774    0.126788050    0.198399529    8.909397125 v _089995_/Y (sg13g2_nand2_1)
     7    0.069049641    0.364520520    0.478715748    9.388113022 v _089996_/X (sg13g2_a21o_1)
     4    0.018282687    0.302237183    0.372550011    9.760663033 ^ _090000_/Y (sg13g2_nor2_1)
     1    0.005251437    0.112306654    0.183076665    9.943739891 v _090002_/Y (sg13g2_o21ai_1)
     1    0.005123384    0.115925282    0.148331136   10.092070580 ^ _090003_/Y (sg13g2_a21oi_1)
                         0.115925357    0.000193623   10.092264175 ^ _128381_/D (sg13g2_dfrbpq_1)
                                                      10.092264175   data arrival time

                                        8.000000000    8.000000000   clock eth_tx_clk_i (rise edge)
                                        1.568714261    9.568714142   clock network delay (propagated)
                                       -0.250000000    9.318714142   clock uncertainty
                                        0.149205312    9.467919350   clock reconvergence pessimism
                                                       9.467919350 ^ _128381_/CLK (sg13g2_dfrbpq_1)
                                       -0.217423081    9.250495911   library setup time
                                                       9.250495911   data required time
---------------------------------------------------------------------------------------------------------
                                                       9.250495911   data required time
                                                     -10.092264175   data arrival time
---------------------------------------------------------------------------------------------------------
                                                      -0.841768444   slack (VIOLATED)


Startpoint: _139551_ (rising edge-triggered flip-flop clocked by eth_tx_clk_i)
Endpoint: _130440_ (rising edge-triggered flip-flop clocked by eth_tx_clk_i)
Path Group: eth_tx_clk_i
Path Type: max
Corner: nom_slow_1p08V_125C

Fanout            Cap           Slew          Delay           Time   Description
---------------------------------------------------------------------------------------------------------
                                        0.000000000    0.000000000   clock eth_tx_clk_i (rise edge)
                                        1.735496521    1.735496521   clock network delay (propagated)
                         0.084210865    0.000000000    1.735496521 ^ _139551_/CLK (sg13g2_dfrbpq_1)
     1    0.003734484    0.041505370    0.305664062    2.041160583 ^ _139551_/Q (sg13g2_dfrbpq_1)
     7    0.233091384    1.473616600    1.045304775    3.086465359 ^ _138906_/X (sg13g2_buf_1)
     3    0.031369634    0.152411565    0.740276277    3.826741695 ^ _138907_/X (sg13g2_buf_2)
     8    0.069266163    0.442679226    0.457685471    4.284427166 ^ fanout4938/X (sg13g2_buf_1)
     2    0.160705596    0.835649967    0.976295531    5.260722637 v _138917_/X (sg13g2_mux2_1)
     1    0.006385861    0.252710640    0.418207258    5.678929806 ^ _064097_/Y (sg13g2_a22oi_1)
     1    0.005897992    0.063733906    0.226450413    5.905380249 ^ _064099_/X (sg13g2_and2_1)
     3    0.039910465    0.264676511    0.369728714    6.275109291 ^ _064102_/X (sg13g2_and3_1)
     1    0.005955767    0.107426889    0.215199858    6.490308762 v _064104_/Y (sg13g2_xnor2_1)
     1    0.007203574    0.196243465    0.249647871    6.739956856 ^ _064120_/Y (sg13g2_nor3_1)
     1    0.006279042    0.126877859    0.147107661    6.887064457 v _064121_/Y (sg13g2_o21ai_1)
     2    0.038127832    1.041934371    0.881764889    7.768829346 ^ _064122_/Y (sg13g2_nor4_1)
     3    0.017187716    0.446475744    0.585377991    8.354207039 v _064196_/Y (sg13g2_nand3_1)
     2    0.011636322    0.227146730    0.356790155    8.710997581 ^ _089994_/Y (sg13g2_a22oi_1)
     2    0.009440774    0.126788050    0.198399529    8.909397125 v _089995_/Y (sg13g2_nand2_1)
     7    0.069049641    0.364520520    0.478715748    9.388113022 v _089996_/X (sg13g2_a21o_1)
     2    0.007588421    0.155753151    0.241588086    9.629700661 ^ _100651_/Y (sg13g2_nor2_1)
     3    0.020542087    0.141914114    0.238628685    9.868330002 ^ _100652_/X (sg13g2_buf_1)
     1    0.005342530    0.132097572    0.146156862   10.014486313 v _100717_/Y (sg13g2_a22oi_1)
                         0.132097617    0.000176748   10.014662743 v _130440_/D (sg13g2_dfrbpq_1)
                                                      10.014662743   data arrival time

                                        8.000000000    8.000000000   clock eth_tx_clk_i (rise edge)
                                        1.564247131    9.564247131   clock network delay (propagated)
                                       -0.250000000    9.314247131   clock uncertainty
                                        0.109914191    9.424160957   clock reconvergence pessimism
                                                       9.424160957 ^ _130440_/CLK (sg13g2_dfrbpq_1)
                                       -0.207018301    9.217143059   library setup time
                                                       9.217143059   data required time
---------------------------------------------------------------------------------------------------------
                                                       9.217143059   data required time
                                                     -10.014662743   data arrival time
---------------------------------------------------------------------------------------------------------
                                                      -0.797520280   slack (VIOLATED)


