No libs found for macro SP6TSRAM512x64 at corner nom_slow_1p08V_125C. The module will be black-boxed.
No libs found for macro DP8TSRAMDP256x16 at corner nom_slow_1p08V_125C. The module will be black-boxed.
No libs found for macro SP6TSRAM512x64 at corner nom_typ_1p20V_25C. The module will be black-boxed.
No libs found for macro DP8TSRAMDP256x16 at corner nom_typ_1p20V_25C. The module will be black-boxed.
No libs found for macro SP6TSRAM512x64 at corner nom_slow_1p08V_125C. The module will be black-boxed.
No libs found for macro DP8TSRAMDP256x16 at corner nom_slow_1p08V_125C. The module will be black-boxed.
No libs found for macro SP6TSRAM512x64 at corner nom_fast_1p32V_m40C. The module will be black-boxed.
No libs found for macro DP8TSRAMDP256x16 at corner nom_fast_1p32V_m40C. The module will be black-boxed.
Multi-clock files are not currently supported by the base SDC file. Only the first clock will be constrained.
No libs found for macro SP6TSRAM512x64 at corner nom_typ_1p20V_25C. The module will be black-boxed.
No libs found for macro DP8TSRAMDP256x16 at corner nom_typ_1p20V_25C. The module will be black-boxed.
No libs found for macro SP6TSRAM512x64 at corner nom_slow_1p08V_125C. The module will be black-boxed.
No libs found for macro DP8TSRAMDP256x16 at corner nom_slow_1p08V_125C. The module will be black-boxed.
No libs found for macro SP6TSRAM512x64 at corner nom_fast_1p32V_m40C. The module will be black-boxed.
No libs found for macro DP8TSRAMDP256x16 at corner nom_fast_1p32V_m40C. The module will be black-boxed.
[ORD-2011] LEF master DP8TSRAMDP256x16 has no liberty cell.
[ORD-2011] LEF master SP6TSRAM512x64 has no liberty cell.
Multi-clock files are not currently supported by the base SDC file. Only the first clock will be constrained.
No libs found for macro SP6TSRAM512x64 at corner nom_typ_1p20V_25C. The module will be black-boxed.
No libs found for macro DP8TSRAMDP256x16 at corner nom_typ_1p20V_25C. The module will be black-boxed.
No libs found for macro SP6TSRAM512x64 at corner nom_slow_1p08V_125C. The module will be black-boxed.
No libs found for macro DP8TSRAMDP256x16 at corner nom_slow_1p08V_125C. The module will be black-boxed.
No libs found for macro SP6TSRAM512x64 at corner nom_fast_1p32V_m40C. The module will be black-boxed.
No libs found for macro DP8TSRAMDP256x16 at corner nom_fast_1p32V_m40C. The module will be black-boxed.
Cell 'SP6TSRAM512x64' has (82) input pin(s) without antenna gate information. They might not be connected to a gate.
Cell 'SP6TSRAM512x64' has (64) output pin(s) without antenna diffusion information. They might not be driven.
No libs found for macro SP6TSRAM512x64 at corner nom_typ_1p20V_25C. The module will be black-boxed.
No libs found for macro DP8TSRAMDP256x16 at corner nom_typ_1p20V_25C. The module will be black-boxed.
No libs found for macro SP6TSRAM512x64 at corner nom_slow_1p08V_125C. The module will be black-boxed.
No libs found for macro DP8TSRAMDP256x16 at corner nom_slow_1p08V_125C. The module will be black-boxed.
No libs found for macro SP6TSRAM512x64 at corner nom_fast_1p32V_m40C. The module will be black-boxed.
No libs found for macro DP8TSRAMDP256x16 at corner nom_fast_1p32V_m40C. The module will be black-boxed.
Multi-clock files are not currently supported by the base SDC file. Only the first clock will be constrained.
No libs found for macro SP6TSRAM512x64 at corner nom_typ_1p20V_25C. The module will be black-boxed.
No libs found for macro DP8TSRAMDP256x16 at corner nom_typ_1p20V_25C. The module will be black-boxed.
No libs found for macro SP6TSRAM512x64 at corner nom_slow_1p08V_125C. The module will be black-boxed.
No libs found for macro DP8TSRAMDP256x16 at corner nom_slow_1p08V_125C. The module will be black-boxed.
No libs found for macro SP6TSRAM512x64 at corner nom_fast_1p32V_m40C. The module will be black-boxed.
No libs found for macro DP8TSRAMDP256x16 at corner nom_fast_1p32V_m40C. The module will be black-boxed.
Multi-clock files are not currently supported by the base SDC file. Only the first clock will be constrained.
No libs found for macro SP6TSRAM512x64 at corner nom_typ_1p20V_25C. The module will be black-boxed.
No libs found for macro DP8TSRAMDP256x16 at corner nom_typ_1p20V_25C. The module will be black-boxed.
No libs found for macro SP6TSRAM512x64 at corner nom_slow_1p08V_125C. The module will be black-boxed.
No libs found for macro DP8TSRAMDP256x16 at corner nom_slow_1p08V_125C. The module will be black-boxed.
No libs found for macro SP6TSRAM512x64 at corner nom_fast_1p32V_m40C. The module will be black-boxed.
No libs found for macro DP8TSRAMDP256x16 at corner nom_fast_1p32V_m40C. The module will be black-boxed.
Multi-clock files are not currently supported by the base SDC file. Only the first clock will be constrained.
[PDN-0195] Removing 8 via(s) between Metal4 and TopMetal2 at (2442.5000 um, 367.5850 um) for VGND
[PDN-0195] Removing 8 via(s) between Metal4 and TopMetal2 at (2442.5000 um, 745.5450 um) for VGND
[PDN-0195] Removing 8 via(s) between Metal4 and TopMetal2 at (2910.5000 um, 367.5850 um) for VGND
[PDN-0195] Removing 8 via(s) between Metal4 and TopMetal2 at (2910.5000 um, 745.5450 um) for VGND
Bterm VPWR is declared as a 'POWER' pin. It will be ignored.
Bterm VGND is declared as a 'GROUND' pin. It will be ignored.
[ODB-0092] error: unknown library cell referenced (DP8TSRAMDP256x16) for instance (u_eth.u_mac.rx_fifo.fifo_inst.u_sram.g_bank\[0\].u_mem.mem)
[ODB-0092] error: unknown library cell referenced (DP8TSRAMDP256x16) for instance (u_eth.u_mac.rx_fifo.fifo_inst.u_sram.g_bank\[1\].u_mem.mem)
[ODB-0092] error: unknown library cell referenced (DP8TSRAMDP256x16) for instance (u_eth.u_mac.rx_fifo.fifo_inst.u_sram.g_bank\[2\].u_mem.mem)
[ODB-0092] error: unknown library cell referenced (DP8TSRAMDP256x16) for instance (u_eth.u_mac.rx_fifo.fifo_inst.u_sram.g_bank\[3\].u_mem.mem)
[ODB-0092] error: unknown library cell referenced (DP8TSRAMDP256x16) for instance (u_eth.u_mac.rx_fifo.fifo_inst.u_sram.g_bank\[4\].u_mem.mem)
[ODB-0092] error: unknown library cell referenced (DP8TSRAMDP256x16) for instance (u_eth.u_mac.rx_fifo.fifo_inst.u_sram.g_bank\[5\].u_mem.mem)
[ODB-0092] error: unknown library cell referenced (DP8TSRAMDP256x16) for instance (u_eth.u_mac.rx_fifo.fifo_inst.u_sram.g_bank\[6\].u_mem.mem)
[ODB-0092] error: unknown library cell referenced (DP8TSRAMDP256x16) for instance (u_eth.u_mac.rx_fifo.fifo_inst.u_sram.g_bank\[7\].u_mem.mem)
[ODB-0092] error: unknown library cell referenced (DP8TSRAMDP256x16) for instance (u_eth.u_mac.tx_fifo.fifo_inst.u_sram.g_bank\[0\].u_mem.mem)
[ODB-0092] error: unknown library cell referenced (DP8TSRAMDP256x16) for instance (u_eth.u_mac.tx_fifo.fifo_inst.u_sram.g_bank\[1\].u_mem.mem)
[ODB-0092] error: unknown library cell referenced (DP8TSRAMDP256x16) for instance (u_eth.u_mac.tx_fifo.fifo_inst.u_sram.g_bank\[2\].u_mem.mem)
[ODB-0092] error: unknown library cell referenced (DP8TSRAMDP256x16) for instance (u_eth.u_mac.tx_fifo.fifo_inst.u_sram.g_bank\[3\].u_mem.mem)
[ODB-0092] error: unknown library cell referenced (DP8TSRAMDP256x16) for instance (u_eth.u_mac.tx_fifo.fifo_inst.u_sram.g_bank\[4\].u_mem.mem)
[ODB-0092] error: unknown library cell referenced (DP8TSRAMDP256x16) for instance (u_eth.u_mac.tx_fifo.fifo_inst.u_sram.g_bank\[5\].u_mem.mem)
[ODB-0092] error: unknown library cell referenced (DP8TSRAMDP256x16) for instance (u_eth.u_mac.tx_fifo.fifo_inst.u_sram.g_bank\[6\].u_mem.mem)
[ODB-0092] error: unknown library cell referenced (DP8TSRAMDP256x16) for instance (u_eth.u_mac.tx_fifo.fifo_inst.u_sram.g_bank\[7\].u_mem.mem)
[ODB-0092] error: unknown library cell referenced (SP6TSRAM512x64) for instance (u_ram.g_ram_2048x64_ecc.u_b0.bank_adapter.bank\[0\].mem)
[ODB-0092] error: unknown library cell referenced (SP6TSRAM512x64) for instance (u_ram.g_ram_2048x64_ecc.u_b0.bank_adapter.bank\[1\].mem)
[ODB-0092] error: unknown library cell referenced (SP6TSRAM512x64) for instance (u_ram.g_ram_2048x64_ecc.u_b0.bank_adapter.bank\[2\].mem)
[ODB-0092] error: unknown library cell referenced (SP6TSRAM512x64) for instance (u_ram.g_ram_2048x64_ecc.u_b0.bank_adapter.bank\[3\].mem)
[ODB-0092] error: unknown library cell referenced (SP6TSRAM512x64) for instance (u_ram.g_ram_2048x64_ecc.u_b1.bank_adapter.bank\[0\].mem)
[ODB-0092] error: unknown library cell referenced (SP6TSRAM512x64) for instance (u_ram.g_ram_2048x64_ecc.u_b1.bank_adapter.bank\[1\].mem)
[ODB-0092] error: unknown library cell referenced (SP6TSRAM512x64) for instance (u_ram.g_ram_2048x64_ecc.u_b1.bank_adapter.bank\[2\].mem)
[ODB-0092] error: unknown library cell referenced (SP6TSRAM512x64) for instance (u_ram.g_ram_2048x64_ecc.u_b1.bank_adapter.bank\[3\].mem)
[ODB-0092] error: unknown library cell referenced (SP6TSRAM512x64) for instance (u_ram.g_ram_2048x64_ecc.u_b2.bank_adapter.bank\[0\].mem)
[ODB-0092] error: unknown library cell referenced (SP6TSRAM512x64) for instance (u_ram.g_ram_2048x64_ecc.u_b2.bank_adapter.bank\[1\].mem)
[ODB-0092] error: unknown library cell referenced (SP6TSRAM512x64) for instance (u_ram.g_ram_2048x64_ecc.u_b2.bank_adapter.bank\[2\].mem)
[ODB-0092] error: unknown library cell referenced (SP6TSRAM512x64) for instance (u_ram.g_ram_2048x64_ecc.u_b2.bank_adapter.bank\[3\].mem)
[ODB-0092] error: unknown library cell referenced (SP6TSRAM512x64) for instance (u_ram.g_ram_2048x64_ecc.u_b3.bank_adapter.bank\[0\].mem)
[ODB-0092] error: unknown library cell referenced (SP6TSRAM512x64) for instance (u_ram.g_ram_2048x64_ecc.u_b3.bank_adapter.bank\[1\].mem)
[ODB-0092] error: unknown library cell referenced (SP6TSRAM512x64) for instance (u_ram.g_ram_2048x64_ecc.u_b3.bank_adapter.bank\[2\].mem)
[ODB-0092] error: unknown library cell referenced (SP6TSRAM512x64) for instance (u_ram.g_ram_2048x64_ecc.u_b3.bank_adapter.bank\[3\].mem)
[ODB-0099] error: netlist component (u_eth.u_mac.rx_fifo.fifo_inst.u_sram.g_bank\[0\].u_mem.mem) is not defined
[ODB-0099] error: netlist component (u_eth.u_mac.rx_fifo.fifo_inst.u_sram.g_bank\[0\].u_mem.mem) is not defined
[ODB-0099] error: netlist component (u_eth.u_mac.rx_fifo.fifo_inst.u_sram.g_bank\[1\].u_mem.mem) is not defined
[ODB-0099] error: netlist component (u_eth.u_mac.rx_fifo.fifo_inst.u_sram.g_bank\[1\].u_mem.mem) is not defined
[ODB-0099] error: netlist component (u_eth.u_mac.rx_fifo.fifo_inst.u_sram.g_bank\[1\].u_mem.mem) is not defined
[ODB-0099] error: netlist component (u_eth.u_mac.rx_fifo.fifo_inst.u_sram.g_bank\[1\].u_mem.mem) is not defined
[ODB-0099] error: netlist component (u_eth.u_mac.rx_fifo.fifo_inst.u_sram.g_bank\[2\].u_mem.mem) is not defined
[ODB-0099] error: netlist component (u_eth.u_mac.rx_fifo.fifo_inst.u_sram.g_bank\[2\].u_mem.mem) is not defined
[ODB-0099] error: netlist component (u_eth.u_mac.rx_fifo.fifo_inst.u_sram.g_bank\[2\].u_mem.mem) is not defined
[ODB-0099] error: netlist component (u_eth.u_mac.rx_fifo.fifo_inst.u_sram.g_bank\[2\].u_mem.mem) is not defined
[ODB-0099] error: netlist component (u_eth.u_mac.rx_fifo.fifo_inst.u_sram.g_bank\[3\].u_mem.mem) is not defined
[ODB-0099] error: netlist component (u_eth.u_mac.rx_fifo.fifo_inst.u_sram.g_bank\[3\].u_mem.mem) is not defined
[ODB-0099] error: netlist component (u_eth.u_mac.rx_fifo.fifo_inst.u_sram.g_bank\[3\].u_mem.mem) is not defined
[ODB-0099] error: netlist component (u_eth.u_mac.rx_fifo.fifo_inst.u_sram.g_bank\[3\].u_mem.mem) is not defined
[ODB-0099] error: netlist component (u_eth.u_mac.rx_fifo.fifo_inst.u_sram.g_bank\[4\].u_mem.mem) is not defined
[ODB-0099] error: netlist component (u_eth.u_mac.rx_fifo.fifo_inst.u_sram.g_bank\[4\].u_mem.mem) is not defined
[ODB-0099] error: netlist component (u_eth.u_mac.rx_fifo.fifo_inst.u_sram.g_bank\[4\].u_mem.mem) is not defined
[ODB-0099] error: netlist component (u_eth.u_mac.rx_fifo.fifo_inst.u_sram.g_bank\[4\].u_mem.mem) is not defined
[ODB-0099] error: netlist component (u_eth.u_mac.rx_fifo.fifo_inst.u_sram.g_bank\[5\].u_mem.mem) is not defined
[ODB-0099] error: netlist component (u_eth.u_mac.rx_fifo.fifo_inst.u_sram.g_bank\[5\].u_mem.mem) is not defined
[ODB-0099] error: netlist component (u_eth.u_mac.rx_fifo.fifo_inst.u_sram.g_bank\[5\].u_mem.mem) is not defined
[ODB-0099] error: netlist component (u_eth.u_mac.rx_fifo.fifo_inst.u_sram.g_bank\[5\].u_mem.mem) is not defined
[ODB-0099] error: netlist component (u_eth.u_mac.rx_fifo.fifo_inst.u_sram.g_bank\[6\].u_mem.mem) is not defined
[ODB-0099] error: netlist component (u_eth.u_mac.rx_fifo.fifo_inst.u_sram.g_bank\[6\].u_mem.mem) is not defined
[ODB-0099] error: netlist component (u_eth.u_mac.rx_fifo.fifo_inst.u_sram.g_bank\[6\].u_mem.mem) is not defined
[ODB-0099] error: netlist component (u_eth.u_mac.rx_fifo.fifo_inst.u_sram.g_bank\[6\].u_mem.mem) is not defined
[ODB-0099] error: netlist component (u_eth.u_mac.tx_fifo.fifo_inst.u_sram.g_bank\[0\].u_mem.mem) is not defined
[ODB-0099] error: netlist component (u_eth.u_mac.tx_fifo.fifo_inst.u_sram.g_bank\[0\].u_mem.mem) is not defined
[ODB-0099] error: netlist component (u_eth.u_mac.tx_fifo.fifo_inst.u_sram.g_bank\[0\].u_mem.mem) is not defined
[ODB-0099] error: netlist component (u_eth.u_mac.tx_fifo.fifo_inst.u_sram.g_bank\[0\].u_mem.mem) is not defined
[ODB-0099] error: netlist component (u_eth.u_mac.tx_fifo.fifo_inst.u_sram.g_bank\[1\].u_mem.mem) is not defined
[ODB-0099] error: netlist component (u_eth.u_mac.tx_fifo.fifo_inst.u_sram.g_bank\[1\].u_mem.mem) is not defined
[ODB-0099] error: netlist component (u_eth.u_mac.tx_fifo.fifo_inst.u_sram.g_bank\[1\].u_mem.mem) is not defined
[ODB-0099] error: netlist component (u_eth.u_mac.tx_fifo.fifo_inst.u_sram.g_bank\[1\].u_mem.mem) is not defined
[ODB-0099] error: netlist component (u_eth.u_mac.tx_fifo.fifo_inst.u_sram.g_bank\[2\].u_mem.mem) is not defined
[ODB-0099] error: netlist component (u_eth.u_mac.tx_fifo.fifo_inst.u_sram.g_bank\[2\].u_mem.mem) is not defined
[ODB-0099] error: netlist component (u_eth.u_mac.tx_fifo.fifo_inst.u_sram.g_bank\[2\].u_mem.mem) is not defined
[ODB-0099] error: netlist component (u_eth.u_mac.tx_fifo.fifo_inst.u_sram.g_bank\[2\].u_mem.mem) is not defined
[ODB-0099] error: netlist component (u_eth.u_mac.tx_fifo.fifo_inst.u_sram.g_bank\[3\].u_mem.mem) is not defined
[ODB-0099] error: netlist component (u_eth.u_mac.tx_fifo.fifo_inst.u_sram.g_bank\[3\].u_mem.mem) is not defined
[ODB-0099] error: netlist component (u_eth.u_mac.tx_fifo.fifo_inst.u_sram.g_bank\[3\].u_mem.mem) is not defined
[ODB-0099] error: netlist component (u_eth.u_mac.tx_fifo.fifo_inst.u_sram.g_bank\[3\].u_mem.mem) is not defined
[ODB-0099] error: netlist component (u_eth.u_mac.tx_fifo.fifo_inst.u_sram.g_bank\[4\].u_mem.mem) is not defined
[ODB-0099] error: netlist component (u_eth.u_mac.tx_fifo.fifo_inst.u_sram.g_bank\[4\].u_mem.mem) is not defined
[ODB-0099] error: netlist component (u_eth.u_mac.tx_fifo.fifo_inst.u_sram.g_bank\[4\].u_mem.mem) is not defined
[ODB-0099] error: netlist component (u_eth.u_mac.tx_fifo.fifo_inst.u_sram.g_bank\[4\].u_mem.mem) is not defined
[ODB-0099] error: netlist component (u_eth.u_mac.tx_fifo.fifo_inst.u_sram.g_bank\[5\].u_mem.mem) is not defined
[ODB-0099] error: netlist component (u_eth.u_mac.tx_fifo.fifo_inst.u_sram.g_bank\[5\].u_mem.mem) is not defined
[ODB-0099] error: netlist component (u_eth.u_mac.tx_fifo.fifo_inst.u_sram.g_bank\[5\].u_mem.mem) is not defined
[ODB-0099] error: netlist component (u_eth.u_mac.tx_fifo.fifo_inst.u_sram.g_bank\[5\].u_mem.mem) is not defined
[ODB-0099] error: netlist component (u_eth.u_mac.tx_fifo.fifo_inst.u_sram.g_bank\[6\].u_mem.mem) is not defined
[ODB-0099] error: netlist component (u_eth.u_mac.tx_fifo.fifo_inst.u_sram.g_bank\[6\].u_mem.mem) is not defined
[ODB-0099] error: netlist component (u_eth.u_mac.rx_fifo.fifo_inst.u_sram.g_bank\[0\].u_mem.mem) is not defined
[ODB-0099] error: netlist component (u_eth.u_mac.rx_fifo.fifo_inst.u_sram.g_bank\[1\].u_mem.mem) is not defined
[ODB-0099] error: netlist component (u_eth.u_mac.rx_fifo.fifo_inst.u_sram.g_bank\[2\].u_mem.mem) is not defined
[ODB-0099] error: netlist component (u_eth.u_mac.rx_fifo.fifo_inst.u_sram.g_bank\[3\].u_mem.mem) is not defined
[ODB-0099] error: netlist component (u_eth.u_mac.tx_fifo.fifo_inst.u_sram.g_bank\[0\].u_mem.mem) is not defined
[ODB-0099] error: netlist component (u_eth.u_mac.tx_fifo.fifo_inst.u_sram.g_bank\[1\].u_mem.mem) is not defined
[ODB-0099] error: netlist component (u_eth.u_mac.tx_fifo.fifo_inst.u_sram.g_bank\[2\].u_mem.mem) is not defined
[ODB-0099] error: netlist component (u_eth.u_mac.tx_fifo.fifo_inst.u_sram.g_bank\[3\].u_mem.mem) is not defined
[ODB-0099] error: netlist component (u_eth.u_mac.rx_fifo.fifo_inst.u_sram.g_bank\[4\].u_mem.mem) is not defined
[ODB-0099] error: netlist component (u_eth.u_mac.rx_fifo.fifo_inst.u_sram.g_bank\[5\].u_mem.mem) is not defined
[ODB-0099] error: netlist component (u_eth.u_mac.rx_fifo.fifo_inst.u_sram.g_bank\[6\].u_mem.mem) is not defined
[ODB-0099] error: netlist component (u_eth.u_mac.rx_fifo.fifo_inst.u_sram.g_bank\[7\].u_mem.mem) is not defined
[ODB-0099] error: netlist component (u_eth.u_mac.tx_fifo.fifo_inst.u_sram.g_bank\[4\].u_mem.mem) is not defined
[ODB-0099] error: netlist component (u_eth.u_mac.tx_fifo.fifo_inst.u_sram.g_bank\[5\].u_mem.mem) is not defined
[ODB-0099] error: netlist component (u_eth.u_mac.tx_fifo.fifo_inst.u_sram.g_bank\[6\].u_mem.mem) is not defined
[ODB-0099] error: netlist component (u_eth.u_mac.tx_fifo.fifo_inst.u_sram.g_bank\[7\].u_mem.mem) is not defined
[ODB-0099] error: netlist component (u_ram.g_ram_2048x64_ecc.u_b2.bank_adapter.bank\[2\].mem) is not defined
[ODB-0099] error: netlist component (u_ram.g_ram_2048x64_ecc.u_b2.bank_adapter.bank\[1\].mem) is not defined
[ODB-0099] error: netlist component (u_ram.g_ram_2048x64_ecc.u_b2.bank_adapter.bank\[0\].mem) is not defined
[ODB-0099] error: netlist component (u_ram.g_ram_2048x64_ecc.u_b0.bank_adapter.bank\[3\].mem) is not defined
[ODB-0099] error: netlist component (u_ram.g_ram_2048x64_ecc.u_b3.bank_adapter.bank\[3\].mem) is not defined
[ODB-0099] error: netlist component (u_ram.g_ram_2048x64_ecc.u_b3.bank_adapter.bank\[2\].mem) is not defined
[ODB-0099] error: netlist component (u_ram.g_ram_2048x64_ecc.u_b3.bank_adapter.bank\[1\].mem) is not defined
[ODB-0099] error: netlist component (u_ram.g_ram_2048x64_ecc.u_b2.bank_adapter.bank\[3\].mem) is not defined
[ODB-0099] error: netlist component (u_eth.u_mac.rx_fifo.fifo_inst.u_sram.g_bank\[6\].u_mem.mem) is not defined
[ODB-0099] error: netlist component (u_eth.u_mac.tx_fifo.fifo_inst.u_sram.g_bank\[6\].u_mem.mem) is not defined
[ODB-0099] error: netlist component (u_eth.u_mac.tx_fifo.fifo_inst.u_sram.g_bank\[7\].u_mem.mem) is not defined
[ODB-0099] error: netlist component (u_eth.u_mac.rx_fifo.fifo_inst.u_sram.g_bank\[7\].u_mem.mem) is not defined
[ODB-0099] error: netlist component (u_eth.u_mac.rx_fifo.fifo_inst.u_sram.g_bank\[4\].u_mem.mem) is not defined
[ODB-0099] error: netlist component (u_eth.u_mac.tx_fifo.fifo_inst.u_sram.g_bank\[4\].u_mem.mem) is not defined
[ODB-0099] error: netlist component (u_eth.u_mac.tx_fifo.fifo_inst.u_sram.g_bank\[5\].u_mem.mem) is not defined
[ODB-0099] error: netlist component (u_eth.u_mac.rx_fifo.fifo_inst.u_sram.g_bank\[5\].u_mem.mem) is not defined
[ODB-0099] error: netlist component (u_eth.u_mac.tx_fifo.fifo_inst.u_sram.g_bank\[1\].u_mem.mem) is not defined
[ODB-0099] error: netlist component (u_eth.u_mac.rx_fifo.fifo_inst.u_sram.g_bank\[1\].u_mem.mem) is not defined
[ODB-0099] error: netlist component (u_eth.u_mac.rx_fifo.fifo_inst.u_sram.g_bank\[2\].u_mem.mem) is not defined
[ODB-0099] error: netlist component (u_eth.u_mac.tx_fifo.fifo_inst.u_sram.g_bank\[2\].u_mem.mem) is not defined
[ODB-0099] error: netlist component (u_eth.u_mac.rx_fifo.fifo_inst.u_sram.g_bank\[0\].u_mem.mem) is not defined
[ODB-0099] error: netlist component (u_eth.u_mac.tx_fifo.fifo_inst.u_sram.g_bank\[0\].u_mem.mem) is not defined
[ODB-0099] error: netlist component (u_ram.g_ram_2048x64_ecc.u_b0.bank_adapter.bank\[2\].mem) is not defined
[ODB-0099] error: netlist component (u_ram.g_ram_2048x64_ecc.u_b0.bank_adapter.bank\[1\].mem) is not defined
[ODB-0099] error: netlist component (u_ram.g_ram_2048x64_ecc.u_b0.bank_adapter.bank\[0\].mem) is not defined
[ODB-0099] error: netlist component (u_ram.g_ram_2048x64_ecc.u_b1.bank_adapter.bank\[2\].mem) is not defined
[ODB-0099] error: netlist component (u_eth.u_mac.tx_fifo.fifo_inst.u_sram.g_bank\[3\].u_mem.mem) is not defined
[ODB-0099] error: netlist component (u_eth.u_mac.rx_fifo.fifo_inst.u_sram.g_bank\[3\].u_mem.mem) is not defined
[ODB-0099] error: netlist component (u_ram.g_ram_2048x64_ecc.u_b1.bank_adapter.bank\[3\].mem) is not defined
[ODB-0099] error: netlist component (u_ram.g_ram_2048x64_ecc.u_b1.bank_adapter.bank\[1\].mem) is not defined
[ODB-0099] error: netlist component (u_ram.g_ram_2048x64_ecc.u_b1.bank_adapter.bank\[0\].mem) is not defined
[ODB-0099] error: netlist component (u_ram.g_ram_2048x64_ecc.u_b3.bank_adapter.bank\[0\].mem) is not defined
[ODB-0099] error: netlist component (u_ram.g_ram_2048x64_ecc.u_b1.bank_adapter.bank\[2\].mem) is not defined
[ODB-0099] error: netlist component (u_ram.g_ram_2048x64_ecc.u_b1.bank_adapter.bank\[1\].mem) is not defined
[ODB-0099] error: netlist component (u_ram.g_ram_2048x64_ecc.u_b1.bank_adapter.bank\[0\].mem) is not defined
[ODB-0099] error: netlist component (u_ram.g_ram_2048x64_ecc.u_b3.bank_adapter.bank\[0\].mem) is not defined
[ODB-0099] error: netlist component (u_ram.g_ram_2048x64_ecc.u_b3.bank_adapter.bank\[0\].mem) is not defined
[ODB-0099] error: netlist component (u_ram.g_ram_2048x64_ecc.u_b0.bank_adapter.bank\[3\].mem) is not defined
[ODB-0099] error: netlist component (u_ram.g_ram_2048x64_ecc.u_b2.bank_adapter.bank\[0\].mem) is not defined
[ODB-0099] error: netlist component (u_ram.g_ram_2048x64_ecc.u_b0.bank_adapter.bank\[3\].mem) is not defined
[ODB-0099] error: netlist component (u_ram.g_ram_2048x64_ecc.u_b2.bank_adapter.bank\[0\].mem) is not defined
[ODB-0099] error: netlist component (u_ram.g_ram_2048x64_ecc.u_b0.bank_adapter.bank\[3\].mem) is not defined
[ODB-0099] error: netlist component (u_ram.g_ram_2048x64_ecc.u_b0.bank_adapter.bank\[2\].mem) is not defined
[ODB-0099] error: netlist component (u_ram.g_ram_2048x64_ecc.u_b0.bank_adapter.bank\[1\].mem) is not defined
[ODB-0099] error: netlist component (u_ram.g_ram_2048x64_ecc.u_b0.bank_adapter.bank\[0\].mem) is not defined
[ODB-0099] error: netlist component (u_ram.g_ram_2048x64_ecc.u_b2.bank_adapter.bank\[0\].mem) is not defined
[ODB-0099] error: netlist component (u_ram.g_ram_2048x64_ecc.u_b0.bank_adapter.bank\[3\].mem) is not defined
[ODB-0099] error: netlist component (u_ram.g_ram_2048x64_ecc.u_b2.bank_adapter.bank\[0\].mem) is not defined
[ODB-0099] error: netlist component (u_ram.g_ram_2048x64_ecc.u_b3.bank_adapter.bank\[0\].mem) is not defined
[ODB-0099] error: netlist component (u_ram.g_ram_2048x64_ecc.u_b1.bank_adapter.bank\[2\].mem) is not defined
[ODB-0099] error: netlist component (u_ram.g_ram_2048x64_ecc.u_b1.bank_adapter.bank\[1\].mem) is not defined
[ODB-0099] error: netlist component (u_ram.g_ram_2048x64_ecc.u_b1.bank_adapter.bank\[0\].mem) is not defined
[ODB-0099] error: netlist component (u_ram.g_ram_2048x64_ecc.u_b3.bank_adapter.bank\[1\].mem) is not defined
[ODB-0099] error: netlist component (u_ram.g_ram_2048x64_ecc.u_b3.bank_adapter.bank\[0\].mem) is not defined
[ODB-0099] error: netlist component (u_ram.g_ram_2048x64_ecc.u_b2.bank_adapter.bank\[0\].mem) is not defined
[ODB-0099] error: netlist component (u_ram.g_ram_2048x64_ecc.u_b3.bank_adapter.bank\[0\].mem) is not defined
[ODB-0099] error: netlist component (u_ram.g_ram_2048x64_ecc.u_b1.bank_adapter.bank\[3\].mem) is not defined
[ODB-0099] error: netlist component (u_ram.g_ram_2048x64_ecc.u_b1.bank_adapter.bank\[2\].mem) is not defined
[ODB-0099] error: netlist component (u_ram.g_ram_2048x64_ecc.u_b3.bank_adapter.bank\[3\].mem) is not defined
[ODB-0099] error: netlist component (u_ram.g_ram_2048x64_ecc.u_b3.bank_adapter.bank\[2\].mem) is not defined
[ODB-0099] error: netlist component (u_ram.g_ram_2048x64_ecc.u_b3.bank_adapter.bank\[0\].mem) is not defined
[ODB-0099] error: netlist component (u_ram.g_ram_2048x64_ecc.u_b3.bank_adapter.bank\[3\].mem) is not defined
[ODB-0099] error: netlist component (u_ram.g_ram_2048x64_ecc.u_b3.bank_adapter.bank\[2\].mem) is not defined
[ODB-0099] error: netlist component (u_ram.g_ram_2048x64_ecc.u_b3.bank_adapter.bank\[0\].mem) is not defined
[ODB-0099] error: netlist component (u_ram.g_ram_2048x64_ecc.u_b3.bank_adapter.bank\[0\].mem) is not defined
[ODB-0099] error: netlist component (u_ram.g_ram_2048x64_ecc.u_b1.bank_adapter.bank\[2\].mem) is not defined
[ODB-0099] error: netlist component (u_ram.g_ram_2048x64_ecc.u_b3.bank_adapter.bank\[0\].mem) is not defined
[ODB-0099] error: netlist component (u_ram.g_ram_2048x64_ecc.u_b2.bank_adapter.bank\[0\].mem) is not defined
[ODB-0099] error: netlist component (u_ram.g_ram_2048x64_ecc.u_b3.bank_adapter.bank\[0\].mem) is not defined
[ODB-0099] error: netlist component (u_ram.g_ram_2048x64_ecc.u_b0.bank_adapter.bank\[3\].mem) is not defined
[ODB-0099] error: netlist component (u_ram.g_ram_2048x64_ecc.u_b2.bank_adapter.bank\[3\].mem) is not defined
[ODB-0099] error: netlist component (u_ram.g_ram_2048x64_ecc.u_b2.bank_adapter.bank\[2\].mem) is not defined
[ODB-0099] error: netlist component (u_ram.g_ram_2048x64_ecc.u_b2.bank_adapter.bank\[1\].mem) is not defined
[ODB-0099] error: netlist component (u_ram.g_ram_2048x64_ecc.u_b2.bank_adapter.bank\[0\].mem) is not defined
[ODB-0099] error: netlist component (u_ram.g_ram_2048x64_ecc.u_b0.bank_adapter.bank\[3\].mem) is not defined
[ODB-0099] error: netlist component (u_ram.g_ram_2048x64_ecc.u_b0.bank_adapter.bank\[2\].mem) is not defined
[ODB-0099] error: netlist component (u_ram.g_ram_2048x64_ecc.u_b0.bank_adapter.bank\[1\].mem) is not defined
[ODB-0099] error: netlist component (u_ram.g_ram_2048x64_ecc.u_b0.bank_adapter.bank\[0\].mem) is not defined
[ODB-0099] error: netlist component (u_ram.g_ram_2048x64_ecc.u_b2.bank_adapter.bank\[3\].mem) is not defined
[ODB-0099] error: netlist component (u_ram.g_ram_2048x64_ecc.u_b2.bank_adapter.bank\[2\].mem) is not defined
[ODB-0099] error: netlist component (u_ram.g_ram_2048x64_ecc.u_b2.bank_adapter.bank\[1\].mem) is not defined
[ODB-0099] error: netlist component (u_ram.g_ram_2048x64_ecc.u_b2.bank_adapter.bank\[0\].mem) is not defined
[ODB-0099] error: netlist component (u_ram.g_ram_2048x64_ecc.u_b0.bank_adapter.bank\[1\].mem) is not defined
[ODB-0099] error: netlist component (u_ram.g_ram_2048x64_ecc.u_b0.bank_adapter.bank\[1\].mem) is not defined
[ODB-0099] error: netlist component (u_ram.g_ram_2048x64_ecc.u_b1.bank_adapter.bank\[2\].mem) is not defined
[ODB-0099] error: netlist component (u_ram.g_ram_2048x64_ecc.u_b1.bank_adapter.bank\[2\].mem) is not defined
[ODB-0099] error: netlist component (u_ram.g_ram_2048x64_ecc.u_b1.bank_adapter.bank\[1\].mem) is not defined
[ODB-0099] error: netlist component (u_ram.g_ram_2048x64_ecc.u_b1.bank_adapter.bank\[1\].mem) is not defined
[ODB-0099] error: netlist component (u_ram.g_ram_2048x64_ecc.u_b1.bank_adapter.bank\[1\].mem) is not defined
[ODB-0099] error: netlist component (u_ram.g_ram_2048x64_ecc.u_b1.bank_adapter.bank\[1\].mem) is not defined
[ODB-0099] error: netlist component (u_ram.g_ram_2048x64_ecc.u_b2.bank_adapter.bank\[1\].mem) is not defined
[ODB-0099] error: netlist component (u_ram.g_ram_2048x64_ecc.u_b2.bank_adapter.bank\[1\].mem) is not defined
[ODB-0099] error: netlist component (u_ram.g_ram_2048x64_ecc.u_b2.bank_adapter.bank\[0\].mem) is not defined
[ODB-0099] error: netlist component (u_ram.g_ram_2048x64_ecc.u_b2.bank_adapter.bank\[0\].mem) is not defined
[ODB-0099] error: netlist component (u_ram.g_ram_2048x64_ecc.u_b3.bank_adapter.bank\[2\].mem) is not defined
[ODB-0099] error: netlist component (u_ram.g_ram_2048x64_ecc.u_b3.bank_adapter.bank\[2\].mem) is not defined
[ODB-0099] error: netlist component (u_ram.g_ram_2048x64_ecc.u_b2.bank_adapter.bank\[2\].mem) is not defined
[ODB-0099] error: netlist component (u_ram.g_ram_2048x64_ecc.u_b2.bank_adapter.bank\[2\].mem) is not defined
[ODB-0099] error: netlist component (u_ram.g_ram_2048x64_ecc.u_b3.bank_adapter.bank\[2\].mem) is not defined
[ODB-0099] error: netlist component (u_ram.g_ram_2048x64_ecc.u_b3.bank_adapter.bank\[2\].mem) is not defined
[ODB-0099] error: netlist component (u_ram.g_ram_2048x64_ecc.u_b2.bank_adapter.bank\[3\].mem) is not defined
[ODB-0099] error: netlist component (u_ram.g_ram_2048x64_ecc.u_b2.bank_adapter.bank\[2\].mem) is not defined
[ODB-0099] error: netlist component (u_ram.g_ram_2048x64_ecc.u_b2.bank_adapter.bank\[1\].mem) is not defined
[ODB-0099] error: netlist component (u_ram.g_ram_2048x64_ecc.u_b2.bank_adapter.bank\[0\].mem) is not defined
[ODB-0099] error: netlist component (u_ram.g_ram_2048x64_ecc.u_b1.bank_adapter.bank\[3\].mem) is not defined
[ODB-0099] error: netlist component (u_ram.g_ram_2048x64_ecc.u_b0.bank_adapter.bank\[3\].mem) is not defined
[ODB-0099] error: netlist component (u_ram.g_ram_2048x64_ecc.u_b0.bank_adapter.bank\[2\].mem) is not defined
[ODB-0099] error: netlist component (u_ram.g_ram_2048x64_ecc.u_b0.bank_adapter.bank\[1\].mem) is not defined
[ODB-0099] error: netlist component (u_ram.g_ram_2048x64_ecc.u_b0.bank_adapter.bank\[0\].mem) is not defined
[ODB-0099] error: netlist component (u_ram.g_ram_2048x64_ecc.u_b3.bank_adapter.bank\[3\].mem) is not defined
[ODB-0099] error: netlist component (u_ram.g_ram_2048x64_ecc.u_b3.bank_adapter.bank\[2\].mem) is not defined
[ODB-0099] error: netlist component (u_ram.g_ram_2048x64_ecc.u_b3.bank_adapter.bank\[1\].mem) is not defined
[ODB-0099] error: netlist component (u_ram.g_ram_2048x64_ecc.u_b3.bank_adapter.bank\[0\].mem) is not defined
[ODB-0099] error: netlist component (u_ram.g_ram_2048x64_ecc.u_b1.bank_adapter.bank\[3\].mem) is not defined
[ODB-0099] error: netlist component (u_ram.g_ram_2048x64_ecc.u_b1.bank_adapter.bank\[2\].mem) is not defined
[ODB-0099] error: netlist component (u_ram.g_ram_2048x64_ecc.u_b1.bank_adapter.bank\[1\].mem) is not defined
[ODB-0099] error: netlist component (u_ram.g_ram_2048x64_ecc.u_b1.bank_adapter.bank\[0\].mem) is not defined
[ODB-0099] error: netlist component (u_ram.g_ram_2048x64_ecc.u_b3.bank_adapter.bank\[3\].mem) is not defined
[ODB-0099] error: netlist component (u_ram.g_ram_2048x64_ecc.u_b3.bank_adapter.bank\[2\].mem) is not defined
[ODB-0099] error: netlist component (u_ram.g_ram_2048x64_ecc.u_b3.bank_adapter.bank\[1\].mem) is not defined
[ODB-0099] error: netlist component (u_ram.g_ram_2048x64_ecc.u_b3.bank_adapter.bank\[0\].mem) is not defined
[ODB-0099] error: netlist component (u_ram.g_ram_2048x64_ecc.u_b1.bank_adapter.bank\[3\].mem) is not defined
[ODB-0099] error: netlist component (u_ram.g_ram_2048x64_ecc.u_b1.bank_adapter.bank\[2\].mem) is not defined
[ODB-0099] error: netlist component (u_ram.g_ram_2048x64_ecc.u_b1.bank_adapter.bank\[1\].mem) is not defined
[ODB-0099] error: netlist component (u_ram.g_ram_2048x64_ecc.u_b1.bank_adapter.bank\[0\].mem) is not defined
[ODB-0099] error: netlist component (u_ram.g_ram_2048x64_ecc.u_b3.bank_adapter.bank\[3\].mem) is not defined
[ODB-0099] error: netlist component (u_ram.g_ram_2048x64_ecc.u_b3.bank_adapter.bank\[2\].mem) is not defined
[ODB-0099] error: netlist component (u_ram.g_ram_2048x64_ecc.u_b3.bank_adapter.bank\[1\].mem) is not defined
[ODB-0099] error: netlist component (u_ram.g_ram_2048x64_ecc.u_b3.bank_adapter.bank\[0\].mem) is not defined
[ODB-0099] error: netlist component (u_ram.g_ram_2048x64_ecc.u_b1.bank_adapter.bank\[3\].mem) is not defined
[ODB-0099] error: netlist component (u_ram.g_ram_2048x64_ecc.u_b1.bank_adapter.bank\[2\].mem) is not defined
[ODB-0099] error: netlist component (u_ram.g_ram_2048x64_ecc.u_b1.bank_adapter.bank\[1\].mem) is not defined
[ODB-0099] error: netlist component (u_ram.g_ram_2048x64_ecc.u_b1.bank_adapter.bank\[0\].mem) is not defined
[ODB-0099] error: netlist component (u_ram.g_ram_2048x64_ecc.u_b3.bank_adapter.bank\[3\].mem) is not defined
[ODB-0099] error: netlist component (u_ram.g_ram_2048x64_ecc.u_b3.bank_adapter.bank\[2\].mem) is not defined
[ODB-0099] error: netlist component (u_ram.g_ram_2048x64_ecc.u_b3.bank_adapter.bank\[1\].mem) is not defined
[ODB-0099] error: netlist component (u_ram.g_ram_2048x64_ecc.u_b3.bank_adapter.bank\[0\].mem) is not defined
[ODB-0099] error: netlist component (u_ram.g_ram_2048x64_ecc.u_b2.bank_adapter.bank\[1\].mem) is not defined
[ODB-0099] error: netlist component (u_ram.g_ram_2048x64_ecc.u_b1.bank_adapter.bank\[3\].mem) is not defined
[ODB-0099] error: netlist component (u_ram.g_ram_2048x64_ecc.u_b1.bank_adapter.bank\[2\].mem) is not defined
[ODB-0099] error: netlist component (u_ram.g_ram_2048x64_ecc.u_b1.bank_adapter.bank\[1\].mem) is not defined
[ODB-0099] error: netlist component (u_ram.g_ram_2048x64_ecc.u_b1.bank_adapter.bank\[0\].mem) is not defined
[ODB-0099] error: netlist component (u_ram.g_ram_2048x64_ecc.u_b3.bank_adapter.bank\[1\].mem) is not defined
[ODB-0099] error: netlist component (u_ram.g_ram_2048x64_ecc.u_b2.bank_adapter.bank\[3\].mem) is not defined
[ODB-0099] error: netlist component (u_ram.g_ram_2048x64_ecc.u_b2.bank_adapter.bank\[2\].mem) is not defined
[ODB-0099] error: netlist component (u_ram.g_ram_2048x64_ecc.u_b2.bank_adapter.bank\[1\].mem) is not defined
[ODB-0099] error: netlist component (u_ram.g_ram_2048x64_ecc.u_b2.bank_adapter.bank\[0\].mem) is not defined
[ODB-0099] error: netlist component (u_ram.g_ram_2048x64_ecc.u_b1.bank_adapter.bank\[3\].mem) is not defined
[ODB-0099] error: netlist component (u_ram.g_ram_2048x64_ecc.u_b0.bank_adapter.bank\[3\].mem) is not defined
[ODB-0099] error: netlist component (u_ram.g_ram_2048x64_ecc.u_b0.bank_adapter.bank\[2\].mem) is not defined
[ODB-0099] error: netlist component (u_ram.g_ram_2048x64_ecc.u_b0.bank_adapter.bank\[1\].mem) is not defined
[ODB-0099] error: netlist component (u_ram.g_ram_2048x64_ecc.u_b0.bank_adapter.bank\[0\].mem) is not defined
[ODB-0099] error: netlist component (u_ram.g_ram_2048x64_ecc.u_b3.bank_adapter.bank\[1\].mem) is not defined
[ODB-0099] error: netlist component (u_ram.g_ram_2048x64_ecc.u_b2.bank_adapter.bank\[3\].mem) is not defined
[ODB-0099] error: netlist component (u_ram.g_ram_2048x64_ecc.u_b2.bank_adapter.bank\[2\].mem) is not defined
[ODB-0099] error: netlist component (u_ram.g_ram_2048x64_ecc.u_b2.bank_adapter.bank\[1\].mem) is not defined
[ODB-0099] error: netlist component (u_ram.g_ram_2048x64_ecc.u_b2.bank_adapter.bank\[0\].mem) is not defined
[ODB-0099] error: netlist component (u_ram.g_ram_2048x64_ecc.u_b1.bank_adapter.bank\[3\].mem) is not defined
[ODB-0099] error: netlist component (u_ram.g_ram_2048x64_ecc.u_b0.bank_adapter.bank\[3\].mem) is not defined
[ODB-0099] error: netlist component (u_ram.g_ram_2048x64_ecc.u_b0.bank_adapter.bank\[2\].mem) is not defined
[ODB-0099] error: netlist component (u_ram.g_ram_2048x64_ecc.u_b0.bank_adapter.bank\[1\].mem) is not defined
[ODB-0099] error: netlist component (u_ram.g_ram_2048x64_ecc.u_b0.bank_adapter.bank\[0\].mem) is not defined
[ODB-0099] error: netlist component (u_ram.g_ram_2048x64_ecc.u_b3.bank_adapter.bank\[3\].mem) is not defined
[ODB-0099] error: netlist component (u_ram.g_ram_2048x64_ecc.u_b3.bank_adapter.bank\[2\].mem) is not defined
[ODB-0099] error: netlist component (u_ram.g_ram_2048x64_ecc.u_b3.bank_adapter.bank\[1\].mem) is not defined
[ODB-0099] error: netlist component (u_ram.g_ram_2048x64_ecc.u_b3.bank_adapter.bank\[0\].mem) is not defined
[ODB-0099] error: netlist component (u_ram.g_ram_2048x64_ecc.u_b2.bank_adapter.bank\[3\].mem) is not defined
[ODB-0099] error: netlist component (u_ram.g_ram_2048x64_ecc.u_b2.bank_adapter.bank\[2\].mem) is not defined
[ODB-0099] error: netlist component (u_ram.g_ram_2048x64_ecc.u_b2.bank_adapter.bank\[1\].mem) is not defined
[ODB-0099] error: netlist component (u_ram.g_ram_2048x64_ecc.u_b1.bank_adapter.bank\[3\].mem) is not defined
[ODB-0099] error: netlist component (u_ram.g_ram_2048x64_ecc.u_b1.bank_adapter.bank\[2\].mem) is not defined
[ODB-0099] error: netlist component (u_ram.g_ram_2048x64_ecc.u_b1.bank_adapter.bank\[1\].mem) is not defined
[ODB-0099] error: netlist component (u_ram.g_ram_2048x64_ecc.u_b1.bank_adapter.bank\[0\].mem) is not defined
[ODB-0099] error: netlist component (u_ram.g_ram_2048x64_ecc.u_b3.bank_adapter.bank\[1\].mem) is not defined
[ODB-0099] error: netlist component (u_ram.g_ram_2048x64_ecc.u_b2.bank_adapter.bank\[3\].mem) is not defined
[ODB-0099] error: netlist component (u_ram.g_ram_2048x64_ecc.u_b2.bank_adapter.bank\[2\].mem) is not defined
[ODB-0099] error: netlist component (u_ram.g_ram_2048x64_ecc.u_b2.bank_adapter.bank\[1\].mem) is not defined
[ODB-0099] error: netlist component (u_ram.g_ram_2048x64_ecc.u_b2.bank_adapter.bank\[0\].mem) is not defined
[ODB-0099] error: netlist component (u_ram.g_ram_2048x64_ecc.u_b1.bank_adapter.bank\[3\].mem) is not defined
[ODB-0099] error: netlist component (u_ram.g_ram_2048x64_ecc.u_b0.bank_adapter.bank\[3\].mem) is not defined
[ODB-0099] error: netlist component (u_ram.g_ram_2048x64_ecc.u_b0.bank_adapter.bank\[2\].mem) is not defined
[ODB-0099] error: netlist component (u_ram.g_ram_2048x64_ecc.u_b0.bank_adapter.bank\[1\].mem) is not defined
[ODB-0099] error: netlist component (u_ram.g_ram_2048x64_ecc.u_b0.bank_adapter.bank\[0\].mem) is not defined
[ODB-0099] error: netlist component (u_ram.g_ram_2048x64_ecc.u_b3.bank_adapter.bank\[1\].mem) is not defined
[ODB-0099] error: netlist component (u_ram.g_ram_2048x64_ecc.u_b2.bank_adapter.bank\[3\].mem) is not defined
[ODB-0099] error: netlist component (u_ram.g_ram_2048x64_ecc.u_b2.bank_adapter.bank\[2\].mem) is not defined
[ODB-0099] error: netlist component (u_ram.g_ram_2048x64_ecc.u_b2.bank_adapter.bank\[1\].mem) is not defined
[ODB-0099] error: netlist component (u_ram.g_ram_2048x64_ecc.u_b2.bank_adapter.bank\[0\].mem) is not defined
[ODB-0099] error: netlist component (u_ram.g_ram_2048x64_ecc.u_b3.bank_adapter.bank\[3\].mem) is not defined
[ODB-0099] error: netlist component (u_ram.g_ram_2048x64_ecc.u_b3.bank_adapter.bank\[2\].mem) is not defined
[ODB-0099] error: netlist component (u_ram.g_ram_2048x64_ecc.u_b3.bank_adapter.bank\[1\].mem) is not defined
[ODB-0099] error: netlist component (u_ram.g_ram_2048x64_ecc.u_b3.bank_adapter.bank\[0\].mem) is not defined
[ODB-0099] error: netlist component (u_ram.g_ram_2048x64_ecc.u_b1.bank_adapter.bank\[3\].mem) is not defined
[ODB-0099] error: netlist component (u_ram.g_ram_2048x64_ecc.u_b1.bank_adapter.bank\[2\].mem) is not defined
[ODB-0099] error: netlist component (u_ram.g_ram_2048x64_ecc.u_b1.bank_adapter.bank\[1\].mem) is not defined
[ODB-0099] error: netlist component (u_ram.g_ram_2048x64_ecc.u_b1.bank_adapter.bank\[0\].mem) is not defined
[ODB-0099] error: netlist component (u_ram.g_ram_2048x64_ecc.u_b3.bank_adapter.bank\[3\].mem) is not defined
[ODB-0099] error: netlist component (u_ram.g_ram_2048x64_ecc.u_b3.bank_adapter.bank\[2\].mem) is not defined
[ODB-0099] error: netlist component (u_ram.g_ram_2048x64_ecc.u_b3.bank_adapter.bank\[1\].mem) is not defined
[ODB-0099] error: netlist component (u_ram.g_ram_2048x64_ecc.u_b3.bank_adapter.bank\[0\].mem) is not defined
[ODB-0099] error: netlist component (u_ram.g_ram_2048x64_ecc.u_b1.bank_adapter.bank\[3\].mem) is not defined
[ODB-0099] error: netlist component (u_ram.g_ram_2048x64_ecc.u_b1.bank_adapter.bank\[2\].mem) is not defined
[ODB-0099] error: netlist component (u_ram.g_ram_2048x64_ecc.u_b1.bank_adapter.bank\[1\].mem) is not defined
[ODB-0099] error: netlist component (u_ram.g_ram_2048x64_ecc.u_b1.bank_adapter.bank\[0\].mem) is not defined
[ODB-0099] error: netlist component (u_ram.g_ram_2048x64_ecc.u_b3.bank_adapter.bank\[1\].mem) is not defined
[ODB-0099] error: netlist component (u_ram.g_ram_2048x64_ecc.u_b2.bank_adapter.bank\[3\].mem) is not defined
[ODB-0099] error: netlist component (u_ram.g_ram_2048x64_ecc.u_b2.bank_adapter.bank\[2\].mem) is not defined
[ODB-0099] error: netlist component (u_ram.g_ram_2048x64_ecc.u_b2.bank_adapter.bank\[1\].mem) is not defined
[ODB-0099] error: netlist component (u_ram.g_ram_2048x64_ecc.u_b2.bank_adapter.bank\[0\].mem) is not defined
[ODB-0099] error: netlist component (u_ram.g_ram_2048x64_ecc.u_b2.bank_adapter.bank\[3\].mem) is not defined
[ODB-0099] error: netlist component (u_ram.g_ram_2048x64_ecc.u_b2.bank_adapter.bank\[2\].mem) is not defined
[ODB-0099] error: netlist component (u_ram.g_ram_2048x64_ecc.u_b2.bank_adapter.bank\[1\].mem) is not defined
[ODB-0099] error: netlist component (u_ram.g_ram_2048x64_ecc.u_b2.bank_adapter.bank\[0\].mem) is not defined
[ODB-0099] error: netlist component (u_ram.g_ram_2048x64_ecc.u_b3.bank_adapter.bank\[3\].mem) is not defined
[ODB-0099] error: netlist component (u_ram.g_ram_2048x64_ecc.u_b3.bank_adapter.bank\[2\].mem) is not defined
[ODB-0099] error: netlist component (u_ram.g_ram_2048x64_ecc.u_b3.bank_adapter.bank\[1\].mem) is not defined
[ODB-0099] error: netlist component (u_ram.g_ram_2048x64_ecc.u_b3.bank_adapter.bank\[0\].mem) is not defined
[ODB-0099] error: netlist component (u_ram.g_ram_2048x64_ecc.u_b1.bank_adapter.bank\[3\].mem) is not defined
[ODB-0099] error: netlist component (u_ram.g_ram_2048x64_ecc.u_b1.bank_adapter.bank\[2\].mem) is not defined
[ODB-0099] error: netlist component (u_ram.g_ram_2048x64_ecc.u_b1.bank_adapter.bank\[1\].mem) is not defined
[ODB-0099] error: netlist component (u_ram.g_ram_2048x64_ecc.u_b1.bank_adapter.bank\[0\].mem) is not defined
[ODB-0099] error: netlist component (u_ram.g_ram_2048x64_ecc.u_b3.bank_adapter.bank\[3\].mem) is not defined
[ODB-0099] error: netlist component (u_ram.g_ram_2048x64_ecc.u_b3.bank_adapter.bank\[2\].mem) is not defined
[ODB-0099] error: netlist component (u_ram.g_ram_2048x64_ecc.u_b3.bank_adapter.bank\[1\].mem) is not defined
[ODB-0099] error: netlist component (u_ram.g_ram_2048x64_ecc.u_b3.bank_adapter.bank\[0\].mem) is not defined
[ODB-0099] error: netlist component (u_ram.g_ram_2048x64_ecc.u_b1.bank_adapter.bank\[3\].mem) is not defined
[ODB-0099] error: netlist component (u_ram.g_ram_2048x64_ecc.u_b1.bank_adapter.bank\[2\].mem) is not defined
[ODB-0099] error: netlist component (u_ram.g_ram_2048x64_ecc.u_b1.bank_adapter.bank\[1\].mem) is not defined
[ODB-0099] error: netlist component (u_ram.g_ram_2048x64_ecc.u_b1.bank_adapter.bank\[0\].mem) is not defined
[ODB-0099] error: netlist component (u_ram.g_ram_2048x64_ecc.u_b3.bank_adapter.bank\[1\].mem) is not defined
[ODB-0099] error: netlist component (u_ram.g_ram_2048x64_ecc.u_b2.bank_adapter.bank\[3\].mem) is not defined
[ODB-0099] error: netlist component (u_ram.g_ram_2048x64_ecc.u_b2.bank_adapter.bank\[2\].mem) is not defined
[ODB-0099] error: netlist component (u_ram.g_ram_2048x64_ecc.u_b2.bank_adapter.bank\[1\].mem) is not defined
[ODB-0099] error: netlist component (u_ram.g_ram_2048x64_ecc.u_b2.bank_adapter.bank\[0\].mem) is not defined
[ODB-0099] error: netlist component (u_ram.g_ram_2048x64_ecc.u_b1.bank_adapter.bank\[3\].mem) is not defined
[ODB-0099] error: netlist component (u_ram.g_ram_2048x64_ecc.u_b0.bank_adapter.bank\[3\].mem) is not defined
[ODB-0099] error: netlist component (u_ram.g_ram_2048x64_ecc.u_b0.bank_adapter.bank\[2\].mem) is not defined
[ODB-0099] error: netlist component (u_ram.g_ram_2048x64_ecc.u_b0.bank_adapter.bank\[1\].mem) is not defined
[ODB-0099] error: netlist component (u_ram.g_ram_2048x64_ecc.u_b0.bank_adapter.bank\[0\].mem) is not defined
[ODB-0099] error: netlist component (u_ram.g_ram_2048x64_ecc.u_b3.bank_adapter.bank\[1\].mem) is not defined
[ODB-0099] error: netlist component (u_ram.g_ram_2048x64_ecc.u_b2.bank_adapter.bank\[3\].mem) is not defined
[ODB-0099] error: netlist component (u_ram.g_ram_2048x64_ecc.u_b2.bank_adapter.bank\[2\].mem) is not defined
[ODB-0099] error: netlist component (u_ram.g_ram_2048x64_ecc.u_b2.bank_adapter.bank\[1\].mem) is not defined
[ODB-0099] error: netlist component (u_ram.g_ram_2048x64_ecc.u_b2.bank_adapter.bank\[0\].mem) is not defined
[ODB-0099] error: netlist component (u_ram.g_ram_2048x64_ecc.u_b3.bank_adapter.bank\[1\].mem) is not defined
[ODB-0099] error: netlist component (u_ram.g_ram_2048x64_ecc.u_b2.bank_adapter.bank\[3\].mem) is not defined
[ODB-0099] error: netlist component (u_ram.g_ram_2048x64_ecc.u_b2.bank_adapter.bank\[2\].mem) is not defined
[ODB-0099] error: netlist component (u_ram.g_ram_2048x64_ecc.u_b2.bank_adapter.bank\[1\].mem) is not defined
[ODB-0099] error: netlist component (u_ram.g_ram_2048x64_ecc.u_b2.bank_adapter.bank\[0\].mem) is not defined
[ODB-0099] error: netlist component (u_ram.g_ram_2048x64_ecc.u_b0.bank_adapter.bank\[3\].mem) is not defined
[ODB-0099] error: netlist component (u_ram.g_ram_2048x64_ecc.u_b0.bank_adapter.bank\[2\].mem) is not defined
[ODB-0099] error: netlist component (u_ram.g_ram_2048x64_ecc.u_b0.bank_adapter.bank\[1\].mem) is not defined
[ODB-0099] error: netlist component (u_ram.g_ram_2048x64_ecc.u_b0.bank_adapter.bank\[0\].mem) is not defined
[ODB-0099] error: netlist component (u_ram.g_ram_2048x64_ecc.u_b3.bank_adapter.bank\[3\].mem) is not defined
[ODB-0099] error: netlist component (u_ram.g_ram_2048x64_ecc.u_b3.bank_adapter.bank\[2\].mem) is not defined
[ODB-0099] error: netlist component (u_ram.g_ram_2048x64_ecc.u_b3.bank_adapter.bank\[1\].mem) is not defined
[ODB-0099] error: netlist component (u_ram.g_ram_2048x64_ecc.u_b2.bank_adapter.bank\[3\].mem) is not defined
[ODB-0099] error: netlist component (u_ram.g_ram_2048x64_ecc.u_b2.bank_adapter.bank\[2\].mem) is not defined
[ODB-0099] error: netlist component (u_ram.g_ram_2048x64_ecc.u_b2.bank_adapter.bank\[1\].mem) is not defined
[ODB-0099] error: netlist component (u_ram.g_ram_2048x64_ecc.u_b2.bank_adapter.bank\[0\].mem) is not defined
[ODB-0099] error: netlist component (u_ram.g_ram_2048x64_ecc.u_b2.bank_adapter.bank\[3\].mem) is not defined
[ODB-0099] error: netlist component (u_ram.g_ram_2048x64_ecc.u_b2.bank_adapter.bank\[2\].mem) is not defined
[ODB-0099] error: netlist component (u_ram.g_ram_2048x64_ecc.u_b2.bank_adapter.bank\[1\].mem) is not defined
[ODB-0099] error: netlist component (u_ram.g_ram_2048x64_ecc.u_b2.bank_adapter.bank\[0\].mem) is not defined
[ODB-0099] error: netlist component (u_ram.g_ram_2048x64_ecc.u_b2.bank_adapter.bank\[3\].mem) is not defined
[ODB-0099] error: netlist component (u_ram.g_ram_2048x64_ecc.u_b2.bank_adapter.bank\[2\].mem) is not defined
[ODB-0099] error: netlist component (u_ram.g_ram_2048x64_ecc.u_b2.bank_adapter.bank\[1\].mem) is not defined
[ODB-0099] error: netlist component (u_ram.g_ram_2048x64_ecc.u_b2.bank_adapter.bank\[0\].mem) is not defined
[ODB-0099] error: netlist component (u_ram.g_ram_2048x64_ecc.u_b1.bank_adapter.bank\[3\].mem) is not defined
[ODB-0099] error: netlist component (u_ram.g_ram_2048x64_ecc.u_b0.bank_adapter.bank\[3\].mem) is not defined
[ODB-0099] error: netlist component (u_ram.g_ram_2048x64_ecc.u_b0.bank_adapter.bank\[2\].mem) is not defined
[ODB-0099] error: netlist component (u_ram.g_ram_2048x64_ecc.u_b0.bank_adapter.bank\[1\].mem) is not defined
[ODB-0099] error: netlist component (u_ram.g_ram_2048x64_ecc.u_b0.bank_adapter.bank\[0\].mem) is not defined
[ODB-0099] error: netlist component (u_ram.g_ram_2048x64_ecc.u_b0.bank_adapter.bank\[3\].mem) is not defined
[ODB-0099] error: netlist component (u_ram.g_ram_2048x64_ecc.u_b0.bank_adapter.bank\[2\].mem) is not defined
[ODB-0099] error: netlist component (u_ram.g_ram_2048x64_ecc.u_b0.bank_adapter.bank\[1\].mem) is not defined
[ODB-0099] error: netlist component (u_ram.g_ram_2048x64_ecc.u_b0.bank_adapter.bank\[0\].mem) is not defined
[ODB-0099] error: netlist component (u_ram.g_ram_2048x64_ecc.u_b2.bank_adapter.bank\[3\].mem) is not defined
[ODB-0099] error: netlist component (u_ram.g_ram_2048x64_ecc.u_b2.bank_adapter.bank\[2\].mem) is not defined
[ODB-0099] error: netlist component (u_ram.g_ram_2048x64_ecc.u_b2.bank_adapter.bank\[1\].mem) is not defined
[ODB-0099] error: netlist component (u_ram.g_ram_2048x64_ecc.u_b2.bank_adapter.bank\[0\].mem) is not defined
[ODB-0099] error: netlist component (u_ram.g_ram_2048x64_ecc.u_b3.bank_adapter.bank\[3\].mem) is not defined
[ODB-0099] error: netlist component (u_ram.g_ram_2048x64_ecc.u_b3.bank_adapter.bank\[2\].mem) is not defined
[ODB-0099] error: netlist component (u_ram.g_ram_2048x64_ecc.u_b3.bank_adapter.bank\[1\].mem) is not defined
[ODB-0099] error: netlist component (u_ram.g_ram_2048x64_ecc.u_b2.bank_adapter.bank\[3\].mem) is not defined
[ODB-0099] error: netlist component (u_ram.g_ram_2048x64_ecc.u_b2.bank_adapter.bank\[2\].mem) is not defined
[ODB-0099] error: netlist component (u_ram.g_ram_2048x64_ecc.u_b2.bank_adapter.bank\[1\].mem) is not defined
[ODB-0099] error: netlist component (u_ram.g_ram_2048x64_ecc.u_b2.bank_adapter.bank\[0\].mem) is not defined
[ODB-0099] error: netlist component (u_ram.g_ram_2048x64_ecc.u_b3.bank_adapter.bank\[3\].mem) is not defined
[ODB-0099] error: netlist component (u_ram.g_ram_2048x64_ecc.u_b3.bank_adapter.bank\[2\].mem) is not defined
[ODB-0099] error: netlist component (u_ram.g_ram_2048x64_ecc.u_b3.bank_adapter.bank\[1\].mem) is not defined
[ODB-0099] error: netlist component (u_ram.g_ram_2048x64_ecc.u_b2.bank_adapter.bank\[3\].mem) is not defined
[ODB-0099] error: netlist component (u_ram.g_ram_2048x64_ecc.u_b2.bank_adapter.bank\[2\].mem) is not defined
[ODB-0099] error: netlist component (u_ram.g_ram_2048x64_ecc.u_b2.bank_adapter.bank\[1\].mem) is not defined
[ODB-0099] error: netlist component (u_ram.g_ram_2048x64_ecc.u_b2.bank_adapter.bank\[0\].mem) is not defined
[ODB-0099] error: netlist component (u_ram.g_ram_2048x64_ecc.u_b3.bank_adapter.bank\[3\].mem) is not defined
[ODB-0099] error: netlist component (u_ram.g_ram_2048x64_ecc.u_b3.bank_adapter.bank\[2\].mem) is not defined
[ODB-0099] error: netlist component (u_ram.g_ram_2048x64_ecc.u_b3.bank_adapter.bank\[1\].mem) is not defined
[ODB-0099] error: netlist component (u_ram.g_ram_2048x64_ecc.u_b2.bank_adapter.bank\[3\].mem) is not defined
[ODB-0099] error: netlist component (u_ram.g_ram_2048x64_ecc.u_b2.bank_adapter.bank\[2\].mem) is not defined
[ODB-0099] error: netlist component (u_ram.g_ram_2048x64_ecc.u_b2.bank_adapter.bank\[1\].mem) is not defined
[ODB-0099] error: netlist component (u_ram.g_ram_2048x64_ecc.u_b2.bank_adapter.bank\[0\].mem) is not defined
[ODB-0099] error: netlist component (u_ram.g_ram_2048x64_ecc.u_b2.bank_adapter.bank\[3\].mem) is not defined
[ODB-0099] error: netlist component (u_ram.g_ram_2048x64_ecc.u_b2.bank_adapter.bank\[2\].mem) is not defined
[ODB-0099] error: netlist component (u_ram.g_ram_2048x64_ecc.u_b2.bank_adapter.bank\[1\].mem) is not defined
[ODB-0099] error: netlist component (u_ram.g_ram_2048x64_ecc.u_b2.bank_adapter.bank\[0\].mem) is not defined
[ODB-0099] error: netlist component (u_ram.g_ram_2048x64_ecc.u_b0.bank_adapter.bank\[3\].mem) is not defined
[ODB-0099] error: netlist component (u_ram.g_ram_2048x64_ecc.u_b0.bank_adapter.bank\[2\].mem) is not defined
[ODB-0099] error: netlist component (u_ram.g_ram_2048x64_ecc.u_b0.bank_adapter.bank\[1\].mem) is not defined
[ODB-0099] error: netlist component (u_ram.g_ram_2048x64_ecc.u_b0.bank_adapter.bank\[0\].mem) is not defined
[ODB-0099] error: netlist component (u_ram.g_ram_2048x64_ecc.u_b2.bank_adapter.bank\[3\].mem) is not defined
[ODB-0099] error: netlist component (u_ram.g_ram_2048x64_ecc.u_b2.bank_adapter.bank\[2\].mem) is not defined
[ODB-0099] error: netlist component (u_ram.g_ram_2048x64_ecc.u_b2.bank_adapter.bank\[1\].mem) is not defined
[ODB-0099] error: netlist component (u_ram.g_ram_2048x64_ecc.u_b2.bank_adapter.bank\[0\].mem) is not defined
[ODB-0099] error: netlist component (u_ram.g_ram_2048x64_ecc.u_b0.bank_adapter.bank\[3\].mem) is not defined
[ODB-0099] error: netlist component (u_ram.g_ram_2048x64_ecc.u_b0.bank_adapter.bank\[2\].mem) is not defined
[ODB-0099] error: netlist component (u_ram.g_ram_2048x64_ecc.u_b0.bank_adapter.bank\[1\].mem) is not defined
[ODB-0099] error: netlist component (u_ram.g_ram_2048x64_ecc.u_b0.bank_adapter.bank\[0\].mem) is not defined
[ODB-0099] error: netlist component (u_ram.g_ram_2048x64_ecc.u_b2.bank_adapter.bank\[3\].mem) is not defined
[ODB-0099] error: netlist component (u_ram.g_ram_2048x64_ecc.u_b2.bank_adapter.bank\[2\].mem) is not defined
[ODB-0099] error: netlist component (u_ram.g_ram_2048x64_ecc.u_b2.bank_adapter.bank\[1\].mem) is not defined
[ODB-0099] error: netlist component (u_ram.g_ram_2048x64_ecc.u_b2.bank_adapter.bank\[0\].mem) is not defined
[ODB-0099] error: netlist component (u_ram.g_ram_2048x64_ecc.u_b1.bank_adapter.bank\[2\].mem) is not defined
[ODB-0099] error: netlist component (u_ram.g_ram_2048x64_ecc.u_b1.bank_adapter.bank\[1\].mem) is not defined
[ODB-0099] error: netlist component (u_ram.g_ram_2048x64_ecc.u_b1.bank_adapter.bank\[0\].mem) is not defined
[ODB-0099] error: netlist component (u_ram.g_ram_2048x64_ecc.u_b0.bank_adapter.bank\[3\].mem) is not defined
[ODB-0099] error: netlist component (u_ram.g_ram_2048x64_ecc.u_b0.bank_adapter.bank\[2\].mem) is not defined
[ODB-0099] error: netlist component (u_ram.g_ram_2048x64_ecc.u_b0.bank_adapter.bank\[1\].mem) is not defined
[ODB-0099] error: netlist component (u_ram.g_ram_2048x64_ecc.u_b0.bank_adapter.bank\[0\].mem) is not defined
[ODB-0099] error: netlist component (u_ram.g_ram_2048x64_ecc.u_b0.bank_adapter.bank\[3\].mem) is not defined
[ODB-0099] error: netlist component (u_ram.g_ram_2048x64_ecc.u_b0.bank_adapter.bank\[2\].mem) is not defined
[ODB-0099] error: netlist component (u_ram.g_ram_2048x64_ecc.u_b0.bank_adapter.bank\[1\].mem) is not defined
[ODB-0099] error: netlist component (u_ram.g_ram_2048x64_ecc.u_b0.bank_adapter.bank\[0\].mem) is not defined
[ODB-0099] error: netlist component (u_ram.g_ram_2048x64_ecc.u_b2.bank_adapter.bank\[3\].mem) is not defined
[ODB-0099] error: netlist component (u_ram.g_ram_2048x64_ecc.u_b2.bank_adapter.bank\[2\].mem) is not defined
[ODB-0099] error: netlist component (u_ram.g_ram_2048x64_ecc.u_b2.bank_adapter.bank\[1\].mem) is not defined
[ODB-0099] error: netlist component (u_ram.g_ram_2048x64_ecc.u_b2.bank_adapter.bank\[0\].mem) is not defined
[ODB-0099] error: netlist component (u_ram.g_ram_2048x64_ecc.u_b0.bank_adapter.bank\[3\].mem) is not defined
[ODB-0099] error: netlist component (u_ram.g_ram_2048x64_ecc.u_b0.bank_adapter.bank\[2\].mem) is not defined
[ODB-0099] error: netlist component (u_ram.g_ram_2048x64_ecc.u_b0.bank_adapter.bank\[1\].mem) is not defined
[ODB-0099] error: netlist component (u_ram.g_ram_2048x64_ecc.u_b0.bank_adapter.bank\[0\].mem) is not defined
[ODB-0099] error: netlist component (u_ram.g_ram_2048x64_ecc.u_b2.bank_adapter.bank\[3\].mem) is not defined
[ODB-0099] error: netlist component (u_ram.g_ram_2048x64_ecc.u_b2.bank_adapter.bank\[2\].mem) is not defined
[ODB-0099] error: netlist component (u_ram.g_ram_2048x64_ecc.u_b2.bank_adapter.bank\[1\].mem) is not defined
[ODB-0099] error: netlist component (u_ram.g_ram_2048x64_ecc.u_b2.bank_adapter.bank\[0\].mem) is not defined
[ODB-0099] error: netlist component (u_ram.g_ram_2048x64_ecc.u_b0.bank_adapter.bank\[3\].mem) is not defined
[ODB-0099] error: netlist component (u_ram.g_ram_2048x64_ecc.u_b0.bank_adapter.bank\[2\].mem) is not defined
[ODB-0099] error: netlist component (u_ram.g_ram_2048x64_ecc.u_b0.bank_adapter.bank\[1\].mem) is not defined
[ODB-0099] error: netlist component (u_ram.g_ram_2048x64_ecc.u_b0.bank_adapter.bank\[0\].mem) is not defined
[ODB-0099] error: netlist component (u_ram.g_ram_2048x64_ecc.u_b3.bank_adapter.bank\[1\].mem) is not defined
[ODB-0099] error: netlist component (u_ram.g_ram_2048x64_ecc.u_b2.bank_adapter.bank\[3\].mem) is not defined
[ODB-0099] error: netlist component (u_ram.g_ram_2048x64_ecc.u_b2.bank_adapter.bank\[2\].mem) is not defined
[ODB-0099] error: netlist component (u_ram.g_ram_2048x64_ecc.u_b2.bank_adapter.bank\[1\].mem) is not defined
[ODB-0099] error: netlist component (u_ram.g_ram_2048x64_ecc.u_b2.bank_adapter.bank\[0\].mem) is not defined
[ODB-0099] error: netlist component (u_ram.g_ram_2048x64_ecc.u_b0.bank_adapter.bank\[3\].mem) is not defined
[ODB-0099] error: netlist component (u_ram.g_ram_2048x64_ecc.u_b0.bank_adapter.bank\[2\].mem) is not defined
[ODB-0099] error: netlist component (u_ram.g_ram_2048x64_ecc.u_b0.bank_adapter.bank\[1\].mem) is not defined
[ODB-0099] error: netlist component (u_ram.g_ram_2048x64_ecc.u_b0.bank_adapter.bank\[0\].mem) is not defined
[ODB-0099] error: netlist component (u_ram.g_ram_2048x64_ecc.u_b2.bank_adapter.bank\[3\].mem) is not defined
[ODB-0099] error: netlist component (u_ram.g_ram_2048x64_ecc.u_b2.bank_adapter.bank\[2\].mem) is not defined
[ODB-0099] error: netlist component (u_ram.g_ram_2048x64_ecc.u_b2.bank_adapter.bank\[1\].mem) is not defined
[ODB-0099] error: netlist component (u_ram.g_ram_2048x64_ecc.u_b2.bank_adapter.bank\[0\].mem) is not defined
[ODB-0099] error: netlist component (u_ram.g_ram_2048x64_ecc.u_b0.bank_adapter.bank\[3\].mem) is not defined
[ODB-0099] error: netlist component (u_ram.g_ram_2048x64_ecc.u_b0.bank_adapter.bank\[2\].mem) is not defined
[ODB-0099] error: netlist component (u_ram.g_ram_2048x64_ecc.u_b0.bank_adapter.bank\[1\].mem) is not defined
[ODB-0099] error: netlist component (u_ram.g_ram_2048x64_ecc.u_b0.bank_adapter.bank\[0\].mem) is not defined
[ODB-0099] error: netlist component (u_ram.g_ram_2048x64_ecc.u_b2.bank_adapter.bank\[3\].mem) is not defined
[ODB-0099] error: netlist component (u_ram.g_ram_2048x64_ecc.u_b2.bank_adapter.bank\[2\].mem) is not defined
[ODB-0099] error: netlist component (u_ram.g_ram_2048x64_ecc.u_b2.bank_adapter.bank\[1\].mem) is not defined
[ODB-0099] error: netlist component (u_ram.g_ram_2048x64_ecc.u_b2.bank_adapter.bank\[0\].mem) is not defined
[ODB-0099] error: netlist component (u_ram.g_ram_2048x64_ecc.u_b0.bank_adapter.bank\[3\].mem) is not defined
[ODB-0099] error: netlist component (u_ram.g_ram_2048x64_ecc.u_b0.bank_adapter.bank\[2\].mem) is not defined
[ODB-0099] error: netlist component (u_ram.g_ram_2048x64_ecc.u_b0.bank_adapter.bank\[1\].mem) is not defined
[ODB-0099] error: netlist component (u_ram.g_ram_2048x64_ecc.u_b0.bank_adapter.bank\[0\].mem) is not defined
[ODB-0099] error: netlist component (u_ram.g_ram_2048x64_ecc.u_b2.bank_adapter.bank\[3\].mem) is not defined
[ODB-0099] error: netlist component (u_ram.g_ram_2048x64_ecc.u_b2.bank_adapter.bank\[2\].mem) is not defined
[ODB-0099] error: netlist component (u_ram.g_ram_2048x64_ecc.u_b2.bank_adapter.bank\[1\].mem) is not defined
[ODB-0099] error: netlist component (u_ram.g_ram_2048x64_ecc.u_b2.bank_adapter.bank\[0\].mem) is not defined
[ODB-0099] error: netlist component (u_ram.g_ram_2048x64_ecc.u_b0.bank_adapter.bank\[3\].mem) is not defined
[ODB-0099] error: netlist component (u_ram.g_ram_2048x64_ecc.u_b0.bank_adapter.bank\[2\].mem) is not defined
[ODB-0099] error: netlist component (u_ram.g_ram_2048x64_ecc.u_b0.bank_adapter.bank\[1\].mem) is not defined
[ODB-0099] error: netlist component (u_ram.g_ram_2048x64_ecc.u_b0.bank_adapter.bank\[0\].mem) is not defined
[ODB-0099] error: netlist component (u_ram.g_ram_2048x64_ecc.u_b2.bank_adapter.bank\[3\].mem) is not defined
[ODB-0099] error: netlist component (u_ram.g_ram_2048x64_ecc.u_b2.bank_adapter.bank\[2\].mem) is not defined
[ODB-0099] error: netlist component (u_ram.g_ram_2048x64_ecc.u_b2.bank_adapter.bank\[1\].mem) is not defined
[ODB-0099] error: netlist component (u_ram.g_ram_2048x64_ecc.u_b2.bank_adapter.bank\[0\].mem) is not defined
[ODB-0099] error: netlist component (u_ram.g_ram_2048x64_ecc.u_b0.bank_adapter.bank\[3\].mem) is not defined
[ODB-0099] error: netlist component (u_ram.g_ram_2048x64_ecc.u_b0.bank_adapter.bank\[2\].mem) is not defined
[ODB-0099] error: netlist component (u_ram.g_ram_2048x64_ecc.u_b0.bank_adapter.bank\[1\].mem) is not defined
[ODB-0099] error: netlist component (u_ram.g_ram_2048x64_ecc.u_b0.bank_adapter.bank\[0\].mem) is not defined
[ODB-0099] error: netlist component (u_ram.g_ram_2048x64_ecc.u_b2.bank_adapter.bank\[3\].mem) is not defined
[ODB-0099] error: netlist component (u_ram.g_ram_2048x64_ecc.u_b2.bank_adapter.bank\[2\].mem) is not defined
[ODB-0099] error: netlist component (u_ram.g_ram_2048x64_ecc.u_b2.bank_adapter.bank\[1\].mem) is not defined
[ODB-0099] error: netlist component (u_ram.g_ram_2048x64_ecc.u_b2.bank_adapter.bank\[0\].mem) is not defined
[ODB-0099] error: netlist component (u_ram.g_ram_2048x64_ecc.u_b0.bank_adapter.bank\[3\].mem) is not defined
[ODB-0099] error: netlist component (u_ram.g_ram_2048x64_ecc.u_b0.bank_adapter.bank\[2\].mem) is not defined
[ODB-0099] error: netlist component (u_ram.g_ram_2048x64_ecc.u_b0.bank_adapter.bank\[1\].mem) is not defined
[ODB-0099] error: netlist component (u_ram.g_ram_2048x64_ecc.u_b0.bank_adapter.bank\[0\].mem) is not defined
[ODB-0099] error: netlist component (u_ram.g_ram_2048x64_ecc.u_b2.bank_adapter.bank\[3\].mem) is not defined
[ODB-0099] error: netlist component (u_ram.g_ram_2048x64_ecc.u_b2.bank_adapter.bank\[2\].mem) is not defined
[ODB-0099] error: netlist component (u_ram.g_ram_2048x64_ecc.u_b2.bank_adapter.bank\[1\].mem) is not defined
[ODB-0099] error: netlist component (u_ram.g_ram_2048x64_ecc.u_b2.bank_adapter.bank\[0\].mem) is not defined
[ODB-0099] error: netlist component (u_ram.g_ram_2048x64_ecc.u_b0.bank_adapter.bank\[3\].mem) is not defined
[ODB-0099] error: netlist component (u_ram.g_ram_2048x64_ecc.u_b0.bank_adapter.bank\[2\].mem) is not defined
[ODB-0099] error: netlist component (u_ram.g_ram_2048x64_ecc.u_b0.bank_adapter.bank\[1\].mem) is not defined
[ODB-0099] error: netlist component (u_ram.g_ram_2048x64_ecc.u_b0.bank_adapter.bank\[0\].mem) is not defined
[ODB-0099] error: netlist component (u_ram.g_ram_2048x64_ecc.u_b2.bank_adapter.bank\[3\].mem) is not defined
[ODB-0099] error: netlist component (u_ram.g_ram_2048x64_ecc.u_b2.bank_adapter.bank\[2\].mem) is not defined
[ODB-0099] error: netlist component (u_ram.g_ram_2048x64_ecc.u_b2.bank_adapter.bank\[1\].mem) is not defined
[ODB-0099] error: netlist component (u_ram.g_ram_2048x64_ecc.u_b2.bank_adapter.bank\[0\].mem) is not defined
[ODB-0099] error: netlist component (u_ram.g_ram_2048x64_ecc.u_b0.bank_adapter.bank\[3\].mem) is not defined
[ODB-0099] error: netlist component (u_ram.g_ram_2048x64_ecc.u_b0.bank_adapter.bank\[2\].mem) is not defined
[ODB-0099] error: netlist component (u_ram.g_ram_2048x64_ecc.u_b0.bank_adapter.bank\[1\].mem) is not defined
[ODB-0099] error: netlist component (u_ram.g_ram_2048x64_ecc.u_b0.bank_adapter.bank\[0\].mem) is not defined
[ODB-0099] error: netlist component (u_ram.g_ram_2048x64_ecc.u_b2.bank_adapter.bank\[3\].mem) is not defined
[ODB-0099] error: netlist component (u_ram.g_ram_2048x64_ecc.u_b2.bank_adapter.bank\[2\].mem) is not defined
[ODB-0099] error: netlist component (u_ram.g_ram_2048x64_ecc.u_b2.bank_adapter.bank\[1\].mem) is not defined
[ODB-0099] error: netlist component (u_ram.g_ram_2048x64_ecc.u_b2.bank_adapter.bank\[0\].mem) is not defined
[ODB-0099] error: netlist component (u_ram.g_ram_2048x64_ecc.u_b0.bank_adapter.bank\[3\].mem) is not defined
[ODB-0099] error: netlist component (u_ram.g_ram_2048x64_ecc.u_b0.bank_adapter.bank\[2\].mem) is not defined
[ODB-0099] error: netlist component (u_ram.g_ram_2048x64_ecc.u_b0.bank_adapter.bank\[1\].mem) is not defined
[ODB-0099] error: netlist component (u_ram.g_ram_2048x64_ecc.u_b0.bank_adapter.bank\[0\].mem) is not defined
[ODB-0099] error: netlist component (u_ram.g_ram_2048x64_ecc.u_b2.bank_adapter.bank\[3\].mem) is not defined
[ODB-0099] error: netlist component (u_ram.g_ram_2048x64_ecc.u_b2.bank_adapter.bank\[2\].mem) is not defined
[ODB-0099] error: netlist component (u_ram.g_ram_2048x64_ecc.u_b2.bank_adapter.bank\[1\].mem) is not defined
[ODB-0099] error: netlist component (u_ram.g_ram_2048x64_ecc.u_b2.bank_adapter.bank\[0\].mem) is not defined
[ODB-0099] error: netlist component (u_ram.g_ram_2048x64_ecc.u_b0.bank_adapter.bank\[3\].mem) is not defined
[ODB-0099] error: netlist component (u_ram.g_ram_2048x64_ecc.u_b0.bank_adapter.bank\[2\].mem) is not defined
[ODB-0099] error: netlist component (u_ram.g_ram_2048x64_ecc.u_b0.bank_adapter.bank\[1\].mem) is not defined
[ODB-0099] error: netlist component (u_ram.g_ram_2048x64_ecc.u_b0.bank_adapter.bank\[0\].mem) is not defined
[ODB-0099] error: netlist component (u_ram.g_ram_2048x64_ecc.u_b2.bank_adapter.bank\[3\].mem) is not defined
[ODB-0099] error: netlist component (u_ram.g_ram_2048x64_ecc.u_b2.bank_adapter.bank\[2\].mem) is not defined
[ODB-0099] error: netlist component (u_ram.g_ram_2048x64_ecc.u_b2.bank_adapter.bank\[1\].mem) is not defined
[ODB-0099] error: netlist component (u_ram.g_ram_2048x64_ecc.u_b2.bank_adapter.bank\[0\].mem) is not defined
[ODB-0099] error: netlist component (u_ram.g_ram_2048x64_ecc.u_b0.bank_adapter.bank\[3\].mem) is not defined
[ODB-0099] error: netlist component (u_ram.g_ram_2048x64_ecc.u_b0.bank_adapter.bank\[2\].mem) is not defined
[ODB-0099] error: netlist component (u_ram.g_ram_2048x64_ecc.u_b0.bank_adapter.bank\[1\].mem) is not defined
[ODB-0099] error: netlist component (u_ram.g_ram_2048x64_ecc.u_b0.bank_adapter.bank\[0\].mem) is not defined
[ODB-0099] error: netlist component (u_ram.g_ram_2048x64_ecc.u_b2.bank_adapter.bank\[3\].mem) is not defined
[ODB-0099] error: netlist component (u_ram.g_ram_2048x64_ecc.u_b2.bank_adapter.bank\[2\].mem) is not defined
[ODB-0099] error: netlist component (u_ram.g_ram_2048x64_ecc.u_b2.bank_adapter.bank\[1\].mem) is not defined
[ODB-0099] error: netlist component (u_ram.g_ram_2048x64_ecc.u_b2.bank_adapter.bank\[0\].mem) is not defined
[ODB-0099] error: netlist component (u_ram.g_ram_2048x64_ecc.u_b2.bank_adapter.bank\[3\].mem) is not defined
[ODB-0099] error: netlist component (u_ram.g_ram_2048x64_ecc.u_b2.bank_adapter.bank\[2\].mem) is not defined
[ODB-0099] error: netlist component (u_ram.g_ram_2048x64_ecc.u_b2.bank_adapter.bank\[1\].mem) is not defined
[ODB-0099] error: netlist component (u_ram.g_ram_2048x64_ecc.u_b2.bank_adapter.bank\[0\].mem) is not defined
[ODB-0099] error: netlist component (u_ram.g_ram_2048x64_ecc.u_b0.bank_adapter.bank\[3\].mem) is not defined
[ODB-0099] error: netlist component (u_ram.g_ram_2048x64_ecc.u_b0.bank_adapter.bank\[2\].mem) is not defined
[ODB-0099] error: netlist component (u_ram.g_ram_2048x64_ecc.u_b0.bank_adapter.bank\[1\].mem) is not defined
[ODB-0099] error: netlist component (u_ram.g_ram_2048x64_ecc.u_b0.bank_adapter.bank\[0\].mem) is not defined
[ODB-0099] error: netlist component (u_eth.u_mac.tx_fifo.fifo_inst.u_sram.g_bank\[7\].u_mem.mem) is not defined
[ODB-0099] error: netlist component (u_eth.u_mac.tx_fifo.fifo_inst.u_sram.g_bank\[7\].u_mem.mem) is not defined
[ODB-0099] error: netlist component (u_ram.g_ram_2048x64_ecc.u_b3.bank_adapter.bank\[3\].mem) is not defined
[ODB-0099] error: netlist component (u_ram.g_ram_2048x64_ecc.u_b3.bank_adapter.bank\[2\].mem) is not defined
[ODB-0099] error: netlist component (u_ram.g_ram_2048x64_ecc.u_b3.bank_adapter.bank\[1\].mem) is not defined
[ODB-0099] error: netlist component (u_ram.g_ram_2048x64_ecc.u_b3.bank_adapter.bank\[0\].mem) is not defined
[ODB-0099] error: netlist component (u_ram.g_ram_2048x64_ecc.u_b1.bank_adapter.bank\[3\].mem) is not defined
[ODB-0099] error: netlist component (u_ram.g_ram_2048x64_ecc.u_b1.bank_adapter.bank\[2\].mem) is not defined
[ODB-0099] error: netlist component (u_ram.g_ram_2048x64_ecc.u_b1.bank_adapter.bank\[1\].mem) is not defined
[ODB-0099] error: netlist component (u_ram.g_ram_2048x64_ecc.u_b1.bank_adapter.bank\[0\].mem) is not defined
[ODB-0099] error: netlist component (u_ram.g_ram_2048x64_ecc.u_b3.bank_adapter.bank\[3\].mem) is not defined
[ODB-0099] error: netlist component (u_ram.g_ram_2048x64_ecc.u_b3.bank_adapter.bank\[2\].mem) is not defined
[ODB-0099] error: netlist component (u_ram.g_ram_2048x64_ecc.u_b3.bank_adapter.bank\[1\].mem) is not defined
[ODB-0099] error: netlist component (u_ram.g_ram_2048x64_ecc.u_b3.bank_adapter.bank\[0\].mem) is not defined
[ODB-0099] error: netlist component (u_ram.g_ram_2048x64_ecc.u_b1.bank_adapter.bank\[3\].mem) is not defined
[ODB-0099] error: netlist component (u_ram.g_ram_2048x64_ecc.u_b1.bank_adapter.bank\[2\].mem) is not defined
[ODB-0099] error: netlist component (u_ram.g_ram_2048x64_ecc.u_b1.bank_adapter.bank\[1\].mem) is not defined
[ODB-0099] error: netlist component (u_ram.g_ram_2048x64_ecc.u_b1.bank_adapter.bank\[0\].mem) is not defined
[ODB-0099] error: netlist component (u_ram.g_ram_2048x64_ecc.u_b2.bank_adapter.bank\[3\].mem) is not defined
[ODB-0099] error: netlist component (u_ram.g_ram_2048x64_ecc.u_b2.bank_adapter.bank\[2\].mem) is not defined
[ODB-0099] error: netlist component (u_ram.g_ram_2048x64_ecc.u_b2.bank_adapter.bank\[1\].mem) is not defined
[ODB-0099] error: netlist component (u_ram.g_ram_2048x64_ecc.u_b2.bank_adapter.bank\[0\].mem) is not defined
[ODB-0099] error: netlist component (u_ram.g_ram_2048x64_ecc.u_b0.bank_adapter.bank\[3\].mem) is not defined
[ODB-0099] error: netlist component (u_ram.g_ram_2048x64_ecc.u_b0.bank_adapter.bank\[2\].mem) is not defined
[ODB-0099] error: netlist component (u_ram.g_ram_2048x64_ecc.u_b0.bank_adapter.bank\[1\].mem) is not defined
[ODB-0099] error: netlist component (u_ram.g_ram_2048x64_ecc.u_b0.bank_adapter.bank\[0\].mem) is not defined
[ODB-0099] error: netlist component (u_ram.g_ram_2048x64_ecc.u_b3.bank_adapter.bank\[3\].mem) is not defined
[ODB-0099] error: netlist component (u_ram.g_ram_2048x64_ecc.u_b3.bank_adapter.bank\[2\].mem) is not defined
[ODB-0099] error: netlist component (u_ram.g_ram_2048x64_ecc.u_b3.bank_adapter.bank\[1\].mem) is not defined
[ODB-0099] error: netlist component (u_ram.g_ram_2048x64_ecc.u_b3.bank_adapter.bank\[0\].mem) is not defined
[ODB-0099] error: netlist component (u_ram.g_ram_2048x64_ecc.u_b1.bank_adapter.bank\[3\].mem) is not defined
[ODB-0099] error: netlist component (u_ram.g_ram_2048x64_ecc.u_b1.bank_adapter.bank\[2\].mem) is not defined
[ODB-0099] error: netlist component (u_ram.g_ram_2048x64_ecc.u_b1.bank_adapter.bank\[1\].mem) is not defined
[ODB-0099] error: netlist component (u_ram.g_ram_2048x64_ecc.u_b1.bank_adapter.bank\[0\].mem) is not defined
[ODB-0099] error: netlist component (u_ram.g_ram_2048x64_ecc.u_b1.bank_adapter.bank\[3\].mem) is not defined
[ODB-0099] error: netlist component (u_ram.g_ram_2048x64_ecc.u_b1.bank_adapter.bank\[2\].mem) is not defined
[ODB-0099] error: netlist component (u_ram.g_ram_2048x64_ecc.u_b1.bank_adapter.bank\[1\].mem) is not defined
[ODB-0099] error: netlist component (u_ram.g_ram_2048x64_ecc.u_b1.bank_adapter.bank\[0\].mem) is not defined
[ODB-0099] error: netlist component (u_ram.g_ram_2048x64_ecc.u_b0.bank_adapter.bank\[1\].mem) is not defined
[ODB-0099] error: netlist component (u_ram.g_ram_2048x64_ecc.u_b2.bank_adapter.bank\[3\].mem) is not defined
[ODB-0099] error: netlist component (u_ram.g_ram_2048x64_ecc.u_b2.bank_adapter.bank\[2\].mem) is not defined
[ODB-0099] error: netlist component (u_ram.g_ram_2048x64_ecc.u_b2.bank_adapter.bank\[1\].mem) is not defined
[ODB-0099] error: netlist component (u_ram.g_ram_2048x64_ecc.u_b2.bank_adapter.bank\[0\].mem) is not defined
[ODB-0099] error: netlist component (u_ram.g_ram_2048x64_ecc.u_b2.bank_adapter.bank\[3\].mem) is not defined
[ODB-0099] error: netlist component (u_ram.g_ram_2048x64_ecc.u_b2.bank_adapter.bank\[2\].mem) is not defined
[ODB-0099] error: netlist component (u_ram.g_ram_2048x64_ecc.u_b2.bank_adapter.bank\[1\].mem) is not defined
[ODB-0099] error: netlist component (u_ram.g_ram_2048x64_ecc.u_b2.bank_adapter.bank\[0\].mem) is not defined
[ODB-0099] error: netlist component (u_ram.g_ram_2048x64_ecc.u_b0.bank_adapter.bank\[3\].mem) is not defined
[ODB-0099] error: netlist component (u_ram.g_ram_2048x64_ecc.u_b0.bank_adapter.bank\[2\].mem) is not defined
[ODB-0099] error: netlist component (u_ram.g_ram_2048x64_ecc.u_b0.bank_adapter.bank\[1\].mem) is not defined
[ODB-0099] error: netlist component (u_ram.g_ram_2048x64_ecc.u_b0.bank_adapter.bank\[0\].mem) is not defined
[ODB-0099] error: netlist component (u_ram.g_ram_2048x64_ecc.u_b2.bank_adapter.bank\[3\].mem) is not defined
[ODB-0099] error: netlist component (u_ram.g_ram_2048x64_ecc.u_b2.bank_adapter.bank\[2\].mem) is not defined
[ODB-0099] error: netlist component (u_ram.g_ram_2048x64_ecc.u_b2.bank_adapter.bank\[1\].mem) is not defined
[ODB-0099] error: netlist component (u_ram.g_ram_2048x64_ecc.u_b1.bank_adapter.bank\[3\].mem) is not defined
[ODB-0099] error: netlist component (u_ram.g_ram_2048x64_ecc.u_b1.bank_adapter.bank\[2\].mem) is not defined
[ODB-0099] error: netlist component (u_ram.g_ram_2048x64_ecc.u_b1.bank_adapter.bank\[1\].mem) is not defined
[ODB-0099] error: netlist component (u_ram.g_ram_2048x64_ecc.u_b1.bank_adapter.bank\[0\].mem) is not defined
[ODB-0099] error: netlist component (u_ram.g_ram_2048x64_ecc.u_b0.bank_adapter.bank\[1\].mem) is not defined
[ODB-0099] error: netlist component (u_ram.g_ram_2048x64_ecc.u_b2.bank_adapter.bank\[3\].mem) is not defined
[ODB-0099] error: netlist component (u_ram.g_ram_2048x64_ecc.u_b2.bank_adapter.bank\[2\].mem) is not defined
[ODB-0099] error: netlist component (u_ram.g_ram_2048x64_ecc.u_b2.bank_adapter.bank\[1\].mem) is not defined
[ODB-0099] error: netlist component (u_ram.g_ram_2048x64_ecc.u_b2.bank_adapter.bank\[0\].mem) is not defined
[ODB-0099] error: netlist component (u_ram.g_ram_2048x64_ecc.u_b0.bank_adapter.bank\[3\].mem) is not defined
[ODB-0099] error: netlist component (u_ram.g_ram_2048x64_ecc.u_b0.bank_adapter.bank\[2\].mem) is not defined
[ODB-0099] error: netlist component (u_ram.g_ram_2048x64_ecc.u_b0.bank_adapter.bank\[1\].mem) is not defined
[ODB-0099] error: netlist component (u_ram.g_ram_2048x64_ecc.u_b0.bank_adapter.bank\[0\].mem) is not defined
[ODB-0099] error: netlist component (u_ram.g_ram_2048x64_ecc.u_b2.bank_adapter.bank\[3\].mem) is not defined
[ODB-0099] error: netlist component (u_ram.g_ram_2048x64_ecc.u_b2.bank_adapter.bank\[2\].mem) is not defined
[ODB-0099] error: netlist component (u_ram.g_ram_2048x64_ecc.u_b2.bank_adapter.bank\[1\].mem) is not defined
[ODB-0099] error: netlist component (u_ram.g_ram_2048x64_ecc.u_b2.bank_adapter.bank\[0\].mem) is not defined
[ODB-0099] error: netlist component (u_ram.g_ram_2048x64_ecc.u_b0.bank_adapter.bank\[3\].mem) is not defined
[ODB-0099] error: netlist component (u_ram.g_ram_2048x64_ecc.u_b0.bank_adapter.bank\[2\].mem) is not defined
[ODB-0099] error: netlist component (u_ram.g_ram_2048x64_ecc.u_b0.bank_adapter.bank\[1\].mem) is not defined
[ODB-0099] error: netlist component (u_ram.g_ram_2048x64_ecc.u_b0.bank_adapter.bank\[0\].mem) is not defined
[ODB-0099] error: netlist component (u_ram.g_ram_2048x64_ecc.u_b2.bank_adapter.bank\[3\].mem) is not defined
[ODB-0099] error: netlist component (u_ram.g_ram_2048x64_ecc.u_b2.bank_adapter.bank\[2\].mem) is not defined
[ODB-0099] error: netlist component (u_ram.g_ram_2048x64_ecc.u_b2.bank_adapter.bank\[1\].mem) is not defined
[ODB-0099] error: netlist component (u_ram.g_ram_2048x64_ecc.u_b2.bank_adapter.bank\[0\].mem) is not defined
[ODB-0099] error: netlist component (u_ram.g_ram_2048x64_ecc.u_b0.bank_adapter.bank\[3\].mem) is not defined
[ODB-0099] error: netlist component (u_ram.g_ram_2048x64_ecc.u_b0.bank_adapter.bank\[2\].mem) is not defined
[ODB-0099] error: netlist component (u_ram.g_ram_2048x64_ecc.u_b0.bank_adapter.bank\[1\].mem) is not defined
[ODB-0099] error: netlist component (u_ram.g_ram_2048x64_ecc.u_b0.bank_adapter.bank\[0\].mem) is not defined
[ODB-0099] error: netlist component (u_ram.g_ram_2048x64_ecc.u_b2.bank_adapter.bank\[3\].mem) is not defined
[ODB-0099] error: netlist component (u_ram.g_ram_2048x64_ecc.u_b2.bank_adapter.bank\[2\].mem) is not defined
[ODB-0099] error: netlist component (u_ram.g_ram_2048x64_ecc.u_b2.bank_adapter.bank\[1\].mem) is not defined
[ODB-0099] error: netlist component (u_ram.g_ram_2048x64_ecc.u_b2.bank_adapter.bank\[0\].mem) is not defined
[ODB-0099] error: netlist component (u_ram.g_ram_2048x64_ecc.u_b0.bank_adapter.bank\[3\].mem) is not defined
[ODB-0099] error: netlist component (u_ram.g_ram_2048x64_ecc.u_b0.bank_adapter.bank\[2\].mem) is not defined
[ODB-0099] error: netlist component (u_ram.g_ram_2048x64_ecc.u_b0.bank_adapter.bank\[1\].mem) is not defined
[ODB-0099] error: netlist component (u_ram.g_ram_2048x64_ecc.u_b0.bank_adapter.bank\[0\].mem) is not defined
[ODB-0099] error: netlist component (u_ram.g_ram_2048x64_ecc.u_b2.bank_adapter.bank\[3\].mem) is not defined
[ODB-0099] error: netlist component (u_ram.g_ram_2048x64_ecc.u_b2.bank_adapter.bank\[2\].mem) is not defined
[ODB-0099] error: netlist component (u_ram.g_ram_2048x64_ecc.u_b2.bank_adapter.bank\[1\].mem) is not defined
[ODB-0099] error: netlist component (u_ram.g_ram_2048x64_ecc.u_b2.bank_adapter.bank\[0\].mem) is not defined
[ODB-0099] error: netlist component (u_ram.g_ram_2048x64_ecc.u_b0.bank_adapter.bank\[3\].mem) is not defined
[ODB-0099] error: netlist component (u_ram.g_ram_2048x64_ecc.u_b0.bank_adapter.bank\[2\].mem) is not defined
[ODB-0099] error: netlist component (u_ram.g_ram_2048x64_ecc.u_b0.bank_adapter.bank\[1\].mem) is not defined
[ODB-0099] error: netlist component (u_ram.g_ram_2048x64_ecc.u_b0.bank_adapter.bank\[0\].mem) is not defined
[ODB-0099] error: netlist component (u_ram.g_ram_2048x64_ecc.u_b2.bank_adapter.bank\[3\].mem) is not defined
[ODB-0099] error: netlist component (u_ram.g_ram_2048x64_ecc.u_b2.bank_adapter.bank\[2\].mem) is not defined
[ODB-0099] error: netlist component (u_ram.g_ram_2048x64_ecc.u_b2.bank_adapter.bank\[1\].mem) is not defined
[ODB-0099] error: netlist component (u_ram.g_ram_2048x64_ecc.u_b2.bank_adapter.bank\[0\].mem) is not defined
[ODB-0099] error: netlist component (u_ram.g_ram_2048x64_ecc.u_b0.bank_adapter.bank\[3\].mem) is not defined
[ODB-0099] error: netlist component (u_ram.g_ram_2048x64_ecc.u_b0.bank_adapter.bank\[2\].mem) is not defined
[ODB-0099] error: netlist component (u_ram.g_ram_2048x64_ecc.u_b0.bank_adapter.bank\[1\].mem) is not defined
[ODB-0099] error: netlist component (u_ram.g_ram_2048x64_ecc.u_b0.bank_adapter.bank\[0\].mem) is not defined
[ODB-0099] error: netlist component (u_ram.g_ram_2048x64_ecc.u_b2.bank_adapter.bank\[3\].mem) is not defined
[ODB-0099] error: netlist component (u_ram.g_ram_2048x64_ecc.u_b2.bank_adapter.bank\[2\].mem) is not defined
[ODB-0099] error: netlist component (u_ram.g_ram_2048x64_ecc.u_b2.bank_adapter.bank\[1\].mem) is not defined
[ODB-0099] error: netlist component (u_ram.g_ram_2048x64_ecc.u_b2.bank_adapter.bank\[0\].mem) is not defined
[ODB-0099] error: netlist component (u_ram.g_ram_2048x64_ecc.u_b0.bank_adapter.bank\[3\].mem) is not defined
[ODB-0099] error: netlist component (u_ram.g_ram_2048x64_ecc.u_b0.bank_adapter.bank\[2\].mem) is not defined
[ODB-0099] error: netlist component (u_ram.g_ram_2048x64_ecc.u_b0.bank_adapter.bank\[1\].mem) is not defined
[ODB-0099] error: netlist component (u_ram.g_ram_2048x64_ecc.u_b0.bank_adapter.bank\[0\].mem) is not defined
[ODB-0099] error: netlist component (u_ram.g_ram_2048x64_ecc.u_b3.bank_adapter.bank\[3\].mem) is not defined
[ODB-0099] error: netlist component (u_ram.g_ram_2048x64_ecc.u_b3.bank_adapter.bank\[2\].mem) is not defined
[ODB-0099] error: netlist component (u_ram.g_ram_2048x64_ecc.u_b3.bank_adapter.bank\[1\].mem) is not defined
[ODB-0099] error: netlist component (u_ram.g_ram_2048x64_ecc.u_b3.bank_adapter.bank\[0\].mem) is not defined
[ODB-0099] error: netlist component (u_ram.g_ram_2048x64_ecc.u_b1.bank_adapter.bank\[3\].mem) is not defined
[ODB-0099] error: netlist component (u_ram.g_ram_2048x64_ecc.u_b1.bank_adapter.bank\[2\].mem) is not defined
[ODB-0099] error: netlist component (u_ram.g_ram_2048x64_ecc.u_b1.bank_adapter.bank\[1\].mem) is not defined
[ODB-0099] error: netlist component (u_ram.g_ram_2048x64_ecc.u_b1.bank_adapter.bank\[0\].mem) is not defined
[ODB-0099] error: netlist component (u_ram.g_ram_2048x64_ecc.u_b3.bank_adapter.bank\[3\].mem) is not defined
[ODB-0099] error: netlist component (u_ram.g_ram_2048x64_ecc.u_b3.bank_adapter.bank\[2\].mem) is not defined
[ODB-0099] error: netlist component (u_ram.g_ram_2048x64_ecc.u_b3.bank_adapter.bank\[1\].mem) is not defined
[ODB-0099] error: netlist component (u_ram.g_ram_2048x64_ecc.u_b3.bank_adapter.bank\[0\].mem) is not defined
[ODB-0099] error: netlist component (u_ram.g_ram_2048x64_ecc.u_b1.bank_adapter.bank\[3\].mem) is not defined
[ODB-0099] error: netlist component (u_ram.g_ram_2048x64_ecc.u_b1.bank_adapter.bank\[2\].mem) is not defined
[ODB-0099] error: netlist component (u_ram.g_ram_2048x64_ecc.u_b1.bank_adapter.bank\[1\].mem) is not defined
[ODB-0099] error: netlist component (u_ram.g_ram_2048x64_ecc.u_b1.bank_adapter.bank\[0\].mem) is not defined
[ODB-0099] error: netlist component (u_eth.u_mac.tx_fifo.fifo_inst.u_sram.g_bank\[2\].u_mem.mem) is not defined
[ODB-0099] error: netlist component (u_eth.u_mac.tx_fifo.fifo_inst.u_sram.g_bank\[1\].u_mem.mem) is not defined
[ODB-0099] error: netlist component (u_eth.u_mac.tx_fifo.fifo_inst.u_sram.g_bank\[0\].u_mem.mem) is not defined
[ODB-0099] error: netlist component (u_eth.u_mac.tx_fifo.fifo_inst.u_sram.g_bank\[2\].u_mem.mem) is not defined
[ODB-0099] error: netlist component (u_eth.u_mac.tx_fifo.fifo_inst.u_sram.g_bank\[1\].u_mem.mem) is not defined
[ODB-0099] error: netlist component (u_eth.u_mac.tx_fifo.fifo_inst.u_sram.g_bank\[0\].u_mem.mem) is not defined
[ODB-0099] error: netlist component (u_eth.u_mac.tx_fifo.fifo_inst.u_sram.g_bank\[1\].u_mem.mem) is not defined
[ODB-0099] error: netlist component (u_eth.u_mac.tx_fifo.fifo_inst.u_sram.g_bank\[0\].u_mem.mem) is not defined
[ODB-0099] error: netlist component (u_eth.u_mac.tx_fifo.fifo_inst.u_sram.g_bank\[2\].u_mem.mem) is not defined
[ODB-0099] error: netlist component (u_eth.u_mac.tx_fifo.fifo_inst.u_sram.g_bank\[1\].u_mem.mem) is not defined
[ODB-0099] error: netlist component (u_eth.u_mac.tx_fifo.fifo_inst.u_sram.g_bank\[0\].u_mem.mem) is not defined
[ODB-0099] error: netlist component (u_eth.u_mac.tx_fifo.fifo_inst.u_sram.g_bank\[2\].u_mem.mem) is not defined
[ODB-0099] error: netlist component (u_eth.u_mac.tx_fifo.fifo_inst.u_sram.g_bank\[1\].u_mem.mem) is not defined
[ODB-0099] error: netlist component (u_eth.u_mac.tx_fifo.fifo_inst.u_sram.g_bank\[0\].u_mem.mem) is not defined
[ODB-0099] error: netlist component (u_eth.u_mac.tx_fifo.fifo_inst.u_sram.g_bank\[2\].u_mem.mem) is not defined
[ODB-0099] error: netlist component (u_eth.u_mac.tx_fifo.fifo_inst.u_sram.g_bank\[1\].u_mem.mem) is not defined
[ODB-0099] error: netlist component (u_eth.u_mac.tx_fifo.fifo_inst.u_sram.g_bank\[0\].u_mem.mem) is not defined
[ODB-0099] error: netlist component (u_ram.g_ram_2048x64_ecc.u_b3.bank_adapter.bank\[3\].mem) is not defined
[ODB-0099] error: netlist component (u_ram.g_ram_2048x64_ecc.u_b3.bank_adapter.bank\[2\].mem) is not defined
[ODB-0099] error: netlist component (u_ram.g_ram_2048x64_ecc.u_b3.bank_adapter.bank\[1\].mem) is not defined
[ODB-0099] error: netlist component (u_ram.g_ram_2048x64_ecc.u_b3.bank_adapter.bank\[0\].mem) is not defined
[ODB-0099] error: netlist component (u_ram.g_ram_2048x64_ecc.u_b1.bank_adapter.bank\[3\].mem) is not defined
[ODB-0099] error: netlist component (u_ram.g_ram_2048x64_ecc.u_b1.bank_adapter.bank\[2\].mem) is not defined
[ODB-0099] error: netlist component (u_ram.g_ram_2048x64_ecc.u_b1.bank_adapter.bank\[1\].mem) is not defined
[ODB-0099] error: netlist component (u_ram.g_ram_2048x64_ecc.u_b1.bank_adapter.bank\[0\].mem) is not defined
[ODB-0099] error: netlist component (u_ram.g_ram_2048x64_ecc.u_b3.bank_adapter.bank\[3\].mem) is not defined
[ODB-0099] error: netlist component (u_ram.g_ram_2048x64_ecc.u_b3.bank_adapter.bank\[2\].mem) is not defined
[ODB-0099] error: netlist component (u_ram.g_ram_2048x64_ecc.u_b3.bank_adapter.bank\[1\].mem) is not defined
[ODB-0099] error: netlist component (u_ram.g_ram_2048x64_ecc.u_b3.bank_adapter.bank\[0\].mem) is not defined
[ODB-0099] error: netlist component (u_ram.g_ram_2048x64_ecc.u_b1.bank_adapter.bank\[3\].mem) is not defined
[ODB-0099] error: netlist component (u_ram.g_ram_2048x64_ecc.u_b1.bank_adapter.bank\[2\].mem) is not defined
[ODB-0099] error: netlist component (u_ram.g_ram_2048x64_ecc.u_b1.bank_adapter.bank\[1\].mem) is not defined
[ODB-0099] error: netlist component (u_ram.g_ram_2048x64_ecc.u_b1.bank_adapter.bank\[0\].mem) is not defined
[ODB-0099] error: netlist component (u_eth.u_mac.tx_fifo.fifo_inst.u_sram.g_bank\[2\].u_mem.mem) is not defined
[ODB-0099] error: netlist component (u_eth.u_mac.tx_fifo.fifo_inst.u_sram.g_bank\[1\].u_mem.mem) is not defined
[ODB-0099] error: netlist component (u_eth.u_mac.tx_fifo.fifo_inst.u_sram.g_bank\[0\].u_mem.mem) is not defined
[ODB-0099] error: netlist component (u_eth.u_mac.tx_fifo.fifo_inst.u_sram.g_bank\[2\].u_mem.mem) is not defined
[ODB-0099] error: netlist component (u_eth.u_mac.tx_fifo.fifo_inst.u_sram.g_bank\[1\].u_mem.mem) is not defined
[ODB-0099] error: netlist component (u_eth.u_mac.tx_fifo.fifo_inst.u_sram.g_bank\[0\].u_mem.mem) is not defined
[ODB-0099] error: netlist component (u_eth.u_mac.tx_fifo.fifo_inst.u_sram.g_bank\[2\].u_mem.mem) is not defined
[ODB-0099] error: netlist component (u_eth.u_mac.tx_fifo.fifo_inst.u_sram.g_bank\[1\].u_mem.mem) is not defined
[ODB-0099] error: netlist component (u_eth.u_mac.tx_fifo.fifo_inst.u_sram.g_bank\[0\].u_mem.mem) is not defined
[ODB-0099] error: netlist component (u_eth.u_mac.tx_fifo.fifo_inst.u_sram.g_bank\[2\].u_mem.mem) is not defined
[ODB-0099] error: netlist component (u_eth.u_mac.tx_fifo.fifo_inst.u_sram.g_bank\[1\].u_mem.mem) is not defined
[ODB-0099] error: netlist component (u_eth.u_mac.tx_fifo.fifo_inst.u_sram.g_bank\[0\].u_mem.mem) is not defined
[ODB-0099] error: netlist component (u_eth.u_mac.tx_fifo.fifo_inst.u_sram.g_bank\[2\].u_mem.mem) is not defined
[ODB-0099] error: netlist component (u_eth.u_mac.tx_fifo.fifo_inst.u_sram.g_bank\[1\].u_mem.mem) is not defined
[ODB-0099] error: netlist component (u_eth.u_mac.tx_fifo.fifo_inst.u_sram.g_bank\[0\].u_mem.mem) is not defined
[ODB-0099] error: netlist component (u_eth.u_mac.tx_fifo.fifo_inst.u_sram.g_bank\[2\].u_mem.mem) is not defined
[ODB-0099] error: netlist component (u_eth.u_mac.tx_fifo.fifo_inst.u_sram.g_bank\[1\].u_mem.mem) is not defined
[ODB-0099] error: netlist component (u_eth.u_mac.tx_fifo.fifo_inst.u_sram.g_bank\[0\].u_mem.mem) is not defined
[ODB-0099] error: netlist component (u_eth.u_mac.tx_fifo.fifo_inst.u_sram.g_bank\[2\].u_mem.mem) is not defined
[ODB-0099] error: netlist component (u_eth.u_mac.tx_fifo.fifo_inst.u_sram.g_bank\[1\].u_mem.mem) is not defined
[ODB-0099] error: netlist component (u_eth.u_mac.tx_fifo.fifo_inst.u_sram.g_bank\[0\].u_mem.mem) is not defined
[ODB-0099] error: netlist component (u_eth.u_mac.tx_fifo.fifo_inst.u_sram.g_bank\[2\].u_mem.mem) is not defined
[ODB-0099] error: netlist component (u_eth.u_mac.tx_fifo.fifo_inst.u_sram.g_bank\[1\].u_mem.mem) is not defined
[ODB-0099] error: netlist component (u_eth.u_mac.tx_fifo.fifo_inst.u_sram.g_bank\[0\].u_mem.mem) is not defined
[ODB-0099] error: netlist component (u_eth.u_mac.tx_fifo.fifo_inst.u_sram.g_bank\[7\].u_mem.mem) is not defined
[ODB-0099] error: netlist component (u_eth.u_mac.tx_fifo.fifo_inst.u_sram.g_bank\[6\].u_mem.mem) is not defined
[ODB-0099] error: netlist component (u_eth.u_mac.tx_fifo.fifo_inst.u_sram.g_bank\[5\].u_mem.mem) is not defined
[ODB-0099] error: netlist component (u_eth.u_mac.tx_fifo.fifo_inst.u_sram.g_bank\[4\].u_mem.mem) is not defined
[ODB-0099] error: netlist component (u_eth.u_mac.tx_fifo.fifo_inst.u_sram.g_bank\[3\].u_mem.mem) is not defined
[ODB-0099] error: netlist component (u_eth.u_mac.rx_fifo.fifo_inst.u_sram.g_bank\[6\].u_mem.mem) is not defined
[ODB-0099] error: netlist component (u_eth.u_mac.rx_fifo.fifo_inst.u_sram.g_bank\[5\].u_mem.mem) is not defined
[ODB-0099] error: netlist component (u_eth.u_mac.rx_fifo.fifo_inst.u_sram.g_bank\[4\].u_mem.mem) is not defined
[ODB-0099] error: netlist component (u_eth.u_mac.rx_fifo.fifo_inst.u_sram.g_bank\[3\].u_mem.mem) is not defined
[ODB-0099] error: netlist component (u_eth.u_mac.rx_fifo.fifo_inst.u_sram.g_bank\[2\].u_mem.mem) is not defined
[ODB-0099] error: netlist component (u_eth.u_mac.rx_fifo.fifo_inst.u_sram.g_bank\[1\].u_mem.mem) is not defined
[ODB-0099] error: netlist component (u_eth.u_mac.rx_fifo.fifo_inst.u_sram.g_bank\[0\].u_mem.mem) is not defined
[ODB-0099] error: netlist component (u_eth.u_mac.rx_fifo.fifo_inst.u_sram.g_bank\[2\].u_mem.mem) is not defined
[ODB-0099] error: netlist component (u_eth.u_mac.rx_fifo.fifo_inst.u_sram.g_bank\[1\].u_mem.mem) is not defined
[ODB-0099] error: netlist component (u_eth.u_mac.rx_fifo.fifo_inst.u_sram.g_bank\[0\].u_mem.mem) is not defined
[ODB-0099] error: netlist component (u_eth.u_mac.tx_fifo.fifo_inst.u_sram.g_bank\[1\].u_mem.mem) is not defined
[ODB-0099] error: netlist component (u_eth.u_mac.tx_fifo.fifo_inst.u_sram.g_bank\[0\].u_mem.mem) is not defined
[ODB-0099] error: netlist component (u_eth.u_mac.tx_fifo.fifo_inst.u_sram.g_bank\[2\].u_mem.mem) is not defined
[ODB-0099] error: netlist component (u_eth.u_mac.tx_fifo.fifo_inst.u_sram.g_bank\[1\].u_mem.mem) is not defined
[ODB-0099] error: netlist component (u_eth.u_mac.tx_fifo.fifo_inst.u_sram.g_bank\[0\].u_mem.mem) is not defined
[ODB-0099] error: netlist component (u_eth.u_mac.rx_fifo.fifo_inst.u_sram.g_bank\[7\].u_mem.mem) is not defined
[ODB-0099] error: netlist component (u_eth.u_mac.rx_fifo.fifo_inst.u_sram.g_bank\[3\].u_mem.mem) is not defined
[ODB-0099] error: netlist component (u_eth.u_mac.rx_fifo.fifo_inst.u_sram.g_bank\[2\].u_mem.mem) is not defined
[ODB-0099] error: netlist component (u_eth.u_mac.rx_fifo.fifo_inst.u_sram.g_bank\[1\].u_mem.mem) is not defined
[ODB-0099] error: netlist component (u_eth.u_mac.rx_fifo.fifo_inst.u_sram.g_bank\[0\].u_mem.mem) is not defined
[ODB-0099] error: netlist component (u_eth.u_mac.tx_fifo.fifo_inst.u_sram.g_bank\[2\].u_mem.mem) is not defined
[ODB-0099] error: netlist component (u_eth.u_mac.tx_fifo.fifo_inst.u_sram.g_bank\[1\].u_mem.mem) is not defined
[ODB-0099] error: netlist component (u_eth.u_mac.tx_fifo.fifo_inst.u_sram.g_bank\[0\].u_mem.mem) is not defined
[ODB-0099] error: netlist component (u_eth.u_mac.tx_fifo.fifo_inst.u_sram.g_bank\[2\].u_mem.mem) is not defined
[ODB-0099] error: netlist component (u_eth.u_mac.tx_fifo.fifo_inst.u_sram.g_bank\[1\].u_mem.mem) is not defined
[ODB-0099] error: netlist component (u_eth.u_mac.tx_fifo.fifo_inst.u_sram.g_bank\[0\].u_mem.mem) is not defined
[ODB-0099] error: netlist component (u_eth.u_mac.tx_fifo.fifo_inst.u_sram.g_bank\[1\].u_mem.mem) is not defined
[ODB-0099] error: netlist component (u_eth.u_mac.tx_fifo.fifo_inst.u_sram.g_bank\[0\].u_mem.mem) is not defined
[ODB-0099] error: netlist component (u_eth.u_mac.rx_fifo.fifo_inst.u_sram.g_bank\[2\].u_mem.mem) is not defined
[ODB-0099] error: netlist component (u_eth.u_mac.rx_fifo.fifo_inst.u_sram.g_bank\[1\].u_mem.mem) is not defined
[ODB-0099] error: netlist component (u_eth.u_mac.rx_fifo.fifo_inst.u_sram.g_bank\[0\].u_mem.mem) is not defined
[ODB-0099] error: netlist component (u_eth.u_mac.rx_fifo.fifo_inst.u_sram.g_bank\[6\].u_mem.mem) is not defined
[ODB-0099] error: netlist component (u_eth.u_mac.rx_fifo.fifo_inst.u_sram.g_bank\[5\].u_mem.mem) is not defined
[ODB-0099] error: netlist component (u_eth.u_mac.rx_fifo.fifo_inst.u_sram.g_bank\[4\].u_mem.mem) is not defined
[ODB-0099] error: netlist component (u_eth.u_mac.rx_fifo.fifo_inst.u_sram.g_bank\[3\].u_mem.mem) is not defined
[ODB-0099] error: netlist component (u_eth.u_mac.rx_fifo.fifo_inst.u_sram.g_bank\[6\].u_mem.mem) is not defined
[ODB-0099] error: netlist component (u_eth.u_mac.rx_fifo.fifo_inst.u_sram.g_bank\[5\].u_mem.mem) is not defined
[ODB-0099] error: netlist component (u_eth.u_mac.rx_fifo.fifo_inst.u_sram.g_bank\[4\].u_mem.mem) is not defined
[ODB-0099] error: netlist component (u_eth.u_mac.rx_fifo.fifo_inst.u_sram.g_bank\[3\].u_mem.mem) is not defined
[ODB-0099] error: netlist component (u_eth.u_mac.rx_fifo.fifo_inst.u_sram.g_bank\[2\].u_mem.mem) is not defined
[ODB-0099] error: netlist component (u_eth.u_mac.rx_fifo.fifo_inst.u_sram.g_bank\[1\].u_mem.mem) is not defined
[ODB-0099] error: netlist component (u_eth.u_mac.rx_fifo.fifo_inst.u_sram.g_bank\[0\].u_mem.mem) is not defined
[ODB-0099] error: netlist component (u_eth.u_mac.rx_fifo.fifo_inst.u_sram.g_bank\[2\].u_mem.mem) is not defined
[ODB-0099] error: netlist component (u_eth.u_mac.rx_fifo.fifo_inst.u_sram.g_bank\[1\].u_mem.mem) is not defined
[ODB-0099] error: netlist component (u_eth.u_mac.rx_fifo.fifo_inst.u_sram.g_bank\[0\].u_mem.mem) is not defined
[ODB-0099] error: netlist component (u_eth.u_mac.rx_fifo.fifo_inst.u_sram.g_bank\[3\].u_mem.mem) is not defined
[ODB-0099] error: netlist component (u_eth.u_mac.rx_fifo.fifo_inst.u_sram.g_bank\[2\].u_mem.mem) is not defined
[ODB-0099] error: netlist component (u_eth.u_mac.rx_fifo.fifo_inst.u_sram.g_bank\[1\].u_mem.mem) is not defined
[ODB-0099] error: netlist component (u_eth.u_mac.rx_fifo.fifo_inst.u_sram.g_bank\[0\].u_mem.mem) is not defined
[ODB-0099] error: netlist component (u_eth.u_mac.rx_fifo.fifo_inst.u_sram.g_bank\[2\].u_mem.mem) is not defined
[ODB-0099] error: netlist component (u_eth.u_mac.rx_fifo.fifo_inst.u_sram.g_bank\[1\].u_mem.mem) is not defined
[ODB-0099] error: netlist component (u_eth.u_mac.rx_fifo.fifo_inst.u_sram.g_bank\[0\].u_mem.mem) is not defined
[ODB-0099] error: netlist component (u_eth.u_mac.rx_fifo.fifo_inst.u_sram.g_bank\[3\].u_mem.mem) is not defined
[ODB-0099] error: netlist component (u_eth.u_mac.rx_fifo.fifo_inst.u_sram.g_bank\[2\].u_mem.mem) is not defined
[ODB-0099] error: netlist component (u_eth.u_mac.rx_fifo.fifo_inst.u_sram.g_bank\[1\].u_mem.mem) is not defined
[ODB-0099] error: netlist component (u_eth.u_mac.rx_fifo.fifo_inst.u_sram.g_bank\[0\].u_mem.mem) is not defined
[ODB-0099] error: netlist component (u_eth.u_mac.rx_fifo.fifo_inst.u_sram.g_bank\[3\].u_mem.mem) is not defined
[ODB-0099] error: netlist component (u_eth.u_mac.rx_fifo.fifo_inst.u_sram.g_bank\[2\].u_mem.mem) is not defined
[ODB-0099] error: netlist component (u_eth.u_mac.rx_fifo.fifo_inst.u_sram.g_bank\[1\].u_mem.mem) is not defined
[ODB-0099] error: netlist component (u_eth.u_mac.rx_fifo.fifo_inst.u_sram.g_bank\[0\].u_mem.mem) is not defined
[ODB-0099] error: netlist component (u_eth.u_mac.rx_fifo.fifo_inst.u_sram.g_bank\[3\].u_mem.mem) is not defined
[ODB-0099] error: netlist component (u_eth.u_mac.rx_fifo.fifo_inst.u_sram.g_bank\[2\].u_mem.mem) is not defined
[ODB-0099] error: netlist component (u_eth.u_mac.rx_fifo.fifo_inst.u_sram.g_bank\[1\].u_mem.mem) is not defined
[ODB-0099] error: netlist component (u_eth.u_mac.rx_fifo.fifo_inst.u_sram.g_bank\[0\].u_mem.mem) is not defined
[ODB-0099] error: netlist component (u_eth.u_mac.rx_fifo.fifo_inst.u_sram.g_bank\[2\].u_mem.mem) is not defined
[ODB-0099] error: netlist component (u_eth.u_mac.rx_fifo.fifo_inst.u_sram.g_bank\[1\].u_mem.mem) is not defined
[ODB-0099] error: netlist component (u_eth.u_mac.rx_fifo.fifo_inst.u_sram.g_bank\[0\].u_mem.mem) is not defined
[ODB-0099] error: netlist component (u_eth.u_mac.rx_fifo.fifo_inst.u_sram.g_bank\[2\].u_mem.mem) is not defined
[ODB-0099] error: netlist component (u_eth.u_mac.rx_fifo.fifo_inst.u_sram.g_bank\[1\].u_mem.mem) is not defined
[ODB-0099] error: netlist component (u_eth.u_mac.rx_fifo.fifo_inst.u_sram.g_bank\[0\].u_mem.mem) is not defined
[ODB-0099] error: netlist component (u_eth.u_mac.rx_fifo.fifo_inst.u_sram.g_bank\[2\].u_mem.mem) is not defined
[ODB-0099] error: netlist component (u_eth.u_mac.rx_fifo.fifo_inst.u_sram.g_bank\[1\].u_mem.mem) is not defined
[ODB-0099] error: netlist component (u_eth.u_mac.rx_fifo.fifo_inst.u_sram.g_bank\[0\].u_mem.mem) is not defined
[ODB-0099] error: netlist component (u_eth.u_mac.rx_fifo.fifo_inst.u_sram.g_bank\[7\].u_mem.mem) is not defined
[ODB-0099] error: netlist component (u_eth.u_mac.rx_fifo.fifo_inst.u_sram.g_bank\[6\].u_mem.mem) is not defined
[ODB-0099] error: netlist component (u_eth.u_mac.rx_fifo.fifo_inst.u_sram.g_bank\[3\].u_mem.mem) is not defined
[ODB-0099] error: netlist component (u_eth.u_mac.rx_fifo.fifo_inst.u_sram.g_bank\[2\].u_mem.mem) is not defined
[ODB-0099] error: netlist component (u_eth.u_mac.rx_fifo.fifo_inst.u_sram.g_bank\[1\].u_mem.mem) is not defined
[ODB-0099] error: netlist component (u_eth.u_mac.rx_fifo.fifo_inst.u_sram.g_bank\[0\].u_mem.mem) is not defined
[ODB-0099] error: netlist component (u_eth.u_mac.rx_fifo.fifo_inst.u_sram.g_bank\[2\].u_mem.mem) is not defined
[ODB-0099] error: netlist component (u_eth.u_mac.rx_fifo.fifo_inst.u_sram.g_bank\[1\].u_mem.mem) is not defined
[ODB-0099] error: netlist component (u_eth.u_mac.rx_fifo.fifo_inst.u_sram.g_bank\[0\].u_mem.mem) is not defined
[ODB-0099] error: netlist component (u_eth.u_mac.rx_fifo.fifo_inst.u_sram.g_bank\[2\].u_mem.mem) is not defined
[ODB-0099] error: netlist component (u_eth.u_mac.rx_fifo.fifo_inst.u_sram.g_bank\[1\].u_mem.mem) is not defined
[ODB-0099] error: netlist component (u_eth.u_mac.rx_fifo.fifo_inst.u_sram.g_bank\[0\].u_mem.mem) is not defined
[ODB-0099] error: netlist component (u_eth.u_mac.rx_fifo.fifo_inst.u_sram.g_bank\[2\].u_mem.mem) is not defined
[ODB-0099] error: netlist component (u_eth.u_mac.rx_fifo.fifo_inst.u_sram.g_bank\[1\].u_mem.mem) is not defined
[ODB-0099] error: netlist component (u_eth.u_mac.rx_fifo.fifo_inst.u_sram.g_bank\[0\].u_mem.mem) is not defined
[ODB-0099] error: netlist component (u_eth.u_mac.rx_fifo.fifo_inst.u_sram.g_bank\[7\].u_mem.mem) is not defined
[ODB-0099] error: netlist component (u_eth.u_mac.rx_fifo.fifo_inst.u_sram.g_bank\[6\].u_mem.mem) is not defined
[ODB-0099] error: netlist component (u_eth.u_mac.rx_fifo.fifo_inst.u_sram.g_bank\[5\].u_mem.mem) is not defined
[ODB-0099] error: netlist component (u_eth.u_mac.rx_fifo.fifo_inst.u_sram.g_bank\[4\].u_mem.mem) is not defined
[ODB-0099] error: netlist component (u_eth.u_mac.tx_fifo.fifo_inst.u_sram.g_bank\[2\].u_mem.mem) is not defined
[ODB-0099] error: netlist component (u_eth.u_mac.tx_fifo.fifo_inst.u_sram.g_bank\[1\].u_mem.mem) is not defined
[ODB-0099] error: netlist component (u_eth.u_mac.tx_fifo.fifo_inst.u_sram.g_bank\[0\].u_mem.mem) is not defined
[ODB-0099] error: netlist component (u_eth.u_mac.tx_fifo.fifo_inst.u_sram.g_bank\[2\].u_mem.mem) is not defined
[ODB-0099] error: netlist component (u_eth.u_mac.tx_fifo.fifo_inst.u_sram.g_bank\[1\].u_mem.mem) is not defined
[ODB-0099] error: netlist component (u_eth.u_mac.tx_fifo.fifo_inst.u_sram.g_bank\[0\].u_mem.mem) is not defined
[ODB-0099] error: netlist component (u_eth.u_mac.rx_fifo.fifo_inst.u_sram.g_bank\[7\].u_mem.mem) is not defined
[ODB-0099] error: netlist component (u_eth.u_mac.rx_fifo.fifo_inst.u_sram.g_bank\[6\].u_mem.mem) is not defined
[ODB-0099] error: netlist component (u_eth.u_mac.rx_fifo.fifo_inst.u_sram.g_bank\[5\].u_mem.mem) is not defined
[ODB-0099] error: netlist component (u_eth.u_mac.rx_fifo.fifo_inst.u_sram.g_bank\[4\].u_mem.mem) is not defined
[ODB-0099] error: netlist component (u_eth.u_mac.rx_fifo.fifo_inst.u_sram.g_bank\[7\].u_mem.mem) is not defined
[ODB-0099] error: netlist component (u_eth.u_mac.rx_fifo.fifo_inst.u_sram.g_bank\[6\].u_mem.mem) is not defined
[ODB-0099] error: netlist component (u_eth.u_mac.rx_fifo.fifo_inst.u_sram.g_bank\[5\].u_mem.mem) is not defined
[ODB-0099] error: netlist component (u_eth.u_mac.rx_fifo.fifo_inst.u_sram.g_bank\[4\].u_mem.mem) is not defined
[ODB-0099] error: netlist component (u_eth.u_mac.tx_fifo.fifo_inst.u_sram.g_bank\[3\].u_mem.mem) is not defined
[ODB-0099] error: netlist component (u_eth.u_mac.tx_fifo.fifo_inst.u_sram.g_bank\[2\].u_mem.mem) is not defined
[ODB-0099] error: netlist component (u_eth.u_mac.tx_fifo.fifo_inst.u_sram.g_bank\[1\].u_mem.mem) is not defined
[ODB-0099] error: netlist component (u_eth.u_mac.tx_fifo.fifo_inst.u_sram.g_bank\[0\].u_mem.mem) is not defined
[ODB-0099] error: netlist component (u_eth.u_mac.tx_fifo.fifo_inst.u_sram.g_bank\[3\].u_mem.mem) is not defined
[ODB-0099] error: netlist component (u_eth.u_mac.tx_fifo.fifo_inst.u_sram.g_bank\[2\].u_mem.mem) is not defined
[ODB-0099] error: netlist component (u_eth.u_mac.tx_fifo.fifo_inst.u_sram.g_bank\[1\].u_mem.mem) is not defined
[ODB-0099] error: netlist component (u_eth.u_mac.tx_fifo.fifo_inst.u_sram.g_bank\[0\].u_mem.mem) is not defined
[ODB-0099] error: netlist component (u_eth.u_mac.rx_fifo.fifo_inst.u_sram.g_bank\[7\].u_mem.mem) is not defined
[ODB-0099] error: netlist component (u_eth.u_mac.rx_fifo.fifo_inst.u_sram.g_bank\[6\].u_mem.mem) is not defined
[ODB-0099] error: netlist component (u_eth.u_mac.rx_fifo.fifo_inst.u_sram.g_bank\[5\].u_mem.mem) is not defined
[ODB-0099] error: netlist component (u_eth.u_mac.rx_fifo.fifo_inst.u_sram.g_bank\[7\].u_mem.mem) is not defined
[ODB-0099] error: netlist component (u_eth.u_mac.rx_fifo.fifo_inst.u_sram.g_bank\[6\].u_mem.mem) is not defined
[ODB-0099] error: netlist component (u_eth.u_mac.rx_fifo.fifo_inst.u_sram.g_bank\[5\].u_mem.mem) is not defined
[ODB-0099] error: netlist component (u_eth.u_mac.rx_fifo.fifo_inst.u_sram.g_bank\[4\].u_mem.mem) is not defined
[ODB-0099] error: netlist component (u_eth.u_mac.rx_fifo.fifo_inst.u_sram.g_bank\[3\].u_mem.mem) is not defined
[ODB-0099] error: netlist component (u_eth.u_mac.rx_fifo.fifo_inst.u_sram.g_bank\[2\].u_mem.mem) is not defined
[ODB-0099] error: netlist component (u_eth.u_mac.rx_fifo.fifo_inst.u_sram.g_bank\[1\].u_mem.mem) is not defined
[ODB-0099] error: netlist component (u_eth.u_mac.rx_fifo.fifo_inst.u_sram.g_bank\[0\].u_mem.mem) is not defined
[ODB-0099] error: netlist component (u_eth.u_mac.rx_fifo.fifo_inst.u_sram.g_bank\[7\].u_mem.mem) is not defined
[ODB-0099] error: netlist component (u_eth.u_mac.rx_fifo.fifo_inst.u_sram.g_bank\[6\].u_mem.mem) is not defined
[ODB-0099] error: netlist component (u_eth.u_mac.rx_fifo.fifo_inst.u_sram.g_bank\[5\].u_mem.mem) is not defined
[ODB-0099] error: netlist component (u_eth.u_mac.rx_fifo.fifo_inst.u_sram.g_bank\[7\].u_mem.mem) is not defined
[ODB-0099] error: netlist component (u_eth.u_mac.rx_fifo.fifo_inst.u_sram.g_bank\[6\].u_mem.mem) is not defined
[ODB-0099] error: netlist component (u_eth.u_mac.rx_fifo.fifo_inst.u_sram.g_bank\[5\].u_mem.mem) is not defined
[ODB-0099] error: netlist component (u_eth.u_mac.rx_fifo.fifo_inst.u_sram.g_bank\[3\].u_mem.mem) is not defined
[ODB-0099] error: netlist component (u_eth.u_mac.rx_fifo.fifo_inst.u_sram.g_bank\[2\].u_mem.mem) is not defined
[ODB-0099] error: netlist component (u_eth.u_mac.rx_fifo.fifo_inst.u_sram.g_bank\[1\].u_mem.mem) is not defined
[ODB-0099] error: netlist component (u_eth.u_mac.rx_fifo.fifo_inst.u_sram.g_bank\[0\].u_mem.mem) is not defined
[ODB-0099] error: netlist component (u_eth.u_mac.rx_fifo.fifo_inst.u_sram.g_bank\[3\].u_mem.mem) is not defined
[ODB-0099] error: netlist component (u_eth.u_mac.rx_fifo.fifo_inst.u_sram.g_bank\[2\].u_mem.mem) is not defined
[ODB-0099] error: netlist component (u_eth.u_mac.rx_fifo.fifo_inst.u_sram.g_bank\[1\].u_mem.mem) is not defined
[ODB-0099] error: netlist component (u_eth.u_mac.rx_fifo.fifo_inst.u_sram.g_bank\[0\].u_mem.mem) is not defined
[ODB-0099] error: netlist component (u_eth.u_mac.rx_fifo.fifo_inst.u_sram.g_bank\[7\].u_mem.mem) is not defined
[ODB-0099] error: netlist component (u_eth.u_mac.rx_fifo.fifo_inst.u_sram.g_bank\[6\].u_mem.mem) is not defined
[ODB-0099] error: netlist component (u_eth.u_mac.rx_fifo.fifo_inst.u_sram.g_bank\[5\].u_mem.mem) is not defined
[ODB-0099] error: netlist component (u_eth.u_mac.rx_fifo.fifo_inst.u_sram.g_bank\[7\].u_mem.mem) is not defined
[ODB-0099] error: netlist component (u_eth.u_mac.rx_fifo.fifo_inst.u_sram.g_bank\[6\].u_mem.mem) is not defined
[ODB-0099] error: netlist component (u_eth.u_mac.rx_fifo.fifo_inst.u_sram.g_bank\[5\].u_mem.mem) is not defined
[ODB-0099] error: netlist component (u_eth.u_mac.rx_fifo.fifo_inst.u_sram.g_bank\[4\].u_mem.mem) is not defined
[ODB-0099] error: netlist component (u_eth.u_mac.rx_fifo.fifo_inst.u_sram.g_bank\[3\].u_mem.mem) is not defined
[ODB-0099] error: netlist component (u_eth.u_mac.rx_fifo.fifo_inst.u_sram.g_bank\[2\].u_mem.mem) is not defined
[ODB-0099] error: netlist component (u_eth.u_mac.rx_fifo.fifo_inst.u_sram.g_bank\[1\].u_mem.mem) is not defined
[ODB-0099] error: netlist component (u_eth.u_mac.rx_fifo.fifo_inst.u_sram.g_bank\[0\].u_mem.mem) is not defined
[ODB-0099] error: netlist component (u_eth.u_mac.tx_fifo.fifo_inst.u_sram.g_bank\[3\].u_mem.mem) is not defined
[ODB-0099] error: netlist component (u_eth.u_mac.tx_fifo.fifo_inst.u_sram.g_bank\[2\].u_mem.mem) is not defined
[ODB-0099] error: netlist component (u_eth.u_mac.tx_fifo.fifo_inst.u_sram.g_bank\[1\].u_mem.mem) is not defined
[ODB-0099] error: netlist component (u_eth.u_mac.tx_fifo.fifo_inst.u_sram.g_bank\[0\].u_mem.mem) is not defined
[ODB-0099] error: netlist component (u_eth.u_mac.tx_fifo.fifo_inst.u_sram.g_bank\[2\].u_mem.mem) is not defined
[ODB-0099] error: netlist component (u_eth.u_mac.tx_fifo.fifo_inst.u_sram.g_bank\[1\].u_mem.mem) is not defined
[ODB-0099] error: netlist component (u_eth.u_mac.tx_fifo.fifo_inst.u_sram.g_bank\[0\].u_mem.mem) is not defined
[ODB-0099] error: netlist component (u_eth.u_mac.tx_fifo.fifo_inst.u_sram.g_bank\[2\].u_mem.mem) is not defined
[ODB-0099] error: netlist component (u_eth.u_mac.tx_fifo.fifo_inst.u_sram.g_bank\[1\].u_mem.mem) is not defined
[ODB-0099] error: netlist component (u_eth.u_mac.tx_fifo.fifo_inst.u_sram.g_bank\[0\].u_mem.mem) is not defined
[ODB-0099] error: netlist component (u_eth.u_mac.tx_fifo.fifo_inst.u_sram.g_bank\[7\].u_mem.mem) is not defined
[ODB-0099] error: netlist component (u_eth.u_mac.rx_fifo.fifo_inst.u_sram.g_bank\[3\].u_mem.mem) is not defined
[ODB-0099] error: netlist component (u_eth.u_mac.rx_fifo.fifo_inst.u_sram.g_bank\[2\].u_mem.mem) is not defined
[ODB-0099] error: netlist component (u_eth.u_mac.rx_fifo.fifo_inst.u_sram.g_bank\[1\].u_mem.mem) is not defined
[ODB-0099] error: netlist component (u_eth.u_mac.rx_fifo.fifo_inst.u_sram.g_bank\[0\].u_mem.mem) is not defined
[ODB-0099] error: netlist component (u_eth.u_mac.rx_fifo.fifo_inst.u_sram.g_bank\[3\].u_mem.mem) is not defined
[ODB-0099] error: netlist component (u_eth.u_mac.rx_fifo.fifo_inst.u_sram.g_bank\[2\].u_mem.mem) is not defined
[ODB-0099] error: netlist component (u_eth.u_mac.rx_fifo.fifo_inst.u_sram.g_bank\[1\].u_mem.mem) is not defined
[ODB-0099] error: netlist component (u_eth.u_mac.rx_fifo.fifo_inst.u_sram.g_bank\[0\].u_mem.mem) is not defined
[ODB-0099] error: netlist component (u_eth.u_mac.tx_fifo.fifo_inst.u_sram.g_bank\[7\].u_mem.mem) is not defined
[ODB-0099] error: netlist component (u_eth.u_mac.tx_fifo.fifo_inst.u_sram.g_bank\[6\].u_mem.mem) is not defined
[ODB-0099] error: netlist component (u_eth.u_mac.tx_fifo.fifo_inst.u_sram.g_bank\[2\].u_mem.mem) is not defined
[ODB-0099] error: netlist component (u_eth.u_mac.tx_fifo.fifo_inst.u_sram.g_bank\[1\].u_mem.mem) is not defined
[ODB-0099] error: netlist component (u_eth.u_mac.tx_fifo.fifo_inst.u_sram.g_bank\[0\].u_mem.mem) is not defined
[ODB-0099] error: netlist component (u_eth.u_mac.tx_fifo.fifo_inst.u_sram.g_bank\[2\].u_mem.mem) is not defined
[ODB-0099] error: netlist component (u_eth.u_mac.tx_fifo.fifo_inst.u_sram.g_bank\[1\].u_mem.mem) is not defined
[ODB-0099] error: netlist component (u_eth.u_mac.tx_fifo.fifo_inst.u_sram.g_bank\[0\].u_mem.mem) is not defined
[ODB-0099] error: netlist component (u_eth.u_mac.tx_fifo.fifo_inst.u_sram.g_bank\[2\].u_mem.mem) is not defined
[ODB-0099] error: netlist component (u_eth.u_mac.tx_fifo.fifo_inst.u_sram.g_bank\[1\].u_mem.mem) is not defined
[ODB-0099] error: netlist component (u_eth.u_mac.tx_fifo.fifo_inst.u_sram.g_bank\[0\].u_mem.mem) is not defined
[ODB-0099] error: netlist component (u_eth.u_mac.tx_fifo.fifo_inst.u_sram.g_bank\[2\].u_mem.mem) is not defined
[ODB-0099] error: netlist component (u_eth.u_mac.tx_fifo.fifo_inst.u_sram.g_bank\[1\].u_mem.mem) is not defined
[ODB-0099] error: netlist component (u_eth.u_mac.tx_fifo.fifo_inst.u_sram.g_bank\[0\].u_mem.mem) is not defined
[ODB-0099] error: netlist component (u_eth.u_mac.rx_fifo.fifo_inst.u_sram.g_bank\[7\].u_mem.mem) is not defined
[ODB-0099] error: netlist component (u_eth.u_mac.rx_fifo.fifo_inst.u_sram.g_bank\[6\].u_mem.mem) is not defined
[ODB-0099] error: netlist component (u_eth.u_mac.rx_fifo.fifo_inst.u_sram.g_bank\[5\].u_mem.mem) is not defined
[ODB-0099] error: netlist component (u_eth.u_mac.rx_fifo.fifo_inst.u_sram.g_bank\[4\].u_mem.mem) is not defined
[ODB-0099] error: netlist component (u_eth.u_mac.rx_fifo.fifo_inst.u_sram.g_bank\[3\].u_mem.mem) is not defined
[ODB-0099] error: netlist component (u_eth.u_mac.rx_fifo.fifo_inst.u_sram.g_bank\[2\].u_mem.mem) is not defined
[ODB-0099] error: netlist component (u_eth.u_mac.rx_fifo.fifo_inst.u_sram.g_bank\[1\].u_mem.mem) is not defined
[ODB-0099] error: netlist component (u_eth.u_mac.rx_fifo.fifo_inst.u_sram.g_bank\[0\].u_mem.mem) is not defined
[ODB-0099] error: netlist component (u_eth.u_mac.tx_fifo.fifo_inst.u_sram.g_bank\[3\].u_mem.mem) is not defined
[ODB-0099] error: netlist component (u_eth.u_mac.tx_fifo.fifo_inst.u_sram.g_bank\[2\].u_mem.mem) is not defined
[ODB-0099] error: netlist component (u_eth.u_mac.tx_fifo.fifo_inst.u_sram.g_bank\[1\].u_mem.mem) is not defined
[ODB-0099] error: netlist component (u_eth.u_mac.tx_fifo.fifo_inst.u_sram.g_bank\[0\].u_mem.mem) is not defined
[ODB-0099] error: netlist component (u_eth.u_mac.tx_fifo.fifo_inst.u_sram.g_bank\[2\].u_mem.mem) is not defined
[ODB-0099] error: netlist component (u_eth.u_mac.tx_fifo.fifo_inst.u_sram.g_bank\[1\].u_mem.mem) is not defined
[ODB-0099] error: netlist component (u_eth.u_mac.tx_fifo.fifo_inst.u_sram.g_bank\[0\].u_mem.mem) is not defined
[ODB-0099] error: netlist component (u_eth.u_mac.tx_fifo.fifo_inst.u_sram.g_bank\[2\].u_mem.mem) is not defined
[ODB-0099] error: netlist component (u_eth.u_mac.tx_fifo.fifo_inst.u_sram.g_bank\[1\].u_mem.mem) is not defined
[ODB-0099] error: netlist component (u_eth.u_mac.tx_fifo.fifo_inst.u_sram.g_bank\[0\].u_mem.mem) is not defined
[ODB-0099] error: netlist component (u_eth.u_mac.tx_fifo.fifo_inst.u_sram.g_bank\[2\].u_mem.mem) is not defined
[ODB-0099] error: netlist component (u_eth.u_mac.tx_fifo.fifo_inst.u_sram.g_bank\[1\].u_mem.mem) is not defined
[ODB-0099] error: netlist component (u_eth.u_mac.tx_fifo.fifo_inst.u_sram.g_bank\[0\].u_mem.mem) is not defined
[ODB-0099] error: netlist component (u_eth.u_mac.tx_fifo.fifo_inst.u_sram.g_bank\[2\].u_mem.mem) is not defined
[ODB-0099] error: netlist component (u_eth.u_mac.tx_fifo.fifo_inst.u_sram.g_bank\[1\].u_mem.mem) is not defined
[ODB-0099] error: netlist component (u_eth.u_mac.tx_fifo.fifo_inst.u_sram.g_bank\[0\].u_mem.mem) is not defined
[ODB-0099] error: netlist component (u_ram.g_ram_2048x64_ecc.u_b0.bank_adapter.bank\[1\].mem) is not defined
[ODB-0099] error: netlist component (u_ram.g_ram_2048x64_ecc.u_b0.bank_adapter.bank\[1\].mem) is not defined
[ODB-0099] error: netlist component (u_ram.g_ram_2048x64_ecc.u_b0.bank_adapter.bank\[0\].mem) is not defined
[ODB-0099] error: netlist component (u_ram.g_ram_2048x64_ecc.u_b0.bank_adapter.bank\[0\].mem) is not defined
[ODB-0099] error: netlist component (u_ram.g_ram_2048x64_ecc.u_b0.bank_adapter.bank\[0\].mem) is not defined
[ODB-0099] error: netlist component (u_ram.g_ram_2048x64_ecc.u_b0.bank_adapter.bank\[0\].mem) is not defined
[ODB-0099] error: netlist component (u_ram.g_ram_2048x64_ecc.u_b1.bank_adapter.bank\[1\].mem) is not defined
[ODB-0099] error: netlist component (u_ram.g_ram_2048x64_ecc.u_b1.bank_adapter.bank\[1\].mem) is not defined
[ODB-0099] error: netlist component (u_ram.g_ram_2048x64_ecc.u_b1.bank_adapter.bank\[1\].mem) is not defined
[ODB-0099] error: netlist component (u_ram.g_ram_2048x64_ecc.u_b1.bank_adapter.bank\[1\].mem) is not defined
[ODB-0099] error: netlist component (u_ram.g_ram_2048x64_ecc.u_b1.bank_adapter.bank\[0\].mem) is not defined
[ODB-0099] error: netlist component (u_ram.g_ram_2048x64_ecc.u_b1.bank_adapter.bank\[0\].mem) is not defined
[ODB-0099] error: netlist component (u_ram.g_ram_2048x64_ecc.u_b1.bank_adapter.bank\[0\].mem) is not defined
[ODB-0099] error: netlist component (u_ram.g_ram_2048x64_ecc.u_b1.bank_adapter.bank\[0\].mem) is not defined
[ODB-0099] error: netlist component (u_ram.g_ram_2048x64_ecc.u_b3.bank_adapter.bank\[0\].mem) is not defined
[ODB-0099] error: netlist component (u_ram.g_ram_2048x64_ecc.u_b3.bank_adapter.bank\[0\].mem) is not defined
[ODB-0099] error: netlist component (u_ram.g_ram_2048x64_ecc.u_b3.bank_adapter.bank\[1\].mem) is not defined
[ODB-0099] error: netlist component (u_ram.g_ram_2048x64_ecc.u_b3.bank_adapter.bank\[1\].mem) is not defined
[ODB-0099] error: netlist component (u_ram.g_ram_2048x64_ecc.u_b2.bank_adapter.bank\[0\].mem) is not defined
[ODB-0099] error: netlist component (u_ram.g_ram_2048x64_ecc.u_b2.bank_adapter.bank\[0\].mem) is not defined
[ODB-0099] error: netlist component (u_ram.g_ram_2048x64_ecc.u_b3.bank_adapter.bank\[0\].mem) is not defined
[ODB-0099] error: netlist component (u_ram.g_ram_2048x64_ecc.u_b3.bank_adapter.bank\[0\].mem) is not defined
[ODB-0099] error: netlist component (u_ram.g_ram_2048x64_ecc.u_b1.bank_adapter.bank\[2\].mem) is not defined
[ODB-0099] error: netlist component (u_ram.g_ram_2048x64_ecc.u_b1.bank_adapter.bank\[2\].mem) is not defined
[ODB-0099] error: netlist component (u_ram.g_ram_2048x64_ecc.u_b0.bank_adapter.bank\[2\].mem) is not defined
[ODB-0099] error: netlist component (u_ram.g_ram_2048x64_ecc.u_b0.bank_adapter.bank\[2\].mem) is not defined
[ODB-0099] error: netlist component (u_ram.g_ram_2048x64_ecc.u_b3.bank_adapter.bank\[2\].mem) is not defined
[ODB-0099] error: netlist component (u_ram.g_ram_2048x64_ecc.u_b3.bank_adapter.bank\[2\].mem) is not defined
[ODB-0099] error: netlist component (u_ram.g_ram_2048x64_ecc.u_b3.bank_adapter.bank\[3\].mem) is not defined
[ODB-0099] error: netlist component (u_ram.g_ram_2048x64_ecc.u_b3.bank_adapter.bank\[2\].mem) is not defined
[ODB-0099] error: netlist component (u_ram.g_ram_2048x64_ecc.u_b3.bank_adapter.bank\[1\].mem) is not defined
[ODB-0099] error: netlist component (u_ram.g_ram_2048x64_ecc.u_b1.bank_adapter.bank\[2\].mem) is not defined
[ODB-0099] error: netlist component (u_ram.g_ram_2048x64_ecc.u_b1.bank_adapter.bank\[1\].mem) is not defined
[ODB-0099] error: netlist component (u_ram.g_ram_2048x64_ecc.u_b1.bank_adapter.bank\[0\].mem) is not defined
[ODB-0099] error: netlist component (u_ram.g_ram_2048x64_ecc.u_b0.bank_adapter.bank\[3\].mem) is not defined
[ODB-0099] error: netlist component (u_ram.g_ram_2048x64_ecc.u_b0.bank_adapter.bank\[2\].mem) is not defined
[ODB-0099] error: netlist component (u_ram.g_ram_2048x64_ecc.u_b0.bank_adapter.bank\[1\].mem) is not defined
[ODB-0099] error: netlist component (u_ram.g_ram_2048x64_ecc.u_b0.bank_adapter.bank\[0\].mem) is not defined
[ODB-0099] error: netlist component (u_ram.g_ram_2048x64_ecc.u_b0.bank_adapter.bank\[2\].mem) is not defined
[ODB-0099] error: netlist component (u_ram.g_ram_2048x64_ecc.u_b0.bank_adapter.bank\[1\].mem) is not defined
[ODB-0099] error: netlist component (u_ram.g_ram_2048x64_ecc.u_b0.bank_adapter.bank\[0\].mem) is not defined
[ODB-0099] error: netlist component (u_ram.g_ram_2048x64_ecc.u_b1.bank_adapter.bank\[3\].mem) is not defined
[ODB-0099] error: netlist component (u_ram.g_ram_2048x64_ecc.u_b1.bank_adapter.bank\[2\].mem) is not defined
[ODB-0099] error: netlist component (u_ram.g_ram_2048x64_ecc.u_b1.bank_adapter.bank\[1\].mem) is not defined
[ODB-0099] error: netlist component (u_ram.g_ram_2048x64_ecc.u_b1.bank_adapter.bank\[0\].mem) is not defined
[ODB-0099] error: netlist component (u_ram.g_ram_2048x64_ecc.u_b1.bank_adapter.bank\[3\].mem) is not defined
[ODB-0099] error: netlist component (u_ram.g_ram_2048x64_ecc.u_b1.bank_adapter.bank\[2\].mem) is not defined
[ODB-0099] error: netlist component (u_ram.g_ram_2048x64_ecc.u_b1.bank_adapter.bank\[1\].mem) is not defined
[ODB-0099] error: netlist component (u_ram.g_ram_2048x64_ecc.u_b1.bank_adapter.bank\[0\].mem) is not defined
[ODB-0099] error: netlist component (u_ram.g_ram_2048x64_ecc.u_b1.bank_adapter.bank\[2\].mem) is not defined
[ODB-0099] error: netlist component (u_ram.g_ram_2048x64_ecc.u_b1.bank_adapter.bank\[1\].mem) is not defined
[ODB-0099] error: netlist component (u_ram.g_ram_2048x64_ecc.u_b1.bank_adapter.bank\[0\].mem) is not defined
[ODB-0099] error: netlist component (u_ram.g_ram_2048x64_ecc.u_b1.bank_adapter.bank\[2\].mem) is not defined
[ODB-0099] error: netlist component (u_ram.g_ram_2048x64_ecc.u_b1.bank_adapter.bank\[1\].mem) is not defined
[ODB-0099] error: netlist component (u_ram.g_ram_2048x64_ecc.u_b1.bank_adapter.bank\[0\].mem) is not defined
[ODB-0099] error: netlist component (u_ram.g_ram_2048x64_ecc.u_b1.bank_adapter.bank\[3\].mem) is not defined
[ODB-0099] error: netlist component (u_ram.g_ram_2048x64_ecc.u_b1.bank_adapter.bank\[2\].mem) is not defined
[ODB-0099] error: netlist component (u_ram.g_ram_2048x64_ecc.u_b1.bank_adapter.bank\[1\].mem) is not defined
[ODB-0099] error: netlist component (u_ram.g_ram_2048x64_ecc.u_b1.bank_adapter.bank\[0\].mem) is not defined
[ODB-0099] error: netlist component (u_ram.g_ram_2048x64_ecc.u_b1.bank_adapter.bank\[2\].mem) is not defined
[ODB-0099] error: netlist component (u_ram.g_ram_2048x64_ecc.u_b1.bank_adapter.bank\[1\].mem) is not defined
[ODB-0099] error: netlist component (u_ram.g_ram_2048x64_ecc.u_b1.bank_adapter.bank\[0\].mem) is not defined
[ODB-0099] error: netlist component (u_eth.u_mac.rx_fifo.fifo_inst.u_sram.g_bank\[0\].u_mem.mem) is not defined
[ODB-0099] error: netlist component (u_eth.u_mac.rx_fifo.fifo_inst.u_sram.g_bank\[0\].u_mem.mem) is not defined
[ODB-0099] error: netlist component (u_eth.u_mac.rx_fifo.fifo_inst.u_sram.g_bank\[7\].u_mem.mem) is not defined
[ODB-0099] error: netlist component (u_eth.u_mac.rx_fifo.fifo_inst.u_sram.g_bank\[7\].u_mem.mem) is not defined
[ODB-0099] error: netlist component (u_ram.g_ram_2048x64_ecc.u_b3.bank_adapter.bank\[3\].mem) is not defined
[ODB-0099] error: netlist component (u_ram.g_ram_2048x64_ecc.u_b3.bank_adapter.bank\[2\].mem) is not defined
[ODB-0099] error: netlist component (u_ram.g_ram_2048x64_ecc.u_b3.bank_adapter.bank\[1\].mem) is not defined
[ODB-0099] error: netlist component (u_ram.g_ram_2048x64_ecc.u_b3.bank_adapter.bank\[0\].mem) is not defined
[ODB-0099] error: netlist component (u_ram.g_ram_2048x64_ecc.u_b3.bank_adapter.bank\[3\].mem) is not defined
[ODB-0099] error: netlist component (u_ram.g_ram_2048x64_ecc.u_b3.bank_adapter.bank\[2\].mem) is not defined
[ODB-0099] error: netlist component (u_ram.g_ram_2048x64_ecc.u_b3.bank_adapter.bank\[1\].mem) is not defined
[ODB-0099] error: netlist component (u_ram.g_ram_2048x64_ecc.u_b3.bank_adapter.bank\[0\].mem) is not defined
[ODB-0099] error: netlist component (u_ram.g_ram_2048x64_ecc.u_b0.bank_adapter.bank\[3\].mem) is not defined
[ODB-0099] error: netlist component (u_ram.g_ram_2048x64_ecc.u_b0.bank_adapter.bank\[2\].mem) is not defined
[ODB-0099] error: netlist component (u_ram.g_ram_2048x64_ecc.u_b0.bank_adapter.bank\[0\].mem) is not defined
[ODB-0099] error: netlist component (u_eth.u_mac.tx_fifo.fifo_inst.u_sram.g_bank\[2\].u_mem.mem) is not defined
[ODB-0099] error: netlist component (u_eth.u_mac.tx_fifo.fifo_inst.u_sram.g_bank\[1\].u_mem.mem) is not defined
[ODB-0099] error: netlist component (u_eth.u_mac.tx_fifo.fifo_inst.u_sram.g_bank\[0\].u_mem.mem) is not defined
[ODB-0099] error: netlist component (u_ram.g_ram_2048x64_ecc.u_b0.bank_adapter.bank\[3\].mem) is not defined
[ODB-0099] error: netlist component (u_ram.g_ram_2048x64_ecc.u_b0.bank_adapter.bank\[2\].mem) is not defined
[ODB-0099] message limit (1000) reached. This message will no longer print.
