Startpoint: _134701_ (rising edge-triggered flip-flop clocked by eth_tx_clk_i)
Endpoint: _127790_ (removal check against rising-edge clock eth_tx_clk_i)
Path Group: asynchronous
Path Type: min
Corner: nom_fast_1p32V_m40C

Fanout            Cap           Slew          Delay           Time   Description
---------------------------------------------------------------------------------------------------------
                                        0.000000000    0.000000000   clock eth_tx_clk_i (rise edge)
                                        0.848993778    0.848993778   clock network delay (propagated)
                         0.032439817    0.000000000    0.848993778 ^ _134701_/CLK (sg13g2_dfrbpq_1)
     2    0.014221397    0.042833887    0.128832728    0.977826536 ^ _134701_/Q (sg13g2_dfrbpq_1)
                         0.042848460    0.000718425    0.978544950 ^ _127790_/RESET_B (sg13g2_dfrbpq_1)
                                                       0.978544950   data arrival time

                                        0.000000000    0.000000000   clock eth_tx_clk_i (rise edge)
                                        0.938935637    0.938935637   clock network delay (propagated)
                                        0.250000000    1.188935637   clock uncertainty
                                       -0.089282364    1.099653244   clock reconvergence pessimism
                                                       1.099653244 ^ _127790_/CLK (sg13g2_dfrbpq_1)
                                       -0.070254587    1.029398680   library removal time
                                                       1.029398680   data required time
---------------------------------------------------------------------------------------------------------
                                                       1.029398680   data required time
                                                      -0.978544950   data arrival time
---------------------------------------------------------------------------------------------------------
                                                      -0.050853767   slack (VIOLATED)


Startpoint: _134733_ (rising edge-triggered flip-flop clocked by eth_tx_clk_i)
Endpoint: _134739_ (removal check against rising-edge clock eth_tx_clk_i)
Path Group: asynchronous
Path Type: min
Corner: nom_fast_1p32V_m40C

Fanout            Cap           Slew          Delay           Time   Description
---------------------------------------------------------------------------------------------------------
                                        0.000000000    0.000000000   clock eth_tx_clk_i (rise edge)
                                        0.791029036    0.791029036   clock network delay (propagated)
                         0.035060879    0.000000000    0.791029036 ^ _134733_/CLK (sg13g2_dfrbpq_1)
     7    0.076769143    0.202073097    0.230413243    1.021442294 ^ _134733_/Q (sg13g2_dfrbpq_1)
                         0.202768192    0.009219625    1.030661941 ^ _134739_/RESET_B (sg13g2_dfrbpq_1)
                                                       1.030661941   data arrival time

                                        0.000000000    0.000000000   clock eth_tx_clk_i (rise edge)
                                        0.890782833    0.890782833   clock network delay (propagated)
                                        0.250000000    1.140782833   clock uncertainty
                                       -0.064837083    1.075945854   clock reconvergence pessimism
                                                       1.075945854 ^ _134739_/CLK (sg13g2_dfrbpq_1)
                                       -0.105598286    0.970347404   library removal time
                                                       0.970347404   data required time
---------------------------------------------------------------------------------------------------------
                                                       0.970347404   data required time
                                                      -1.030661941   data arrival time
---------------------------------------------------------------------------------------------------------
                                                       0.060314532   slack (MET)


Startpoint: _134733_ (rising edge-triggered flip-flop clocked by eth_tx_clk_i)
Endpoint: _134633_ (removal check against rising-edge clock eth_tx_clk_i)
Path Group: asynchronous
Path Type: min
Corner: nom_fast_1p32V_m40C

Fanout            Cap           Slew          Delay           Time   Description
---------------------------------------------------------------------------------------------------------
                                        0.000000000    0.000000000   clock eth_tx_clk_i (rise edge)
                                        0.791029036    0.791029036   clock network delay (propagated)
                         0.035060879    0.000000000    0.791029036 ^ _134733_/CLK (sg13g2_dfrbpq_1)
     7    0.076769143    0.202073097    0.230413243    1.021442294 ^ _134733_/Q (sg13g2_dfrbpq_1)
                         0.202844575    0.009693246    1.031135559 ^ _134633_/RESET_B (sg13g2_dfrbpq_1)
                                                       1.031135559   data arrival time

                                        0.000000000    0.000000000   clock eth_tx_clk_i (rise edge)
                                        0.891073048    0.891073048   clock network delay (propagated)
                                        0.250000000    1.141072989   clock uncertainty
                                       -0.064837083    1.076236010   clock reconvergence pessimism
                                                       1.076236010 ^ _134633_/CLK (sg13g2_dfrbpq_1)
                                       -0.105601951    0.970634043   library removal time
                                                       0.970634043   data required time
---------------------------------------------------------------------------------------------------------
                                                       0.970634043   data required time
                                                      -1.031135559   data arrival time
---------------------------------------------------------------------------------------------------------
                                                       0.060501494   slack (MET)


Startpoint: _134725_ (rising edge-triggered flip-flop clocked by eth_rx_clk_i)
Endpoint: _129337_ (removal check against rising-edge clock eth_rx_clk_i)
Path Group: asynchronous
Path Type: min
Corner: nom_fast_1p32V_m40C

Fanout            Cap           Slew          Delay           Time   Description
---------------------------------------------------------------------------------------------------------
                                        0.000000000    0.000000000   clock eth_rx_clk_i (rise edge)
                                        1.010974884    1.010974884   clock network delay (propagated)
                         0.036831662    0.000000000    1.010974884 ^ _134725_/CLK (sg13g2_dfrbpq_1)
     1    0.008870615    0.029778736    0.120994776    1.131969690 ^ _134725_/Q (sg13g2_dfrbpq_1)
     5    0.053791229    0.144312859    0.124276482    1.256246090 ^ fanout5756/X (sg13g2_buf_1)
                         0.145041406    0.007938094    1.264184237 ^ _129337_/RESET_B (sg13g2_dfrbpq_1)
                                                       1.264184237   data arrival time

                                        0.000000000    0.000000000   clock eth_rx_clk_i (rise edge)
                                        1.117050052    1.117050052   clock network delay (propagated)
                                        0.250000000    1.367050052   clock uncertainty
                                       -0.077390209    1.289659858   clock reconvergence pessimism
                                                       1.289659858 ^ _129337_/CLK (sg13g2_dfrbpq_1)
                                       -0.093860179    1.195799708   library removal time
                                                       1.195799708   data required time
---------------------------------------------------------------------------------------------------------
                                                       1.195799708   data required time
                                                      -1.264184237   data arrival time
---------------------------------------------------------------------------------------------------------
                                                       0.068384521   slack (MET)


Startpoint: _134733_ (rising edge-triggered flip-flop clocked by eth_tx_clk_i)
Endpoint: _134738_ (removal check against rising-edge clock eth_tx_clk_i)
Path Group: asynchronous
Path Type: min
Corner: nom_fast_1p32V_m40C

Fanout            Cap           Slew          Delay           Time   Description
---------------------------------------------------------------------------------------------------------
                                        0.000000000    0.000000000   clock eth_tx_clk_i (rise edge)
                                        0.791029036    0.791029036   clock network delay (propagated)
                         0.035060879    0.000000000    0.791029036 ^ _134733_/CLK (sg13g2_dfrbpq_1)
     7    0.076769143    0.202073097    0.230413243    1.021442294 ^ _134733_/Q (sg13g2_dfrbpq_1)
                         0.202305764    0.005432100    1.026874423 ^ _134738_/RESET_B (sg13g2_dfrbpq_1)
                                                       1.026874423   data arrival time

                                        0.000000000    0.000000000   clock eth_tx_clk_i (rise edge)
                                        0.872319102    0.872319102   clock network delay (propagated)
                                        0.250000000    1.122319102   clock uncertainty
                                       -0.075006172    1.047312975   clock reconvergence pessimism
                                                       1.047312975 ^ _134738_/CLK (sg13g2_dfrbpq_1)
                                       -0.105885819    0.941427171   library removal time
                                                       0.941427171   data required time
---------------------------------------------------------------------------------------------------------
                                                       0.941427171   data required time
                                                      -1.026874423   data arrival time
---------------------------------------------------------------------------------------------------------
                                                       0.085447207   slack (MET)


Startpoint: _134733_ (rising edge-triggered flip-flop clocked by eth_tx_clk_i)
Endpoint: _134693_ (removal check against rising-edge clock eth_tx_clk_i)
Path Group: asynchronous
Path Type: min
Corner: nom_fast_1p32V_m40C

Fanout            Cap           Slew          Delay           Time   Description
---------------------------------------------------------------------------------------------------------
                                        0.000000000    0.000000000   clock eth_tx_clk_i (rise edge)
                                        0.791029036    0.791029036   clock network delay (propagated)
                         0.035060879    0.000000000    0.791029036 ^ _134733_/CLK (sg13g2_dfrbpq_1)
     7    0.076769143    0.202073097    0.230413243    1.021442294 ^ _134733_/Q (sg13g2_dfrbpq_1)
                         0.202109620    0.002190692    1.023633003 ^ _134693_/RESET_B (sg13g2_dfrbpq_1)
                                                       1.023633003   data arrival time

                                        0.000000000    0.000000000   clock eth_tx_clk_i (rise edge)
                                        0.873212636    0.873212636   clock network delay (propagated)
                                        0.250000000    1.123212695   clock uncertainty
                                       -0.082928278    1.040284276   clock reconvergence pessimism
                                                       1.040284276 ^ _134693_/CLK (sg13g2_dfrbpq_1)
                                       -0.106244020    0.934040427   library removal time
                                                       0.934040427   data required time
---------------------------------------------------------------------------------------------------------
                                                       0.934040427   data required time
                                                      -1.023633003   data arrival time
---------------------------------------------------------------------------------------------------------
                                                       0.089592561   slack (MET)


Startpoint: _134701_ (rising edge-triggered flip-flop clocked by eth_tx_clk_i)
Endpoint: _127784_ (removal check against rising-edge clock eth_tx_clk_i)
Path Group: asynchronous
Path Type: min
Corner: nom_fast_1p32V_m40C

Fanout            Cap           Slew          Delay           Time   Description
---------------------------------------------------------------------------------------------------------
                                        0.000000000    0.000000000   clock eth_tx_clk_i (rise edge)
                                        0.848993778    0.848993778   clock network delay (propagated)
                         0.032439817    0.000000000    0.848993778 ^ _134701_/CLK (sg13g2_dfrbpq_1)
     2    0.014221397    0.042833887    0.128832728    0.977826536 ^ _134701_/Q (sg13g2_dfrbpq_1)
     8    0.089274958    0.234575197    0.191218600    1.169045091 ^ fanout5781/X (sg13g2_buf_1)
                         0.234682754    0.003968603    1.173013687 ^ _127784_/RESET_B (sg13g2_dfrbpq_1)
                                                       1.173013687   data arrival time

                                        0.000000000    0.000000000   clock eth_tx_clk_i (rise edge)
                                        0.987720132    0.987720132   clock network delay (propagated)
                                        0.250000000    1.237720132   clock uncertainty
                                       -0.064837083    1.172883153   clock reconvergence pessimism
                                                       1.172883153 ^ _127784_/CLK (sg13g2_dfrbpq_1)
                                       -0.112564981    1.060318112   library removal time
                                                       1.060318112   data required time
---------------------------------------------------------------------------------------------------------
                                                       1.060318112   data required time
                                                      -1.173013687   data arrival time
---------------------------------------------------------------------------------------------------------
                                                       0.112695634   slack (MET)


Startpoint: _134701_ (rising edge-triggered flip-flop clocked by eth_tx_clk_i)
Endpoint: _127783_ (removal check against rising-edge clock eth_tx_clk_i)
Path Group: asynchronous
Path Type: min
Corner: nom_fast_1p32V_m40C

Fanout            Cap           Slew          Delay           Time   Description
---------------------------------------------------------------------------------------------------------
                                        0.000000000    0.000000000   clock eth_tx_clk_i (rise edge)
                                        0.848993778    0.848993778   clock network delay (propagated)
                         0.032439817    0.000000000    0.848993778 ^ _134701_/CLK (sg13g2_dfrbpq_1)
     2    0.014221397    0.042833887    0.128832728    0.977826536 ^ _134701_/Q (sg13g2_dfrbpq_1)
     8    0.089274958    0.234575197    0.191218600    1.169045091 ^ fanout5781/X (sg13g2_buf_1)
                         0.234669730    0.003725132    1.172770262 ^ _127783_/RESET_B (sg13g2_dfrbpq_1)
                                                       1.172770262   data arrival time

                                        0.000000000    0.000000000   clock eth_tx_clk_i (rise edge)
                                        0.975764513    0.975764513   clock network delay (propagated)
                                        0.250000000    1.225764513   clock uncertainty
                                       -0.064837083    1.160927415   clock reconvergence pessimism
                                                       1.160927415 ^ _127783_/CLK (sg13g2_dfrbpq_1)
                                       -0.112625629    1.048301935   library removal time
                                                       1.048301935   data required time
---------------------------------------------------------------------------------------------------------
                                                       1.048301935   data required time
                                                      -1.172770262   data arrival time
---------------------------------------------------------------------------------------------------------
                                                       0.124468327   slack (MET)


Startpoint: _135246_ (rising edge-triggered flip-flop clocked by clk_i)
Endpoint: _135247_ (removal check against rising-edge clock clk_i)
Path Group: asynchronous
Path Type: min
Corner: nom_fast_1p32V_m40C

Fanout            Cap           Slew          Delay           Time   Description
---------------------------------------------------------------------------------------------------------
                                        0.000000000    0.000000000   clock clk_i (rise edge)
                                        2.189749956    2.189749956   clock network delay (propagated)
                         0.027381174    0.000000000    2.189749956 ^ _135246_/CLK (sg13g2_dfrbpq_1)
     2    0.073145770    0.156109527    0.204780191    2.394530296 v _135246_/Q (sg13g2_dfrbpq_1)
     2    0.017969105    0.127443969    0.131921142    2.526451349 ^ _083546_/Y (sg13g2_nor2_1)
                         0.127445519    0.000557776    2.527009010 ^ _135247_/RESET_B (sg13g2_dfrbpq_1)
                                                       2.527009010   data arrival time

                                        0.000000000    0.000000000   clock clk_i (rise edge)
                                        2.416524172    2.416524172   clock network delay (propagated)
                                        0.250000000    2.666524172   clock uncertainty
                                       -0.196409121    2.470115185   clock reconvergence pessimism
                                                       2.470115185 ^ _135247_/CLK (sg13g2_dfrbpq_1)
                                       -0.088810951    2.381304026   library removal time
                                                       2.381304026   data required time
---------------------------------------------------------------------------------------------------------
                                                       2.381304026   data required time
                                                      -2.527009010   data arrival time
---------------------------------------------------------------------------------------------------------
                                                       0.145705014   slack (MET)


Startpoint: _134721_ (rising edge-triggered flip-flop clocked by clk_i)
Endpoint: _129385_ (removal check against rising-edge clock clk_i)
Path Group: asynchronous
Path Type: min
Corner: nom_fast_1p32V_m40C

Fanout            Cap           Slew          Delay           Time   Description
---------------------------------------------------------------------------------------------------------
                                        0.000000000    0.000000000   clock clk_i (rise edge)
                                        1.554219961    1.554219961   clock network delay (propagated)
                         0.034891687    0.000000000    1.554219961 ^ _134721_/CLK (sg13g2_dfrbpq_1)
     3    0.075966820    0.199858844    0.229309797    1.783529878 ^ _134721_/Q (sg13g2_dfrbpq_1)
     6    0.059432704    0.159351349    0.178874478    1.962404251 ^ fanout5762/X (sg13g2_buf_1)
                         0.159974292    0.007698953    1.970103264 ^ _129385_/RESET_B (sg13g2_dfrbpq_1)
                                                       1.970103264   data arrival time

                                        0.000000000    0.000000000   clock clk_i (rise edge)
                                        1.788754106    1.788754106   clock network delay (propagated)
                                        0.250000000    2.038754225   clock uncertainty
                                       -0.120864213    1.917889953   clock reconvergence pessimism
                                                       1.917889953 ^ _129385_/CLK (sg13g2_dfrbpq_1)
                                       -0.096245490    1.821644425   library removal time
                                                       1.821644425   data required time
---------------------------------------------------------------------------------------------------------
                                                       1.821644425   data required time
                                                      -1.970103264   data arrival time
---------------------------------------------------------------------------------------------------------
                                                       0.148458809   slack (MET)


Startpoint: _134721_ (rising edge-triggered flip-flop clocked by clk_i)
Endpoint: _134500_ (removal check against rising-edge clock clk_i)
Path Group: asynchronous
Path Type: min
Corner: nom_fast_1p32V_m40C

Fanout            Cap           Slew          Delay           Time   Description
---------------------------------------------------------------------------------------------------------
                                        0.000000000    0.000000000   clock clk_i (rise edge)
                                        1.554219961    1.554219961   clock network delay (propagated)
                         0.034891687    0.000000000    1.554219961 ^ _134721_/CLK (sg13g2_dfrbpq_1)
     3    0.075966820    0.199858844    0.229309797    1.783529878 ^ _134721_/Q (sg13g2_dfrbpq_1)
     6    0.059432704    0.159351349    0.178874478    1.962404251 ^ fanout5762/X (sg13g2_buf_1)
                         0.160016224    0.007944535    1.970348835 ^ _134500_/RESET_B (sg13g2_dfrbpq_1)
                                                       1.970348835   data arrival time

                                        0.000000000    0.000000000   clock clk_i (rise edge)
                                        1.778735757    1.778735757   clock network delay (propagated)
                                        0.250000000    2.028735638   clock uncertainty
                                       -0.120864213    1.907871485   clock reconvergence pessimism
                                                       1.907871485 ^ _134500_/CLK (sg13g2_dfrbpq_1)
                                       -0.096167624    1.811703920   library removal time
                                                       1.811703920   data required time
---------------------------------------------------------------------------------------------------------
                                                       1.811703920   data required time
                                                      -1.970348835   data arrival time
---------------------------------------------------------------------------------------------------------
                                                       0.158644885   slack (MET)


Startpoint: _134721_ (rising edge-triggered flip-flop clocked by clk_i)
Endpoint: _129399_ (removal check against rising-edge clock clk_i)
Path Group: asynchronous
Path Type: min
Corner: nom_fast_1p32V_m40C

Fanout            Cap           Slew          Delay           Time   Description
---------------------------------------------------------------------------------------------------------
                                        0.000000000    0.000000000   clock clk_i (rise edge)
                                        1.554219961    1.554219961   clock network delay (propagated)
                         0.034891687    0.000000000    1.554219961 ^ _134721_/CLK (sg13g2_dfrbpq_1)
     3    0.075966820    0.199858844    0.229309797    1.783529878 ^ _134721_/Q (sg13g2_dfrbpq_1)
     7    0.063087627    0.168673500    0.184087411    1.967617273 ^ fanout5764/X (sg13g2_buf_1)
                         0.168772876    0.003249179    1.970866442 ^ _129399_/RESET_B (sg13g2_dfrbpq_1)
                                                       1.970866442   data arrival time

                                        0.000000000    0.000000000   clock clk_i (rise edge)
                                        1.780125976    1.780125976   clock network delay (propagated)
                                        0.250000000    2.030125856   clock uncertainty
                                       -0.120864213    1.909261703   clock reconvergence pessimism
                                                       1.909261703 ^ _129399_/CLK (sg13g2_dfrbpq_1)
                                       -0.098251529    1.811010003   library removal time
                                                       1.811010003   data required time
---------------------------------------------------------------------------------------------------------
                                                       1.811010003   data required time
                                                      -1.970866442   data arrival time
---------------------------------------------------------------------------------------------------------
                                                       0.159856349   slack (MET)


Startpoint: _134721_ (rising edge-triggered flip-flop clocked by clk_i)
Endpoint: _129348_ (removal check against rising-edge clock clk_i)
Path Group: asynchronous
Path Type: min
Corner: nom_fast_1p32V_m40C

Fanout            Cap           Slew          Delay           Time   Description
---------------------------------------------------------------------------------------------------------
                                        0.000000000    0.000000000   clock clk_i (rise edge)
                                        1.554219961    1.554219961   clock network delay (propagated)
                         0.034891687    0.000000000    1.554219961 ^ _134721_/CLK (sg13g2_dfrbpq_1)
     3    0.075966820    0.199858844    0.229309797    1.783529878 ^ _134721_/Q (sg13g2_dfrbpq_1)
     7    0.063087627    0.168673500    0.184087411    1.967617273 ^ fanout5764/X (sg13g2_buf_1)
                         0.169246420    0.007610135    1.975227356 ^ _129348_/RESET_B (sg13g2_dfrbpq_1)
                                                       1.975227356   data arrival time

                                        0.000000000    0.000000000   clock clk_i (rise edge)
                                        1.779456735    1.779456735   clock network delay (propagated)
                                        0.250000000    2.029456615   clock uncertainty
                                       -0.120864213    1.908592463   clock reconvergence pessimism
                                                       1.908592463 ^ _129348_/CLK (sg13g2_dfrbpq_1)
                                       -0.098371595    1.810220957   library removal time
                                                       1.810220957   data required time
---------------------------------------------------------------------------------------------------------
                                                       1.810220957   data required time
                                                      -1.975227356   data arrival time
---------------------------------------------------------------------------------------------------------
                                                       0.165006459   slack (MET)


Startpoint: _134721_ (rising edge-triggered flip-flop clocked by clk_i)
Endpoint: _129349_ (removal check against rising-edge clock clk_i)
Path Group: asynchronous
Path Type: min
Corner: nom_fast_1p32V_m40C

Fanout            Cap           Slew          Delay           Time   Description
---------------------------------------------------------------------------------------------------------
                                        0.000000000    0.000000000   clock clk_i (rise edge)
                                        1.554219961    1.554219961   clock network delay (propagated)
                         0.034891687    0.000000000    1.554219961 ^ _134721_/CLK (sg13g2_dfrbpq_1)
     3    0.075966820    0.199858844    0.229309797    1.783529878 ^ _134721_/Q (sg13g2_dfrbpq_1)
     7    0.063087627    0.168673500    0.184087411    1.967617273 ^ fanout5764/X (sg13g2_buf_1)
                         0.169245243    0.007602585    1.975219846 ^ _129349_/RESET_B (sg13g2_dfrbpq_1)
                                                       1.975219846   data arrival time

                                        0.000000000    0.000000000   clock clk_i (rise edge)
                                        1.779440284    1.779440284   clock network delay (propagated)
                                        0.250000000    2.029440165   clock uncertainty
                                       -0.120864213    1.908576012   clock reconvergence pessimism
                                                       1.908576012 ^ _129349_/CLK (sg13g2_dfrbpq_1)
                                       -0.098371603    1.810204506   library removal time
                                                       1.810204506   data required time
---------------------------------------------------------------------------------------------------------
                                                       1.810204506   data required time
                                                      -1.975219846   data arrival time
---------------------------------------------------------------------------------------------------------
                                                       0.165015340   slack (MET)


Startpoint: _135246_ (rising edge-triggered flip-flop clocked by clk_i)
Endpoint: _135248_ (removal check against rising-edge clock clk_i)
Path Group: asynchronous
Path Type: min
Corner: nom_fast_1p32V_m40C

Fanout            Cap           Slew          Delay           Time   Description
---------------------------------------------------------------------------------------------------------
                                        0.000000000    0.000000000   clock clk_i (rise edge)
                                        2.189749956    2.189749956   clock network delay (propagated)
                         0.027381174    0.000000000    2.189749956 ^ _135246_/CLK (sg13g2_dfrbpq_1)
     2    0.073145770    0.156109527    0.204780191    2.394530296 v _135246_/Q (sg13g2_dfrbpq_1)
     2    0.017969105    0.127443969    0.131921142    2.526451349 ^ _083546_/Y (sg13g2_nor2_1)
                         0.127451852    0.000990097    2.527441502 ^ _135248_/RESET_B (sg13g2_dfrbpq_1)
                                                       2.527441502   data arrival time

                                        0.000000000    0.000000000   clock clk_i (rise edge)
                                        2.423449755    2.423449755   clock network delay (propagated)
                                        0.250000000    2.673449755   clock uncertainty
                                       -0.223147511    2.450302362   clock reconvergence pessimism
                                                       2.450302362 ^ _135248_/CLK (sg13g2_dfrbpq_1)
                                       -0.089260601    2.361041546   library removal time
                                                       2.361041546   data required time
---------------------------------------------------------------------------------------------------------
                                                       2.361041546   data required time
                                                      -2.527441502   data arrival time
---------------------------------------------------------------------------------------------------------
                                                       0.166399792   slack (MET)


Startpoint: _134721_ (rising edge-triggered flip-flop clocked by clk_i)
Endpoint: _129350_ (removal check against rising-edge clock clk_i)
Path Group: asynchronous
Path Type: min
Corner: nom_fast_1p32V_m40C

Fanout            Cap           Slew          Delay           Time   Description
---------------------------------------------------------------------------------------------------------
                                        0.000000000    0.000000000   clock clk_i (rise edge)
                                        1.554219961    1.554219961   clock network delay (propagated)
                         0.034891687    0.000000000    1.554219961 ^ _134721_/CLK (sg13g2_dfrbpq_1)
     3    0.075966820    0.199858844    0.229309797    1.783529878 ^ _134721_/Q (sg13g2_dfrbpq_1)
     7    0.063087627    0.168673500    0.184087411    1.967617273 ^ fanout5764/X (sg13g2_buf_1)
                         0.169041485    0.006145529    1.973762751 ^ _129350_/RESET_B (sg13g2_dfrbpq_1)
                                                       1.973762751   data arrival time

                                        0.000000000    0.000000000   clock clk_i (rise edge)
                                        1.771344066    1.771344066   clock network delay (propagated)
                                        0.250000000    2.021343946   clock uncertainty
                                       -0.120864213    1.900479794   clock reconvergence pessimism
                                                       1.900479794 ^ _129350_/CLK (sg13g2_dfrbpq_1)
                                       -0.098402403    1.802077413   library removal time
                                                       1.802077413   data required time
---------------------------------------------------------------------------------------------------------
                                                       1.802077413   data required time
                                                      -1.973762751   data arrival time
---------------------------------------------------------------------------------------------------------
                                                       0.171685338   slack (MET)


Startpoint: _134721_ (rising edge-triggered flip-flop clocked by clk_i)
Endpoint: _129351_ (removal check against rising-edge clock clk_i)
Path Group: asynchronous
Path Type: min
Corner: nom_fast_1p32V_m40C

Fanout            Cap           Slew          Delay           Time   Description
---------------------------------------------------------------------------------------------------------
                                        0.000000000    0.000000000   clock clk_i (rise edge)
                                        1.554219961    1.554219961   clock network delay (propagated)
                         0.034891687    0.000000000    1.554219961 ^ _134721_/CLK (sg13g2_dfrbpq_1)
     3    0.075966820    0.199858844    0.229309797    1.783529878 ^ _134721_/Q (sg13g2_dfrbpq_1)
     7    0.063087627    0.168673500    0.184087411    1.967617273 ^ fanout5764/X (sg13g2_buf_1)
                         0.169028103    0.006036505    1.973653793 ^ _129351_/RESET_B (sg13g2_dfrbpq_1)
                                                       1.973653793   data arrival time

                                        0.000000000    0.000000000   clock clk_i (rise edge)
                                        1.771210074    1.771210074   clock network delay (propagated)
                                        0.250000000    2.021210194   clock uncertainty
                                       -0.120864213    1.900345922   clock reconvergence pessimism
                                                       1.900345922 ^ _129351_/CLK (sg13g2_dfrbpq_1)
                                       -0.098402850    1.801943064   library removal time
                                                       1.801943064   data required time
---------------------------------------------------------------------------------------------------------
                                                       1.801943064   data required time
                                                      -1.973653793   data arrival time
---------------------------------------------------------------------------------------------------------
                                                       0.171710655   slack (MET)


Startpoint: _134721_ (rising edge-triggered flip-flop clocked by clk_i)
Endpoint: _129355_ (removal check against rising-edge clock clk_i)
Path Group: asynchronous
Path Type: min
Corner: nom_fast_1p32V_m40C

Fanout            Cap           Slew          Delay           Time   Description
---------------------------------------------------------------------------------------------------------
                                        0.000000000    0.000000000   clock clk_i (rise edge)
                                        1.554219961    1.554219961   clock network delay (propagated)
                         0.034891687    0.000000000    1.554219961 ^ _134721_/CLK (sg13g2_dfrbpq_1)
     3    0.075966820    0.199858844    0.229309797    1.783529878 ^ _134721_/Q (sg13g2_dfrbpq_1)
     7    0.063087627    0.168673500    0.184087411    1.967617273 ^ fanout5764/X (sg13g2_buf_1)
                         0.169035092    0.006093792    1.973711014 ^ _129355_/RESET_B (sg13g2_dfrbpq_1)
                                                       1.973711014   data arrival time

                                        0.000000000    0.000000000   clock clk_i (rise edge)
                                        1.770695806    1.770695806   clock network delay (propagated)
                                        0.250000000    2.020695925   clock uncertainty
                                       -0.120864213    1.899831653   clock reconvergence pessimism
                                                       1.899831653 ^ _129355_/CLK (sg13g2_dfrbpq_1)
                                       -0.098416686    1.801415086   library removal time
                                                       1.801415086   data required time
---------------------------------------------------------------------------------------------------------
                                                       1.801415086   data required time
                                                      -1.973711014   data arrival time
---------------------------------------------------------------------------------------------------------
                                                       0.172295958   slack (MET)


Startpoint: _134721_ (rising edge-triggered flip-flop clocked by clk_i)
Endpoint: _127780_ (removal check against rising-edge clock clk_i)
Path Group: asynchronous
Path Type: min
Corner: nom_fast_1p32V_m40C

Fanout            Cap           Slew          Delay           Time   Description
---------------------------------------------------------------------------------------------------------
                                        0.000000000    0.000000000   clock clk_i (rise edge)
                                        1.554219961    1.554219961   clock network delay (propagated)
                         0.034891687    0.000000000    1.554219961 ^ _134721_/CLK (sg13g2_dfrbpq_1)
     3    0.075966820    0.199858844    0.229309797    1.783529878 ^ _134721_/Q (sg13g2_dfrbpq_1)
     5    0.054176390    0.145477697    0.182169616    1.965699434 ^ fanout5773/X (sg13g2_buf_1)
                         0.145483896    0.000761169    1.966460586 ^ _127780_/RESET_B (sg13g2_dfrbpq_1)
                                                       1.966460586   data arrival time

                                        0.000000000    0.000000000   clock clk_i (rise edge)
                                        1.776130080    1.776130080   clock network delay (propagated)
                                        0.250000000    2.026129961   clock uncertainty
                                       -0.139366746    1.886763215   clock reconvergence pessimism
                                                       1.886763215 ^ _127780_/CLK (sg13g2_dfrbpq_1)
                                       -0.093147852    1.793615341   library removal time
                                                       1.793615341   data required time
---------------------------------------------------------------------------------------------------------
                                                       1.793615341   data required time
                                                      -1.966460586   data arrival time
---------------------------------------------------------------------------------------------------------
                                                       0.172845304   slack (MET)


Startpoint: _134721_ (rising edge-triggered flip-flop clocked by clk_i)
Endpoint: _127782_ (removal check against rising-edge clock clk_i)
Path Group: asynchronous
Path Type: min
Corner: nom_fast_1p32V_m40C

Fanout            Cap           Slew          Delay           Time   Description
---------------------------------------------------------------------------------------------------------
                                        0.000000000    0.000000000   clock clk_i (rise edge)
                                        1.554219961    1.554219961   clock network delay (propagated)
                         0.034891687    0.000000000    1.554219961 ^ _134721_/CLK (sg13g2_dfrbpq_1)
     3    0.075966820    0.199858844    0.229309797    1.783529878 ^ _134721_/Q (sg13g2_dfrbpq_1)
     5    0.054176390    0.145477697    0.182169616    1.965699434 ^ fanout5773/X (sg13g2_buf_1)
                         0.145518035    0.001913358    1.967612743 ^ _127782_/RESET_B (sg13g2_dfrbpq_1)
                                                       1.967612743   data arrival time

                                        0.000000000    0.000000000   clock clk_i (rise edge)
                                        1.776623130    1.776623130   clock network delay (propagated)
                                        0.250000000    2.026623249   clock uncertainty
                                       -0.139366746    1.887256384   clock reconvergence pessimism
                                                       1.887256384 ^ _127782_/CLK (sg13g2_dfrbpq_1)
                                       -0.093142822    1.794113517   library removal time
                                                       1.794113517   data required time
---------------------------------------------------------------------------------------------------------
                                                       1.794113517   data required time
                                                      -1.967612743   data arrival time
---------------------------------------------------------------------------------------------------------
                                                       0.173499227   slack (MET)


Startpoint: _134918_ (rising edge-triggered flip-flop clocked by clk_i)
Endpoint: qspi_io_oe_o[3] (output port clocked by clk_i)
Path Group: clk_i
Path Type: min
Corner: nom_fast_1p32V_m40C

Fanout            Cap           Slew          Delay           Time   Description
---------------------------------------------------------------------------------------------------------
                                        0.000000000    0.000000000   clock clk_i (rise edge)
                                        1.466832757    1.466832757   clock network delay (propagated)
                         0.037189923    0.000000000    1.466832757 ^ _134918_/CLK (sg13g2_dfrbpq_1)
     2    0.064655043    0.139472097    0.190347299    1.657180071 v _134918_/Q (sg13g2_dfrbpq_1)
     1    0.014329209    0.038914278    0.109315224    1.766495347 v output281/X (sg13g2_buf_1)
                         0.039003577    0.001228129    1.767723441 v qspi_io_oe_o[3] (out)
                                                       1.767723441   data arrival time

                                        0.000000000    0.000000000   clock clk_i (rise edge)
                                        0.000000000    0.000000000   clock network delay (propagated)
                                        0.250000000    0.250000000   clock uncertainty
                                        0.000000000    0.250000000   clock reconvergence pessimism
                                        4.000000000    4.250000000   output external delay
                                                       4.250000000   data required time
---------------------------------------------------------------------------------------------------------
                                                       4.250000000   data required time
                                                      -1.767723441   data arrival time
---------------------------------------------------------------------------------------------------------
                                                      -2.482276678   slack (VIOLATED)


Startpoint: _134917_ (rising edge-triggered flip-flop clocked by clk_i)
Endpoint: qspi_io_oe_o[2] (output port clocked by clk_i)
Path Group: clk_i
Path Type: min
Corner: nom_fast_1p32V_m40C

Fanout            Cap           Slew          Delay           Time   Description
---------------------------------------------------------------------------------------------------------
                                        0.000000000    0.000000000   clock clk_i (rise edge)
                                        1.467050791    1.467050791   clock network delay (propagated)
                         0.037274919    0.000000000    1.467050791 ^ _134917_/CLK (sg13g2_dfrbpq_1)
     2    0.062898934    0.135017365    0.187682763    1.654733539 v _134917_/Q (sg13g2_dfrbpq_1)
     1    0.015262757    0.040716514    0.112163171    1.766896725 v output280/X (sg13g2_buf_1)
                         0.040823884    0.001424638    1.768321276 v qspi_io_oe_o[2] (out)
                                                       1.768321276   data arrival time

                                        0.000000000    0.000000000   clock clk_i (rise edge)
                                        0.000000000    0.000000000   clock network delay (propagated)
                                        0.250000000    0.250000000   clock uncertainty
                                        0.000000000    0.250000000   clock reconvergence pessimism
                                        4.000000000    4.250000000   output external delay
                                                       4.250000000   data required time
---------------------------------------------------------------------------------------------------------
                                                       4.250000000   data required time
                                                      -1.768321276   data arrival time
---------------------------------------------------------------------------------------------------------
                                                      -2.481678724   slack (VIOLATED)


Startpoint: _134915_ (rising edge-triggered flip-flop clocked by clk_i)
Endpoint: qspi_io_oe_o[0] (output port clocked by clk_i)
Path Group: clk_i
Path Type: min
Corner: nom_fast_1p32V_m40C

Fanout            Cap           Slew          Delay           Time   Description
---------------------------------------------------------------------------------------------------------
                                        0.000000000    0.000000000   clock clk_i (rise edge)
                                        1.467057943    1.467057943   clock network delay (propagated)
                         0.037277851    0.000000000    1.467057943 ^ _134915_/CLK (sg13g2_dfrbpq_1)
     2    0.067288883    0.144273564    0.192772806    1.659830809 v _134915_/Q (sg13g2_dfrbpq_1)
     1    0.015262757    0.040940244    0.115864873    1.775695682 v output278/X (sg13g2_buf_1)
                         0.041047208    0.001424638    1.777120233 v qspi_io_oe_o[0] (out)
                                                       1.777120233   data arrival time

                                        0.000000000    0.000000000   clock clk_i (rise edge)
                                        0.000000000    0.000000000   clock network delay (propagated)
                                        0.250000000    0.250000000   clock uncertainty
                                        0.000000000    0.250000000   clock reconvergence pessimism
                                        4.000000000    4.250000000   output external delay
                                                       4.250000000   data required time
---------------------------------------------------------------------------------------------------------
                                                       4.250000000   data required time
                                                      -1.777120233   data arrival time
---------------------------------------------------------------------------------------------------------
                                                      -2.472879648   slack (VIOLATED)


Startpoint: _134927_ (rising edge-triggered flip-flop clocked by clk_i)
Endpoint: qspi_sck_o (output port clocked by clk_i)
Path Group: clk_i
Path Type: min
Corner: nom_fast_1p32V_m40C

Fanout            Cap           Slew          Delay           Time   Description
---------------------------------------------------------------------------------------------------------
                                        0.000000000    0.000000000   clock clk_i (rise edge)
                                        1.460025072    1.460025072   clock network delay (propagated)
                         0.032304935    0.000000000    1.460025072 ^ _134927_/CLK (sg13g2_dfrbpq_1)
     3    0.100738198    0.214017913    0.237022519    1.697047591 v _134927_/Q (sg13g2_dfrbpq_1)
     1    0.014288621    0.040535636    0.131279215    1.828326821 v output283/X (sg13g2_buf_1)
                         0.040584009    0.001220135    1.829546928 v qspi_sck_o (out)
                                                       1.829546928   data arrival time

                                        0.000000000    0.000000000   clock clk_i (rise edge)
                                        0.000000000    0.000000000   clock network delay (propagated)
                                        0.250000000    0.250000000   clock uncertainty
                                        0.000000000    0.250000000   clock reconvergence pessimism
                                        4.000000000    4.250000000   output external delay
                                                       4.250000000   data required time
---------------------------------------------------------------------------------------------------------
                                                       4.250000000   data required time
                                                      -1.829546928   data arrival time
---------------------------------------------------------------------------------------------------------
                                                      -2.420453310   slack (VIOLATED)


Startpoint: _134916_ (rising edge-triggered flip-flop clocked by clk_i)
Endpoint: qspi_io_oe_o[1] (output port clocked by clk_i)
Path Group: clk_i
Path Type: min
Corner: nom_fast_1p32V_m40C

Fanout            Cap           Slew          Delay           Time   Description
---------------------------------------------------------------------------------------------------------
                                        0.000000000    0.000000000   clock clk_i (rise edge)
                                        1.467369199    1.467369199   clock network delay (propagated)
                         0.035753243    0.000000000    1.467369199 ^ _134916_/CLK (sg13g2_dfrbpq_1)
     3    0.100474261    0.213763684    0.234502316    1.701871514 v _134916_/Q (sg13g2_dfrbpq_1)
     1    0.015100402    0.042213794    0.138710707    1.840582132 v output279/X (sg13g2_buf_1)
                         0.042275626    0.001389888    1.841972113 v qspi_io_oe_o[1] (out)
                                                       1.841972113   data arrival time

                                        0.000000000    0.000000000   clock clk_i (rise edge)
                                        0.000000000    0.000000000   clock network delay (propagated)
                                        0.250000000    0.250000000   clock uncertainty
                                        0.000000000    0.250000000   clock reconvergence pessimism
                                        4.000000000    4.250000000   output external delay
                                                       4.250000000   data required time
---------------------------------------------------------------------------------------------------------
                                                       4.250000000   data required time
                                                      -1.841972113   data arrival time
---------------------------------------------------------------------------------------------------------
                                                      -2.408028126   slack (VIOLATED)


Startpoint: _129677_ (rising edge-triggered flip-flop clocked by clk_i)
Endpoint: qspi_cs_no[1] (output port clocked by clk_i)
Path Group: clk_i
Path Type: min
Corner: nom_fast_1p32V_m40C

Fanout            Cap           Slew          Delay           Time   Description
---------------------------------------------------------------------------------------------------------
                                        0.000000000    0.000000000   clock clk_i (rise edge)
                                        1.466461897    1.466461897   clock network delay (propagated)
                         0.037055932    0.000000000    1.466461897 ^ _129677_/CLK (sg13g2_dfrbpq_1)
     1    0.005198000    0.021131434    0.114627644    1.581089497 ^ _129677_/Q (sg13g2_dfrbpq_1)
     2    0.090017989    0.190800518    0.128117189    1.709206700 v _064763_/Y (sg13g2_inv_1)
     1    0.016186787    0.043862540    0.133398622    1.842605352 v output273/X (sg13g2_buf_1)
                         0.043941502    0.001572520    1.844177842 v qspi_cs_no[1] (out)
                                                       1.844177842   data arrival time

                                        0.000000000    0.000000000   clock clk_i (rise edge)
                                        0.000000000    0.000000000   clock network delay (propagated)
                                        0.250000000    0.250000000   clock uncertainty
                                        0.000000000    0.250000000   clock reconvergence pessimism
                                        4.000000000    4.250000000   output external delay
                                                       4.250000000   data required time
---------------------------------------------------------------------------------------------------------
                                                       4.250000000   data required time
                                                      -1.844177842   data arrival time
---------------------------------------------------------------------------------------------------------
                                                      -2.405822277   slack (VIOLATED)


Startpoint: _129676_ (rising edge-triggered flip-flop clocked by clk_i)
Endpoint: qspi_cs_no[0] (output port clocked by clk_i)
Path Group: clk_i
Path Type: min
Corner: nom_fast_1p32V_m40C

Fanout            Cap           Slew          Delay           Time   Description
---------------------------------------------------------------------------------------------------------
                                        0.000000000    0.000000000   clock clk_i (rise edge)
                                        1.466730952    1.466730952   clock network delay (propagated)
                         0.037151802    0.000000000    1.466730952 ^ _129676_/CLK (sg13g2_dfrbpq_1)
     2    0.012172650    0.037876565    0.127050593    1.593781590 ^ _129676_/Q (sg13g2_dfrbpq_1)
     1    0.082552411    0.175833985    0.119785629    1.713567257 v _064764_/Y (sg13g2_inv_1)
     1    0.014613332    0.040556312    0.136299640    1.849866867 v output272/X (sg13g2_buf_1)
                         0.040610828    0.001286860    1.851153731 v qspi_cs_no[0] (out)
                                                       1.851153731   data arrival time

                                        0.000000000    0.000000000   clock clk_i (rise edge)
                                        0.000000000    0.000000000   clock network delay (propagated)
                                        0.250000000    0.250000000   clock uncertainty
                                        0.000000000    0.250000000   clock reconvergence pessimism
                                        4.000000000    4.250000000   output external delay
                                                       4.250000000   data required time
---------------------------------------------------------------------------------------------------------
                                                       4.250000000   data required time
                                                      -1.851153731   data arrival time
---------------------------------------------------------------------------------------------------------
                                                      -2.398846388   slack (VIOLATED)


Startpoint: _134920_ (rising edge-triggered flip-flop clocked by clk_i)
Endpoint: qspi_io_o[1] (output port clocked by clk_i)
Path Group: clk_i
Path Type: min
Corner: nom_fast_1p32V_m40C

Fanout            Cap           Slew          Delay           Time   Description
---------------------------------------------------------------------------------------------------------
                                        0.000000000    0.000000000   clock clk_i (rise edge)
                                        1.472855210    1.472855210   clock network delay (propagated)
                         0.036662638    0.000000000    1.472855210 ^ _134920_/CLK (sg13g2_dfrbpq_1)
     6    0.046457488    0.123397298    0.184216097    1.657071352 ^ _134920_/Q (sg13g2_dfrbpq_1)
     1    0.081193790    0.185731500    0.167498901    1.824570179 v _077460_/Y (sg13g2_inv_1)
     1    0.014329209    0.040144119    0.134715244    1.959285498 v output275/X (sg13g2_buf_1)
                         0.040193837    0.001228351    1.960513830 v qspi_io_o[1] (out)
                                                       1.960513830   data arrival time

                                        0.000000000    0.000000000   clock clk_i (rise edge)
                                        0.000000000    0.000000000   clock network delay (propagated)
                                        0.250000000    0.250000000   clock uncertainty
                                        0.000000000    0.250000000   clock reconvergence pessimism
                                        4.000000000    4.250000000   output external delay
                                                       4.250000000   data required time
---------------------------------------------------------------------------------------------------------
                                                       4.250000000   data required time
                                                      -1.960513830   data arrival time
---------------------------------------------------------------------------------------------------------
                                                      -2.289486170   slack (VIOLATED)


Startpoint: _134919_ (rising edge-triggered flip-flop clocked by clk_i)
Endpoint: qspi_io_o[0] (output port clocked by clk_i)
Path Group: clk_i
Path Type: min
Corner: nom_fast_1p32V_m40C

Fanout            Cap           Slew          Delay           Time   Description
---------------------------------------------------------------------------------------------------------
                                        0.000000000    0.000000000   clock clk_i (rise edge)
                                        1.472185850    1.472185850   clock network delay (propagated)
                         0.036468614    0.000000000    1.472185850 ^ _134919_/CLK (sg13g2_dfrbpq_1)
     7    0.055582013    0.119746104    0.184496984    1.656682849 v _134919_/Q (sg13g2_dfrbpq_1)
     1    0.070417695    0.193432078    0.170787051    1.827469945 ^ _077461_/Y (sg13g2_inv_1)
     1    0.014450977    0.046970971    0.132285193    1.959755063 ^ output274/X (sg13g2_buf_1)
                         0.047059175    0.001254330    1.961009383 ^ qspi_io_o[0] (out)
                                                       1.961009383   data arrival time

                                        0.000000000    0.000000000   clock clk_i (rise edge)
                                        0.000000000    0.000000000   clock network delay (propagated)
                                        0.250000000    0.250000000   clock uncertainty
                                        0.000000000    0.250000000   clock reconvergence pessimism
                                        4.000000000    4.250000000   output external delay
                                                       4.250000000   data required time
---------------------------------------------------------------------------------------------------------
                                                       4.250000000   data required time
                                                      -1.961009383   data arrival time
---------------------------------------------------------------------------------------------------------
                                                      -2.288990736   slack (VIOLATED)


Startpoint: _134922_ (rising edge-triggered flip-flop clocked by clk_i)
Endpoint: qspi_io_o[3] (output port clocked by clk_i)
Path Group: clk_i
Path Type: min
Corner: nom_fast_1p32V_m40C

Fanout            Cap           Slew          Delay           Time   Description
---------------------------------------------------------------------------------------------------------
                                        0.000000000    0.000000000   clock clk_i (rise edge)
                                        1.474107265    1.474107265   clock network delay (propagated)
                         0.037141714    0.000000000    1.474107265 ^ _134922_/CLK (sg13g2_dfrbpq_1)
     7    0.045983244    0.122184180    0.183546185    1.657653451 ^ _134922_/Q (sg13g2_dfrbpq_1)
     2    0.088104807    0.197947577    0.181459740    1.839113116 v _063630_/Y (sg13g2_inv_1)
     1    0.014288621    0.040300921    0.135707453    1.974820614 v output277/X (sg13g2_buf_1)
                         0.040349621    0.001220135    1.976040721 v qspi_io_o[3] (out)
                                                       1.976040721   data arrival time

                                        0.000000000    0.000000000   clock clk_i (rise edge)
                                        0.000000000    0.000000000   clock network delay (propagated)
                                        0.250000000    0.250000000   clock uncertainty
                                        0.000000000    0.250000000   clock reconvergence pessimism
                                        4.000000000    4.250000000   output external delay
                                                       4.250000000   data required time
---------------------------------------------------------------------------------------------------------
                                                       4.250000000   data required time
                                                      -1.976040721   data arrival time
---------------------------------------------------------------------------------------------------------
                                                      -2.273959398   slack (VIOLATED)


Startpoint: _134921_ (rising edge-triggered flip-flop clocked by clk_i)
Endpoint: qspi_io_o[2] (output port clocked by clk_i)
Path Group: clk_i
Path Type: min
Corner: nom_fast_1p32V_m40C

Fanout            Cap           Slew          Delay           Time   Description
---------------------------------------------------------------------------------------------------------
                                        0.000000000    0.000000000   clock clk_i (rise edge)
                                        1.474574208    1.474574208   clock network delay (propagated)
                         0.037356433    0.000000000    1.474574208 ^ _134921_/CLK (sg13g2_dfrbpq_1)
     7    0.051214743    0.136142448    0.190850228    1.665424347 ^ _134921_/Q (sg13g2_dfrbpq_1)
     2    0.091058791    0.207711980    0.187404543    1.852828979 v _063741_/Y (sg13g2_inv_1)
     1    0.015262757    0.042537168    0.145693347    1.998522282 v output276/X (sg13g2_buf_1)
                         0.042601943    0.001424860    1.999947190 v qspi_io_o[2] (out)
                                                       1.999947190   data arrival time

                                        0.000000000    0.000000000   clock clk_i (rise edge)
                                        0.000000000    0.000000000   clock network delay (propagated)
                                        0.250000000    0.250000000   clock uncertainty
                                        0.000000000    0.250000000   clock reconvergence pessimism
                                        4.000000000    4.250000000   output external delay
                                                       4.250000000   data required time
---------------------------------------------------------------------------------------------------------
                                                       4.250000000   data required time
                                                      -1.999947190   data arrival time
---------------------------------------------------------------------------------------------------------
                                                      -2.250052929   slack (VIOLATED)


Startpoint: _128180_ (rising edge-triggered flip-flop clocked by clk_i)
Endpoint: _128510_ (rising edge-triggered flip-flop clocked by clk_i)
Path Group: clk_i
Path Type: min
Corner: nom_fast_1p32V_m40C

Fanout            Cap           Slew          Delay           Time   Description
---------------------------------------------------------------------------------------------------------
                                        0.000000000    0.000000000   clock clk_i (rise edge)
                                        1.554331541    1.554331541   clock network delay (propagated)
                         0.025425630    0.000000000    1.554331541 ^ _128180_/CLK (sg13g2_dfrbpq_1)
     2    0.013538087    0.034096465    0.122615919    1.676947355 v _128180_/Q (sg13g2_dfrbpq_1)
     1    0.004472472    0.040620551    0.051069152    1.728016615 ^ _093617_/Y (sg13g2_a22oi_1)
     1    0.003268679    0.016175851    0.021957880    1.749974489 v _093618_/Y (sg13g2_inv_1)
                         0.016175933    0.000068612    1.750043035 v _128510_/D (sg13g2_dfrbpq_1)
                                                       1.750043035   data arrival time

                                        0.000000000    0.000000000   clock clk_i (rise edge)
                                        2.454084873    2.454084873   clock network delay (propagated)
                                        0.250000000    2.704084873   clock uncertainty
                                        0.000000000    2.704084873   clock reconvergence pessimism
                                                       2.704084873 ^ _128510_/CLK (sg13g2_dfrbpq_1)
                                       -0.022047929    2.682036877   library hold time
                                                       2.682036877   data required time
---------------------------------------------------------------------------------------------------------
                                                       2.682036877   data required time
                                                      -1.750043035   data arrival time
---------------------------------------------------------------------------------------------------------
                                                      -0.931993842   slack (VIOLATED)


Startpoint: _128182_ (rising edge-triggered flip-flop clocked by clk_i)
Endpoint: _128512_ (rising edge-triggered flip-flop clocked by clk_i)
Path Group: clk_i
Path Type: min
Corner: nom_fast_1p32V_m40C

Fanout            Cap           Slew          Delay           Time   Description
---------------------------------------------------------------------------------------------------------
                                        0.000000000    0.000000000   clock clk_i (rise edge)
                                        1.554387331    1.554387331   clock network delay (propagated)
                         0.025431914    0.000000000    1.554387331 ^ _128182_/CLK (sg13g2_dfrbpq_1)
     2    0.010103240    0.027190546    0.117253877    1.671641231 v _128182_/Q (sg13g2_dfrbpq_1)
     1    0.007077564    0.052391000    0.058620553    1.730261803 ^ _093621_/Y (sg13g2_a22oi_1)
     1    0.004027816    0.019545943    0.025912605    1.756174326 v _093622_/Y (sg13g2_inv_1)
                         0.019546088    0.000097033    1.756271362 v _128512_/D (sg13g2_dfrbpq_1)
                                                       1.756271362   data arrival time

                                        0.000000000    0.000000000   clock clk_i (rise edge)
                                        2.453997135    2.453997135   clock network delay (propagated)
                                        0.250000000    2.703997135   clock uncertainty
                                        0.000000000    2.703997135   clock reconvergence pessimism
                                                       2.703997135 ^ _128512_/CLK (sg13g2_dfrbpq_1)
                                       -0.022826768    2.681170225   library hold time
                                                       2.681170225   data required time
---------------------------------------------------------------------------------------------------------
                                                       2.681170225   data required time
                                                      -1.756271362   data arrival time
---------------------------------------------------------------------------------------------------------
                                                      -0.924898863   slack (VIOLATED)


Startpoint: _128188_ (rising edge-triggered flip-flop clocked by clk_i)
Endpoint: _128518_ (rising edge-triggered flip-flop clocked by clk_i)
Path Group: clk_i
Path Type: min
Corner: nom_fast_1p32V_m40C

Fanout            Cap           Slew          Delay           Time   Description
---------------------------------------------------------------------------------------------------------
                                        0.000000000    0.000000000   clock clk_i (rise edge)
                                        1.554309368    1.554309368   clock network delay (propagated)
                         0.025423227    0.000000000    1.554309368 ^ _128188_/CLK (sg13g2_dfrbpq_1)
     2    0.019300038    0.045792859    0.131164312    1.685473680 v _128188_/Q (sg13g2_dfrbpq_1)
     1    0.005246829    0.045569953    0.057897687    1.743371367 ^ _093634_/Y (sg13g2_a22oi_1)
     1    0.005156698    0.020477153    0.026523007    1.769894361 v _093635_/Y (sg13g2_inv_1)
                         0.020478548    0.000167533    1.770061970 v _128518_/D (sg13g2_dfrbpq_1)
                                                       1.770061970   data arrival time

                                        0.000000000    0.000000000   clock clk_i (rise edge)
                                        2.465763330    2.465763330   clock network delay (propagated)
                                        0.250000000    2.715763330   clock uncertainty
                                        0.000000000    2.715763330   clock reconvergence pessimism
                                                       2.715763330 ^ _128518_/CLK (sg13g2_dfrbpq_1)
                                       -0.022284729    2.693478584   library hold time
                                                       2.693478584   data required time
---------------------------------------------------------------------------------------------------------
                                                       2.693478584   data required time
                                                      -1.770061970   data arrival time
---------------------------------------------------------------------------------------------------------
                                                      -0.923416674   slack (VIOLATED)


Startpoint: _128186_ (rising edge-triggered flip-flop clocked by clk_i)
Endpoint: _128516_ (rising edge-triggered flip-flop clocked by clk_i)
Path Group: clk_i
Path Type: min
Corner: nom_fast_1p32V_m40C

Fanout            Cap           Slew          Delay           Time   Description
---------------------------------------------------------------------------------------------------------
                                        0.000000000    0.000000000   clock clk_i (rise edge)
                                        1.554320216    1.554320216   clock network delay (propagated)
                         0.025424393    0.000000000    1.554320216 ^ _128186_/CLK (sg13g2_dfrbpq_1)
     2    0.015580007    0.038303364    0.125650942    1.679971099 v _128186_/Q (sg13g2_dfrbpq_1)
     1    0.005556537    0.046211921    0.056376792    1.736347914 ^ _093630_/Y (sg13g2_a22oi_1)
     1    0.005329201    0.020919343    0.027029602    1.763377547 v _093631_/Y (sg13g2_inv_1)
                         0.020920940    0.000181410    1.763558865 v _128516_/D (sg13g2_dfrbpq_1)
                                                       1.763558865   data arrival time

                                        0.000000000    0.000000000   clock clk_i (rise edge)
                                        2.454192877    2.454192877   clock network delay (propagated)
                                        0.250000000    2.704192877   clock uncertainty
                                        0.000000000    2.704192877   clock reconvergence pessimism
                                                       2.704192877 ^ _128516_/CLK (sg13g2_dfrbpq_1)
                                       -0.023143370    2.681049585   library hold time
                                                       2.681049585   data required time
---------------------------------------------------------------------------------------------------------
                                                       2.681049585   data required time
                                                      -1.763558865   data arrival time
---------------------------------------------------------------------------------------------------------
                                                      -0.917490780   slack (VIOLATED)


Startpoint: _128164_ (rising edge-triggered flip-flop clocked by clk_i)
Endpoint: _128494_ (rising edge-triggered flip-flop clocked by clk_i)
Path Group: clk_i
Path Type: min
Corner: nom_fast_1p32V_m40C

Fanout            Cap           Slew          Delay           Time   Description
---------------------------------------------------------------------------------------------------------
                                        0.000000000    0.000000000   clock clk_i (rise edge)
                                        1.558511019    1.558511019   clock network delay (propagated)
                         0.028491989    0.000000000    1.558511019 ^ _128164_/CLK (sg13g2_dfrbpq_1)
     2    0.018532859    0.044228841    0.131052509    1.689563513 v _128164_/Q (sg13g2_dfrbpq_1)
     1    0.004444566    0.041625641    0.054567907    1.744131446 ^ _093582_/Y (sg13g2_a22oi_1)
     1    0.004345134    0.018287914    0.024134696    1.768266082 v _093583_/Y (sg13g2_inv_1)
                         0.018288204    0.000128897    1.768395066 v _128494_/D (sg13g2_dfrbpq_1)
                                                       1.768395066   data arrival time

                                        0.000000000    0.000000000   clock clk_i (rise edge)
                                        2.457253218    2.457253218   clock network delay (propagated)
                                        0.250000000    2.707253218   clock uncertainty
                                        0.000000000    2.707253218   clock reconvergence pessimism
                                                       2.707253218 ^ _128494_/CLK (sg13g2_dfrbpq_1)
                                       -0.022465773    2.684787273   library hold time
                                                       2.684787273   data required time
---------------------------------------------------------------------------------------------------------
                                                       2.684787273   data required time
                                                      -1.768395066   data arrival time
---------------------------------------------------------------------------------------------------------
                                                      -0.916392326   slack (VIOLATED)


Startpoint: _128179_ (rising edge-triggered flip-flop clocked by clk_i)
Endpoint: _128509_ (rising edge-triggered flip-flop clocked by clk_i)
Path Group: clk_i
Path Type: min
Corner: nom_fast_1p32V_m40C

Fanout            Cap           Slew          Delay           Time   Description
---------------------------------------------------------------------------------------------------------
                                        0.000000000    0.000000000   clock clk_i (rise edge)
                                        1.558261752    1.558261752   clock network delay (propagated)
                         0.028434338    0.000000000    1.558261752 ^ _128179_/CLK (sg13g2_dfrbpq_1)
     2    0.011698051    0.030339682    0.120690793    1.678952575 v _128179_/Q (sg13g2_dfrbpq_1)
     1    0.006727700    0.050997559    0.058415495    1.737368107 ^ _093615_/Y (sg13g2_a22oi_1)
     1    0.005352878    0.021781320    0.028222425    1.765590549 v _093616_/Y (sg13g2_inv_1)
                         0.021782978    0.000188183    1.765778661 v _128509_/D (sg13g2_dfrbpq_1)
                                                       1.765778661   data arrival time

                                        0.000000000    0.000000000   clock clk_i (rise edge)
                                        2.454839706    2.454839706   clock network delay (propagated)
                                        0.250000000    2.704839706   clock uncertainty
                                        0.000000000    2.704839706   clock reconvergence pessimism
                                                       2.704839706 ^ _128509_/CLK (sg13g2_dfrbpq_1)
                                       -0.023229811    2.681609869   library hold time
                                                       2.681609869   data required time
---------------------------------------------------------------------------------------------------------
                                                       2.681609869   data required time
                                                      -1.765778661   data arrival time
---------------------------------------------------------------------------------------------------------
                                                      -0.915831208   slack (VIOLATED)


Startpoint: _128166_ (rising edge-triggered flip-flop clocked by clk_i)
Endpoint: _128496_ (rising edge-triggered flip-flop clocked by clk_i)
Path Group: clk_i
Path Type: min
Corner: nom_fast_1p32V_m40C

Fanout            Cap           Slew          Delay           Time   Description
---------------------------------------------------------------------------------------------------------
                                        0.000000000    0.000000000   clock clk_i (rise edge)
                                        1.558216453    1.558216453   clock network delay (propagated)
                         0.028429944    0.000000000    1.558216453 ^ _128166_/CLK (sg13g2_dfrbpq_1)
     2    0.020539066    0.048301175    0.134087294    1.692303777 v _128166_/Q (sg13g2_dfrbpq_1)
     1    0.004571407    0.042685784    0.056468941    1.748772740 ^ _093586_/Y (sg13g2_a22oi_1)
     1    0.004157410    0.018129662    0.024012903    1.772785664 v _093587_/Y (sg13g2_inv_1)
                         0.018129898    0.000117018    1.772902608 v _128496_/D (sg13g2_dfrbpq_1)
                                                       1.772902608   data arrival time

                                        0.000000000    0.000000000   clock clk_i (rise edge)
                                        2.457019329    2.457019329   clock network delay (propagated)
                                        0.250000000    2.707019329   clock uncertainty
                                        0.000000000    2.707019329   clock reconvergence pessimism
                                                       2.707019329 ^ _128496_/CLK (sg13g2_dfrbpq_1)
                                       -0.022430567    2.684588909   library hold time
                                                       2.684588909   data required time
---------------------------------------------------------------------------------------------------------
                                                       2.684588909   data required time
                                                      -1.772902608   data arrival time
---------------------------------------------------------------------------------------------------------
                                                      -0.911686182   slack (VIOLATED)


Startpoint: _128183_ (rising edge-triggered flip-flop clocked by clk_i)
Endpoint: _128513_ (rising edge-triggered flip-flop clocked by clk_i)
Path Group: clk_i
Path Type: min
Corner: nom_fast_1p32V_m40C

Fanout            Cap           Slew          Delay           Time   Description
---------------------------------------------------------------------------------------------------------
                                        0.000000000    0.000000000   clock clk_i (rise edge)
                                        1.554459333    1.554459333   clock network delay (propagated)
                         0.025440501    0.000000000    1.554459333 ^ _128183_/CLK (sg13g2_dfrbpq_1)
     2    0.020933749    0.049141042    0.133525968    1.687985301 v _128183_/Q (sg13g2_dfrbpq_1)
     1    0.006989837    0.054182470    0.065678686    1.753664017 ^ _093624_/Y (sg13g2_a22oi_1)
     1    0.005274237    0.022171110    0.028787639    1.782451630 v _093625_/Y (sg13g2_inv_1)
                         0.022172630    0.000182410    1.782634139 v _128513_/D (sg13g2_dfrbpq_1)
                                                       1.782634139   data arrival time

                                        0.000000000    0.000000000   clock clk_i (rise edge)
                                        2.465597630    2.465597630   clock network delay (propagated)
                                        0.250000000    2.715597630   clock uncertainty
                                        0.000000000    2.715597630   clock reconvergence pessimism
                                                       2.715597630 ^ _128513_/CLK (sg13g2_dfrbpq_1)
                                       -0.022689480    2.692908287   library hold time
                                                       2.692908287   data required time
---------------------------------------------------------------------------------------------------------
                                                       2.692908287   data required time
                                                      -1.782634139   data arrival time
---------------------------------------------------------------------------------------------------------
                                                      -0.910274088   slack (VIOLATED)


Startpoint: _128161_ (rising edge-triggered flip-flop clocked by clk_i)
Endpoint: _128491_ (rising edge-triggered flip-flop clocked by clk_i)
Path Group: clk_i
Path Type: min
Corner: nom_fast_1p32V_m40C

Fanout            Cap           Slew          Delay           Time   Description
---------------------------------------------------------------------------------------------------------
                                        0.000000000    0.000000000   clock clk_i (rise edge)
                                        1.557835817    1.557835817   clock network delay (propagated)
                         0.028403819    0.000000000    1.557835817 ^ _128161_/CLK (sg13g2_dfrbpq_1)
     2    0.023629539    0.053461503    0.138768554    1.696604371 v _128161_/Q (sg13g2_dfrbpq_1)
     1    0.005460767    0.047413014    0.061500583    1.758104920 ^ _093575_/Y (sg13g2_a22oi_1)
     1    0.003170589    0.017148150    0.023117952    1.781222939 v _093576_/Y (sg13g2_inv_1)
                         0.017148213    0.000064282    1.781287193 v _128491_/D (sg13g2_dfrbpq_1)
                                                       1.781287193   data arrival time

                                        0.000000000    0.000000000   clock clk_i (rise edge)
                                        2.460887194    2.460887194   clock network delay (propagated)
                                        0.250000000    2.710887194   clock uncertainty
                                        0.000000000    2.710887194   clock reconvergence pessimism
                                                       2.710887194 ^ _128491_/CLK (sg13g2_dfrbpq_1)
                                       -0.022092381    2.688794851   library hold time
                                                       2.688794851   data required time
---------------------------------------------------------------------------------------------------------
                                                       2.688794851   data required time
                                                      -1.781287193   data arrival time
---------------------------------------------------------------------------------------------------------
                                                      -0.907507658   slack (VIOLATED)


Startpoint: _135276_ (rising edge-triggered flip-flop clocked by eth_tx_clk_i)
Endpoint: eth_txd_o[4] (output port clocked by eth_gtx)
Path Group: eth_gtx
Path Type: min
Corner: nom_fast_1p32V_m40C

Fanout            Cap           Slew          Delay           Time   Description
---------------------------------------------------------------------------------------------------------
                                        0.000000000    0.000000000   clock eth_tx_clk_i (rise edge)
                                        0.860002398    0.860002398   clock network delay (propagated)
                         0.042335324    0.000000000    0.860002398 ^ _135276_/CLK (sg13g2_dfrbpq_1)
     1    0.003383856    0.014351010    0.112797275    0.972799659 v _135276_/Q (sg13g2_dfrbpq_1)
     1    0.018234756    0.043834191    0.060496833    1.033296466 v output66/X (sg13g2_buf_1)
                         0.043897253    0.001307732    1.034604192 v eth_txd_o[4] (out)
                                                       1.034604192   data arrival time

                                        0.000000000    0.000000000   clock eth_gtx (rise edge)
                                        1.215753198    1.215753198   clock network delay (propagated)
                                        0.250000000    1.465753198   clock uncertainty
                                        0.000000000    1.465753198   clock reconvergence pessimism
                                        0.500000000    1.965753198   output external delay
                                                       1.965753198   data required time
---------------------------------------------------------------------------------------------------------
                                                       1.965753198   data required time
                                                      -1.034604192   data arrival time
---------------------------------------------------------------------------------------------------------
                                                      -0.931148946   slack (VIOLATED)


Startpoint: _135277_ (rising edge-triggered flip-flop clocked by eth_tx_clk_i)
Endpoint: eth_txd_o[5] (output port clocked by eth_gtx)
Path Group: eth_gtx
Path Type: min
Corner: nom_fast_1p32V_m40C

Fanout            Cap           Slew          Delay           Time   Description
---------------------------------------------------------------------------------------------------------
                                        0.000000000    0.000000000   clock eth_tx_clk_i (rise edge)
                                        0.859431624    0.859431624   clock network delay (propagated)
                         0.042137597    0.000000000    0.859431624 ^ _135277_/CLK (sg13g2_dfrbpq_1)
     1    0.004476378    0.016331039    0.114422083    0.973853707 v _135277_/Q (sg13g2_dfrbpq_1)
     1    0.019091878    0.045679942    0.062350128    1.036203861 v output67/X (sg13g2_buf_1)
                         0.045764841    0.001548206    1.037752032 v eth_txd_o[5] (out)
                                                       1.037752032   data arrival time

                                        0.000000000    0.000000000   clock eth_gtx (rise edge)
                                        1.215753198    1.215753198   clock network delay (propagated)
                                        0.250000000    1.465753198   clock uncertainty
                                        0.000000000    1.465753198   clock reconvergence pessimism
                                        0.500000000    1.965753198   output external delay
                                                       1.965753198   data required time
---------------------------------------------------------------------------------------------------------
                                                       1.965753198   data required time
                                                      -1.037752032   data arrival time
---------------------------------------------------------------------------------------------------------
                                                      -0.928001165   slack (VIOLATED)


Startpoint: _135274_ (rising edge-triggered flip-flop clocked by eth_tx_clk_i)
Endpoint: eth_txd_o[2] (output port clocked by eth_gtx)
Path Group: eth_gtx
Path Type: min
Corner: nom_fast_1p32V_m40C

Fanout            Cap           Slew          Delay           Time   Description
---------------------------------------------------------------------------------------------------------
                                        0.000000000    0.000000000   clock eth_tx_clk_i (rise edge)
                                        0.860269368    0.860269368   clock network delay (propagated)
                         0.042437118    0.000000000    0.860269368 ^ _135274_/CLK (sg13g2_dfrbpq_1)
     1    0.004784178    0.016882613    0.115003511    0.975272894 v _135274_/Q (sg13g2_dfrbpq_1)
     1    0.018361459    0.044155091    0.061534557    1.036807418 v output64/X (sg13g2_buf_1)
                         0.044220187    0.001333600    1.038141012 v eth_txd_o[2] (out)
                                                       1.038141012   data arrival time

                                        0.000000000    0.000000000   clock eth_gtx (rise edge)
                                        1.215753198    1.215753198   clock network delay (propagated)
                                        0.250000000    1.465753198   clock uncertainty
                                        0.000000000    1.465753198   clock reconvergence pessimism
                                        0.500000000    1.965753198   output external delay
                                                       1.965753198   data required time
---------------------------------------------------------------------------------------------------------
                                                       1.965753198   data required time
                                                      -1.038141012   data arrival time
---------------------------------------------------------------------------------------------------------
                                                      -0.927612126   slack (VIOLATED)


Startpoint: _131617_ (rising edge-triggered flip-flop clocked by eth_tx_clk_i)
Endpoint: eth_tx_er_o (output port clocked by eth_gtx)
Path Group: eth_gtx
Path Type: min
Corner: nom_fast_1p32V_m40C

Fanout            Cap           Slew          Delay           Time   Description
---------------------------------------------------------------------------------------------------------
                                        0.000000000    0.000000000   clock eth_tx_clk_i (rise edge)
                                        0.865857244    0.865857244   clock network delay (propagated)
                         0.036293115    0.000000000    0.865857244 ^ _131617_/CLK (sg13g2_dfrbpq_1)
     1    0.004698555    0.016730445    0.112705790    0.978563011 v _131617_/Q (sg13g2_dfrbpq_1)
     1    0.017717615    0.042808518    0.060521033    1.039084077 v output61/X (sg13g2_buf_1)
                         0.042865004    0.001222800    1.040306926 v eth_tx_er_o (out)
                                                       1.040306926   data arrival time

                                        0.000000000    0.000000000   clock eth_gtx (rise edge)
                                        1.215753198    1.215753198   clock network delay (propagated)
                                        0.250000000    1.465753198   clock uncertainty
                                        0.000000000    1.465753198   clock reconvergence pessimism
                                        0.500000000    1.965753198   output external delay
                                                       1.965753198   data required time
---------------------------------------------------------------------------------------------------------
                                                       1.965753198   data required time
                                                      -1.040306926   data arrival time
---------------------------------------------------------------------------------------------------------
                                                      -0.925446272   slack (VIOLATED)


Startpoint: _135272_ (rising edge-triggered flip-flop clocked by eth_tx_clk_i)
Endpoint: eth_txd_o[0] (output port clocked by eth_gtx)
Path Group: eth_gtx
Path Type: min
Corner: nom_fast_1p32V_m40C

Fanout            Cap           Slew          Delay           Time   Description
---------------------------------------------------------------------------------------------------------
                                        0.000000000    0.000000000   clock eth_tx_clk_i (rise edge)
                                        0.860234141    0.860234141   clock network delay (propagated)
                         0.042423353    0.000000000    0.860234141 ^ _135272_/CLK (sg13g2_dfrbpq_1)
     1    0.005369336    0.017953828    0.115901291    0.976135433 v _135272_/Q (sg13g2_dfrbpq_1)
     1    0.019350864    0.046260860    0.063262172    1.039397597 v output62/X (sg13g2_buf_1)
                         0.046353869    0.001630252    1.041027904 v eth_txd_o[0] (out)
                                                       1.041027904   data arrival time

                                        0.000000000    0.000000000   clock eth_gtx (rise edge)
                                        1.215753198    1.215753198   clock network delay (propagated)
                                        0.250000000    1.465753198   clock uncertainty
                                        0.000000000    1.465753198   clock reconvergence pessimism
                                        0.500000000    1.965753198   output external delay
                                                       1.965753198   data required time
---------------------------------------------------------------------------------------------------------
                                                       1.965753198   data required time
                                                      -1.041027904   data arrival time
---------------------------------------------------------------------------------------------------------
                                                      -0.924725294   slack (VIOLATED)


Startpoint: _135278_ (rising edge-triggered flip-flop clocked by eth_tx_clk_i)
Endpoint: eth_txd_o[6] (output port clocked by eth_gtx)
Path Group: eth_gtx
Path Type: min
Corner: nom_fast_1p32V_m40C

Fanout            Cap           Slew          Delay           Time   Description
---------------------------------------------------------------------------------------------------------
                                        0.000000000    0.000000000   clock eth_tx_clk_i (rise edge)
                                        0.860207200    0.860207200   clock network delay (propagated)
                         0.042412896    0.000000000    0.860207200 ^ _135278_/CLK (sg13g2_dfrbpq_1)
     1    0.005927436    0.018995224    0.116756663    0.976963878 v _135278_/Q (sg13g2_dfrbpq_1)
     1    0.019300587    0.046180572    0.063539177    1.040503025 v output68/X (sg13g2_buf_1)
                         0.046274822    0.001639355    1.042142391 v eth_txd_o[6] (out)
                                                       1.042142391   data arrival time

                                        0.000000000    0.000000000   clock eth_gtx (rise edge)
                                        1.215753198    1.215753198   clock network delay (propagated)
                                        0.250000000    1.465753198   clock uncertainty
                                        0.000000000    1.465753198   clock reconvergence pessimism
                                        0.500000000    1.965753198   output external delay
                                                       1.965753198   data required time
---------------------------------------------------------------------------------------------------------
                                                       1.965753198   data required time
                                                      -1.042142391   data arrival time
---------------------------------------------------------------------------------------------------------
                                                      -0.923610747   slack (VIOLATED)


Startpoint: _135273_ (rising edge-triggered flip-flop clocked by eth_tx_clk_i)
Endpoint: eth_txd_o[1] (output port clocked by eth_gtx)
Path Group: eth_gtx
Path Type: min
Corner: nom_fast_1p32V_m40C

Fanout            Cap           Slew          Delay           Time   Description
---------------------------------------------------------------------------------------------------------
                                        0.000000000    0.000000000   clock eth_tx_clk_i (rise edge)
                                        0.867661059    0.867661059   clock network delay (propagated)
                         0.036578070    0.000000000    0.867661059 ^ _135273_/CLK (sg13g2_dfrbpq_1)
     1    0.005519854    0.018232841    0.114069648    0.981730700 v _135273_/Q (sg13g2_dfrbpq_1)
     1    0.017896697    0.043212451    0.061334495    1.043065190 v output63/X (sg13g2_buf_1)
                         0.043269072    0.001230460    1.044295669 v eth_txd_o[1] (out)
                                                       1.044295669   data arrival time

                                        0.000000000    0.000000000   clock eth_gtx (rise edge)
                                        1.215753198    1.215753198   clock network delay (propagated)
                                        0.250000000    1.465753198   clock uncertainty
                                        0.000000000    1.465753198   clock reconvergence pessimism
                                        0.500000000    1.965753198   output external delay
                                                       1.965753198   data required time
---------------------------------------------------------------------------------------------------------
                                                       1.965753198   data required time
                                                      -1.044295669   data arrival time
---------------------------------------------------------------------------------------------------------
                                                      -0.921457469   slack (VIOLATED)


Startpoint: _135275_ (rising edge-triggered flip-flop clocked by eth_tx_clk_i)
Endpoint: eth_txd_o[3] (output port clocked by eth_gtx)
Path Group: eth_gtx
Path Type: min
Corner: nom_fast_1p32V_m40C

Fanout            Cap           Slew          Delay           Time   Description
---------------------------------------------------------------------------------------------------------
                                        0.000000000    0.000000000   clock eth_tx_clk_i (rise edge)
                                        0.859771252    0.859771252   clock network delay (propagated)
                         0.042251948    0.000000000    0.859771252 ^ _135275_/CLK (sg13g2_dfrbpq_1)
     1    0.008224729    0.023414668    0.120211065    0.979982316 v _135275_/Q (sg13g2_dfrbpq_1)
     1    0.017906386    0.043349627    0.063178800    1.043161154 v output65/X (sg13g2_buf_1)
                         0.043406792    0.001238343    1.044399500 v eth_txd_o[3] (out)
                                                       1.044399500   data arrival time

                                        0.000000000    0.000000000   clock eth_gtx (rise edge)
                                        1.215753198    1.215753198   clock network delay (propagated)
                                        0.250000000    1.465753198   clock uncertainty
                                        0.000000000    1.465753198   clock reconvergence pessimism
                                        0.500000000    1.965753198   output external delay
                                                       1.965753198   data required time
---------------------------------------------------------------------------------------------------------
                                                       1.965753198   data required time
                                                      -1.044399500   data arrival time
---------------------------------------------------------------------------------------------------------
                                                      -0.921353698   slack (VIOLATED)


Startpoint: _135258_ (rising edge-triggered flip-flop clocked by eth_tx_clk_i)
Endpoint: eth_tx_en_o (output port clocked by eth_gtx)
Path Group: eth_gtx
Path Type: min
Corner: nom_fast_1p32V_m40C

Fanout            Cap           Slew          Delay           Time   Description
---------------------------------------------------------------------------------------------------------
                                        0.000000000    0.000000000   clock eth_tx_clk_i (rise edge)
                                        0.866545022    0.866545022   clock network delay (propagated)
                         0.036362130    0.000000000    0.866545022 ^ _135258_/CLK (sg13g2_dfrbpq_1)
     1    0.008890436    0.024741948    0.119139977    0.985684991 v _135258_/Q (sg13g2_dfrbpq_1)
     1    0.017978333    0.043531865    0.063767545    1.049452543 v output60/X (sg13g2_buf_1)
                         0.043592177    0.001274425    1.050727010 v eth_tx_en_o (out)
                                                       1.050727010   data arrival time

                                        0.000000000    0.000000000   clock eth_gtx (rise edge)
                                        1.215753198    1.215753198   clock network delay (propagated)
                                        0.250000000    1.465753198   clock uncertainty
                                        0.000000000    1.465753198   clock reconvergence pessimism
                                        0.500000000    1.965753198   output external delay
                                                       1.965753198   data required time
---------------------------------------------------------------------------------------------------------
                                                       1.965753198   data required time
                                                      -1.050727010   data arrival time
---------------------------------------------------------------------------------------------------------
                                                      -0.915026188   slack (VIOLATED)


Startpoint: _135257_ (rising edge-triggered flip-flop clocked by eth_tx_clk_i)
Endpoint: eth_txd_o[7] (output port clocked by eth_gtx)
Path Group: eth_gtx
Path Type: min
Corner: nom_fast_1p32V_m40C

Fanout            Cap           Slew          Delay           Time   Description
---------------------------------------------------------------------------------------------------------
                                        0.000000000    0.000000000   clock eth_tx_clk_i (rise edge)
                                        0.867340147    0.867340147   clock network delay (propagated)
                         0.036503706    0.000000000    0.867340147 ^ _135257_/CLK (sg13g2_dfrbpq_1)
     1    0.007774238    0.022533961    0.117493518    0.984833658 v _135257_/Q (sg13g2_dfrbpq_1)
     1    0.019696329    0.047085330    0.065383255    1.050216913 v output69/X (sg13g2_buf_1)
                         0.047187105    0.001720402    1.051937342 v eth_txd_o[7] (out)
                                                       1.051937342   data arrival time

                                        0.000000000    0.000000000   clock eth_gtx (rise edge)
                                        1.215753198    1.215753198   clock network delay (propagated)
                                        0.250000000    1.465753198   clock uncertainty
                                        0.000000000    1.465753198   clock reconvergence pessimism
                                        0.500000000    1.965753198   output external delay
                                                       1.965753198   data required time
---------------------------------------------------------------------------------------------------------
                                                       1.965753198   data required time
                                                      -1.051937342   data arrival time
---------------------------------------------------------------------------------------------------------
                                                      -0.913815856   slack (VIOLATED)


Startpoint: eth_rxd_i[5] (input port clocked by eth_rx_clk_i)
Endpoint: _134650_ (rising edge-triggered flip-flop clocked by eth_rx_clk_i)
Path Group: eth_rx_clk_i
Path Type: min
Corner: nom_slow_1p08V_125C

Fanout            Cap           Slew          Delay           Time   Description
---------------------------------------------------------------------------------------------------------
                                        0.000000000    0.000000000   clock eth_rx_clk_i (rise edge)
                                        0.000000000    0.000000000   clock network delay (propagated)
                                        0.500000000    0.500000000 v input external delay
     1    0.013868380    0.039613117    0.015320523    0.515320539 v eth_rxd_i[5] (in)
     1    0.002525407    0.030079201    0.090055302    0.605375826 v input10/X (sg13g2_buf_1)
                         0.030079201    0.000039468    0.605415285 v _134650_/D (sg13g2_dfrbpq_1)
                                                       0.605415285   data arrival time

                                        0.000000000    0.000000000   clock eth_rx_clk_i (rise edge)
                                        1.928642631    1.928642631   clock network delay (propagated)
                                        0.250000000    2.178642750   clock uncertainty
                                        0.000000000    2.178642750   clock reconvergence pessimism
                                                       2.178642750 ^ _134650_/CLK (sg13g2_dfrbpq_1)
                                       -0.039372403    2.139270067   library hold time
                                                       2.139270067   data required time
---------------------------------------------------------------------------------------------------------
                                                       2.139270067   data required time
                                                      -0.605415285   data arrival time
---------------------------------------------------------------------------------------------------------
                                                      -1.533854842   slack (VIOLATED)


Startpoint: eth_rxd_i[0] (input port clocked by eth_rx_clk_i)
Endpoint: _134645_ (rising edge-triggered flip-flop clocked by eth_rx_clk_i)
Path Group: eth_rx_clk_i
Path Type: min
Corner: nom_slow_1p08V_125C

Fanout            Cap           Slew          Delay           Time   Description
---------------------------------------------------------------------------------------------------------
                                        0.000000000    0.000000000   clock eth_rx_clk_i (rise edge)
                                        0.000000000    0.000000000   clock network delay (propagated)
                                        0.500000000    0.500000000 v input external delay
     1    0.014242204    0.040018819    0.015745573    0.515745580 v eth_rxd_i[0] (in)
     1    0.002669160    0.030723723    0.090797871    0.606543422 v input5/X (sg13g2_buf_1)
                         0.030723723    0.000045353    0.606588781 v _134645_/D (sg13g2_dfrbpq_1)
                                                       0.606588781   data arrival time

                                        0.000000000    0.000000000   clock eth_rx_clk_i (rise edge)
                                        1.928413749    1.928413749   clock network delay (propagated)
                                        0.250000000    2.178413630   clock uncertainty
                                        0.000000000    2.178413630   clock reconvergence pessimism
                                                       2.178413630 ^ _134645_/CLK (sg13g2_dfrbpq_1)
                                       -0.039634202    2.138779402   library hold time
                                                       2.138779402   data required time
---------------------------------------------------------------------------------------------------------
                                                       2.138779402   data required time
                                                      -0.606588781   data arrival time
---------------------------------------------------------------------------------------------------------
                                                      -1.532190681   slack (VIOLATED)


Startpoint: eth_rxd_i[2] (input port clocked by eth_rx_clk_i)
Endpoint: _134647_ (rising edge-triggered flip-flop clocked by eth_rx_clk_i)
Path Group: eth_rx_clk_i
Path Type: min
Corner: nom_slow_1p08V_125C

Fanout            Cap           Slew          Delay           Time   Description
---------------------------------------------------------------------------------------------------------
                                        0.000000000    0.000000000   clock eth_rx_clk_i (rise edge)
                                        0.000000000    0.000000000   clock network delay (propagated)
                                        0.500000000    0.500000000 v input external delay
     1    0.014229109    0.040004626    0.015731750    0.515731752 v eth_rxd_i[2] (in)
     1    0.003925729    0.036278065    0.095591038    0.611322761 v input7/X (sg13g2_buf_1)
                         0.036278155    0.000106526    0.611429334 v _134647_/D (sg13g2_dfrbpq_1)
                                                       0.611429334   data arrival time

                                        0.000000000    0.000000000   clock eth_rx_clk_i (rise edge)
                                        1.928952575    1.928952575   clock network delay (propagated)
                                        0.250000000    2.178952694   clock uncertainty
                                        0.000000000    2.178952694   clock reconvergence pessimism
                                                       2.178952694 ^ _134647_/CLK (sg13g2_dfrbpq_1)
                                       -0.041865930    2.137086868   library hold time
                                                       2.137086868   data required time
---------------------------------------------------------------------------------------------------------
                                                       2.137086868   data required time
                                                      -0.611429334   data arrival time
---------------------------------------------------------------------------------------------------------
                                                      -1.525657415   slack (VIOLATED)


Startpoint: eth_rxd_i[4] (input port clocked by eth_rx_clk_i)
Endpoint: _134649_ (rising edge-triggered flip-flop clocked by eth_rx_clk_i)
Path Group: eth_rx_clk_i
Path Type: min
Corner: nom_slow_1p08V_125C

Fanout            Cap           Slew          Delay           Time   Description
---------------------------------------------------------------------------------------------------------
                                        0.000000000    0.000000000   clock eth_rx_clk_i (rise edge)
                                        0.000000000    0.000000000   clock network delay (propagated)
                                        0.500000000    0.500000000 v input external delay
     1    0.013749308    0.039483711    0.015177748    0.515177727 v eth_rxd_i[4] (in)
     1    0.003638223    0.034996089    0.094245501    0.609423280 v input9/X (sg13g2_buf_1)
                         0.034996152    0.000091149    0.609514415 v _134649_/D (sg13g2_dfrbpq_1)
                                                       0.609514415   data arrival time

                                        0.000000000    0.000000000   clock eth_rx_clk_i (rise edge)
                                        1.923941731    1.923941731   clock network delay (propagated)
                                        0.250000000    2.173941851   clock uncertainty
                                        0.000000000    2.173941851   clock reconvergence pessimism
                                                       2.173941851 ^ _134649_/CLK (sg13g2_dfrbpq_1)
                                       -0.040831391    2.133110523   library hold time
                                                       2.133110523   data required time
---------------------------------------------------------------------------------------------------------
                                                       2.133110523   data required time
                                                      -0.609514415   data arrival time
---------------------------------------------------------------------------------------------------------
                                                      -1.523595929   slack (VIOLATED)


Startpoint: eth_rxd_i[3] (input port clocked by eth_rx_clk_i)
Endpoint: _134648_ (rising edge-triggered flip-flop clocked by eth_rx_clk_i)
Path Group: eth_rx_clk_i
Path Type: min
Corner: nom_slow_1p08V_125C

Fanout            Cap           Slew          Delay           Time   Description
---------------------------------------------------------------------------------------------------------
                                        0.000000000    0.000000000   clock eth_rx_clk_i (rise edge)
                                        0.000000000    0.000000000   clock network delay (propagated)
                                        0.500000000    0.500000000 v input external delay
     1    0.013651584    0.039377611    0.015068003    0.515067995 v eth_rxd_i[3] (in)
     1    0.004941084    0.040781196    0.099164516    0.614232540 v input8/X (sg13g2_buf_1)
                         0.040781476    0.000161260    0.614393771 v _134648_/D (sg13g2_dfrbpq_1)
                                                       0.614393771   data arrival time

                                        0.000000000    0.000000000   clock eth_rx_clk_i (rise edge)
                                        1.928857088    1.928857088   clock network delay (propagated)
                                        0.250000000    2.178857088   clock uncertainty
                                        0.000000000    2.178857088   clock reconvergence pessimism
                                                       2.178857088 ^ _134648_/CLK (sg13g2_dfrbpq_1)
                                       -0.043681625    2.135175467   library hold time
                                                       2.135175467   data required time
---------------------------------------------------------------------------------------------------------
                                                       2.135175467   data required time
                                                      -0.614393771   data arrival time
---------------------------------------------------------------------------------------------------------
                                                      -1.520781636   slack (VIOLATED)


Startpoint: eth_rxd_i[7] (input port clocked by eth_rx_clk_i)
Endpoint: _134652_ (rising edge-triggered flip-flop clocked by eth_rx_clk_i)
Path Group: eth_rx_clk_i
Path Type: min
Corner: nom_slow_1p08V_125C

Fanout            Cap           Slew          Delay           Time   Description
---------------------------------------------------------------------------------------------------------
                                        0.000000000    0.000000000   clock eth_rx_clk_i (rise edge)
                                        0.000000000    0.000000000   clock network delay (propagated)
                                        0.500000000    0.500000000 v input external delay
     1    0.013975701    0.039729603    0.015441426    0.515441418 v eth_rxd_i[7] (in)
     1    0.006577547    0.048399508    0.105550297    0.620991707 v input12/X (sg13g2_buf_1)
                         0.048400708    0.000310196    0.621301889 v _134652_/D (sg13g2_dfrbpq_1)
                                                       0.621301889   data arrival time

                                        0.000000000    0.000000000   clock eth_rx_clk_i (rise edge)
                                        1.928974390    1.928974390   clock network delay (propagated)
                                        0.250000000    2.178974390   clock uncertainty
                                        0.000000000    2.178974390   clock reconvergence pessimism
                                                       2.178974390 ^ _134652_/CLK (sg13g2_dfrbpq_1)
                                       -0.046749644    2.132224798   library hold time
                                                       2.132224798   data required time
---------------------------------------------------------------------------------------------------------
                                                       2.132224798   data required time
                                                      -0.621301889   data arrival time
---------------------------------------------------------------------------------------------------------
                                                      -1.510922790   slack (VIOLATED)


Startpoint: eth_rxd_i[6] (input port clocked by eth_rx_clk_i)
Endpoint: _134651_ (rising edge-triggered flip-flop clocked by eth_rx_clk_i)
Path Group: eth_rx_clk_i
Path Type: min
Corner: nom_slow_1p08V_125C

Fanout            Cap           Slew          Delay           Time   Description
---------------------------------------------------------------------------------------------------------
                                        0.000000000    0.000000000   clock eth_rx_clk_i (rise edge)
                                        0.000000000    0.000000000   clock network delay (propagated)
                                        0.500000000    0.500000000 v input external delay
     1    0.015617179    0.041509010    0.017338686    0.517338693 v eth_rxd_i[6] (in)
     1    0.009868403    0.064308867    0.118905947    0.636244655 v input11/X (sg13g2_buf_1)
                         0.064312197    0.000517197    0.636761844 v _134651_/D (sg13g2_dfrbpq_1)
                                                       0.636761844   data arrival time

                                        0.000000000    0.000000000   clock eth_rx_clk_i (rise edge)
                                        1.922948480    1.922948480   clock network delay (propagated)
                                        0.250000000    2.172948599   clock uncertainty
                                        0.000000000    2.172948599   clock reconvergence pessimism
                                                       2.172948599 ^ _134651_/CLK (sg13g2_dfrbpq_1)
                                       -0.052662328    2.120286226   library hold time
                                                       2.120286226   data required time
---------------------------------------------------------------------------------------------------------
                                                       2.120286226   data required time
                                                      -0.636761844   data arrival time
---------------------------------------------------------------------------------------------------------
                                                      -1.483524442   slack (VIOLATED)


Startpoint: eth_rxd_i[1] (input port clocked by eth_rx_clk_i)
Endpoint: _134646_ (rising edge-triggered flip-flop clocked by eth_rx_clk_i)
Path Group: eth_rx_clk_i
Path Type: min
Corner: nom_slow_1p08V_125C

Fanout            Cap           Slew          Delay           Time   Description
---------------------------------------------------------------------------------------------------------
                                        0.000000000    0.000000000   clock eth_rx_clk_i (rise edge)
                                        0.000000000    0.000000000   clock network delay (propagated)
                                        0.500000000    0.500000000 v input external delay
     1    0.013573515    0.039292838    0.014980295    0.514980316 v eth_rxd_i[1] (in)
     1    0.011165995    0.070676990    0.122717619    0.637697935 v input6/X (sg13g2_buf_1)
                         0.070684768    0.000741740    0.638439655 v _134646_/D (sg13g2_dfrbpq_1)
                                                       0.638439655   data arrival time

                                        0.000000000    0.000000000   clock eth_rx_clk_i (rise edge)
                                        1.923745036    1.923745036   clock network delay (propagated)
                                        0.250000000    2.173744917   clock uncertainty
                                        0.000000000    2.173744917   clock reconvergence pessimism
                                                       2.173744917 ^ _134646_/CLK (sg13g2_dfrbpq_1)
                                       -0.055215113    2.118529797   library hold time
                                                       2.118529797   data required time
---------------------------------------------------------------------------------------------------------
                                                       2.118529797   data required time
                                                      -0.638439655   data arrival time
---------------------------------------------------------------------------------------------------------
                                                      -1.480090261   slack (VIOLATED)


Startpoint: eth_rx_er_i (input port clocked by eth_rx_clk_i)
Endpoint: _134685_ (rising edge-triggered flip-flop clocked by eth_rx_clk_i)
Path Group: eth_rx_clk_i
Path Type: min
Corner: nom_slow_1p08V_125C

Fanout            Cap           Slew          Delay           Time   Description
---------------------------------------------------------------------------------------------------------
                                        0.000000000    0.000000000   clock eth_rx_clk_i (rise edge)
                                        0.000000000    0.000000000   clock network delay (propagated)
                                        0.500000000    0.500000000 v input external delay
     1    0.015468536    0.041348107    0.017167434    0.517167449 v eth_rx_er_i (in)
     1    0.076709889    0.401039392    0.342965394    0.860132813 v input4/X (sg13g2_buf_1)
                         0.404703200    0.029627634    0.889760435 v _134685_/D (sg13g2_dfrbpq_1)
                                                       0.889760435   data arrival time

                                        0.000000000    0.000000000   clock eth_rx_clk_i (rise edge)
                                        1.916084051    1.916084051   clock network delay (propagated)
                                        0.250000000    2.166084051   clock uncertainty
                                        0.000000000    2.166084051   clock reconvergence pessimism
                                                       2.166084051 ^ _134685_/CLK (sg13g2_dfrbpq_1)
                                       -0.189682990    1.976401091   library hold time
                                                       1.976401091   data required time
---------------------------------------------------------------------------------------------------------
                                                       1.976401091   data required time
                                                      -0.889760435   data arrival time
---------------------------------------------------------------------------------------------------------
                                                      -1.086640596   slack (VIOLATED)


Startpoint: eth_rx_dv_i (input port clocked by eth_rx_clk_i)
Endpoint: _135262_ (rising edge-triggered flip-flop clocked by eth_rx_clk_i)
Path Group: eth_rx_clk_i
Path Type: min
Corner: nom_slow_1p08V_125C

Fanout            Cap           Slew          Delay           Time   Description
---------------------------------------------------------------------------------------------------------
                                        0.000000000    0.000000000   clock eth_rx_clk_i (rise edge)
                                        0.000000000    0.000000000   clock network delay (propagated)
                                        0.500000000    0.500000000 v input external delay
     1    0.013749308    0.039483711    0.015177748    0.515177727 v eth_rx_dv_i (in)
     5    0.106994271    0.556506395    0.435135663    0.950313389 v input3/X (sg13g2_buf_1)
     1    0.006614173    0.115518622    0.276136220    1.226449609 ^ _124604_/Y (sg13g2_nor2b_1)
     1    0.002925379    0.041127816    0.084840357    1.311290026 v _124606_/Y (sg13g2_nor3_1)
                         0.041127816    0.000056066    1.311346054 v _135262_/D (sg13g2_dfrbpq_1)
                                                       1.311346054   data arrival time

                                        0.000000000    0.000000000   clock eth_rx_clk_i (rise edge)
                                        1.915793300    1.915793300   clock network delay (propagated)
                                        0.250000000    2.165793419   clock uncertainty
                                        0.000000000    2.165793419   clock reconvergence pessimism
                                                       2.165793419 ^ _135262_/CLK (sg13g2_dfrbpq_1)
                                       -0.043210294    2.122583151   library hold time
                                                       2.122583151   data required time
---------------------------------------------------------------------------------------------------------
                                                       2.122583151   data required time
                                                      -1.311346054   data arrival time
---------------------------------------------------------------------------------------------------------
                                                      -0.811236978   slack (VIOLATED)


Startpoint: eth_rx_dv_i (input port clocked by eth_rx_clk_i)
Endpoint: _135253_ (rising edge-triggered flip-flop clocked by eth_rx_clk_i)
Path Group: eth_rx_clk_i
Path Type: min
Corner: nom_slow_1p08V_125C

Fanout            Cap           Slew          Delay           Time   Description
---------------------------------------------------------------------------------------------------------
                                        0.000000000    0.000000000   clock eth_rx_clk_i (rise edge)
                                        0.000000000    0.000000000   clock network delay (propagated)
                                        0.500000000    0.500000000 v input external delay
     1    0.013749308    0.039483711    0.015177748    0.515177727 v eth_rx_dv_i (in)
     5    0.106994271    0.556506395    0.435135663    0.950313389 v input3/X (sg13g2_buf_1)
     1    0.005639241    0.075382270    0.267704546    1.218017936 ^ _124560_/Y (sg13g2_nand3b_1)
     1    0.002345294    0.069905430    0.105889633    1.323907614 v _124561_/Y (sg13g2_a221oi_1)
                         0.069905430    0.000032307    1.323939919 v _135253_/D (sg13g2_dfrbpq_1)
                                                       1.323939919   data arrival time

                                        0.000000000    0.000000000   clock eth_rx_clk_i (rise edge)
                                        1.915689468    1.915689468   clock network delay (propagated)
                                        0.250000000    2.165689468   clock uncertainty
                                        0.000000000    2.165689468   clock reconvergence pessimism
                                                       2.165689468 ^ _135253_/CLK (sg13g2_dfrbpq_1)
                                       -0.054808602    2.110880852   library hold time
                                                       2.110880852   data required time
---------------------------------------------------------------------------------------------------------
                                                       2.110880852   data required time
                                                      -1.323939919   data arrival time
---------------------------------------------------------------------------------------------------------
                                                      -0.786940992   slack (VIOLATED)


Startpoint: eth_rx_dv_i (input port clocked by eth_rx_clk_i)
Endpoint: _130776_ (rising edge-triggered flip-flop clocked by eth_rx_clk_i)
Path Group: eth_rx_clk_i
Path Type: min
Corner: nom_slow_1p08V_125C

Fanout            Cap           Slew          Delay           Time   Description
---------------------------------------------------------------------------------------------------------
                                        0.000000000    0.000000000   clock eth_rx_clk_i (rise edge)
                                        0.000000000    0.000000000   clock network delay (propagated)
                                        0.500000000    0.500000000 v input external delay
     1    0.013749308    0.039483711    0.015177748    0.515177727 v eth_rx_dv_i (in)
     5    0.106994271    0.556506395    0.435135663    0.950313389 v input3/X (sg13g2_buf_1)
     5    0.020970736    0.122578718    0.369092226    1.319405675 v _106875_/X (sg13g2_and2_1)
                         0.122588016    0.001045275    1.320450902 v _130776_/D (sg13g2_dfrbpq_1)
                                                       1.320450902   data arrival time

                                        0.000000000    0.000000000   clock eth_rx_clk_i (rise edge)
                                        1.928527594    1.928527594   clock network delay (propagated)
                                        0.250000000    2.178527594   clock uncertainty
                                        0.000000000    2.178527594   clock reconvergence pessimism
                                                       2.178527594 ^ _130776_/CLK (sg13g2_dfrbpq_1)
                                       -0.075374424    2.103153229   library hold time
                                                       2.103153229   data required time
---------------------------------------------------------------------------------------------------------
                                                       2.103153229   data required time
                                                      -1.320450902   data arrival time
---------------------------------------------------------------------------------------------------------
                                                      -0.782702386   slack (VIOLATED)


Startpoint: eth_rx_dv_i (input port clocked by eth_rx_clk_i)
Endpoint: _130775_ (rising edge-triggered flip-flop clocked by eth_rx_clk_i)
Path Group: eth_rx_clk_i
Path Type: min
Corner: nom_slow_1p08V_125C

Fanout            Cap           Slew          Delay           Time   Description
---------------------------------------------------------------------------------------------------------
                                        0.000000000    0.000000000   clock eth_rx_clk_i (rise edge)
                                        0.000000000    0.000000000   clock network delay (propagated)
                                        0.500000000    0.500000000 v input external delay
     1    0.013749308    0.039483711    0.015177748    0.515177727 v eth_rx_dv_i (in)
     5    0.106994271    0.556506395    0.435135663    0.950313389 v input3/X (sg13g2_buf_1)
     5    0.020970736    0.122578718    0.369092226    1.319405675 v _106875_/X (sg13g2_and2_1)
     1    0.004620816    0.039968822    0.151705325    1.471110940 v _106881_/X (sg13g2_and2_1)
                         0.039969109    0.000150546    1.471261501 v _130775_/D (sg13g2_dfrbpq_1)
                                                       1.471261501   data arrival time

                                        0.000000000    0.000000000   clock eth_rx_clk_i (rise edge)
                                        1.928560972    1.928560972   clock network delay (propagated)
                                        0.250000000    2.178560972   clock uncertainty
                                        0.000000000    2.178560972   clock reconvergence pessimism
                                                       2.178560972 ^ _130775_/CLK (sg13g2_dfrbpq_1)
                                       -0.042086240    2.136474609   library hold time
                                                       2.136474609   data required time
---------------------------------------------------------------------------------------------------------
                                                       2.136474609   data required time
                                                      -1.471261501   data arrival time
---------------------------------------------------------------------------------------------------------
                                                      -0.665213108   slack (VIOLATED)


Startpoint: eth_rx_dv_i (input port clocked by eth_rx_clk_i)
Endpoint: _130774_ (rising edge-triggered flip-flop clocked by eth_rx_clk_i)
Path Group: eth_rx_clk_i
Path Type: min
Corner: nom_slow_1p08V_125C

Fanout            Cap           Slew          Delay           Time   Description
---------------------------------------------------------------------------------------------------------
                                        0.000000000    0.000000000   clock eth_rx_clk_i (rise edge)
                                        0.000000000    0.000000000   clock network delay (propagated)
                                        0.500000000    0.500000000 v input external delay
     1    0.013749308    0.039483711    0.015177748    0.515177727 v eth_rx_dv_i (in)
     5    0.106994271    0.556506395    0.435135663    0.950313389 v input3/X (sg13g2_buf_1)
     5    0.020970736    0.122578718    0.369092226    1.319405675 v _106875_/X (sg13g2_and2_1)
     1    0.003973083    0.037050903    0.149200767    1.468606353 v _106880_/X (sg13g2_and2_1)
                         0.037050996    0.000109801    1.468716145 v _130774_/D (sg13g2_dfrbpq_1)
                                                       1.468716145   data arrival time

                                        0.000000000    0.000000000   clock eth_rx_clk_i (rise edge)
                                        1.916874766    1.916874766   clock network delay (propagated)
                                        0.250000000    2.166874647   clock uncertainty
                                        0.000000000    2.166874647   clock reconvergence pessimism
                                                       2.166874647 ^ _130774_/CLK (sg13g2_dfrbpq_1)
                                       -0.041520547    2.125354290   library hold time
                                                       2.125354290   data required time
---------------------------------------------------------------------------------------------------------
                                                       2.125354290   data required time
                                                      -1.468716145   data arrival time
---------------------------------------------------------------------------------------------------------
                                                      -0.656637967   slack (VIOLATED)


Startpoint: eth_rx_dv_i (input port clocked by eth_rx_clk_i)
Endpoint: _130771_ (rising edge-triggered flip-flop clocked by eth_rx_clk_i)
Path Group: eth_rx_clk_i
Path Type: min
Corner: nom_slow_1p08V_125C

Fanout            Cap           Slew          Delay           Time   Description
---------------------------------------------------------------------------------------------------------
                                        0.000000000    0.000000000   clock eth_rx_clk_i (rise edge)
                                        0.000000000    0.000000000   clock network delay (propagated)
                                        0.500000000    0.500000000 v input external delay
     1    0.013749308    0.039483711    0.015177748    0.515177727 v eth_rx_dv_i (in)
     5    0.106994271    0.556506395    0.435135663    0.950313389 v input3/X (sg13g2_buf_1)
     5    0.020970736    0.122578718    0.369092226    1.319405675 v _106875_/X (sg13g2_and2_1)
     1    0.004262280    0.038437132    0.150004014    1.469409585 v _106876_/X (sg13g2_and2_1)
                         0.038437262    0.000127010    1.469536662 v _130771_/D (sg13g2_dfrbpq_1)
                                                       1.469536662   data arrival time

                                        0.000000000    0.000000000   clock eth_rx_clk_i (rise edge)
                                        1.916619778    1.916619778   clock network delay (propagated)
                                        0.250000000    2.166619778   clock uncertainty
                                        0.000000000    2.166619778   clock reconvergence pessimism
                                                       2.166619778 ^ _130771_/CLK (sg13g2_dfrbpq_1)
                                       -0.042091347    2.124528408   library hold time
                                                       2.124528408   data required time
---------------------------------------------------------------------------------------------------------
                                                       2.124528408   data required time
                                                      -1.469536662   data arrival time
---------------------------------------------------------------------------------------------------------
                                                      -0.654991746   slack (VIOLATED)


Startpoint: eth_rx_dv_i (input port clocked by eth_rx_clk_i)
Endpoint: _130773_ (rising edge-triggered flip-flop clocked by eth_rx_clk_i)
Path Group: eth_rx_clk_i
Path Type: min
Corner: nom_slow_1p08V_125C

Fanout            Cap           Slew          Delay           Time   Description
---------------------------------------------------------------------------------------------------------
                                        0.000000000    0.000000000   clock eth_rx_clk_i (rise edge)
                                        0.000000000    0.000000000   clock network delay (propagated)
                                        0.500000000    0.500000000 v input external delay
     1    0.013749308    0.039483711    0.015177748    0.515177727 v eth_rx_dv_i (in)
     5    0.106994271    0.556506395    0.435135663    0.950313389 v input3/X (sg13g2_buf_1)
     5    0.020970736    0.122578718    0.369092226    1.319405675 v _106875_/X (sg13g2_and2_1)
     1    0.005458594    0.043692462    0.154700041    1.474105716 v _106879_/X (sg13g2_and2_1)
                         0.043692790    0.000194622    1.474300265 v _130773_/D (sg13g2_dfrbpq_1)
                                                       1.474300265   data arrival time

                                        0.000000000    0.000000000   clock eth_rx_clk_i (rise edge)
                                        1.916727543    1.916727543   clock network delay (propagated)
                                        0.250000000    2.166727543   clock uncertainty
                                        0.000000000    2.166727543   clock reconvergence pessimism
                                                       2.166727543 ^ _130773_/CLK (sg13g2_dfrbpq_1)
                                       -0.044203695    2.122523785   library hold time
                                                       2.122523785   data required time
---------------------------------------------------------------------------------------------------------
                                                       2.122523785   data required time
                                                      -1.474300265   data arrival time
---------------------------------------------------------------------------------------------------------
                                                      -0.648223519   slack (VIOLATED)


Startpoint: eth_rx_dv_i (input port clocked by eth_rx_clk_i)
Endpoint: _130752_ (rising edge-triggered flip-flop clocked by eth_rx_clk_i)
Path Group: eth_rx_clk_i
Path Type: min
Corner: nom_slow_1p08V_125C

Fanout            Cap           Slew          Delay           Time   Description
---------------------------------------------------------------------------------------------------------
                                        0.000000000    0.000000000   clock eth_rx_clk_i (rise edge)
                                        0.000000000    0.000000000   clock network delay (propagated)
                                        0.500000000    0.500000000 v input external delay
     1    0.013749308    0.039483711    0.015177748    0.515177727 v eth_rx_dv_i (in)
     5    0.106994271    0.556506395    0.435135663    0.950313389 v input3/X (sg13g2_buf_1)
     2    0.016668260    0.250029355    0.424056798    1.374370217 ^ _082800_/Y (sg13g2_a21oi_1)
                         0.250037611    0.001132205    1.375502467 ^ _130752_/D (sg13g2_dfrbpq_1)
                                                       1.375502467   data arrival time

                                        0.000000000    0.000000000   clock eth_rx_clk_i (rise edge)
                                        1.852864146    1.852864146   clock network delay (propagated)
                                        0.250000000    2.102864265   clock uncertainty
                                        0.000000000    2.102864265   clock reconvergence pessimism
                                                       2.102864265 ^ _130752_/CLK (sg13g2_dfrbpq_1)
                                       -0.174067184    1.928797007   library hold time
                                                       1.928797007   data required time
---------------------------------------------------------------------------------------------------------
                                                       1.928797007   data required time
                                                      -1.375502467   data arrival time
---------------------------------------------------------------------------------------------------------
                                                      -0.553294539   slack (VIOLATED)


Startpoint: eth_rx_dv_i (input port clocked by eth_rx_clk_i)
Endpoint: _134690_ (rising edge-triggered flip-flop clocked by eth_rx_clk_i)
Path Group: eth_rx_clk_i
Path Type: min
Corner: nom_fast_1p32V_m40C

Fanout            Cap           Slew          Delay           Time   Description
---------------------------------------------------------------------------------------------------------
                                        0.000000000    0.000000000   clock eth_rx_clk_i (rise edge)
                                        0.000000000    0.000000000   clock network delay (propagated)
                                        0.500000000    0.500000000 v input external delay
     1    0.014093507    0.016315948    0.006821766    0.506821752 v eth_rx_dv_i (in)
     5    0.109108150    0.233682171    0.161506429    0.668328166 v input3/X (sg13g2_buf_1)
     2    0.017137591    0.108719505    0.188728034    0.857056201 ^ _082800_/Y (sg13g2_a21oi_1)
     2    0.025677027    0.072489217    0.118260294    0.975316525 ^ _083013_/X (sg13g2_and2_1)
                         0.072687991    0.002902900    0.978219450 ^ _134690_/D (sg13g2_dfrbpq_1)
                                                       0.978219450   data arrival time

                                        0.000000000    0.000000000   clock eth_rx_clk_i (rise edge)
                                        1.125377655    1.125377655   clock network delay (propagated)
                                        0.250000000    1.375377774   clock uncertainty
                                        0.000000000    1.375377774   clock reconvergence pessimism
                                                       1.375377774 ^ _134690_/CLK (sg13g2_dfrbpq_1)
                                       -0.051571179    1.323806524   library hold time
                                                       1.323806524   data required time
---------------------------------------------------------------------------------------------------------
                                                       1.323806524   data required time
                                                      -0.978219450   data arrival time
---------------------------------------------------------------------------------------------------------
                                                      -0.345587134   slack (VIOLATED)


Startpoint: eth_rx_dv_i (input port clocked by eth_rx_clk_i)
Endpoint: _130690_ (rising edge-triggered flip-flop clocked by eth_rx_clk_i)
Path Group: eth_rx_clk_i
Path Type: min
Corner: nom_fast_1p32V_m40C

Fanout            Cap           Slew          Delay           Time   Description
---------------------------------------------------------------------------------------------------------
                                        0.000000000    0.000000000   clock eth_rx_clk_i (rise edge)
                                        0.000000000    0.000000000   clock network delay (propagated)
                                        0.500000000    0.500000000 ^ input external delay
     1    0.014136476    0.020100102    0.007845446    0.507845461 ^ eth_rx_dv_i (in)
     5    0.109183215    0.288228184    0.191532075    0.699377537 ^ input3/X (sg13g2_buf_1)
     1    0.059250593    0.136039317    0.278920054    0.978297591 v _103627_/Y (sg13g2_nor4_1)
                         0.142115906    0.021416981    0.999714553 v _130690_/D (sg13g2_dfrbpq_1)
                                                       0.999714553   data arrival time

                                        0.000000000    0.000000000   clock eth_rx_clk_i (rise edge)
                                        1.139789701    1.139789701   clock network delay (propagated)
                                        0.250000000    1.389789820   clock uncertainty
                                        0.000000000    1.389789820   clock reconvergence pessimism
                                                       1.389789820 ^ _130690_/CLK (sg13g2_dfrbpq_1)
                                       -0.049250562    1.340539217   library hold time
                                                       1.340539217   data required time
---------------------------------------------------------------------------------------------------------
                                                       1.340539217   data required time
                                                      -0.999714553   data arrival time
---------------------------------------------------------------------------------------------------------
                                                      -0.340824604   slack (VIOLATED)


Startpoint: eth_rx_dv_i (input port clocked by eth_rx_clk_i)
Endpoint: _130691_ (rising edge-triggered flip-flop clocked by eth_rx_clk_i)
Path Group: eth_rx_clk_i
Path Type: min
Corner: nom_fast_1p32V_m40C

Fanout            Cap           Slew          Delay           Time   Description
---------------------------------------------------------------------------------------------------------
                                        0.000000000    0.000000000   clock eth_rx_clk_i (rise edge)
                                        0.000000000    0.000000000   clock network delay (propagated)
                                        0.500000000    0.500000000 ^ input external delay
     1    0.014136476    0.020100102    0.007845446    0.507845461 ^ eth_rx_dv_i (in)
     5    0.109183215    0.288228184    0.191532075    0.699377537 ^ input3/X (sg13g2_buf_1)
     2    0.017218109    0.083870091    0.209311411    0.908688903 v _082800_/Y (sg13g2_a21oi_1)
     2    0.025561359    0.058814678    0.096892826    1.005581737 v _083013_/X (sg13g2_and2_1)
     1    0.039325275    0.087332584    0.112537652    1.118119359 v _103628_/X (sg13g2_and2_1)
                         0.089736715    0.010843105    1.128962517 v _130691_/D (sg13g2_dfrbpq_1)
                                                       1.128962517   data arrival time

                                        0.000000000    0.000000000   clock eth_rx_clk_i (rise edge)
                                        1.139625907    1.139625907   clock network delay (propagated)
                                        0.250000000    1.389625907   clock uncertainty
                                        0.000000000    1.389625907   clock reconvergence pessimism
                                                       1.389625907 ^ _130691_/CLK (sg13g2_dfrbpq_1)
                                       -0.037144579    1.352481246   library hold time
                                                       1.352481246   data required time
---------------------------------------------------------------------------------------------------------
                                                       1.352481246   data required time
                                                      -1.128962517   data arrival time
---------------------------------------------------------------------------------------------------------
                                                      -0.223518759   slack (VIOLATED)


Startpoint: _134738_ (rising edge-triggered flip-flop clocked by eth_tx_clk_i)
Endpoint: _134739_ (rising edge-triggered flip-flop clocked by eth_tx_clk_i)
Path Group: eth_tx_clk_i
Path Type: min
Corner: nom_fast_1p32V_m40C

Fanout            Cap           Slew          Delay           Time   Description
---------------------------------------------------------------------------------------------------------
                                        0.000000000    0.000000000   clock eth_tx_clk_i (rise edge)
                                        0.789241076    0.789241076   clock network delay (propagated)
                         0.038867205    0.000000000    0.789241076 ^ _134738_/CLK (sg13g2_dfrbpq_1)
     1    0.012503707    0.031950407    0.125630453    0.914871514 v _134738_/Q (sg13g2_dfrbpq_1)
                         0.031969581    0.000706157    0.915577710 v _134739_/D (sg13g2_dfrbpq_1)
                                                       0.915577710   data arrival time

                                        0.000000000    0.000000000   clock eth_tx_clk_i (rise edge)
                                        0.890782833    0.890782833   clock network delay (propagated)
                                        0.250000000    1.140782833   clock uncertainty
                                       -0.064837083    1.075945854   clock reconvergence pessimism
                                                       1.075945854 ^ _134739_/CLK (sg13g2_dfrbpq_1)
                                       -0.021247178    1.054698586   library hold time
                                                       1.054698586   data required time
---------------------------------------------------------------------------------------------------------
                                                       1.054698586   data required time
                                                      -0.915577710   data arrival time
---------------------------------------------------------------------------------------------------------
                                                      -0.139120892   slack (VIOLATED)


Startpoint: _134698_ (rising edge-triggered flip-flop clocked by eth_tx_clk_i)
Endpoint: _134699_ (rising edge-triggered flip-flop clocked by eth_tx_clk_i)
Path Group: eth_tx_clk_i
Path Type: min
Corner: nom_fast_1p32V_m40C

Fanout            Cap           Slew          Delay           Time   Description
---------------------------------------------------------------------------------------------------------
                                        0.000000000    0.000000000   clock eth_tx_clk_i (rise edge)
                                        0.812068582    0.812068582   clock network delay (propagated)
                         0.039955303    0.000000000    0.812068582 ^ _134698_/CLK (sg13g2_dfrbpq_1)
     1    0.002693667    0.013128900    0.110877700    0.922946274 v _134698_/Q (sg13g2_dfrbpq_1)
                         0.013128900    0.000043132    0.922989428 v _134699_/D (sg13g2_dfrbpq_1)
                                                       0.922989428   data arrival time

                                        0.000000000    0.000000000   clock eth_tx_clk_i (rise edge)
                                        0.897161067    0.897161067   clock network delay (propagated)
                                        0.250000000    1.147161007   clock uncertainty
                                       -0.085052356    1.062108636   clock reconvergence pessimism
                                                       1.062108636 ^ _134699_/CLK (sg13g2_dfrbpq_1)
                                       -0.017363640    1.044744968   library hold time
                                                       1.044744968   data required time
---------------------------------------------------------------------------------------------------------
                                                       1.044744968   data required time
                                                      -0.922989428   data arrival time
---------------------------------------------------------------------------------------------------------
                                                      -0.121755555   slack (VIOLATED)


Startpoint: _134732_ (rising edge-triggered flip-flop clocked by eth_tx_clk_i)
Endpoint: _134733_ (rising edge-triggered flip-flop clocked by eth_tx_clk_i)
Path Group: eth_tx_clk_i
Path Type: min
Corner: nom_fast_1p32V_m40C

Fanout            Cap           Slew          Delay           Time   Description
---------------------------------------------------------------------------------------------------------
                                        0.000000000    0.000000000   clock eth_tx_clk_i (rise edge)
                                        0.790860057    0.790860057   clock network delay (propagated)
                         0.035006464    0.000000000    0.790860057 ^ _134732_/CLK (sg13g2_dfrbpq_1)
     1    0.004344917    0.016095148    0.111699373    0.902559459 v _134732_/Q (sg13g2_dfrbpq_1)
                         0.016095148    0.000116462    0.902675927 v _134733_/D (sg13g2_dfrbpq_1)
                                                       0.902675927   data arrival time

                                        0.000000000    0.000000000   clock eth_tx_clk_i (rise edge)
                                        0.874295235    0.874295235   clock network delay (propagated)
                                        0.250000000    1.124295235   clock uncertainty
                                       -0.082928278    1.041367054   clock reconvergence pessimism
                                                       1.041367054 ^ _134733_/CLK (sg13g2_dfrbpq_1)
                                       -0.018808985    1.022558093   library hold time
                                                       1.022558093   data required time
---------------------------------------------------------------------------------------------------------
                                                       1.022558093   data required time
                                                      -0.902675927   data arrival time
---------------------------------------------------------------------------------------------------------
                                                      -0.119882166   slack (VIOLATED)


Startpoint: _134702_ (rising edge-triggered flip-flop clocked by eth_tx_clk_i)
Endpoint: _134703_ (rising edge-triggered flip-flop clocked by eth_tx_clk_i)
Path Group: eth_tx_clk_i
Path Type: min
Corner: nom_fast_1p32V_m40C

Fanout            Cap           Slew          Delay           Time   Description
---------------------------------------------------------------------------------------------------------
                                        0.000000000    0.000000000   clock eth_tx_clk_i (rise edge)
                                        0.812062621    0.812062621   clock network delay (propagated)
                         0.039953034    0.000000000    0.812062621 ^ _134702_/CLK (sg13g2_dfrbpq_1)
     1    0.004082780    0.015625123    0.113040693    0.925103307 v _134702_/Q (sg13g2_dfrbpq_1)
                         0.015625123    0.000099809    0.925203085 v _134703_/D (sg13g2_dfrbpq_1)
                                                       0.925203085   data arrival time

                                        0.000000000    0.000000000   clock eth_tx_clk_i (rise edge)
                                        0.897178769    0.897178769   clock network delay (propagated)
                                        0.250000000    1.147178769   clock uncertainty
                                       -0.085052356    1.062126398   clock reconvergence pessimism
                                                       1.062126398 ^ _134703_/CLK (sg13g2_dfrbpq_1)
                                       -0.017940791    1.044185638   library hold time
                                                       1.044185638   data required time
---------------------------------------------------------------------------------------------------------
                                                       1.044185638   data required time
                                                      -0.925203085   data arrival time
---------------------------------------------------------------------------------------------------------
                                                      -0.118982546   slack (VIOLATED)


Startpoint: _134700_ (rising edge-triggered flip-flop clocked by eth_tx_clk_i)
Endpoint: _134701_ (rising edge-triggered flip-flop clocked by eth_tx_clk_i)
Path Group: eth_tx_clk_i
Path Type: min
Corner: nom_fast_1p32V_m40C

Fanout            Cap           Slew          Delay           Time   Description
---------------------------------------------------------------------------------------------------------
                                        0.000000000    0.000000000   clock eth_tx_clk_i (rise edge)
                                        0.848774672    0.848774672   clock network delay (propagated)
                         0.032423306    0.000000000    0.848774672 ^ _134700_/CLK (sg13g2_dfrbpq_1)
     1    0.005068755    0.017399656    0.111907877    0.960682571 v _134700_/Q (sg13g2_dfrbpq_1)
                         0.017400017    0.000161759    0.960844338 v _134701_/D (sg13g2_dfrbpq_1)
                                                       0.960844338   data arrival time

                                        0.000000000    0.000000000   clock eth_tx_clk_i (rise edge)
                                        0.938361526    0.938361526   clock network delay (propagated)
                                        0.250000000    1.188361526   clock uncertainty
                                       -0.089282364    1.099079251   clock reconvergence pessimism
                                                       1.099079251 ^ _134701_/CLK (sg13g2_dfrbpq_1)
                                       -0.019527934    1.079551220   library hold time
                                                       1.079551220   data required time
---------------------------------------------------------------------------------------------------------
                                                       1.079551220   data required time
                                                      -0.960844338   data arrival time
---------------------------------------------------------------------------------------------------------
                                                      -0.118706934   slack (VIOLATED)


Startpoint: _134708_ (rising edge-triggered flip-flop clocked by eth_tx_clk_i)
Endpoint: _134709_ (rising edge-triggered flip-flop clocked by eth_tx_clk_i)
Path Group: eth_tx_clk_i
Path Type: min
Corner: nom_fast_1p32V_m40C

Fanout            Cap           Slew          Delay           Time   Description
---------------------------------------------------------------------------------------------------------
                                        0.000000000    0.000000000   clock eth_tx_clk_i (rise edge)
                                        0.849690259    0.849690259   clock network delay (propagated)
                         0.047094241    0.000000000    0.849690259 ^ _134708_/CLK (sg13g2_dfrbpq_1)
     1    0.005671672    0.018516365    0.118018597    0.967708826 v _134708_/Q (sg13g2_dfrbpq_1)
                         0.018516365    0.000208611    0.967917442 v _134709_/D (sg13g2_dfrbpq_1)
                                                       0.967917442   data arrival time

                                        0.000000000    0.000000000   clock eth_tx_clk_i (rise edge)
                                        0.939231932    0.939231932   clock network delay (propagated)
                                        0.250000000    1.189231992   clock uncertainty
                                       -0.089131430    1.100100517   clock reconvergence pessimism
                                                       1.100100517 ^ _134709_/CLK (sg13g2_dfrbpq_1)
                                       -0.017452246    1.082648277   library hold time
                                                       1.082648277   data required time
---------------------------------------------------------------------------------------------------------
                                                       1.082648277   data required time
                                                      -0.967917442   data arrival time
---------------------------------------------------------------------------------------------------------
                                                      -0.114730783   slack (VIOLATED)


Startpoint: _134695_ (rising edge-triggered flip-flop clocked by eth_tx_clk_i)
Endpoint: _134694_ (rising edge-triggered flip-flop clocked by eth_tx_clk_i)
Path Group: eth_tx_clk_i
Path Type: min
Corner: nom_fast_1p32V_m40C

Fanout            Cap           Slew          Delay           Time   Description
---------------------------------------------------------------------------------------------------------
                                        0.000000000    0.000000000   clock eth_tx_clk_i (rise edge)
                                        0.791658580    0.791658580   clock network delay (propagated)
                         0.035285804    0.000000000    0.791658580 ^ _134695_/CLK (sg13g2_dfrbpq_1)
     1    0.015006265    0.037027337    0.128121793    0.919780374 v _134695_/Q (sg13g2_dfrbpq_1)
                         0.037066571    0.001048106    0.920828521 v _134694_/D (sg13g2_dfrbpq_1)
                                                       0.920828521   data arrival time

                                        0.000000000    0.000000000   clock eth_tx_clk_i (rise edge)
                                        0.870858133    0.870858133   clock network delay (propagated)
                                        0.250000000    1.120858073   clock uncertainty
                                       -0.075006172    1.045851827   clock reconvergence pessimism
                                                       1.045851827 ^ _134694_/CLK (sg13g2_dfrbpq_1)
                                       -0.023547117    1.022304773   library hold time
                                                       1.022304773   data required time
---------------------------------------------------------------------------------------------------------
                                                       1.022304773   data required time
                                                      -0.920828521   data arrival time
---------------------------------------------------------------------------------------------------------
                                                      -0.101476222   slack (VIOLATED)


Startpoint: _129934_ (rising edge-triggered flip-flop clocked by eth_tx_clk_i)
Endpoint: _129935_ (rising edge-triggered flip-flop clocked by eth_tx_clk_i)
Path Group: eth_tx_clk_i
Path Type: min
Corner: nom_fast_1p32V_m40C

Fanout            Cap           Slew          Delay           Time   Description
---------------------------------------------------------------------------------------------------------
                                        0.000000000    0.000000000   clock eth_tx_clk_i (rise edge)
                                        0.790735364    0.790735364   clock network delay (propagated)
                         0.034967966    0.000000000    0.790735364 ^ _129934_/CLK (sg13g2_dfrbpq_1)
     1    0.003616926    0.014725062    0.110559672    0.901295066 v _129934_/Q (sg13g2_dfrbpq_1)
     1    0.005434056    0.018413739    0.046697982    0.947993040 v _100222_/X (sg13g2_and2_1)
                         0.018416233    0.000193845    0.948186874 v _129935_/D (sg13g2_dfrbpq_1)
                                                       0.948186874   data arrival time

                                        0.000000000    0.000000000   clock eth_tx_clk_i (rise edge)
                                        0.873791695    0.873791695   clock network delay (propagated)
                                        0.250000000    1.123791695   clock uncertainty
                                       -0.082928278    1.040863395   clock reconvergence pessimism
                                                       1.040863395 ^ _129935_/CLK (sg13g2_dfrbpq_1)
                                       -0.019368602    1.021494746   library hold time
                                                       1.021494746   data required time
---------------------------------------------------------------------------------------------------------
                                                       1.021494746   data required time
                                                      -0.948186874   data arrival time
---------------------------------------------------------------------------------------------------------
                                                      -0.073307805   slack (VIOLATED)


Startpoint: _134522_ (rising edge-triggered flip-flop clocked by eth_tx_clk_i)
Endpoint: _134521_ (rising edge-triggered flip-flop clocked by eth_tx_clk_i)
Path Group: eth_tx_clk_i
Path Type: min
Corner: nom_fast_1p32V_m40C

Fanout            Cap           Slew          Delay           Time   Description
---------------------------------------------------------------------------------------------------------
                                        0.000000000    0.000000000   clock eth_tx_clk_i (rise edge)
                                        0.819466352    0.819466352   clock network delay (propagated)
                         0.043983396    0.000000000    0.819466352 ^ _134522_/CLK (sg13g2_dfrbpq_1)
     2    0.026411530    0.059400693    0.147076637    0.966542959 v _134522_/Q (sg13g2_dfrbpq_1)
                         0.059747506    0.003230749    0.969773710 v _134521_/D (sg13g2_dfrbpq_1)
                                                       0.969773710   data arrival time

                                        0.000000000    0.000000000   clock eth_tx_clk_i (rise edge)
                                        0.903403401    0.903403401   clock network delay (propagated)
                                        0.250000000    1.153403401   clock uncertainty
                                       -0.085638054    1.067765355   clock reconvergence pessimism
                                                       1.067765355 ^ _134521_/CLK (sg13g2_dfrbpq_1)
                                       -0.027640289    1.040125012   library hold time
                                                       1.040125012   data required time
---------------------------------------------------------------------------------------------------------
                                                       1.040125012   data required time
                                                      -0.969773710   data arrival time
---------------------------------------------------------------------------------------------------------
                                                      -0.070351280   slack (VIOLATED)


Startpoint: _127783_ (rising edge-triggered flip-flop clocked by eth_tx_clk_i)
Endpoint: _127783_ (rising edge-triggered flip-flop clocked by eth_tx_clk_i)
Path Group: eth_tx_clk_i
Path Type: min
Corner: nom_fast_1p32V_m40C

Fanout            Cap           Slew          Delay           Time   Description
---------------------------------------------------------------------------------------------------------
                                        0.000000000    0.000000000   clock eth_tx_clk_i (rise edge)
                                        0.882834613    0.882834613   clock network delay (propagated)
                         0.045002218    0.000000000    0.882834613 ^ _127783_/CLK (sg13g2_dfrbpq_1)
     2    0.008648753    0.029288739    0.123634659    1.006469250 ^ _127783_/Q (sg13g2_dfrbpq_1)
     1    0.003794428    0.018781506    0.039241832    1.045711160 v _089288_/Y (sg13g2_a21oi_1)
                         0.018781614    0.000084044    1.045795202 v _127783_/D (sg13g2_dfrbpq_1)
                                                       1.045795202   data arrival time

                                        0.000000000    0.000000000   clock eth_tx_clk_i (rise edge)
                                        0.975764513    0.975764513   clock network delay (propagated)
                                        0.250000000    1.225764513   clock uncertainty
                                       -0.092929892    1.132834673   clock reconvergence pessimism
                                                       1.132834673 ^ _127783_/CLK (sg13g2_dfrbpq_1)
                                       -0.017849743    1.114984870   library hold time
                                                       1.114984870   data required time
---------------------------------------------------------------------------------------------------------
                                                       1.114984870   data required time
                                                      -1.045795202   data arrival time
---------------------------------------------------------------------------------------------------------
                                                      -0.069189765   slack (VIOLATED)


Startpoint: _134520_ (rising edge-triggered flip-flop clocked by eth_tx_clk_i)
Endpoint: _134522_ (rising edge-triggered flip-flop clocked by eth_tx_clk_i)
Path Group: eth_tx_clk_i
Path Type: min
Corner: nom_fast_1p32V_m40C

Fanout            Cap           Slew          Delay           Time   Description
---------------------------------------------------------------------------------------------------------
                                        0.000000000    0.000000000   clock eth_tx_clk_i (rise edge)
                                        0.819497406    0.819497406   clock network delay (propagated)
                         0.043998893    0.000000000    0.819497406 ^ _134520_/CLK (sg13g2_dfrbpq_1)
     2    0.008993763    0.030115889    0.123918764    0.943416178 ^ _134520_/Q (sg13g2_dfrbpq_1)
     1    0.002939738    0.022945359    0.040339287    0.983755410 v _083506_/Y (sg13g2_o21ai_1)
                         0.022945393    0.000053069    0.983808517 v _134522_/D (sg13g2_dfrbpq_1)
                                                       0.983808517   data arrival time

                                        0.000000000    0.000000000   clock eth_tx_clk_i (rise edge)
                                        0.905725837    0.905725837   clock network delay (propagated)
                                        0.250000000    1.155725837   clock uncertainty
                                       -0.085638054    1.070087790   clock reconvergence pessimism
                                                       1.070087790 ^ _134522_/CLK (sg13g2_dfrbpq_1)
                                       -0.018976374    1.051111460   library hold time
                                                       1.051111460   data required time
---------------------------------------------------------------------------------------------------------
                                                       1.051111460   data required time
                                                      -0.983808517   data arrival time
---------------------------------------------------------------------------------------------------------
                                                      -0.067302942   slack (VIOLATED)


Startpoint: _129872_ (rising edge-triggered flip-flop clocked by eth_tx_clk_i)
Endpoint: _127812_ (rising edge-triggered flip-flop clocked by eth_tx_clk_i)
Path Group: eth_tx_clk_i
Path Type: min
Corner: nom_fast_1p32V_m40C

Fanout            Cap           Slew          Delay           Time   Description
---------------------------------------------------------------------------------------------------------
                                        0.000000000    0.000000000   clock eth_tx_clk_i (rise edge)
                                        0.850079477    0.850079477   clock network delay (propagated)
                         0.032604363    0.000000000    0.850079477 ^ _129872_/CLK (sg13g2_dfrbpq_1)
     2    0.011463717    0.029932579    0.121863082    0.971942544 v _129872_/Q (sg13g2_dfrbpq_1)
     1    0.004408350    0.022848524    0.026706416    0.998648942 ^ _089421_/Y (sg13g2_nand3_1)
     1    0.004155718    0.026540227    0.031188386    1.029837370 v _089422_/Y (sg13g2_o21ai_1)
                         0.026540391    0.000117351    1.029954672 v _127812_/D (sg13g2_dfrbpq_1)
                                                       1.029954672   data arrival time

                                        0.000000000    0.000000000   clock eth_tx_clk_i (rise edge)
                                        0.946192026    0.946192026   clock network delay (propagated)
                                        0.250000000    1.196192026   clock uncertainty
                                       -0.082606979    1.113584995   clock reconvergence pessimism
                                                       1.113584995 ^ _127812_/CLK (sg13g2_dfrbpq_1)
                                       -0.020964168    1.092620969   library hold time
                                                       1.092620969   data required time
---------------------------------------------------------------------------------------------------------
                                                       1.092620969   data required time
                                                      -1.029954672   data arrival time
---------------------------------------------------------------------------------------------------------
                                                      -0.062666208   slack (VIOLATED)


Startpoint: _129935_ (rising edge-triggered flip-flop clocked by eth_tx_clk_i)
Endpoint: _129936_ (rising edge-triggered flip-flop clocked by eth_tx_clk_i)
Path Group: eth_tx_clk_i
Path Type: min
Corner: nom_fast_1p32V_m40C

Fanout            Cap           Slew          Delay           Time   Description
---------------------------------------------------------------------------------------------------------
                                        0.000000000    0.000000000   clock eth_tx_clk_i (rise edge)
                                        0.790573478    0.790573478   clock network delay (propagated)
                         0.034920100    0.000000000    0.790573478 ^ _129935_/CLK (sg13g2_dfrbpq_1)
     2    0.012307207    0.031629566    0.124001533    0.914574981 v _129935_/Q (sg13g2_dfrbpq_1)
     1    0.003368460    0.014860505    0.045647487    0.960222483 v _100223_/X (sg13g2_and2_1)
                         0.014860505    0.000073830    0.960296333 v _129936_/D (sg13g2_dfrbpq_1)
                                                       0.960296333   data arrival time

                                        0.000000000    0.000000000   clock eth_tx_clk_i (rise edge)
                                        0.874064982    0.874064982   clock network delay (propagated)
                                        0.250000000    1.124065042   clock uncertainty
                                       -0.082928278    1.041136742   clock reconvergence pessimism
                                                       1.041136742 ^ _129936_/CLK (sg13g2_dfrbpq_1)
                                       -0.018533837    1.022602916   library hold time
                                                       1.022602916   data required time
---------------------------------------------------------------------------------------------------------
                                                       1.022602916   data required time
                                                      -0.960296333   data arrival time
---------------------------------------------------------------------------------------------------------
                                                      -0.062306605   slack (VIOLATED)


Startpoint: _129874_ (rising edge-triggered flip-flop clocked by eth_tx_clk_i)
Endpoint: _127814_ (rising edge-triggered flip-flop clocked by eth_tx_clk_i)
Path Group: eth_tx_clk_i
Path Type: min
Corner: nom_fast_1p32V_m40C

Fanout            Cap           Slew          Delay           Time   Description
---------------------------------------------------------------------------------------------------------
                                        0.000000000    0.000000000   clock eth_tx_clk_i (rise edge)
                                        0.850497305    0.850497305   clock network delay (propagated)
                         0.032700498    0.000000000    0.850497305 ^ _129874_/CLK (sg13g2_dfrbpq_1)
     2    0.011238569    0.029444905    0.121637538    0.972134829 v _129874_/Q (sg13g2_dfrbpq_1)
     1    0.006208426    0.026873555    0.029849123    1.001984000 ^ _089429_/Y (sg13g2_nand3_1)
     1    0.003159595    0.023734046    0.029307779    1.031291723 v _089430_/Y (sg13g2_o21ai_1)
                         0.023734093    0.000063394    1.031355143 v _127814_/D (sg13g2_dfrbpq_1)
                                                       1.031355143   data arrival time

                                        0.000000000    0.000000000   clock eth_tx_clk_i (rise edge)
                                        0.946160197    0.946160197   clock network delay (propagated)
                                        0.250000000    1.196160197   clock uncertainty
                                       -0.082606979    1.113553286   clock reconvergence pessimism
                                                       1.113553286 ^ _127814_/CLK (sg13g2_dfrbpq_1)
                                       -0.020315776    1.093237519   library hold time
                                                       1.093237519   data required time
---------------------------------------------------------------------------------------------------------
                                                       1.093237519   data required time
                                                      -1.031355143   data arrival time
---------------------------------------------------------------------------------------------------------
                                                      -0.061882392   slack (VIOLATED)


Startpoint: _138987_ (rising edge-triggered flip-flop clocked by eth_tx_clk_i)
Endpoint: _138973_ (rising edge-triggered flip-flop clocked by eth_tx_clk_i)
Path Group: eth_tx_clk_i
Path Type: min
Corner: nom_fast_1p32V_m40C

Fanout            Cap           Slew          Delay           Time   Description
---------------------------------------------------------------------------------------------------------
                                        0.000000000    0.000000000   clock eth_tx_clk_i (rise edge)
                                        0.891472697    0.891472697   clock network delay (propagated)
                         0.059156135    0.000000000    0.891472697 ^ _138987_/CLK (sg13g2_dfrbpq_1)
     1    0.003728863    0.014900967    0.119275041    1.010747790 v _138987_/Q (sg13g2_dfrbpq_1)
     7    0.075302556    0.161878541    0.139338210    1.150085926 v _138274_/X (sg13g2_buf_1)
     2    0.009229360    0.031214247    0.126482829    1.276568770 v _138288_/X (sg13g2_mux2_1)
                         0.031214543    0.000161204    1.276729941 v _138973_/D (sg13g2_dfrbpq_1)
                                                       1.276729941   data arrival time

                                        0.000000000    0.000000000   clock eth_tx_clk_i (rise edge)
                                        1.173868299    1.173868299   clock network delay (propagated)
                                        0.250000000    1.423868299   clock uncertainty
                                       -0.084686093    1.339182138   clock reconvergence pessimism
                                                       1.339182138 ^ _138973_/CLK (sg13g2_dfrbpq_1)
                                       -0.004557180    1.334625125   library hold time
                                                       1.334625125   data required time
---------------------------------------------------------------------------------------------------------
                                                       1.334625125   data required time
                                                      -1.276729941   data arrival time
---------------------------------------------------------------------------------------------------------
                                                      -0.057895135   slack (VIOLATED)


Startpoint: _138987_ (rising edge-triggered flip-flop clocked by eth_tx_clk_i)
Endpoint: _138971_ (rising edge-triggered flip-flop clocked by eth_tx_clk_i)
Path Group: eth_tx_clk_i
Path Type: min
Corner: nom_fast_1p32V_m40C

Fanout            Cap           Slew          Delay           Time   Description
---------------------------------------------------------------------------------------------------------
                                        0.000000000    0.000000000   clock eth_tx_clk_i (rise edge)
                                        0.891472697    0.891472697   clock network delay (propagated)
                         0.059156135    0.000000000    0.891472697 ^ _138987_/CLK (sg13g2_dfrbpq_1)
     1    0.003728863    0.014900967    0.119275041    1.010747790 v _138987_/Q (sg13g2_dfrbpq_1)
     7    0.075302556    0.161878541    0.139338210    1.150085926 v _138274_/X (sg13g2_buf_1)
     2    0.009327450    0.031408187    0.126467839    1.276553750 v _138290_/X (sg13g2_mux2_1)
                         0.031412642    0.000367151    1.276920915 v _138971_/D (sg13g2_dfrbpq_1)
                                                       1.276920915   data arrival time

                                        0.000000000    0.000000000   clock eth_tx_clk_i (rise edge)
                                        1.173843026    1.173843026   clock network delay (propagated)
                                        0.250000000    1.423843026   clock uncertainty
                                       -0.084686093    1.339157104   clock reconvergence pessimism
                                                       1.339157104 ^ _138971_/CLK (sg13g2_dfrbpq_1)
                                       -0.004609611    1.334547400   library hold time
                                                       1.334547400   data required time
---------------------------------------------------------------------------------------------------------
                                                       1.334547400   data required time
                                                      -1.276920915   data arrival time
---------------------------------------------------------------------------------------------------------
                                                      -0.057626460   slack (VIOLATED)


Startpoint: _129871_ (rising edge-triggered flip-flop clocked by eth_tx_clk_i)
Endpoint: _129871_ (rising edge-triggered flip-flop clocked by eth_tx_clk_i)
Path Group: eth_tx_clk_i
Path Type: min
Corner: nom_fast_1p32V_m40C

Fanout            Cap           Slew          Delay           Time   Description
---------------------------------------------------------------------------------------------------------
                                        0.000000000    0.000000000   clock eth_tx_clk_i (rise edge)
                                        0.850642622    0.850642622   clock network delay (propagated)
                         0.032737780    0.000000000    0.850642622 ^ _129871_/CLK (sg13g2_dfrbpq_1)
     2    0.011222719    0.029420817    0.121606454    0.972249091 v _129871_/Q (sg13g2_dfrbpq_1)
     1    0.005878640    0.024113435    0.027044257    0.999293327 ^ _100023_/Y (sg13g2_nand2_1)
     1    0.002417154    0.020689538    0.026624149    1.025917530 v _100024_/Y (sg13g2_o21ai_1)
                         0.020689549    0.000032196    1.025949717 v _129871_/D (sg13g2_dfrbpq_1)
                                                       1.025949717   data arrival time

                                        0.000000000    0.000000000   clock eth_tx_clk_i (rise edge)
                                        0.940183938    0.940183938   clock network delay (propagated)
                                        0.250000000    1.190183997   clock uncertainty
                                       -0.089541323    1.100642681   clock reconvergence pessimism
                                                       1.100642681 ^ _129871_/CLK (sg13g2_dfrbpq_1)
                                       -0.020241737    1.080400944   library hold time
                                                       1.080400944   data required time
---------------------------------------------------------------------------------------------------------
                                                       1.080400944   data required time
                                                      -1.025949717   data arrival time
---------------------------------------------------------------------------------------------------------
                                                      -0.054451223   slack (VIOLATED)


Startpoint: _129881_ (rising edge-triggered flip-flop clocked by eth_tx_clk_i)
Endpoint: _131616_ (rising edge-triggered flip-flop clocked by eth_tx_clk_i)
Path Group: eth_tx_clk_i
Path Type: min
Corner: nom_fast_1p32V_m40C

Fanout            Cap           Slew          Delay           Time   Description
---------------------------------------------------------------------------------------------------------
                                        0.000000000    0.000000000   clock eth_tx_clk_i (rise edge)
                                        0.819542825    0.819542825   clock network delay (propagated)
                         0.035647459    0.000000000    0.819542825 ^ _129881_/CLK (sg13g2_dfrbpq_1)
     7    0.055205218    0.146409407    0.197582230    1.017125130 ^ _129881_/Q (sg13g2_dfrbpq_1)
     1    0.007156338    0.032293547    0.071920693    1.089045763 v _110453_/Y (sg13g2_nor3_1)
                         0.032296959    0.000317302    1.089363098 v _131616_/D (sg13g2_dfrbpq_1)
                                                       1.089363098   data arrival time

                                        0.000000000    0.000000000   clock eth_tx_clk_i (rise edge)
                                        0.978124082    0.978124082   clock network delay (propagated)
                                        0.250000000    1.228124022   clock uncertainty
                                       -0.064837083    1.163287044   clock reconvergence pessimism
                                                       1.163287044 ^ _131616_/CLK (sg13g2_dfrbpq_1)
                                       -0.020820327    1.142466545   library hold time
                                                       1.142466545   data required time
---------------------------------------------------------------------------------------------------------
                                                       1.142466545   data required time
                                                      -1.089363098   data arrival time
---------------------------------------------------------------------------------------------------------
                                                      -0.053103521   slack (VIOLATED)


Startpoint: _129872_ (rising edge-triggered flip-flop clocked by eth_tx_clk_i)
Endpoint: _129872_ (rising edge-triggered flip-flop clocked by eth_tx_clk_i)
Path Group: eth_tx_clk_i
Path Type: min
Corner: nom_fast_1p32V_m40C

Fanout            Cap           Slew          Delay           Time   Description
---------------------------------------------------------------------------------------------------------
                                        0.000000000    0.000000000   clock eth_tx_clk_i (rise edge)
                                        0.850079477    0.850079477   clock network delay (propagated)
                         0.032604363    0.000000000    0.850079477 ^ _129872_/CLK (sg13g2_dfrbpq_1)
     2    0.011463717    0.029932579    0.121863082    0.971942544 v _129872_/Q (sg13g2_dfrbpq_1)
     1    0.007153812    0.027251692    0.029754644    1.001697183 ^ _100025_/Y (sg13g2_nand2_1)
     1    0.002173620    0.020371050    0.026641801    1.028339028 v _100026_/Y (sg13g2_o21ai_1)
                         0.020371055    0.000023981    1.028362989 v _129872_/D (sg13g2_dfrbpq_1)
                                                       1.028362989   data arrival time

                                        0.000000000    0.000000000   clock eth_tx_clk_i (rise edge)
                                        0.939561546    0.939561546   clock network delay (propagated)
                                        0.250000000    1.189561605   clock uncertainty
                                       -0.089482091    1.100079536   clock reconvergence pessimism
                                                       1.100079536 ^ _129872_/CLK (sg13g2_dfrbpq_1)
                                       -0.020189250    1.079890251   library hold time
                                                       1.079890251   data required time
---------------------------------------------------------------------------------------------------------
                                                       1.079890251   data required time
                                                      -1.028362989   data arrival time
---------------------------------------------------------------------------------------------------------
                                                      -0.051527228   slack (VIOLATED)


Startpoint: _129813_ (rising edge-triggered flip-flop clocked by eth_tx_clk_i)
Endpoint: _129813_ (rising edge-triggered flip-flop clocked by eth_tx_clk_i)
Path Group: eth_tx_clk_i
Path Type: min
Corner: nom_fast_1p32V_m40C

Fanout            Cap           Slew          Delay           Time   Description
---------------------------------------------------------------------------------------------------------
                                        0.000000000    0.000000000   clock eth_tx_clk_i (rise edge)
                                        0.810870945    0.810870945   clock network delay (propagated)
                         0.039565455    0.000000000    0.810870945 ^ _129813_/CLK (sg13g2_dfrbpq_1)
     3    0.011935335    0.030881150    0.125059411    0.935930371 v _129813_/Q (sg13g2_dfrbpq_1)
     1    0.003986598    0.027567707    0.030490832    0.966421187 ^ _099819_/Y (sg13g2_a21oi_1)
     1    0.005355415    0.018650591    0.024377612    0.990798831 v _099820_/Y (sg13g2_a21oi_1)
                         0.018652689    0.000182743    0.990981519 v _129813_/D (sg13g2_dfrbpq_1)
                                                       0.990981519   data arrival time

                                        0.000000000    0.000000000   clock eth_tx_clk_i (rise edge)
                                        0.896225750    0.896225750   clock network delay (propagated)
                                        0.250000000    1.146225691   clock uncertainty
                                       -0.085354783    1.060871005   clock reconvergence pessimism
                                                       1.060871005 ^ _129813_/CLK (sg13g2_dfrbpq_1)
                                       -0.018684536    1.042186379   library hold time
                                                       1.042186379   data required time
---------------------------------------------------------------------------------------------------------
                                                       1.042186379   data required time
                                                      -0.990981519   data arrival time
---------------------------------------------------------------------------------------------------------
                                                      -0.051204819   slack (VIOLATED)


