Startpoint: _134701_ (rising edge-triggered flip-flop clocked by eth_tx_clk_i)
Endpoint: _129836_ (recovery check against rising-edge clock eth_tx_clk_i)
Path Group: asynchronous
Path Type: max
Corner: nom_slow_1p08V_125C

Fanout            Cap           Slew          Delay           Time   Description
---------------------------------------------------------------------------------------------------------
                                        0.000000000    0.000000000   clock eth_tx_clk_i (rise edge)
                                        1.554751515    1.554751515   clock network delay (propagated)
                         0.070969753    0.000000000    1.554751515 ^ _134701_/CLK (sg13g2_dfrbpq_1)
     2    0.013003066    0.095341772    0.341880530    1.896632075 ^ _134701_/Q (sg13g2_dfrbpq_1)
     8    0.082655184    0.525475860    0.497355729    2.393987656 ^ fanout5781/X (sg13g2_buf_1)
     4    0.060828701    0.389470905    0.525904238    2.919892073 ^ fanout5780/X (sg13g2_buf_1)
     5    0.040530764    0.264644653    0.408990860    3.328882933 ^ fanout5777/X (sg13g2_buf_1)
     7    0.060225196    0.386463553    0.456198871    3.785081625 ^ fanout5776/X (sg13g2_buf_1)
     8    0.063897602    0.408957213    0.507497609    4.292579174 ^ fanout5775/X (sg13g2_buf_1)
                         0.408957213    0.001092460    4.293671608 ^ _129836_/RESET_B (sg13g2_dfrbpq_1)
                                                       4.293671608   data arrival time

                                        8.000000000    8.000000000   clock eth_tx_clk_i (rise edge)
                                        1.387620091    9.387619972   clock network delay (propagated)
                                       -0.250000000    9.137619972   clock uncertainty
                                        0.104306564    9.241926193   clock reconvergence pessimism
                                                       9.241926193 ^ _129836_/CLK (sg13g2_dfrbpq_1)
                                       -0.342936814    8.898989677   library recovery time
                                                       8.898989677   data required time
---------------------------------------------------------------------------------------------------------
                                                       8.898989677   data required time
                                                      -4.293671608   data arrival time
---------------------------------------------------------------------------------------------------------
                                                       4.605317593   slack (MET)


Startpoint: _134701_ (rising edge-triggered flip-flop clocked by eth_tx_clk_i)
Endpoint: _129811_ (recovery check against rising-edge clock eth_tx_clk_i)
Path Group: asynchronous
Path Type: max
Corner: nom_slow_1p08V_125C

Fanout            Cap           Slew          Delay           Time   Description
---------------------------------------------------------------------------------------------------------
                                        0.000000000    0.000000000   clock eth_tx_clk_i (rise edge)
                                        1.554751515    1.554751515   clock network delay (propagated)
                         0.070969753    0.000000000    1.554751515 ^ _134701_/CLK (sg13g2_dfrbpq_1)
     2    0.013003066    0.095341772    0.341880530    1.896632075 ^ _134701_/Q (sg13g2_dfrbpq_1)
     8    0.082655184    0.525475860    0.497355729    2.393987656 ^ fanout5781/X (sg13g2_buf_1)
     4    0.060828701    0.389470905    0.525904238    2.919892073 ^ fanout5780/X (sg13g2_buf_1)
     5    0.040530764    0.264644653    0.408990860    3.328882933 ^ fanout5777/X (sg13g2_buf_1)
     7    0.060225196    0.386463553    0.456198871    3.785081625 ^ fanout5776/X (sg13g2_buf_1)
     8    0.063897602    0.408957213    0.507497609    4.292579174 ^ fanout5775/X (sg13g2_buf_1)
                         0.409118265    0.003780087    4.296359539 ^ _129811_/RESET_B (sg13g2_dfrbpq_1)
                                                       4.296359539   data arrival time

                                        8.000000000    8.000000000   clock eth_tx_clk_i (rise edge)
                                        1.399308681    9.399308205   clock network delay (propagated)
                                       -0.250000000    9.149308205   clock uncertainty
                                        0.104306564    9.253615379   clock reconvergence pessimism
                                                       9.253615379 ^ _129811_/CLK (sg13g2_dfrbpq_1)
                                       -0.341452509    8.912162781   library recovery time
                                                       8.912162781   data required time
---------------------------------------------------------------------------------------------------------
                                                       8.912162781   data required time
                                                      -4.296359539   data arrival time
---------------------------------------------------------------------------------------------------------
                                                       4.615803242   slack (MET)


Startpoint: _134701_ (rising edge-triggered flip-flop clocked by eth_tx_clk_i)
Endpoint: _129810_ (recovery check against rising-edge clock eth_tx_clk_i)
Path Group: asynchronous
Path Type: max
Corner: nom_slow_1p08V_125C

Fanout            Cap           Slew          Delay           Time   Description
---------------------------------------------------------------------------------------------------------
                                        0.000000000    0.000000000   clock eth_tx_clk_i (rise edge)
                                        1.554751515    1.554751515   clock network delay (propagated)
                         0.070969753    0.000000000    1.554751515 ^ _134701_/CLK (sg13g2_dfrbpq_1)
     2    0.013003066    0.095341772    0.341880530    1.896632075 ^ _134701_/Q (sg13g2_dfrbpq_1)
     8    0.082655184    0.525475860    0.497355729    2.393987656 ^ fanout5781/X (sg13g2_buf_1)
     4    0.060828701    0.389470905    0.525904238    2.919892073 ^ fanout5780/X (sg13g2_buf_1)
     5    0.040530764    0.264644653    0.408990860    3.328882933 ^ fanout5777/X (sg13g2_buf_1)
     7    0.060225196    0.386463553    0.456198871    3.785081625 ^ fanout5776/X (sg13g2_buf_1)
     8    0.063897602    0.408957213    0.507497609    4.292579174 ^ fanout5775/X (sg13g2_buf_1)
                         0.409113407    0.003573586    4.296153069 ^ _129810_/RESET_B (sg13g2_dfrbpq_1)
                                                       4.296153069   data arrival time

                                        8.000000000    8.000000000   clock eth_tx_clk_i (rise edge)
                                        1.399281859    9.399281502   clock network delay (propagated)
                                       -0.250000000    9.149281502   clock uncertainty
                                        0.104306564    9.253588676   clock reconvergence pessimism
                                                       9.253588676 ^ _129810_/CLK (sg13g2_dfrbpq_1)
                                       -0.341451585    8.912137032   library recovery time
                                                       8.912137032   data required time
---------------------------------------------------------------------------------------------------------
                                                       8.912137032   data required time
                                                      -4.296153069   data arrival time
---------------------------------------------------------------------------------------------------------
                                                       4.615983963   slack (MET)


Startpoint: _134701_ (rising edge-triggered flip-flop clocked by eth_tx_clk_i)
Endpoint: _129834_ (recovery check against rising-edge clock eth_tx_clk_i)
Path Group: asynchronous
Path Type: max
Corner: nom_slow_1p08V_125C

Fanout            Cap           Slew          Delay           Time   Description
---------------------------------------------------------------------------------------------------------
                                        0.000000000    0.000000000   clock eth_tx_clk_i (rise edge)
                                        1.554751515    1.554751515   clock network delay (propagated)
                         0.070969753    0.000000000    1.554751515 ^ _134701_/CLK (sg13g2_dfrbpq_1)
     2    0.013003066    0.095341772    0.341880530    1.896632075 ^ _134701_/Q (sg13g2_dfrbpq_1)
     8    0.082655184    0.525475860    0.497355729    2.393987656 ^ fanout5781/X (sg13g2_buf_1)
     4    0.060828701    0.389470905    0.525904238    2.919892073 ^ fanout5780/X (sg13g2_buf_1)
     5    0.040530764    0.264644653    0.408990860    3.328882933 ^ fanout5777/X (sg13g2_buf_1)
     7    0.060225196    0.386463553    0.456198871    3.785081625 ^ fanout5776/X (sg13g2_buf_1)
     8    0.063897602    0.408957213    0.507497609    4.292579174 ^ fanout5775/X (sg13g2_buf_1)
                         0.409109265    0.003387957    4.295967102 ^ _129834_/RESET_B (sg13g2_dfrbpq_1)
                                                       4.295967102   data arrival time

                                        8.000000000    8.000000000   clock eth_tx_clk_i (rise edge)
                                        1.399192452    9.399192810   clock network delay (propagated)
                                       -0.250000000    9.149192810   clock uncertainty
                                        0.104306564    9.253499985   clock reconvergence pessimism
                                                       9.253499985 ^ _129834_/CLK (sg13g2_dfrbpq_1)
                                       -0.341453224    8.912046432   library recovery time
                                                       8.912046432   data required time
---------------------------------------------------------------------------------------------------------
                                                       8.912046432   data required time
                                                      -4.295967102   data arrival time
---------------------------------------------------------------------------------------------------------
                                                       4.616079330   slack (MET)


Startpoint: _134701_ (rising edge-triggered flip-flop clocked by eth_tx_clk_i)
Endpoint: _129819_ (recovery check against rising-edge clock eth_tx_clk_i)
Path Group: asynchronous
Path Type: max
Corner: nom_slow_1p08V_125C

Fanout            Cap           Slew          Delay           Time   Description
---------------------------------------------------------------------------------------------------------
                                        0.000000000    0.000000000   clock eth_tx_clk_i (rise edge)
                                        1.554751515    1.554751515   clock network delay (propagated)
                         0.070969753    0.000000000    1.554751515 ^ _134701_/CLK (sg13g2_dfrbpq_1)
     2    0.013003066    0.095341772    0.341880530    1.896632075 ^ _134701_/Q (sg13g2_dfrbpq_1)
     8    0.082655184    0.525475860    0.497355729    2.393987656 ^ fanout5781/X (sg13g2_buf_1)
     4    0.060828701    0.389470905    0.525904238    2.919892073 ^ fanout5780/X (sg13g2_buf_1)
     5    0.040530764    0.264644653    0.408990860    3.328882933 ^ fanout5777/X (sg13g2_buf_1)
     7    0.060225196    0.386463553    0.456198871    3.785081625 ^ fanout5776/X (sg13g2_buf_1)
     8    0.063897602    0.408957213    0.507497609    4.292579174 ^ fanout5775/X (sg13g2_buf_1)
                         0.409118503    0.003791190    4.296370506 ^ _129819_/RESET_B (sg13g2_dfrbpq_1)
                                                       4.296370506   data arrival time

                                        8.000000000    8.000000000   clock eth_tx_clk_i (rise edge)
                                        1.399635792    9.399636269   clock network delay (propagated)
                                       -0.250000000    9.149636269   clock uncertainty
                                        0.104306564    9.253942490   clock reconvergence pessimism
                                                       9.253942490 ^ _129819_/CLK (sg13g2_dfrbpq_1)
                                       -0.341440052    8.912503242   library recovery time
                                                       8.912503242   data required time
---------------------------------------------------------------------------------------------------------
                                                       8.912503242   data required time
                                                      -4.296370506   data arrival time
---------------------------------------------------------------------------------------------------------
                                                       4.616132259   slack (MET)


Startpoint: _134701_ (rising edge-triggered flip-flop clocked by eth_tx_clk_i)
Endpoint: _129818_ (recovery check against rising-edge clock eth_tx_clk_i)
Path Group: asynchronous
Path Type: max
Corner: nom_slow_1p08V_125C

Fanout            Cap           Slew          Delay           Time   Description
---------------------------------------------------------------------------------------------------------
                                        0.000000000    0.000000000   clock eth_tx_clk_i (rise edge)
                                        1.554751515    1.554751515   clock network delay (propagated)
                         0.070969753    0.000000000    1.554751515 ^ _134701_/CLK (sg13g2_dfrbpq_1)
     2    0.013003066    0.095341772    0.341880530    1.896632075 ^ _134701_/Q (sg13g2_dfrbpq_1)
     8    0.082655184    0.525475860    0.497355729    2.393987656 ^ fanout5781/X (sg13g2_buf_1)
     4    0.060828701    0.389470905    0.525904238    2.919892073 ^ fanout5780/X (sg13g2_buf_1)
     5    0.040530764    0.264644653    0.408990860    3.328882933 ^ fanout5777/X (sg13g2_buf_1)
     7    0.060225196    0.386463553    0.456198871    3.785081625 ^ fanout5776/X (sg13g2_buf_1)
     8    0.063897602    0.408957213    0.507497609    4.292579174 ^ fanout5775/X (sg13g2_buf_1)
                         0.409118146    0.003776091    4.296355247 ^ _129818_/RESET_B (sg13g2_dfrbpq_1)
                                                       4.296355247   data arrival time

                                        8.000000000    8.000000000   clock eth_tx_clk_i (rise edge)
                                        1.399926305    9.399926186   clock network delay (propagated)
                                       -0.250000000    9.149926186   clock uncertainty
                                        0.104306564    9.254233360   clock reconvergence pessimism
                                                       9.254233360 ^ _129818_/CLK (sg13g2_dfrbpq_1)
                                       -0.341427982    8.912804604   library recovery time
                                                       8.912804604   data required time
---------------------------------------------------------------------------------------------------------
                                                       8.912804604   data required time
                                                      -4.296355247   data arrival time
---------------------------------------------------------------------------------------------------------
                                                       4.616449356   slack (MET)


Startpoint: _134701_ (rising edge-triggered flip-flop clocked by eth_tx_clk_i)
Endpoint: _134520_ (recovery check against rising-edge clock eth_tx_clk_i)
Path Group: asynchronous
Path Type: max
Corner: nom_slow_1p08V_125C

Fanout            Cap           Slew          Delay           Time   Description
---------------------------------------------------------------------------------------------------------
                                        0.000000000    0.000000000   clock eth_tx_clk_i (rise edge)
                                        1.554751515    1.554751515   clock network delay (propagated)
                         0.070969753    0.000000000    1.554751515 ^ _134701_/CLK (sg13g2_dfrbpq_1)
     2    0.013003066    0.095341772    0.341880530    1.896632075 ^ _134701_/Q (sg13g2_dfrbpq_1)
     8    0.082655184    0.525475860    0.497355729    2.393987656 ^ fanout5781/X (sg13g2_buf_1)
     4    0.060828701    0.389470905    0.525904238    2.919892073 ^ fanout5780/X (sg13g2_buf_1)
     5    0.040530764    0.264644653    0.408990860    3.328882933 ^ fanout5777/X (sg13g2_buf_1)
     7    0.060225196    0.386463553    0.456198871    3.785081625 ^ fanout5776/X (sg13g2_buf_1)
     8    0.063897602    0.408957213    0.507497609    4.292579174 ^ fanout5775/X (sg13g2_buf_1)
                         0.409105808    0.003225864    4.295804977 ^ _134520_/RESET_B (sg13g2_dfrbpq_1)
                                                       4.295804977   data arrival time

                                        8.000000000    8.000000000   clock eth_tx_clk_i (rise edge)
                                        1.400365114    9.400364876   clock network delay (propagated)
                                       -0.250000000    9.150364876   clock uncertainty
                                        0.104306564    9.254672050   clock reconvergence pessimism
                                                       9.254672050 ^ _134520_/CLK (sg13g2_dfrbpq_1)
                                       -0.341403902    8.913268089   library recovery time
                                                       8.913268089   data required time
---------------------------------------------------------------------------------------------------------
                                                       8.913268089   data required time
                                                      -4.295804977   data arrival time
---------------------------------------------------------------------------------------------------------
                                                       4.617462635   slack (MET)


Startpoint: _134701_ (rising edge-triggered flip-flop clocked by eth_tx_clk_i)
Endpoint: _129814_ (recovery check against rising-edge clock eth_tx_clk_i)
Path Group: asynchronous
Path Type: max
Corner: nom_slow_1p08V_125C

Fanout            Cap           Slew          Delay           Time   Description
---------------------------------------------------------------------------------------------------------
                                        0.000000000    0.000000000   clock eth_tx_clk_i (rise edge)
                                        1.554751515    1.554751515   clock network delay (propagated)
                         0.070969753    0.000000000    1.554751515 ^ _134701_/CLK (sg13g2_dfrbpq_1)
     2    0.013003066    0.095341772    0.341880530    1.896632075 ^ _134701_/Q (sg13g2_dfrbpq_1)
     8    0.082655184    0.525475860    0.497355729    2.393987656 ^ fanout5781/X (sg13g2_buf_1)
     4    0.060828701    0.389470905    0.525904238    2.919892073 ^ fanout5780/X (sg13g2_buf_1)
     5    0.040530764    0.264644653    0.408990860    3.328882933 ^ fanout5777/X (sg13g2_buf_1)
     7    0.060225196    0.386463553    0.456198871    3.785081625 ^ fanout5776/X (sg13g2_buf_1)
     8    0.063897602    0.408957213    0.507497609    4.292579174 ^ fanout5775/X (sg13g2_buf_1)
                         0.409082830    0.001774581    4.294353962 ^ _129814_/RESET_B (sg13g2_dfrbpq_1)
                                                       4.294353962   data arrival time

                                        8.000000000    8.000000000   clock eth_tx_clk_i (rise edge)
                                        1.399406552    9.399406433   clock network delay (propagated)
                                       -0.250000000    9.149406433   clock uncertainty
                                        0.104306564    9.253713608   clock reconvergence pessimism
                                                       9.253713608 ^ _129814_/CLK (sg13g2_dfrbpq_1)
                                       -0.341434985    8.912278175   library recovery time
                                                       8.912278175   data required time
---------------------------------------------------------------------------------------------------------
                                                       8.912278175   data required time
                                                      -4.294353962   data arrival time
---------------------------------------------------------------------------------------------------------
                                                       4.617924213   slack (MET)


Startpoint: _134701_ (rising edge-triggered flip-flop clocked by eth_tx_clk_i)
Endpoint: _129841_ (recovery check against rising-edge clock eth_tx_clk_i)
Path Group: asynchronous
Path Type: max
Corner: nom_slow_1p08V_125C

Fanout            Cap           Slew          Delay           Time   Description
---------------------------------------------------------------------------------------------------------
                                        0.000000000    0.000000000   clock eth_tx_clk_i (rise edge)
                                        1.554751515    1.554751515   clock network delay (propagated)
                         0.070969753    0.000000000    1.554751515 ^ _134701_/CLK (sg13g2_dfrbpq_1)
     2    0.013003066    0.095341772    0.341880530    1.896632075 ^ _134701_/Q (sg13g2_dfrbpq_1)
     8    0.082655184    0.525475860    0.497355729    2.393987656 ^ fanout5781/X (sg13g2_buf_1)
     4    0.060828701    0.389470905    0.525904238    2.919892073 ^ fanout5780/X (sg13g2_buf_1)
     5    0.040530764    0.264644653    0.408990860    3.328882933 ^ fanout5777/X (sg13g2_buf_1)
     8    0.063904554    0.409823239    0.469264418    3.798147202 ^ fanout5774/X (sg13g2_buf_1)
                         0.410228699    0.011209256    3.809356451 ^ _129841_/RESET_B (sg13g2_dfrbpq_1)
                                                       3.809356451   data arrival time

                                        8.000000000    8.000000000   clock eth_tx_clk_i (rise edge)
                                        1.388609290    9.388608932   clock network delay (propagated)
                                       -0.250000000    9.138608932   clock uncertainty
                                        0.104306564    9.242916107   clock reconvergence pessimism
                                                       9.242916107 ^ _129841_/CLK (sg13g2_dfrbpq_1)
                                       -0.343422830    8.899493217   library recovery time
                                                       8.899493217   data required time
---------------------------------------------------------------------------------------------------------
                                                       8.899493217   data required time
                                                      -3.809356451   data arrival time
---------------------------------------------------------------------------------------------------------
                                                       5.090136528   slack (MET)


Startpoint: _134701_ (rising edge-triggered flip-flop clocked by eth_tx_clk_i)
Endpoint: _129840_ (recovery check against rising-edge clock eth_tx_clk_i)
Path Group: asynchronous
Path Type: max
Corner: nom_slow_1p08V_125C

Fanout            Cap           Slew          Delay           Time   Description
---------------------------------------------------------------------------------------------------------
                                        0.000000000    0.000000000   clock eth_tx_clk_i (rise edge)
                                        1.554751515    1.554751515   clock network delay (propagated)
                         0.070969753    0.000000000    1.554751515 ^ _134701_/CLK (sg13g2_dfrbpq_1)
     2    0.013003066    0.095341772    0.341880530    1.896632075 ^ _134701_/Q (sg13g2_dfrbpq_1)
     8    0.082655184    0.525475860    0.497355729    2.393987656 ^ fanout5781/X (sg13g2_buf_1)
     4    0.060828701    0.389470905    0.525904238    2.919892073 ^ fanout5780/X (sg13g2_buf_1)
     5    0.040530764    0.264644653    0.408990860    3.328882933 ^ fanout5777/X (sg13g2_buf_1)
     8    0.063904554    0.409823239    0.469264418    3.798147202 ^ fanout5774/X (sg13g2_buf_1)
                         0.410222560    0.011126655    3.809273958 ^ _129840_/RESET_B (sg13g2_dfrbpq_1)
                                                       3.809273958   data arrival time

                                        8.000000000    8.000000000   clock eth_tx_clk_i (rise edge)
                                        1.388711214    9.388710976   clock network delay (propagated)
                                       -0.250000000    9.138710976   clock uncertainty
                                        0.104306564    9.243018150   clock reconvergence pessimism
                                                       9.243018150 ^ _129840_/CLK (sg13g2_dfrbpq_1)
                                       -0.343418658    8.899599075   library recovery time
                                                       8.899599075   data required time
---------------------------------------------------------------------------------------------------------
                                                       8.899599075   data required time
                                                      -3.809273958   data arrival time
---------------------------------------------------------------------------------------------------------
                                                       5.090325832   slack (MET)


Startpoint: _134701_ (rising edge-triggered flip-flop clocked by eth_tx_clk_i)
Endpoint: _129812_ (recovery check against rising-edge clock eth_tx_clk_i)
Path Group: asynchronous
Path Type: max
Corner: nom_slow_1p08V_125C

Fanout            Cap           Slew          Delay           Time   Description
---------------------------------------------------------------------------------------------------------
                                        0.000000000    0.000000000   clock eth_tx_clk_i (rise edge)
                                        1.554751515    1.554751515   clock network delay (propagated)
                         0.070969753    0.000000000    1.554751515 ^ _134701_/CLK (sg13g2_dfrbpq_1)
     2    0.013003066    0.095341772    0.341880530    1.896632075 ^ _134701_/Q (sg13g2_dfrbpq_1)
     8    0.082655184    0.525475860    0.497355729    2.393987656 ^ fanout5781/X (sg13g2_buf_1)
     4    0.060828701    0.389470905    0.525904238    2.919892073 ^ fanout5780/X (sg13g2_buf_1)
     5    0.040530764    0.264644653    0.408990860    3.328882933 ^ fanout5777/X (sg13g2_buf_1)
     8    0.063904554    0.409823239    0.469264418    3.798147202 ^ fanout5774/X (sg13g2_buf_1)
                         0.410136312    0.009879209    3.808026552 ^ _129812_/RESET_B (sg13g2_dfrbpq_1)
                                                       3.808026552   data arrival time

                                        8.000000000    8.000000000   clock eth_tx_clk_i (rise edge)
                                        1.389297843    9.389297485   clock network delay (propagated)
                                       -0.250000000    9.139297485   clock uncertainty
                                        0.104306564    9.243604660   clock reconvergence pessimism
                                                       9.243604660 ^ _129812_/CLK (sg13g2_dfrbpq_1)
                                       -0.343372881    8.900232315   library recovery time
                                                       8.900232315   data required time
---------------------------------------------------------------------------------------------------------
                                                       8.900232315   data required time
                                                      -3.808026552   data arrival time
---------------------------------------------------------------------------------------------------------
                                                       5.092205524   slack (MET)


Startpoint: _134701_ (rising edge-triggered flip-flop clocked by eth_tx_clk_i)
Endpoint: _129813_ (recovery check against rising-edge clock eth_tx_clk_i)
Path Group: asynchronous
Path Type: max
Corner: nom_slow_1p08V_125C

Fanout            Cap           Slew          Delay           Time   Description
---------------------------------------------------------------------------------------------------------
                                        0.000000000    0.000000000   clock eth_tx_clk_i (rise edge)
                                        1.554751515    1.554751515   clock network delay (propagated)
                         0.070969753    0.000000000    1.554751515 ^ _134701_/CLK (sg13g2_dfrbpq_1)
     2    0.013003066    0.095341772    0.341880530    1.896632075 ^ _134701_/Q (sg13g2_dfrbpq_1)
     8    0.082655184    0.525475860    0.497355729    2.393987656 ^ fanout5781/X (sg13g2_buf_1)
     4    0.060828701    0.389470905    0.525904238    2.919892073 ^ fanout5780/X (sg13g2_buf_1)
     5    0.040530764    0.264644653    0.408990860    3.328882933 ^ fanout5777/X (sg13g2_buf_1)
     8    0.063904554    0.409823239    0.469264418    3.798147202 ^ fanout5774/X (sg13g2_buf_1)
                         0.410100877    0.009316104    3.807463408 ^ _129813_/RESET_B (sg13g2_dfrbpq_1)
                                                       3.807463408   data arrival time

                                        8.000000000    8.000000000   clock eth_tx_clk_i (rise edge)
                                        1.389314294    9.389314651   clock network delay (propagated)
                                       -0.250000000    9.139314651   clock uncertainty
                                        0.104306564    9.243620872   clock reconvergence pessimism
                                                       9.243620872 ^ _129813_/CLK (sg13g2_dfrbpq_1)
                                       -0.343358636    8.900262833   library recovery time
                                                       8.900262833   data required time
---------------------------------------------------------------------------------------------------------
                                                       8.900262833   data required time
                                                      -3.807463408   data arrival time
---------------------------------------------------------------------------------------------------------
                                                       5.092799664   slack (MET)


Startpoint: _134701_ (rising edge-triggered flip-flop clocked by eth_tx_clk_i)
Endpoint: _129815_ (recovery check against rising-edge clock eth_tx_clk_i)
Path Group: asynchronous
Path Type: max
Corner: nom_slow_1p08V_125C

Fanout            Cap           Slew          Delay           Time   Description
---------------------------------------------------------------------------------------------------------
                                        0.000000000    0.000000000   clock eth_tx_clk_i (rise edge)
                                        1.554751515    1.554751515   clock network delay (propagated)
                         0.070969753    0.000000000    1.554751515 ^ _134701_/CLK (sg13g2_dfrbpq_1)
     2    0.013003066    0.095341772    0.341880530    1.896632075 ^ _134701_/Q (sg13g2_dfrbpq_1)
     8    0.082655184    0.525475860    0.497355729    2.393987656 ^ fanout5781/X (sg13g2_buf_1)
     4    0.060828701    0.389470905    0.525904238    2.919892073 ^ fanout5780/X (sg13g2_buf_1)
     5    0.040530764    0.264644653    0.408990860    3.328882933 ^ fanout5777/X (sg13g2_buf_1)
     8    0.063904554    0.409823239    0.469264418    3.798147202 ^ fanout5774/X (sg13g2_buf_1)
                         0.410169661    0.010380586    3.808527708 ^ _129815_/RESET_B (sg13g2_dfrbpq_1)
                                                       3.808527708   data arrival time

                                        8.000000000    8.000000000   clock eth_tx_clk_i (rise edge)
                                        1.390570045    9.390570641   clock network delay (propagated)
                                       -0.250000000    9.140570641   clock uncertainty
                                        0.104306564    9.244876862   clock reconvergence pessimism
                                                       9.244876862 ^ _129815_/CLK (sg13g2_dfrbpq_1)
                                       -0.343348950    8.901527405   library recovery time
                                                       8.901527405   data required time
---------------------------------------------------------------------------------------------------------
                                                       8.901527405   data required time
                                                      -3.808527708   data arrival time
---------------------------------------------------------------------------------------------------------
                                                       5.092999935   slack (MET)


Startpoint: _134701_ (rising edge-triggered flip-flop clocked by eth_tx_clk_i)
Endpoint: _129817_ (recovery check against rising-edge clock eth_tx_clk_i)
Path Group: asynchronous
Path Type: max
Corner: nom_slow_1p08V_125C

Fanout            Cap           Slew          Delay           Time   Description
---------------------------------------------------------------------------------------------------------
                                        0.000000000    0.000000000   clock eth_tx_clk_i (rise edge)
                                        1.554751515    1.554751515   clock network delay (propagated)
                         0.070969753    0.000000000    1.554751515 ^ _134701_/CLK (sg13g2_dfrbpq_1)
     2    0.013003066    0.095341772    0.341880530    1.896632075 ^ _134701_/Q (sg13g2_dfrbpq_1)
     8    0.082655184    0.525475860    0.497355729    2.393987656 ^ fanout5781/X (sg13g2_buf_1)
     4    0.060828701    0.389470905    0.525904238    2.919892073 ^ fanout5780/X (sg13g2_buf_1)
     5    0.040530764    0.264644653    0.408990860    3.328882933 ^ fanout5777/X (sg13g2_buf_1)
     8    0.063904554    0.409823239    0.469264418    3.798147202 ^ fanout5774/X (sg13g2_buf_1)
                         0.410199195    0.010803803    3.808951139 ^ _129817_/RESET_B (sg13g2_dfrbpq_1)
                                                       3.808951139   data arrival time

                                        8.000000000    8.000000000   clock eth_tx_clk_i (rise edge)
                                        1.417864561    9.417863846   clock network delay (propagated)
                                       -0.250000000    9.167863846   clock uncertainty
                                        0.104306564    9.272171021   clock reconvergence pessimism
                                                       9.272171021 ^ _129817_/CLK (sg13g2_dfrbpq_1)
                                       -0.344993174    8.927177429   library recovery time
                                                       8.927177429   data required time
---------------------------------------------------------------------------------------------------------
                                                       8.927177429   data required time
                                                      -3.808951139   data arrival time
---------------------------------------------------------------------------------------------------------
                                                       5.118226528   slack (MET)


Startpoint: _134701_ (rising edge-triggered flip-flop clocked by eth_tx_clk_i)
Endpoint: _129816_ (recovery check against rising-edge clock eth_tx_clk_i)
Path Group: asynchronous
Path Type: max
Corner: nom_slow_1p08V_125C

Fanout            Cap           Slew          Delay           Time   Description
---------------------------------------------------------------------------------------------------------
                                        0.000000000    0.000000000   clock eth_tx_clk_i (rise edge)
                                        1.554751515    1.554751515   clock network delay (propagated)
                         0.070969753    0.000000000    1.554751515 ^ _134701_/CLK (sg13g2_dfrbpq_1)
     2    0.013003066    0.095341772    0.341880530    1.896632075 ^ _134701_/Q (sg13g2_dfrbpq_1)
     8    0.082655184    0.525475860    0.497355729    2.393987656 ^ fanout5781/X (sg13g2_buf_1)
     4    0.060828701    0.389470905    0.525904238    2.919892073 ^ fanout5780/X (sg13g2_buf_1)
     5    0.040530764    0.264644653    0.408990860    3.328882933 ^ fanout5777/X (sg13g2_buf_1)
     8    0.063904554    0.409823239    0.469264418    3.798147202 ^ fanout5774/X (sg13g2_buf_1)
                         0.410192639    0.010711432    3.808858633 ^ _129816_/RESET_B (sg13g2_dfrbpq_1)
                                                       3.808858633   data arrival time

                                        8.000000000    8.000000000   clock eth_tx_clk_i (rise edge)
                                        1.417985797    9.417985916   clock network delay (propagated)
                                       -0.250000000    9.167985916   clock uncertainty
                                        0.104306564    9.272292137   clock reconvergence pessimism
                                                       9.272292137 ^ _129816_/CLK (sg13g2_dfrbpq_1)
                                       -0.344984591    8.927308083   library recovery time
                                                       8.927308083   data required time
---------------------------------------------------------------------------------------------------------
                                                       8.927308083   data required time
                                                      -3.808858633   data arrival time
---------------------------------------------------------------------------------------------------------
                                                       5.118449211   slack (MET)


Startpoint: _134701_ (rising edge-triggered flip-flop clocked by eth_tx_clk_i)
Endpoint: _129809_ (recovery check against rising-edge clock eth_tx_clk_i)
Path Group: asynchronous
Path Type: max
Corner: nom_slow_1p08V_125C

Fanout            Cap           Slew          Delay           Time   Description
---------------------------------------------------------------------------------------------------------
                                        0.000000000    0.000000000   clock eth_tx_clk_i (rise edge)
                                        1.554751515    1.554751515   clock network delay (propagated)
                         0.070969753    0.000000000    1.554751515 ^ _134701_/CLK (sg13g2_dfrbpq_1)
     2    0.013003066    0.095341772    0.341880530    1.896632075 ^ _134701_/Q (sg13g2_dfrbpq_1)
     8    0.082655184    0.525475860    0.497355729    2.393987656 ^ fanout5781/X (sg13g2_buf_1)
     4    0.060828701    0.389470905    0.525904238    2.919892073 ^ fanout5780/X (sg13g2_buf_1)
     5    0.040530764    0.264644653    0.408990860    3.328882933 ^ fanout5777/X (sg13g2_buf_1)
     7    0.060225196    0.386463553    0.456198871    3.785081625 ^ fanout5776/X (sg13g2_buf_1)
                         0.386613876    0.006659562    3.791741133 ^ _129809_/RESET_B (sg13g2_dfrbpq_1)
                                                       3.791741133   data arrival time

                                        8.000000000    8.000000000   clock eth_tx_clk_i (rise edge)
                                        1.397345424    9.397345543   clock network delay (propagated)
                                       -0.250000000    9.147345543   clock uncertainty
                                        0.104306564    9.251651764   clock reconvergence pessimism
                                                       9.251651764 ^ _129809_/CLK (sg13g2_dfrbpq_1)
                                       -0.332696825    8.918955803   library recovery time
                                                       8.918955803   data required time
---------------------------------------------------------------------------------------------------------
                                                       8.918955803   data required time
                                                      -3.791741133   data arrival time
---------------------------------------------------------------------------------------------------------
                                                       5.127214432   slack (MET)


Startpoint: _134701_ (rising edge-triggered flip-flop clocked by eth_tx_clk_i)
Endpoint: _129820_ (recovery check against rising-edge clock eth_tx_clk_i)
Path Group: asynchronous
Path Type: max
Corner: nom_slow_1p08V_125C

Fanout            Cap           Slew          Delay           Time   Description
---------------------------------------------------------------------------------------------------------
                                        0.000000000    0.000000000   clock eth_tx_clk_i (rise edge)
                                        1.554751515    1.554751515   clock network delay (propagated)
                         0.070969753    0.000000000    1.554751515 ^ _134701_/CLK (sg13g2_dfrbpq_1)
     2    0.013003066    0.095341772    0.341880530    1.896632075 ^ _134701_/Q (sg13g2_dfrbpq_1)
     8    0.082655184    0.525475860    0.497355729    2.393987656 ^ fanout5781/X (sg13g2_buf_1)
     4    0.060828701    0.389470905    0.525904238    2.919892073 ^ fanout5780/X (sg13g2_buf_1)
     5    0.040530764    0.264644653    0.408990860    3.328882933 ^ fanout5777/X (sg13g2_buf_1)
     7    0.060225196    0.386463553    0.456198871    3.785081625 ^ fanout5776/X (sg13g2_buf_1)
                         0.386608511    0.006541434    3.791623116 ^ _129820_/RESET_B (sg13g2_dfrbpq_1)
                                                       3.791623116   data arrival time

                                        8.000000000    8.000000000   clock eth_tx_clk_i (rise edge)
                                        1.397428513    9.397428513   clock network delay (propagated)
                                       -0.250000000    9.147428513   clock uncertainty
                                        0.104306564    9.251735687   clock reconvergence pessimism
                                                       9.251735687 ^ _129820_/CLK (sg13g2_dfrbpq_1)
                                       -0.332693011    8.919042587   library recovery time
                                                       8.919042587   data required time
---------------------------------------------------------------------------------------------------------
                                                       8.919042587   data required time
                                                      -3.791623116   data arrival time
---------------------------------------------------------------------------------------------------------
                                                       5.127419472   slack (MET)


Startpoint: _134701_ (rising edge-triggered flip-flop clocked by eth_tx_clk_i)
Endpoint: _134521_ (recovery check against rising-edge clock eth_tx_clk_i)
Path Group: asynchronous
Path Type: max
Corner: nom_slow_1p08V_125C

Fanout            Cap           Slew          Delay           Time   Description
---------------------------------------------------------------------------------------------------------
                                        0.000000000    0.000000000   clock eth_tx_clk_i (rise edge)
                                        1.554751515    1.554751515   clock network delay (propagated)
                         0.070969753    0.000000000    1.554751515 ^ _134701_/CLK (sg13g2_dfrbpq_1)
     2    0.013003066    0.095341772    0.341880530    1.896632075 ^ _134701_/Q (sg13g2_dfrbpq_1)
     8    0.082655184    0.525475860    0.497355729    2.393987656 ^ fanout5781/X (sg13g2_buf_1)
     4    0.060828701    0.389470905    0.525904238    2.919892073 ^ fanout5780/X (sg13g2_buf_1)
     5    0.040530764    0.264644653    0.408990860    3.328882933 ^ fanout5777/X (sg13g2_buf_1)
     7    0.060225196    0.386463553    0.456198871    3.785081625 ^ fanout5776/X (sg13g2_buf_1)
                         0.386586398    0.006031620    3.791113377 ^ _134521_/RESET_B (sg13g2_dfrbpq_1)
                                                       3.791113377   data arrival time

                                        8.000000000    8.000000000   clock eth_tx_clk_i (rise edge)
                                        1.398321867    9.398321152   clock network delay (propagated)
                                       -0.250000000    9.148321152   clock uncertainty
                                        0.104306564    9.252628326   clock reconvergence pessimism
                                                       9.252628326 ^ _134521_/CLK (sg13g2_dfrbpq_1)
                                       -0.332662255    8.919966698   library recovery time
                                                       8.919966698   data required time
---------------------------------------------------------------------------------------------------------
                                                       8.919966698   data required time
                                                      -3.791113377   data arrival time
---------------------------------------------------------------------------------------------------------
                                                       5.128852844   slack (MET)


Startpoint: _134701_ (rising edge-triggered flip-flop clocked by eth_tx_clk_i)
Endpoint: _129821_ (recovery check against rising-edge clock eth_tx_clk_i)
Path Group: asynchronous
Path Type: max
Corner: nom_slow_1p08V_125C

Fanout            Cap           Slew          Delay           Time   Description
---------------------------------------------------------------------------------------------------------
                                        0.000000000    0.000000000   clock eth_tx_clk_i (rise edge)
                                        1.554751515    1.554751515   clock network delay (propagated)
                         0.070969753    0.000000000    1.554751515 ^ _134701_/CLK (sg13g2_dfrbpq_1)
     2    0.013003066    0.095341772    0.341880530    1.896632075 ^ _134701_/Q (sg13g2_dfrbpq_1)
     8    0.082655184    0.525475860    0.497355729    2.393987656 ^ fanout5781/X (sg13g2_buf_1)
     4    0.060828701    0.389470905    0.525904238    2.919892073 ^ fanout5780/X (sg13g2_buf_1)
     5    0.040530764    0.264644653    0.408990860    3.328882933 ^ fanout5777/X (sg13g2_buf_1)
     7    0.060225196    0.386463553    0.456198871    3.785081625 ^ fanout5776/X (sg13g2_buf_1)
                         0.386603832    0.006437517    3.791519165 ^ _129821_/RESET_B (sg13g2_dfrbpq_1)
                                                       3.791519165   data arrival time

                                        8.000000000    8.000000000   clock eth_tx_clk_i (rise edge)
                                        1.398762107    9.398761749   clock network delay (propagated)
                                       -0.250000000    9.148761749   clock uncertainty
                                        0.104306564    9.253068924   clock reconvergence pessimism
                                                       9.253068924 ^ _129821_/CLK (sg13g2_dfrbpq_1)
                                       -0.332655698    8.920413017   library recovery time
                                                       8.920413017   data required time
---------------------------------------------------------------------------------------------------------
                                                       8.920413017   data required time
                                                      -3.791519165   data arrival time
---------------------------------------------------------------------------------------------------------
                                                       5.128893852   slack (MET)


Startpoint: _134701_ (rising edge-triggered flip-flop clocked by eth_tx_clk_i)
Endpoint: _129842_ (recovery check against rising-edge clock eth_tx_clk_i)
Path Group: asynchronous
Path Type: max
Corner: nom_slow_1p08V_125C

Fanout            Cap           Slew          Delay           Time   Description
---------------------------------------------------------------------------------------------------------
                                        0.000000000    0.000000000   clock eth_tx_clk_i (rise edge)
                                        1.554751515    1.554751515   clock network delay (propagated)
                         0.070969753    0.000000000    1.554751515 ^ _134701_/CLK (sg13g2_dfrbpq_1)
     2    0.013003066    0.095341772    0.341880530    1.896632075 ^ _134701_/Q (sg13g2_dfrbpq_1)
     8    0.082655184    0.525475860    0.497355729    2.393987656 ^ fanout5781/X (sg13g2_buf_1)
     4    0.060828701    0.389470905    0.525904238    2.919892073 ^ fanout5780/X (sg13g2_buf_1)
     5    0.040530764    0.264644653    0.408990860    3.328882933 ^ fanout5777/X (sg13g2_buf_1)
     7    0.060225196    0.386463553    0.456198871    3.785081625 ^ fanout5776/X (sg13g2_buf_1)
                         0.386558414    0.005311307    3.790393114 ^ _129842_/RESET_B (sg13g2_dfrbpq_1)
                                                       3.790393114   data arrival time

                                        8.000000000    8.000000000   clock eth_tx_clk_i (rise edge)
                                        1.399717808    9.399717331   clock network delay (propagated)
                                       -0.250000000    9.149717331   clock uncertainty
                                        0.104306564    9.254024506   clock reconvergence pessimism
                                                       9.254024506 ^ _129842_/CLK (sg13g2_dfrbpq_1)
                                       -0.332603157    8.921421051   library recovery time
                                                       8.921421051   data required time
---------------------------------------------------------------------------------------------------------
                                                       8.921421051   data required time
                                                      -3.790393114   data arrival time
---------------------------------------------------------------------------------------------------------
                                                       5.131028175   slack (MET)


Startpoint: _134542_ (rising edge-triggered flip-flop clocked by clk_i)
Endpoint: _134757_ (rising edge-triggered flip-flop clocked by eth_rx_clk_i)
Path Group: path delay
Path Type: max
Corner: nom_slow_1p08V_125C

Fanout            Cap           Slew          Delay           Time   Description
---------------------------------------------------------------------------------------------------------
                         0.060713623    0.000000000    0.000000000 ^ _134542_/CLK (sg13g2_dfrbpq_1)
     1    0.018326027    0.127368584    0.360598236    0.360598236 ^ _134542_/Q (sg13g2_dfrbpq_1)
     6    0.237194464    1.501427531    1.098325849    1.458924174 ^ fanout6648/X (sg13g2_buf_1)
     4    0.193192571    1.222547412    1.322606921    2.781531096 ^ fanout6592/X (sg13g2_buf_1)
     4    0.120001785    0.760781407    1.089642644    3.871173620 ^ fanout6561/X (sg13g2_buf_1)
     7    0.082142107    0.524350941    0.701675653    4.572849274 ^ fanout6507/X (sg13g2_buf_1)
     3    0.140205085    0.891006589    0.838184655    5.411034107 ^ _064871_/X (sg13g2_buf_1)
     2    0.093689583    0.593455970    0.738429785    6.149463654 ^ fanout5706/X (sg13g2_buf_1)
     7    0.392192543    0.177432761    0.401717782    6.551181793 ^ wire5707/X (sg13g2_buf_8)
     3    0.206423327    1.301737070    1.507426620    8.058608055 ^ _082049_/X (sg13g2_buf_1)
     1    0.004971737    0.285518765    0.401424676    8.460032463 v _082050_/Y (sg13g2_nand3_1)
     6    0.044416532    1.204568982    1.070523262    9.530555725 ^ _082051_/Y (sg13g2_nor4_1)
                         1.204571724    0.001737277    9.532293320 ^ _134757_/RESET_B (sg13g2_dfrbpq_1)
                                                       9.532293320   data arrival time

                                        8.000000000    8.000000000   max_delay
                                       -0.558564007    7.441435814   library recovery time
                                                       7.441435814   data required time
---------------------------------------------------------------------------------------------------------
                                                       7.441435814   data required time
                                                      -9.532293320   data arrival time
---------------------------------------------------------------------------------------------------------
                                                      -2.090858221   slack (VIOLATED)


Startpoint: _134542_ (rising edge-triggered flip-flop clocked by clk_i)
Endpoint: _134758_ (rising edge-triggered flip-flop clocked by eth_rx_clk_i)
Path Group: path delay
Path Type: max
Corner: nom_slow_1p08V_125C

Fanout            Cap           Slew          Delay           Time   Description
---------------------------------------------------------------------------------------------------------
                         0.060713623    0.000000000    0.000000000 ^ _134542_/CLK (sg13g2_dfrbpq_1)
     1    0.018326027    0.127368584    0.360598236    0.360598236 ^ _134542_/Q (sg13g2_dfrbpq_1)
     6    0.237194464    1.501427531    1.098325849    1.458924174 ^ fanout6648/X (sg13g2_buf_1)
     4    0.193192571    1.222547412    1.322606921    2.781531096 ^ fanout6592/X (sg13g2_buf_1)
     4    0.120001785    0.760781407    1.089642644    3.871173620 ^ fanout6561/X (sg13g2_buf_1)
     7    0.082142107    0.524350941    0.701675653    4.572849274 ^ fanout6507/X (sg13g2_buf_1)
     3    0.140205085    0.891006589    0.838184655    5.411034107 ^ _064871_/X (sg13g2_buf_1)
     2    0.093689583    0.593455970    0.738429785    6.149463654 ^ fanout5706/X (sg13g2_buf_1)
     7    0.392192543    0.177432761    0.401717782    6.551181793 ^ wire5707/X (sg13g2_buf_8)
     3    0.206423327    1.301737070    1.507426620    8.058608055 ^ _082049_/X (sg13g2_buf_1)
     1    0.004971737    0.285518765    0.401424676    8.460032463 v _082050_/Y (sg13g2_nand3_1)
     6    0.044416532    1.204568982    1.070523262    9.530555725 ^ _082051_/Y (sg13g2_nor4_1)
                         1.204570889    0.001467271    9.532023430 ^ _134758_/RESET_B (sg13g2_dfrbpq_1)
                                                       9.532023430   data arrival time

                                        8.000000000    8.000000000   max_delay
                                       -0.558008909    7.441990852   library recovery time
                                                       7.441990852   data required time
---------------------------------------------------------------------------------------------------------
                                                       7.441990852   data required time
                                                      -9.532023430   data arrival time
---------------------------------------------------------------------------------------------------------
                                                      -2.090032101   slack (VIOLATED)


Startpoint: _134542_ (rising edge-triggered flip-flop clocked by clk_i)
Endpoint: _134733_ (rising edge-triggered flip-flop clocked by eth_tx_clk_i)
Path Group: path delay
Path Type: max
Corner: nom_slow_1p08V_125C

Fanout            Cap           Slew          Delay           Time   Description
---------------------------------------------------------------------------------------------------------
                         0.060713623    0.000000000    0.000000000 ^ _134542_/CLK (sg13g2_dfrbpq_1)
     1    0.018326027    0.127368584    0.360598236    0.360598236 ^ _134542_/Q (sg13g2_dfrbpq_1)
     6    0.237194464    1.501427531    1.098325849    1.458924174 ^ fanout6648/X (sg13g2_buf_1)
     4    0.193192571    1.222547412    1.322606921    2.781531096 ^ fanout6592/X (sg13g2_buf_1)
     4    0.120001785    0.760781407    1.089642644    3.871173620 ^ fanout6561/X (sg13g2_buf_1)
     7    0.082142107    0.524350941    0.701675653    4.572849274 ^ fanout6507/X (sg13g2_buf_1)
     3    0.140205085    0.891006589    0.838184655    5.411034107 ^ _064871_/X (sg13g2_buf_1)
     2    0.093689583    0.593455970    0.738429785    6.149463654 ^ fanout5706/X (sg13g2_buf_1)
     7    0.392192543    0.177432761    0.401717782    6.551181793 ^ wire5707/X (sg13g2_buf_8)
     3    0.206423327    1.301737070    1.507426620    8.058608055 ^ _082049_/X (sg13g2_buf_1)
     1    0.004971737    0.285518765    0.401424676    8.460032463 v _082050_/Y (sg13g2_nand3_1)
     6    0.044416532    1.204568982    1.070523262    9.530555725 ^ _082051_/Y (sg13g2_nor4_1)
                         1.204572201    0.001868728    9.532424927 ^ _134733_/RESET_B (sg13g2_dfrbpq_1)
                                                       9.532424927   data arrival time

                                        8.000000000    8.000000000   max_delay
                                       -0.556884527    7.443115234   library recovery time
                                                       7.443115234   data required time
---------------------------------------------------------------------------------------------------------
                                                       7.443115234   data required time
                                                      -9.532424927   data arrival time
---------------------------------------------------------------------------------------------------------
                                                      -2.089309216   slack (VIOLATED)


Startpoint: _134542_ (rising edge-triggered flip-flop clocked by clk_i)
Endpoint: _134732_ (rising edge-triggered flip-flop clocked by eth_tx_clk_i)
Path Group: path delay
Path Type: max
Corner: nom_slow_1p08V_125C

Fanout            Cap           Slew          Delay           Time   Description
---------------------------------------------------------------------------------------------------------
                         0.060713623    0.000000000    0.000000000 ^ _134542_/CLK (sg13g2_dfrbpq_1)
     1    0.018326027    0.127368584    0.360598236    0.360598236 ^ _134542_/Q (sg13g2_dfrbpq_1)
     6    0.237194464    1.501427531    1.098325849    1.458924174 ^ fanout6648/X (sg13g2_buf_1)
     4    0.193192571    1.222547412    1.322606921    2.781531096 ^ fanout6592/X (sg13g2_buf_1)
     4    0.120001785    0.760781407    1.089642644    3.871173620 ^ fanout6561/X (sg13g2_buf_1)
     7    0.082142107    0.524350941    0.701675653    4.572849274 ^ fanout6507/X (sg13g2_buf_1)
     3    0.140205085    0.891006589    0.838184655    5.411034107 ^ _064871_/X (sg13g2_buf_1)
     2    0.093689583    0.593455970    0.738429785    6.149463654 ^ fanout5706/X (sg13g2_buf_1)
     7    0.392192543    0.177432761    0.401717782    6.551181793 ^ wire5707/X (sg13g2_buf_8)
     3    0.206423327    1.301737070    1.507426620    8.058608055 ^ _082049_/X (sg13g2_buf_1)
     1    0.004971737    0.285518765    0.401424676    8.460032463 v _082050_/Y (sg13g2_nand3_1)
     6    0.044416532    1.204568982    1.070523262    9.530555725 ^ _082051_/Y (sg13g2_nor4_1)
                         1.204571843    0.001746159    9.532301903 ^ _134732_/RESET_B (sg13g2_dfrbpq_1)
                                                       9.532301903   data arrival time

                                        8.000000000    8.000000000   max_delay
                                       -0.556889653    7.443109989   library recovery time
                                                       7.443109989   data required time
---------------------------------------------------------------------------------------------------------
                                                       7.443109989   data required time
                                                      -9.532301903   data arrival time
---------------------------------------------------------------------------------------------------------
                                                      -2.089191914   slack (VIOLATED)


Startpoint: _134538_ (rising edge-triggered flip-flop clocked by clk_i)
Endpoint: _134728_ (rising edge-triggered flip-flop clocked by eth_rx_clk_i)
Path Group: path delay
Path Type: max
Corner: nom_slow_1p08V_125C

Fanout            Cap           Slew          Delay           Time   Description
---------------------------------------------------------------------------------------------------------
                         0.060600296    0.000000000    0.000000000 ^ _134538_/CLK (sg13g2_dfrbpq_1)
     1    0.018917259    0.130820632    0.363737941    0.363737941 ^ _134538_/Q (sg13g2_dfrbpq_1)
     1    0.009484657    0.075340420    0.177169621    0.540907562 ^ fanout6774/X (sg13g2_buf_1)
     4    0.396951228    0.139578849    0.206263006    0.747170568 ^ wire6775/X (sg13g2_buf_8)
     6    0.260809869    1.642320871    1.252134919    1.999305487 ^ fanout6773/X (sg13g2_buf_1)
     4    0.127898991    0.811536908    1.069511175    3.068816662 ^ fanout6767/X (sg13g2_buf_1)
     5    0.059483405    0.382853985    0.568717957    3.637534618 ^ fanout6766/X (sg13g2_buf_1)
     7    0.116735265    0.739576876    0.733031631    4.370566368 ^ fanout6765/X (sg13g2_buf_1)
                         0.739586353    0.002431832    4.372998238 ^ _134728_/RESET_B (sg13g2_dfrbpq_1)
                                                       4.372998238   data arrival time

                                        8.000000000    8.000000000   max_delay
                                       -0.437294185    7.562705994   library recovery time
                                                       7.562705994   data required time
---------------------------------------------------------------------------------------------------------
                                                       7.562705994   data required time
                                                      -4.372998238   data arrival time
---------------------------------------------------------------------------------------------------------
                                                       3.189708233   slack (MET)


Startpoint: _134538_ (rising edge-triggered flip-flop clocked by clk_i)
Endpoint: _134708_ (rising edge-triggered flip-flop clocked by eth_tx_clk_i)
Path Group: path delay
Path Type: max
Corner: nom_slow_1p08V_125C

Fanout            Cap           Slew          Delay           Time   Description
---------------------------------------------------------------------------------------------------------
                         0.060600296    0.000000000    0.000000000 ^ _134538_/CLK (sg13g2_dfrbpq_1)
     1    0.018917259    0.130820632    0.363737941    0.363737941 ^ _134538_/Q (sg13g2_dfrbpq_1)
     1    0.009484657    0.075340420    0.177169621    0.540907562 ^ fanout6774/X (sg13g2_buf_1)
     4    0.396951228    0.139578849    0.206263006    0.747170568 ^ wire6775/X (sg13g2_buf_8)
     6    0.260809869    1.642320871    1.252134919    1.999305487 ^ fanout6773/X (sg13g2_buf_1)
     8    0.121672571    0.771696925    0.958383203    2.957688570 ^ fanout6772/X (sg13g2_buf_1)
     8    0.100587733    0.639414549    0.763882339    3.721570969 ^ fanout6771/X (sg13g2_buf_1)
     8    0.065749034    0.421830863    0.571111858    4.292682648 ^ fanout6770/X (sg13g2_buf_1)
                         0.421990067    0.002827072    4.295509815 ^ _134708_/RESET_B (sg13g2_dfrbpq_1)
                                                       4.295509815   data arrival time

                                        8.000000000    8.000000000   max_delay
                                       -0.344271988    7.655727863   library recovery time
                                                       7.655727863   data required time
---------------------------------------------------------------------------------------------------------
                                                       7.655727863   data required time
                                                      -4.295509815   data arrival time
---------------------------------------------------------------------------------------------------------
                                                       3.360218048   slack (MET)


Startpoint: _134538_ (rising edge-triggered flip-flop clocked by clk_i)
Endpoint: _134709_ (rising edge-triggered flip-flop clocked by eth_tx_clk_i)
Path Group: path delay
Path Type: max
Corner: nom_slow_1p08V_125C

Fanout            Cap           Slew          Delay           Time   Description
---------------------------------------------------------------------------------------------------------
                         0.060600296    0.000000000    0.000000000 ^ _134538_/CLK (sg13g2_dfrbpq_1)
     1    0.018917259    0.130820632    0.363737941    0.363737941 ^ _134538_/Q (sg13g2_dfrbpq_1)
     1    0.009484657    0.075340420    0.177169621    0.540907562 ^ fanout6774/X (sg13g2_buf_1)
     4    0.396951228    0.139578849    0.206263006    0.747170568 ^ wire6775/X (sg13g2_buf_8)
     6    0.260809869    1.642320871    1.252134919    1.999305487 ^ fanout6773/X (sg13g2_buf_1)
     8    0.121672571    0.771696925    0.958383203    2.957688570 ^ fanout6772/X (sg13g2_buf_1)
     8    0.100587733    0.639414549    0.763882339    3.721570969 ^ fanout6771/X (sg13g2_buf_1)
     8    0.065749034    0.421830863    0.571111858    4.292682648 ^ fanout6770/X (sg13g2_buf_1)
                         0.421974450    0.001692868    4.294375420 ^ _134709_/RESET_B (sg13g2_dfrbpq_1)
                                                       4.294375420   data arrival time

                                        8.000000000    8.000000000   max_delay
                                       -0.344264179    7.655735970   library recovery time
                                                       7.655735970   data required time
---------------------------------------------------------------------------------------------------------
                                                       7.655735970   data required time
                                                      -4.294375420   data arrival time
---------------------------------------------------------------------------------------------------------
                                                       3.361360073   slack (MET)


Startpoint: _134538_ (rising edge-triggered flip-flop clocked by clk_i)
Endpoint: _134729_ (rising edge-triggered flip-flop clocked by eth_rx_clk_i)
Path Group: path delay
Path Type: max
Corner: nom_slow_1p08V_125C

Fanout            Cap           Slew          Delay           Time   Description
---------------------------------------------------------------------------------------------------------
                         0.060600296    0.000000000    0.000000000 ^ _134538_/CLK (sg13g2_dfrbpq_1)
     1    0.018917259    0.130820632    0.363737941    0.363737941 ^ _134538_/Q (sg13g2_dfrbpq_1)
     1    0.009484657    0.075340420    0.177169621    0.540907562 ^ fanout6774/X (sg13g2_buf_1)
     4    0.396951228    0.139578849    0.206263006    0.747170568 ^ wire6775/X (sg13g2_buf_8)
     6    0.260809869    1.642320871    1.252134919    1.999305487 ^ fanout6773/X (sg13g2_buf_1)
     8    0.124480844    0.791058958    1.025807023    3.025112391 ^ fanout6769/X (sg13g2_buf_1)
     8    0.120061524    0.760613739    0.830370665    3.855483055 ^ fanout6768/X (sg13g2_buf_1)
                         0.762251616    0.030500935    3.885984182 ^ _134729_/RESET_B (sg13g2_dfrbpq_1)
                                                       3.885984182   data arrival time

                                        8.000000000    8.000000000   max_delay
                                       -0.449387640    7.550612926   library recovery time
                                                       7.550612926   data required time
---------------------------------------------------------------------------------------------------------
                                                       7.550612926   data required time
                                                      -3.885984182   data arrival time
---------------------------------------------------------------------------------------------------------
                                                       3.664628267   slack (MET)


Startpoint: _134538_ (rising edge-triggered flip-flop clocked by clk_i)
Endpoint: _129319_ (rising edge-triggered flip-flop clocked by eth_rx_clk_i)
Path Group: path delay
Path Type: max
Corner: nom_slow_1p08V_125C

Fanout            Cap           Slew          Delay           Time   Description
---------------------------------------------------------------------------------------------------------
                         0.060600296    0.000000000    0.000000000 ^ _134538_/CLK (sg13g2_dfrbpq_1)
     1    0.018917259    0.130820632    0.363737941    0.363737941 ^ _134538_/Q (sg13g2_dfrbpq_1)
     1    0.009484657    0.075340420    0.177169621    0.540907562 ^ fanout6774/X (sg13g2_buf_1)
     4    0.396951228    0.139578849    0.206263006    0.747170568 ^ wire6775/X (sg13g2_buf_8)
     6    0.260809869    1.642320871    1.252134919    1.999305487 ^ fanout6773/X (sg13g2_buf_1)
     8    0.124480844    0.791058958    1.025807023    3.025112391 ^ fanout6769/X (sg13g2_buf_1)
     8    0.120061524    0.760613739    0.830370665    3.855483055 ^ fanout6768/X (sg13g2_buf_1)
                         0.761634827    0.024254376    3.879737616 ^ _129319_/RESET_B (sg13g2_dfrbpq_1)
                                                       3.879737616   data arrival time

                                        8.000000000    8.000000000   max_delay
                                       -0.449718773    7.550281525   library recovery time
                                                       7.550281525   data required time
---------------------------------------------------------------------------------------------------------
                                                       7.550281525   data required time
                                                      -3.879737616   data arrival time
---------------------------------------------------------------------------------------------------------
                                                       3.670543432   slack (MET)


Startpoint: _134538_ (rising edge-triggered flip-flop clocked by clk_i)
Endpoint: _134724_ (rising edge-triggered flip-flop clocked by eth_rx_clk_i)
Path Group: path delay
Path Type: max
Corner: nom_slow_1p08V_125C

Fanout            Cap           Slew          Delay           Time   Description
---------------------------------------------------------------------------------------------------------
                         0.060600296    0.000000000    0.000000000 ^ _134538_/CLK (sg13g2_dfrbpq_1)
     1    0.018917259    0.130820632    0.363737941    0.363737941 ^ _134538_/Q (sg13g2_dfrbpq_1)
     1    0.009484657    0.075340420    0.177169621    0.540907562 ^ fanout6774/X (sg13g2_buf_1)
     4    0.396951228    0.139578849    0.206263006    0.747170568 ^ wire6775/X (sg13g2_buf_8)
     6    0.260809869    1.642320871    1.252134919    1.999305487 ^ fanout6773/X (sg13g2_buf_1)
     8    0.124480844    0.791058958    1.025807023    3.025112391 ^ fanout6769/X (sg13g2_buf_1)
     8    0.120061524    0.760613739    0.830370665    3.855483055 ^ fanout6768/X (sg13g2_buf_1)
                         0.760617018    0.001477041    3.856960297 ^ _134724_/RESET_B (sg13g2_dfrbpq_1)
                                                       3.856960297   data arrival time

                                        8.000000000    8.000000000   max_delay
                                       -0.446530730    7.553469181   library recovery time
                                                       7.553469181   data required time
---------------------------------------------------------------------------------------------------------
                                                       7.553469181   data required time
                                                      -3.856960297   data arrival time
---------------------------------------------------------------------------------------------------------
                                                       3.696508884   slack (MET)


Startpoint: _134538_ (rising edge-triggered flip-flop clocked by clk_i)
Endpoint: _134699_ (rising edge-triggered flip-flop clocked by eth_tx_clk_i)
Path Group: path delay
Path Type: max
Corner: nom_slow_1p08V_125C

Fanout            Cap           Slew          Delay           Time   Description
---------------------------------------------------------------------------------------------------------
                         0.060600296    0.000000000    0.000000000 ^ _134538_/CLK (sg13g2_dfrbpq_1)
     1    0.018917259    0.130820632    0.363737941    0.363737941 ^ _134538_/Q (sg13g2_dfrbpq_1)
     1    0.009484657    0.075340420    0.177169621    0.540907562 ^ fanout6774/X (sg13g2_buf_1)
     4    0.396951228    0.139578849    0.206263006    0.747170568 ^ wire6775/X (sg13g2_buf_8)
     6    0.260809869    1.642320871    1.252134919    1.999305487 ^ fanout6773/X (sg13g2_buf_1)
     8    0.121672571    0.771696925    0.958383203    2.957688570 ^ fanout6772/X (sg13g2_buf_1)
     8    0.100587733    0.639414549    0.763882339    3.721570969 ^ fanout6771/X (sg13g2_buf_1)
                         0.640746713    0.025272008    3.746842861 ^ _134699_/RESET_B (sg13g2_dfrbpq_1)
                                                       3.746842861   data arrival time

                                        8.000000000    8.000000000   max_delay
                                       -0.415726751    7.584272861   library recovery time
                                                       7.584272861   data required time
---------------------------------------------------------------------------------------------------------
                                                       7.584272861   data required time
                                                      -3.746842861   data arrival time
---------------------------------------------------------------------------------------------------------
                                                       3.837429523   slack (MET)


Startpoint: _134538_ (rising edge-triggered flip-flop clocked by clk_i)
Endpoint: _134703_ (rising edge-triggered flip-flop clocked by eth_tx_clk_i)
Path Group: path delay
Path Type: max
Corner: nom_slow_1p08V_125C

Fanout            Cap           Slew          Delay           Time   Description
---------------------------------------------------------------------------------------------------------
                         0.060600296    0.000000000    0.000000000 ^ _134538_/CLK (sg13g2_dfrbpq_1)
     1    0.018917259    0.130820632    0.363737941    0.363737941 ^ _134538_/Q (sg13g2_dfrbpq_1)
     1    0.009484657    0.075340420    0.177169621    0.540907562 ^ fanout6774/X (sg13g2_buf_1)
     4    0.396951228    0.139578849    0.206263006    0.747170568 ^ wire6775/X (sg13g2_buf_8)
     6    0.260809869    1.642320871    1.252134919    1.999305487 ^ fanout6773/X (sg13g2_buf_1)
     8    0.121672571    0.771696925    0.958383203    2.957688570 ^ fanout6772/X (sg13g2_buf_1)
     8    0.100587733    0.639414549    0.763882339    3.721570969 ^ fanout6771/X (sg13g2_buf_1)
                         0.640745163    0.025257796    3.746828794 ^ _134703_/RESET_B (sg13g2_dfrbpq_1)
                                                       3.746828794   data arrival time

                                        8.000000000    8.000000000   max_delay
                                       -0.415725887    7.584273815   library recovery time
                                                       7.584273815   data required time
---------------------------------------------------------------------------------------------------------
                                                       7.584273815   data required time
                                                      -3.746828794   data arrival time
---------------------------------------------------------------------------------------------------------
                                                       3.837444782   slack (MET)


Startpoint: _134538_ (rising edge-triggered flip-flop clocked by clk_i)
Endpoint: _134702_ (rising edge-triggered flip-flop clocked by eth_tx_clk_i)
Path Group: path delay
Path Type: max
Corner: nom_slow_1p08V_125C

Fanout            Cap           Slew          Delay           Time   Description
---------------------------------------------------------------------------------------------------------
                         0.060600296    0.000000000    0.000000000 ^ _134538_/CLK (sg13g2_dfrbpq_1)
     1    0.018917259    0.130820632    0.363737941    0.363737941 ^ _134538_/Q (sg13g2_dfrbpq_1)
     1    0.009484657    0.075340420    0.177169621    0.540907562 ^ fanout6774/X (sg13g2_buf_1)
     4    0.396951228    0.139578849    0.206263006    0.747170568 ^ wire6775/X (sg13g2_buf_8)
     6    0.260809869    1.642320871    1.252134919    1.999305487 ^ fanout6773/X (sg13g2_buf_1)
     8    0.121672571    0.771696925    0.958383203    2.957688570 ^ fanout6772/X (sg13g2_buf_1)
     8    0.100587733    0.639414549    0.763882339    3.721570969 ^ fanout6771/X (sg13g2_buf_1)
                         0.640717864    0.025006441    3.746577263 ^ _134702_/RESET_B (sg13g2_dfrbpq_1)
                                                       3.746577263   data arrival time

                                        8.000000000    8.000000000   max_delay
                                       -0.415708870    7.584290981   library recovery time
                                                       7.584290981   data required time
---------------------------------------------------------------------------------------------------------
                                                       7.584290981   data required time
                                                      -3.746577263   data arrival time
---------------------------------------------------------------------------------------------------------
                                                       3.837713480   slack (MET)


Startpoint: _134538_ (rising edge-triggered flip-flop clocked by clk_i)
Endpoint: _134698_ (rising edge-triggered flip-flop clocked by eth_tx_clk_i)
Path Group: path delay
Path Type: max
Corner: nom_slow_1p08V_125C

Fanout            Cap           Slew          Delay           Time   Description
---------------------------------------------------------------------------------------------------------
                         0.060600296    0.000000000    0.000000000 ^ _134538_/CLK (sg13g2_dfrbpq_1)
     1    0.018917259    0.130820632    0.363737941    0.363737941 ^ _134538_/Q (sg13g2_dfrbpq_1)
     1    0.009484657    0.075340420    0.177169621    0.540907562 ^ fanout6774/X (sg13g2_buf_1)
     4    0.396951228    0.139578849    0.206263006    0.747170568 ^ wire6775/X (sg13g2_buf_8)
     6    0.260809869    1.642320871    1.252134919    1.999305487 ^ fanout6773/X (sg13g2_buf_1)
     8    0.121672571    0.771696925    0.958383203    2.957688570 ^ fanout6772/X (sg13g2_buf_1)
     8    0.100587733    0.639414549    0.763882339    3.721570969 ^ fanout6771/X (sg13g2_buf_1)
                         0.640683532    0.024684921    3.746255875 ^ _134698_/RESET_B (sg13g2_dfrbpq_1)
                                                       3.746255875   data arrival time

                                        8.000000000    8.000000000   max_delay
                                       -0.415700167    7.584299564   library recovery time
                                                       7.584299564   data required time
---------------------------------------------------------------------------------------------------------
                                                       7.584299564   data required time
                                                      -3.746255875   data arrival time
---------------------------------------------------------------------------------------------------------
                                                       3.838043690   slack (MET)


Startpoint: _134538_ (rising edge-triggered flip-flop clocked by clk_i)
Endpoint: _134726_ (rising edge-triggered flip-flop clocked by eth_rx_clk_i)
Path Group: path delay
Path Type: max
Corner: nom_slow_1p08V_125C

Fanout            Cap           Slew          Delay           Time   Description
---------------------------------------------------------------------------------------------------------
                         0.060600296    0.000000000    0.000000000 ^ _134538_/CLK (sg13g2_dfrbpq_1)
     1    0.018917259    0.130820632    0.363737941    0.363737941 ^ _134538_/Q (sg13g2_dfrbpq_1)
     1    0.009484657    0.075340420    0.177169621    0.540907562 ^ fanout6774/X (sg13g2_buf_1)
     4    0.396951228    0.139578849    0.206263006    0.747170568 ^ wire6775/X (sg13g2_buf_8)
     6    0.260809869    1.642320871    1.252134919    1.999305487 ^ fanout6773/X (sg13g2_buf_1)
     4    0.127898991    0.811536908    1.069511175    3.068816662 ^ fanout6767/X (sg13g2_buf_1)
     5    0.059483405    0.382853985    0.568717957    3.637534618 ^ fanout6766/X (sg13g2_buf_1)
                         0.382888168    0.004027001    3.641561508 ^ _134726_/RESET_B (sg13g2_dfrbpq_1)
                                                       3.641561508   data arrival time

                                        8.000000000    8.000000000   max_delay
                                       -0.336125642    7.663874149   library recovery time
                                                       7.663874149   data required time
---------------------------------------------------------------------------------------------------------
                                                       7.663874149   data required time
                                                      -3.641561508   data arrival time
---------------------------------------------------------------------------------------------------------
                                                       4.022312164   slack (MET)


Startpoint: _134538_ (rising edge-triggered flip-flop clocked by clk_i)
Endpoint: _134727_ (rising edge-triggered flip-flop clocked by eth_rx_clk_i)
Path Group: path delay
Path Type: max
Corner: nom_slow_1p08V_125C

Fanout            Cap           Slew          Delay           Time   Description
---------------------------------------------------------------------------------------------------------
                         0.060600296    0.000000000    0.000000000 ^ _134538_/CLK (sg13g2_dfrbpq_1)
     1    0.018917259    0.130820632    0.363737941    0.363737941 ^ _134538_/Q (sg13g2_dfrbpq_1)
     1    0.009484657    0.075340420    0.177169621    0.540907562 ^ fanout6774/X (sg13g2_buf_1)
     4    0.396951228    0.139578849    0.206263006    0.747170568 ^ wire6775/X (sg13g2_buf_8)
     6    0.260809869    1.642320871    1.252134919    1.999305487 ^ fanout6773/X (sg13g2_buf_1)
     4    0.127898991    0.811536908    1.069511175    3.068816662 ^ fanout6767/X (sg13g2_buf_1)
     5    0.059483405    0.382853985    0.568717957    3.637534618 ^ fanout6766/X (sg13g2_buf_1)
                         0.382887244    0.003983925    3.641518593 ^ _134727_/RESET_B (sg13g2_dfrbpq_1)
                                                       3.641518593   data arrival time

                                        8.000000000    8.000000000   max_delay
                                       -0.336126387    7.663873196   library recovery time
                                                       7.663873196   data required time
---------------------------------------------------------------------------------------------------------
                                                       7.663873196   data required time
                                                      -3.641518593   data arrival time
---------------------------------------------------------------------------------------------------------
                                                       4.022354603   slack (MET)


Startpoint: _134538_ (rising edge-triggered flip-flop clocked by clk_i)
Endpoint: _129318_ (rising edge-triggered flip-flop clocked by eth_rx_clk_i)
Path Group: path delay
Path Type: max
Corner: nom_slow_1p08V_125C

Fanout            Cap           Slew          Delay           Time   Description
---------------------------------------------------------------------------------------------------------
                         0.060600296    0.000000000    0.000000000 ^ _134538_/CLK (sg13g2_dfrbpq_1)
     1    0.018917259    0.130820632    0.363737941    0.363737941 ^ _134538_/Q (sg13g2_dfrbpq_1)
     1    0.009484657    0.075340420    0.177169621    0.540907562 ^ fanout6774/X (sg13g2_buf_1)
     4    0.396951228    0.139578849    0.206263006    0.747170568 ^ wire6775/X (sg13g2_buf_8)
     6    0.260809869    1.642320871    1.252134919    1.999305487 ^ fanout6773/X (sg13g2_buf_1)
     4    0.127898991    0.811536908    1.069511175    3.068816662 ^ fanout6767/X (sg13g2_buf_1)
     5    0.059483405    0.382853985    0.568717957    3.637534618 ^ fanout6766/X (sg13g2_buf_1)
                         0.382856071    0.001877609    3.639412165 ^ _129318_/RESET_B (sg13g2_dfrbpq_1)
                                                       3.639412165   data arrival time

                                        8.000000000    8.000000000   max_delay
                                       -0.335175633    7.664824486   library recovery time
                                                       7.664824486   data required time
---------------------------------------------------------------------------------------------------------
                                                       7.664824486   data required time
                                                      -3.639412165   data arrival time
---------------------------------------------------------------------------------------------------------
                                                       4.025412083   slack (MET)


Startpoint: _134538_ (rising edge-triggered flip-flop clocked by clk_i)
Endpoint: _129320_ (rising edge-triggered flip-flop clocked by eth_rx_clk_i)
Path Group: path delay
Path Type: max
Corner: nom_slow_1p08V_125C

Fanout            Cap           Slew          Delay           Time   Description
---------------------------------------------------------------------------------------------------------
                         0.060600296    0.000000000    0.000000000 ^ _134538_/CLK (sg13g2_dfrbpq_1)
     1    0.018917259    0.130820632    0.363737941    0.363737941 ^ _134538_/Q (sg13g2_dfrbpq_1)
     1    0.009484657    0.075340420    0.177169621    0.540907562 ^ fanout6774/X (sg13g2_buf_1)
     4    0.396951228    0.139578849    0.206263006    0.747170568 ^ wire6775/X (sg13g2_buf_8)
     6    0.260809869    1.642320871    1.252134919    1.999305487 ^ fanout6773/X (sg13g2_buf_1)
     4    0.127898991    0.811536908    1.069511175    3.068816662 ^ fanout6767/X (sg13g2_buf_1)
     5    0.059483405    0.382853985    0.568717957    3.637534618 ^ fanout6766/X (sg13g2_buf_1)
                         0.382853985    0.000675460    3.638210058 ^ _129320_/RESET_B (sg13g2_dfrbpq_1)
                                                       3.638210058   data arrival time

                                        8.000000000    8.000000000   max_delay
                                       -0.335166812    7.664833546   library recovery time
                                                       7.664833546   data required time
---------------------------------------------------------------------------------------------------------
                                                       7.664833546   data required time
                                                      -3.638210058   data arrival time
---------------------------------------------------------------------------------------------------------
                                                       4.026623249   slack (MET)


Startpoint: _134538_ (rising edge-triggered flip-flop clocked by clk_i)
Endpoint: _134725_ (rising edge-triggered flip-flop clocked by eth_rx_clk_i)
Path Group: path delay
Path Type: max
Corner: nom_slow_1p08V_125C

Fanout            Cap           Slew          Delay           Time   Description
---------------------------------------------------------------------------------------------------------
                         0.060600296    0.000000000    0.000000000 ^ _134538_/CLK (sg13g2_dfrbpq_1)
     1    0.018917259    0.130820632    0.363737941    0.363737941 ^ _134538_/Q (sg13g2_dfrbpq_1)
     1    0.009484657    0.075340420    0.177169621    0.540907562 ^ fanout6774/X (sg13g2_buf_1)
     4    0.396951228    0.139578849    0.206263006    0.747170568 ^ wire6775/X (sg13g2_buf_8)
     6    0.260809869    1.642320871    1.252134919    1.999305487 ^ fanout6773/X (sg13g2_buf_1)
     8    0.124480844    0.791058958    1.025807023    3.025112391 ^ fanout6769/X (sg13g2_buf_1)
                         0.791065574    0.002116085    3.027228594 ^ _134725_/RESET_B (sg13g2_dfrbpq_1)
                                                       3.027228594   data arrival time

                                        8.000000000    8.000000000   max_delay
                                       -0.454075307    7.545925140   library recovery time
                                                       7.545925140   data required time
---------------------------------------------------------------------------------------------------------
                                                       7.545925140   data required time
                                                      -3.027228594   data arrival time
---------------------------------------------------------------------------------------------------------
                                                       4.518696308   slack (MET)


Startpoint: _134538_ (rising edge-triggered flip-flop clocked by clk_i)
Endpoint: _134700_ (rising edge-triggered flip-flop clocked by eth_tx_clk_i)
Path Group: path delay
Path Type: max
Corner: nom_slow_1p08V_125C

Fanout            Cap           Slew          Delay           Time   Description
---------------------------------------------------------------------------------------------------------
                         0.060600296    0.000000000    0.000000000 ^ _134538_/CLK (sg13g2_dfrbpq_1)
     1    0.018917259    0.130820632    0.363737941    0.363737941 ^ _134538_/Q (sg13g2_dfrbpq_1)
     1    0.009484657    0.075340420    0.177169621    0.540907562 ^ fanout6774/X (sg13g2_buf_1)
     4    0.396951228    0.139578849    0.206263006    0.747170568 ^ wire6775/X (sg13g2_buf_8)
     6    0.260809869    1.642320871    1.252134919    1.999305487 ^ fanout6773/X (sg13g2_buf_1)
     8    0.121672571    0.771696925    0.958383203    2.957688570 ^ fanout6772/X (sg13g2_buf_1)
                         0.772758365    0.024864556    2.982553244 ^ _134700_/RESET_B (sg13g2_dfrbpq_1)
                                                       2.982553244   data arrival time

                                        8.000000000    8.000000000   max_delay
                                       -0.451385826    7.548614502   library recovery time
                                                       7.548614502   data required time
---------------------------------------------------------------------------------------------------------
                                                       7.548614502   data required time
                                                      -2.982553244   data arrival time
---------------------------------------------------------------------------------------------------------
                                                       4.566061020   slack (MET)


Startpoint: _133430_ (rising edge-triggered flip-flop clocked by clk_i)
Endpoint: _130201_ (rising edge-triggered flip-flop clocked by clk_i)
Path Group: clk_i
Path Type: max
Corner: nom_slow_1p08V_125C

Fanout            Cap           Slew          Delay           Time   Description
---------------------------------------------------------------------------------------------------------
                                        0.000000000    0.000000000   clock clk_i (rise edge)
                                        3.990730047    3.990730047   clock network delay (propagated)
                         0.086427867    0.000000000    3.990730047 ^ _133430_/CLK (sg13g2_dfrbpq_1)
     6    0.098204292    0.618608117    0.737145901    4.727876186 ^ _133430_/Q (sg13g2_dfrbpq_1)
     1    0.007152955    0.183012038    0.367602855    5.095479012 ^ _070350_/X (sg13g2_xor2_1)
     2    0.082720943    1.083636642    0.923789084    6.019268036 ^ _070351_/Y (sg13g2_xnor2_1)
     1    0.007602998    0.218234718    0.432469636    6.451737404 v _072005_/Y (sg13g2_xnor2_1)
     1    0.009467341    0.136683449    0.267505586    6.719243050 v _072007_/Y (sg13g2_xnor2_1)
     2    0.096945226    0.927032411    0.837212980    7.556456089 v _072013_/Y (sg13g2_xnor2_1)
     1    0.010654187    0.326670706    0.514244676    8.070700645 ^ _072014_/Y (sg13g2_a22oi_1)
     1    0.008193475    0.214823827    0.345301569    8.416002274 v _072015_/Y (sg13g2_nand4_1)
     4    0.058327280    1.552514911    1.360197306    9.776199341 ^ _072163_/Y (sg13g2_nor4_1)
     4    0.019207658    0.445000648    0.644997835   10.421197891 v _073190_/Y (sg13g2_nand2_1)
     6    0.024535142    0.148600668    0.409604818   10.830801964 v _073191_/X (sg13g2_or2_1)
     2    0.021008108    0.294460058    0.315075964   11.145877838 ^ _074877_/Y (sg13g2_nor2_1)
     1    0.013540013    0.228945240    0.291024089   11.436902046 v _074900_/Y (sg13g2_xnor2_1)
     7    0.124751188    1.867776036    1.569034696   13.005937576 ^ _074902_/Y (sg13g2_o21ai_1)
     1    0.004717719    0.274849415    0.331716001   13.337653160 v _074908_/Y (sg13g2_o21ai_1)
     7    0.118180804    0.614900470    0.711623669   14.049276352 v _074909_/X (sg13g2_a21o_1)
     2    0.011707357    0.244349331    0.400977939   14.450254440 ^ _074911_/Y (sg13g2_a21oi_1)
     3    0.013025674    0.174899206    0.250683039   14.700938225 v _074913_/Y (sg13g2_xnor2_1)
     2    0.008024572    0.227751911    0.285135478   14.986073494 ^ _075132_/Y (sg13g2_nor3_1)
     5    0.023361808    0.252230644    0.326359391   15.312432289 v _075135_/Y (sg13g2_o21ai_1)
     3    0.054190688    0.718813479    0.701444268   16.013875961 ^ _075137_/Y (sg13g2_a21oi_1)
     2    0.009080474    0.189153597    0.297610819   16.311487198 v _075139_/Y (sg13g2_o21ai_1)
     3    0.013542720    0.218236327    0.281175971   16.592662811 ^ _075141_/Y (sg13g2_a21oi_1)
     2    0.008188004    0.121377371    0.188736141   16.781400681 v _075143_/Y (sg13g2_o21ai_1)
     4    0.015251978    0.102695368    0.277914584   17.059314728 v _075145_/X (sg13g2_a21o_1)
     2    0.009422852    0.072816297    0.241891846   17.301206589 v _075147_/X (sg13g2_a21o_1)
     2    0.015038490    0.251684606    0.246867418   17.548072815 ^ _075149_/Y (sg13g2_a21oi_1)
     3    0.010715079    0.087831914    0.129720241   17.677793503 v _075150_/Y (sg13g2_nor3_2)
     2    0.009475670    0.240877271    0.239763767   17.917558670 ^ _075151_/Y (sg13g2_nor3_1)
     2    0.007437247    0.111792840    0.187643677   18.105201721 v _075153_/Y (sg13g2_o21ai_1)
     4    0.022546198    0.325442284    0.338188142   18.443389893 ^ _075155_/Y (sg13g2_a21oi_1)
     2    0.009787777    0.149348557    0.234527066   18.677917480 v _075157_/Y (sg13g2_o21ai_1)
     7    0.079807743    0.229557708    0.452157438   19.130073547 v _075160_/X (sg13g2_a21o_2)
     2    0.008513704    0.116616592    0.182108551   19.312183380 ^ _075161_/Y (sg13g2_nand3b_1)
     4    0.016891843    0.277682304    0.304075003   19.616256714 v _075162_/Y (sg13g2_nand3_1)
     2    0.007723731    0.154060513    0.249395177   19.865652084 ^ _075164_/Y (sg13g2_a21oi_1)
     4    0.054942880    0.548814356    0.521239936   20.386892319 v _075166_/Y (sg13g2_o21ai_1)
     2    0.007983726    0.172277540    0.260534704   20.647426605 ^ _075167_/Y (sg13g2_nand3b_1)
     4    0.065743655    0.905574977    0.830787897   21.478216171 v _075168_/Y (sg13g2_nand3_1)
     2    0.008641194    0.231234655    0.333120197   21.811336517 ^ _075169_/Y (sg13g2_nand3b_1)
     2    0.008583046    0.166315868    0.257406563   22.068742752 v _075170_/Y (sg13g2_nand3b_1)
     4    0.017213067    0.151993901    0.205655947   22.274398804 ^ _075171_/Y (sg13g2_nand3b_1)
     4    0.050372865    0.189726040    0.420936197   22.695333481 ^ _075172_/X (sg13g2_and3_2)
     2    0.007632990    0.075596072    0.105353951   22.800687790 v _075173_/Y (sg13g2_nor3_2)
     5    0.030560516    0.184135959    0.361648500   23.162336349 v _075174_/X (sg13g2_or3_1)
     2    0.009041228    0.114079721    0.159364089   23.321701050 ^ _075250_/Y (sg13g2_nand3_1)
     6    0.100838915    0.950958550    0.821991384   24.143692017 v _075320_/Y (sg13g2_a21oi_1)
     8    0.213277310    2.718343258    2.508688450   26.652379990 ^ _076064_/Y (sg13g2_nor2_1)
     1    0.005721648    0.368661165    0.634466708   27.286848068 v _076065_/Y (sg13g2_xnor2_1)
     2    0.010270394    0.227051660    0.334008396   27.620855331 ^ _076142_/Y (sg13g2_o21ai_1)
     1    0.023515932    0.298951179    0.371683151   27.992538452 v _076249_/Y (sg13g2_a221oi_1)
     1    0.003635895    0.051695649    0.269436032   28.261974335 v _076635_/X (sg13g2_or2_1)
     2    0.118844129    1.789227366    1.379374862   29.641349792 ^ _076942_/Y (sg13g2_o21ai_1)
     3    0.013141668    0.422510296    0.668997347   30.310346603 v _077020_/Y (sg13g2_a21oi_1)
     8    0.036067136    0.196023732    0.367617071   30.677963257 v fanout532/X (sg13g2_buf_1)
     1    0.005245697    0.150952697    0.211763054   30.889726639 ^ _077040_/Y (sg13g2_o21ai_1)
     2    0.008220830    0.208831459    0.290725678   31.180452347 v _077041_/Y (sg13g2_nand4_1)
     2    0.049469188    1.327027440    1.192820072   32.373271942 ^ _082372_/Y (sg13g2_nor4_1)
     2    0.012525491    0.312770456    0.437541574   32.810813904 v _082374_/Y (sg13g2_o21ai_1)
     2    0.007778190    0.126920149    0.200675040   33.011489868 ^ _082375_/Y (sg13g2_nand3_1)
     1    0.008135634    0.159585923    0.195701241   33.207191467 v _082389_/Y (sg13g2_a221oi_1)
     4    0.019623591    0.338643700    0.375948161   33.583137512 ^ _082392_/Y (sg13g2_o21ai_1)
     1    0.004878370    0.068769246    0.294861019   33.877998352 ^ _090105_/X (sg13g2_and3_1)
     6    0.112721913    0.715438306    0.593555450   34.471553802 ^ _090106_/X (sg13g2_buf_1)
     2    0.039463449    0.488460660    0.667693496   35.139247894 v _090107_/Y (sg13g2_nand2_1)
     8    0.107034095    0.552628160    0.651350975   35.790599823 v fanout478/X (sg13g2_buf_1)
     4    0.036554262    0.543319166    0.662449658   36.453048706 ^ _090108_/Y (sg13g2_nor2_1)
     2    0.006888063    0.274669230    0.223209903   36.676258087 v _101134_/Y (sg13g2_o21ai_1)
     3    0.085963383    0.446952343    0.510926425   37.187187195 v _101135_/X (sg13g2_buf_1)
     1    0.007123452    0.209064737    0.302510023   37.489696503 ^ _101136_/Y (sg13g2_a22oi_1)
     2    0.057486236    0.370106667    0.420975268   37.910671234 ^ _101137_/X (sg13g2_buf_1)
     8    0.070833564    0.452844501    0.541330576   38.452003479 ^ fanout343/X (sg13g2_buf_1)
     3    0.056210171    0.360757262    0.484018177   38.936019897 ^ _101143_/X (sg13g2_buf_1)
     8    0.074057840    0.472988397    0.542627275   39.478649139 ^ fanout310/X (sg13g2_buf_1)
     1    0.006400927    0.150522575    0.218886241   39.697532654 v _101274_/Y (sg13g2_o21ai_1)
     1    0.002560572    0.151518643    0.095354840   39.792888641 ^ _101275_/Y (sg13g2_o21ai_1)
                         0.151518643    0.000046185   39.792934418 ^ _130201_/D (sg13g2_dfrbpq_1)
                                                      39.792934418   data arrival time

                                       20.000000000   20.000000000   clock clk_i (rise edge)
                                        3.614375353   23.614376068   clock network delay (propagated)
                                       -0.250000000   23.364376068   clock uncertainty
                                        0.287694991   23.652070999   clock reconvergence pessimism
                                                      23.652070999 ^ _130201_/CLK (sg13g2_dfrbpq_1)
                                       -0.231635690   23.420436859   library setup time
                                                      23.420436859   data required time
---------------------------------------------------------------------------------------------------------
                                                      23.420436859   data required time
                                                     -39.792934418   data arrival time
---------------------------------------------------------------------------------------------------------
                                                     -16.372497559   slack (VIOLATED)


Startpoint: _133430_ (rising edge-triggered flip-flop clocked by clk_i)
Endpoint: _130185_ (rising edge-triggered flip-flop clocked by clk_i)
Path Group: clk_i
Path Type: max
Corner: nom_slow_1p08V_125C

Fanout            Cap           Slew          Delay           Time   Description
---------------------------------------------------------------------------------------------------------
                                        0.000000000    0.000000000   clock clk_i (rise edge)
                                        3.990730047    3.990730047   clock network delay (propagated)
                         0.086427867    0.000000000    3.990730047 ^ _133430_/CLK (sg13g2_dfrbpq_1)
     6    0.098204292    0.618608117    0.737145901    4.727876186 ^ _133430_/Q (sg13g2_dfrbpq_1)
     1    0.007152955    0.183012038    0.367602855    5.095479012 ^ _070350_/X (sg13g2_xor2_1)
     2    0.082720943    1.083636642    0.923789084    6.019268036 ^ _070351_/Y (sg13g2_xnor2_1)
     1    0.007602998    0.218234718    0.432469636    6.451737404 v _072005_/Y (sg13g2_xnor2_1)
     1    0.009467341    0.136683449    0.267505586    6.719243050 v _072007_/Y (sg13g2_xnor2_1)
     2    0.096945226    0.927032411    0.837212980    7.556456089 v _072013_/Y (sg13g2_xnor2_1)
     1    0.010654187    0.326670706    0.514244676    8.070700645 ^ _072014_/Y (sg13g2_a22oi_1)
     1    0.008193475    0.214823827    0.345301569    8.416002274 v _072015_/Y (sg13g2_nand4_1)
     4    0.058327280    1.552514911    1.360197306    9.776199341 ^ _072163_/Y (sg13g2_nor4_1)
     4    0.019207658    0.445000648    0.644997835   10.421197891 v _073190_/Y (sg13g2_nand2_1)
     6    0.024535142    0.148600668    0.409604818   10.830801964 v _073191_/X (sg13g2_or2_1)
     2    0.021008108    0.294460058    0.315075964   11.145877838 ^ _074877_/Y (sg13g2_nor2_1)
     1    0.013540013    0.228945240    0.291024089   11.436902046 v _074900_/Y (sg13g2_xnor2_1)
     7    0.124751188    1.867776036    1.569034696   13.005937576 ^ _074902_/Y (sg13g2_o21ai_1)
     1    0.004717719    0.274849415    0.331716001   13.337653160 v _074908_/Y (sg13g2_o21ai_1)
     7    0.118180804    0.614900470    0.711623669   14.049276352 v _074909_/X (sg13g2_a21o_1)
     2    0.011707357    0.244349331    0.400977939   14.450254440 ^ _074911_/Y (sg13g2_a21oi_1)
     3    0.013025674    0.174899206    0.250683039   14.700938225 v _074913_/Y (sg13g2_xnor2_1)
     2    0.008024572    0.227751911    0.285135478   14.986073494 ^ _075132_/Y (sg13g2_nor3_1)
     5    0.023361808    0.252230644    0.326359391   15.312432289 v _075135_/Y (sg13g2_o21ai_1)
     3    0.054190688    0.718813479    0.701444268   16.013875961 ^ _075137_/Y (sg13g2_a21oi_1)
     2    0.009080474    0.189153597    0.297610819   16.311487198 v _075139_/Y (sg13g2_o21ai_1)
     3    0.013542720    0.218236327    0.281175971   16.592662811 ^ _075141_/Y (sg13g2_a21oi_1)
     2    0.008188004    0.121377371    0.188736141   16.781400681 v _075143_/Y (sg13g2_o21ai_1)
     4    0.015251978    0.102695368    0.277914584   17.059314728 v _075145_/X (sg13g2_a21o_1)
     2    0.009422852    0.072816297    0.241891846   17.301206589 v _075147_/X (sg13g2_a21o_1)
     2    0.015038490    0.251684606    0.246867418   17.548072815 ^ _075149_/Y (sg13g2_a21oi_1)
     3    0.010715079    0.087831914    0.129720241   17.677793503 v _075150_/Y (sg13g2_nor3_2)
     2    0.009475670    0.240877271    0.239763767   17.917558670 ^ _075151_/Y (sg13g2_nor3_1)
     2    0.007437247    0.111792840    0.187643677   18.105201721 v _075153_/Y (sg13g2_o21ai_1)
     4    0.022546198    0.325442284    0.338188142   18.443389893 ^ _075155_/Y (sg13g2_a21oi_1)
     2    0.009787777    0.149348557    0.234527066   18.677917480 v _075157_/Y (sg13g2_o21ai_1)
     7    0.079807743    0.229557708    0.452157438   19.130073547 v _075160_/X (sg13g2_a21o_2)
     2    0.008513704    0.116616592    0.182108551   19.312183380 ^ _075161_/Y (sg13g2_nand3b_1)
     4    0.016891843    0.277682304    0.304075003   19.616256714 v _075162_/Y (sg13g2_nand3_1)
     2    0.007723731    0.154060513    0.249395177   19.865652084 ^ _075164_/Y (sg13g2_a21oi_1)
     4    0.054942880    0.548814356    0.521239936   20.386892319 v _075166_/Y (sg13g2_o21ai_1)
     2    0.007983726    0.172277540    0.260534704   20.647426605 ^ _075167_/Y (sg13g2_nand3b_1)
     4    0.065743655    0.905574977    0.830787897   21.478216171 v _075168_/Y (sg13g2_nand3_1)
     2    0.008641194    0.231234655    0.333120197   21.811336517 ^ _075169_/Y (sg13g2_nand3b_1)
     2    0.008583046    0.166315868    0.257406563   22.068742752 v _075170_/Y (sg13g2_nand3b_1)
     4    0.017213067    0.151993901    0.205655947   22.274398804 ^ _075171_/Y (sg13g2_nand3b_1)
     4    0.050372865    0.189726040    0.420936197   22.695333481 ^ _075172_/X (sg13g2_and3_2)
     2    0.007632990    0.075596072    0.105353951   22.800687790 v _075173_/Y (sg13g2_nor3_2)
     5    0.030560516    0.184135959    0.361648500   23.162336349 v _075174_/X (sg13g2_or3_1)
     2    0.009041228    0.114079721    0.159364089   23.321701050 ^ _075250_/Y (sg13g2_nand3_1)
     6    0.100838915    0.950958550    0.821991384   24.143692017 v _075320_/Y (sg13g2_a21oi_1)
     8    0.213277310    2.718343258    2.508688450   26.652379990 ^ _076064_/Y (sg13g2_nor2_1)
     1    0.005721648    0.368661165    0.634466708   27.286848068 v _076065_/Y (sg13g2_xnor2_1)
     2    0.010270394    0.227051660    0.334008396   27.620855331 ^ _076142_/Y (sg13g2_o21ai_1)
     1    0.023515932    0.298951179    0.371683151   27.992538452 v _076249_/Y (sg13g2_a221oi_1)
     1    0.003635895    0.051695649    0.269436032   28.261974335 v _076635_/X (sg13g2_or2_1)
     2    0.118844129    1.789227366    1.379374862   29.641349792 ^ _076942_/Y (sg13g2_o21ai_1)
     3    0.013141668    0.422510296    0.668997347   30.310346603 v _077020_/Y (sg13g2_a21oi_1)
     8    0.036067136    0.196023732    0.367617071   30.677963257 v fanout532/X (sg13g2_buf_1)
     1    0.005245697    0.150952697    0.211763054   30.889726639 ^ _077040_/Y (sg13g2_o21ai_1)
     2    0.008220830    0.208831459    0.290725678   31.180452347 v _077041_/Y (sg13g2_nand4_1)
     2    0.049469188    1.327027440    1.192820072   32.373271942 ^ _082372_/Y (sg13g2_nor4_1)
     2    0.012525491    0.312770456    0.437541574   32.810813904 v _082374_/Y (sg13g2_o21ai_1)
     2    0.007778190    0.126920149    0.200675040   33.011489868 ^ _082375_/Y (sg13g2_nand3_1)
     1    0.008135634    0.159585923    0.195701241   33.207191467 v _082389_/Y (sg13g2_a221oi_1)
     4    0.019623591    0.338643700    0.375948161   33.583137512 ^ _082392_/Y (sg13g2_o21ai_1)
     1    0.004878370    0.068769246    0.294861019   33.877998352 ^ _090105_/X (sg13g2_and3_1)
     6    0.112721913    0.715438306    0.593555450   34.471553802 ^ _090106_/X (sg13g2_buf_1)
     2    0.039463449    0.488460660    0.667693496   35.139247894 v _090107_/Y (sg13g2_nand2_1)
     8    0.107034095    0.552628160    0.651350975   35.790599823 v fanout478/X (sg13g2_buf_1)
     4    0.036554262    0.543319166    0.662449658   36.453048706 ^ _090108_/Y (sg13g2_nor2_1)
     2    0.006888063    0.274669230    0.223209903   36.676258087 v _101134_/Y (sg13g2_o21ai_1)
     3    0.085963383    0.446952343    0.510926425   37.187187195 v _101135_/X (sg13g2_buf_1)
     1    0.007123452    0.209064737    0.302510023   37.489696503 ^ _101136_/Y (sg13g2_a22oi_1)
     2    0.057486236    0.370106667    0.420975268   37.910671234 ^ _101137_/X (sg13g2_buf_1)
     8    0.070833564    0.452844501    0.541330576   38.452003479 ^ fanout343/X (sg13g2_buf_1)
     3    0.056210171    0.360757262    0.484018177   38.936019897 ^ _101143_/X (sg13g2_buf_1)
     8    0.074057840    0.472988397    0.542627275   39.478649139 ^ fanout310/X (sg13g2_buf_1)
     1    0.005722751    0.144425884    0.201570317   39.680217743 v _101170_/Y (sg13g2_o21ai_1)
     1    0.003727507    0.165896311    0.101568535   39.781787872 ^ _101171_/Y (sg13g2_o21ai_1)
                         0.165896311    0.000106581   39.781890869 ^ _130185_/D (sg13g2_dfrbpq_1)
                                                      39.781890869   data arrival time

                                       20.000000000   20.000000000   clock clk_i (rise edge)
                                        3.624121666   23.624122620   clock network delay (propagated)
                                       -0.250000000   23.374122620   clock uncertainty
                                        0.287694991   23.661817551   clock reconvergence pessimism
                                                      23.661817551 ^ _130185_/CLK (sg13g2_dfrbpq_1)
                                       -0.236319050   23.425498962   library setup time
                                                      23.425498962   data required time
---------------------------------------------------------------------------------------------------------
                                                      23.425498962   data required time
                                                     -39.781890869   data arrival time
---------------------------------------------------------------------------------------------------------
                                                     -16.356393814   slack (VIOLATED)


Startpoint: _133430_ (rising edge-triggered flip-flop clocked by clk_i)
Endpoint: _130192_ (rising edge-triggered flip-flop clocked by clk_i)
Path Group: clk_i
Path Type: max
Corner: nom_slow_1p08V_125C

Fanout            Cap           Slew          Delay           Time   Description
---------------------------------------------------------------------------------------------------------
                                        0.000000000    0.000000000   clock clk_i (rise edge)
                                        3.990730047    3.990730047   clock network delay (propagated)
                         0.086427867    0.000000000    3.990730047 ^ _133430_/CLK (sg13g2_dfrbpq_1)
     6    0.098204292    0.618608117    0.737145901    4.727876186 ^ _133430_/Q (sg13g2_dfrbpq_1)
     1    0.007152955    0.183012038    0.367602855    5.095479012 ^ _070350_/X (sg13g2_xor2_1)
     2    0.082720943    1.083636642    0.923789084    6.019268036 ^ _070351_/Y (sg13g2_xnor2_1)
     1    0.007602998    0.218234718    0.432469636    6.451737404 v _072005_/Y (sg13g2_xnor2_1)
     1    0.009467341    0.136683449    0.267505586    6.719243050 v _072007_/Y (sg13g2_xnor2_1)
     2    0.096945226    0.927032411    0.837212980    7.556456089 v _072013_/Y (sg13g2_xnor2_1)
     1    0.010654187    0.326670706    0.514244676    8.070700645 ^ _072014_/Y (sg13g2_a22oi_1)
     1    0.008193475    0.214823827    0.345301569    8.416002274 v _072015_/Y (sg13g2_nand4_1)
     4    0.058327280    1.552514911    1.360197306    9.776199341 ^ _072163_/Y (sg13g2_nor4_1)
     4    0.019207658    0.445000648    0.644997835   10.421197891 v _073190_/Y (sg13g2_nand2_1)
     6    0.024535142    0.148600668    0.409604818   10.830801964 v _073191_/X (sg13g2_or2_1)
     2    0.021008108    0.294460058    0.315075964   11.145877838 ^ _074877_/Y (sg13g2_nor2_1)
     1    0.013540013    0.228945240    0.291024089   11.436902046 v _074900_/Y (sg13g2_xnor2_1)
     7    0.124751188    1.867776036    1.569034696   13.005937576 ^ _074902_/Y (sg13g2_o21ai_1)
     1    0.004717719    0.274849415    0.331716001   13.337653160 v _074908_/Y (sg13g2_o21ai_1)
     7    0.118180804    0.614900470    0.711623669   14.049276352 v _074909_/X (sg13g2_a21o_1)
     2    0.011707357    0.244349331    0.400977939   14.450254440 ^ _074911_/Y (sg13g2_a21oi_1)
     3    0.013025674    0.174899206    0.250683039   14.700938225 v _074913_/Y (sg13g2_xnor2_1)
     2    0.008024572    0.227751911    0.285135478   14.986073494 ^ _075132_/Y (sg13g2_nor3_1)
     5    0.023361808    0.252230644    0.326359391   15.312432289 v _075135_/Y (sg13g2_o21ai_1)
     3    0.054190688    0.718813479    0.701444268   16.013875961 ^ _075137_/Y (sg13g2_a21oi_1)
     2    0.009080474    0.189153597    0.297610819   16.311487198 v _075139_/Y (sg13g2_o21ai_1)
     3    0.013542720    0.218236327    0.281175971   16.592662811 ^ _075141_/Y (sg13g2_a21oi_1)
     2    0.008188004    0.121377371    0.188736141   16.781400681 v _075143_/Y (sg13g2_o21ai_1)
     4    0.015251978    0.102695368    0.277914584   17.059314728 v _075145_/X (sg13g2_a21o_1)
     2    0.009422852    0.072816297    0.241891846   17.301206589 v _075147_/X (sg13g2_a21o_1)
     2    0.015038490    0.251684606    0.246867418   17.548072815 ^ _075149_/Y (sg13g2_a21oi_1)
     3    0.010715079    0.087831914    0.129720241   17.677793503 v _075150_/Y (sg13g2_nor3_2)
     2    0.009475670    0.240877271    0.239763767   17.917558670 ^ _075151_/Y (sg13g2_nor3_1)
     2    0.007437247    0.111792840    0.187643677   18.105201721 v _075153_/Y (sg13g2_o21ai_1)
     4    0.022546198    0.325442284    0.338188142   18.443389893 ^ _075155_/Y (sg13g2_a21oi_1)
     2    0.009787777    0.149348557    0.234527066   18.677917480 v _075157_/Y (sg13g2_o21ai_1)
     7    0.079807743    0.229557708    0.452157438   19.130073547 v _075160_/X (sg13g2_a21o_2)
     2    0.008513704    0.116616592    0.182108551   19.312183380 ^ _075161_/Y (sg13g2_nand3b_1)
     4    0.016891843    0.277682304    0.304075003   19.616256714 v _075162_/Y (sg13g2_nand3_1)
     2    0.007723731    0.154060513    0.249395177   19.865652084 ^ _075164_/Y (sg13g2_a21oi_1)
     4    0.054942880    0.548814356    0.521239936   20.386892319 v _075166_/Y (sg13g2_o21ai_1)
     2    0.007983726    0.172277540    0.260534704   20.647426605 ^ _075167_/Y (sg13g2_nand3b_1)
     4    0.065743655    0.905574977    0.830787897   21.478216171 v _075168_/Y (sg13g2_nand3_1)
     2    0.008641194    0.231234655    0.333120197   21.811336517 ^ _075169_/Y (sg13g2_nand3b_1)
     2    0.008583046    0.166315868    0.257406563   22.068742752 v _075170_/Y (sg13g2_nand3b_1)
     4    0.017213067    0.151993901    0.205655947   22.274398804 ^ _075171_/Y (sg13g2_nand3b_1)
     4    0.050372865    0.189726040    0.420936197   22.695333481 ^ _075172_/X (sg13g2_and3_2)
     2    0.007632990    0.075596072    0.105353951   22.800687790 v _075173_/Y (sg13g2_nor3_2)
     5    0.030560516    0.184135959    0.361648500   23.162336349 v _075174_/X (sg13g2_or3_1)
     2    0.009041228    0.114079721    0.159364089   23.321701050 ^ _075250_/Y (sg13g2_nand3_1)
     6    0.100838915    0.950958550    0.821991384   24.143692017 v _075320_/Y (sg13g2_a21oi_1)
     8    0.213277310    2.718343258    2.508688450   26.652379990 ^ _076064_/Y (sg13g2_nor2_1)
     1    0.005721648    0.368661165    0.634466708   27.286848068 v _076065_/Y (sg13g2_xnor2_1)
     2    0.010270394    0.227051660    0.334008396   27.620855331 ^ _076142_/Y (sg13g2_o21ai_1)
     1    0.023515932    0.298951179    0.371683151   27.992538452 v _076249_/Y (sg13g2_a221oi_1)
     1    0.003635895    0.051695649    0.269436032   28.261974335 v _076635_/X (sg13g2_or2_1)
     2    0.118844129    1.789227366    1.379374862   29.641349792 ^ _076942_/Y (sg13g2_o21ai_1)
     3    0.013141668    0.422510296    0.668997347   30.310346603 v _077020_/Y (sg13g2_a21oi_1)
     8    0.036067136    0.196023732    0.367617071   30.677963257 v fanout532/X (sg13g2_buf_1)
     1    0.005245697    0.150952697    0.211763054   30.889726639 ^ _077040_/Y (sg13g2_o21ai_1)
     2    0.008220830    0.208831459    0.290725678   31.180452347 v _077041_/Y (sg13g2_nand4_1)
     2    0.049469188    1.327027440    1.192820072   32.373271942 ^ _082372_/Y (sg13g2_nor4_1)
     2    0.012525491    0.312770456    0.437541574   32.810813904 v _082374_/Y (sg13g2_o21ai_1)
     2    0.007778190    0.126920149    0.200675040   33.011489868 ^ _082375_/Y (sg13g2_nand3_1)
     1    0.008135634    0.159585923    0.195701241   33.207191467 v _082389_/Y (sg13g2_a221oi_1)
     4    0.019623591    0.338643700    0.375948161   33.583137512 ^ _082392_/Y (sg13g2_o21ai_1)
     1    0.004878370    0.068769246    0.294861019   33.877998352 ^ _090105_/X (sg13g2_and3_1)
     6    0.112721913    0.715438306    0.593555450   34.471553802 ^ _090106_/X (sg13g2_buf_1)
     2    0.039463449    0.488460660    0.667693496   35.139247894 v _090107_/Y (sg13g2_nand2_1)
     8    0.107034095    0.552628160    0.651350975   35.790599823 v fanout478/X (sg13g2_buf_1)
     4    0.036554262    0.543319166    0.662449658   36.453048706 ^ _090108_/Y (sg13g2_nor2_1)
     2    0.006888063    0.274669230    0.223209903   36.676258087 v _101134_/Y (sg13g2_o21ai_1)
     3    0.085963383    0.446952343    0.510926425   37.187187195 v _101135_/X (sg13g2_buf_1)
     1    0.007123452    0.209064737    0.302510023   37.489696503 ^ _101136_/Y (sg13g2_a22oi_1)
     2    0.057486236    0.370106667    0.420975268   37.910671234 ^ _101137_/X (sg13g2_buf_1)
     8    0.070833564    0.452844501    0.541330576   38.452003479 ^ fanout343/X (sg13g2_buf_1)
     3    0.056210171    0.360757262    0.484018177   38.936019897 ^ _101143_/X (sg13g2_buf_1)
     8    0.074057840    0.472988397    0.542627275   39.478649139 ^ fanout310/X (sg13g2_buf_1)
     1    0.005406495    0.141842291    0.203158379   39.681804657 v _101214_/Y (sg13g2_o21ai_1)
     1    0.002761826    0.154051259    0.094161123   39.775966644 ^ _101215_/Y (sg13g2_o21ai_1)
                         0.154051259    0.000053291   39.776020050 ^ _130192_/D (sg13g2_dfrbpq_1)
                                                      39.776020050   data arrival time

                                       20.000000000   20.000000000   clock clk_i (rise edge)
                                        3.615291595   23.615291595   clock network delay (propagated)
                                       -0.250000000   23.365293503   clock uncertainty
                                        0.287694991   23.652988434   clock reconvergence pessimism
                                                      23.652988434 ^ _130192_/CLK (sg13g2_dfrbpq_1)
                                       -0.233086690   23.419900894   library setup time
                                                      23.419900894   data required time
---------------------------------------------------------------------------------------------------------
                                                      23.419900894   data required time
                                                     -39.776020050   data arrival time
---------------------------------------------------------------------------------------------------------
                                                     -16.356119156   slack (VIOLATED)


Startpoint: _133430_ (rising edge-triggered flip-flop clocked by clk_i)
Endpoint: _130195_ (rising edge-triggered flip-flop clocked by clk_i)
Path Group: clk_i
Path Type: max
Corner: nom_slow_1p08V_125C

Fanout            Cap           Slew          Delay           Time   Description
---------------------------------------------------------------------------------------------------------
                                        0.000000000    0.000000000   clock clk_i (rise edge)
                                        3.990730047    3.990730047   clock network delay (propagated)
                         0.086427867    0.000000000    3.990730047 ^ _133430_/CLK (sg13g2_dfrbpq_1)
     6    0.098204292    0.618608117    0.737145901    4.727876186 ^ _133430_/Q (sg13g2_dfrbpq_1)
     1    0.007152955    0.183012038    0.367602855    5.095479012 ^ _070350_/X (sg13g2_xor2_1)
     2    0.082720943    1.083636642    0.923789084    6.019268036 ^ _070351_/Y (sg13g2_xnor2_1)
     1    0.007602998    0.218234718    0.432469636    6.451737404 v _072005_/Y (sg13g2_xnor2_1)
     1    0.009467341    0.136683449    0.267505586    6.719243050 v _072007_/Y (sg13g2_xnor2_1)
     2    0.096945226    0.927032411    0.837212980    7.556456089 v _072013_/Y (sg13g2_xnor2_1)
     1    0.010654187    0.326670706    0.514244676    8.070700645 ^ _072014_/Y (sg13g2_a22oi_1)
     1    0.008193475    0.214823827    0.345301569    8.416002274 v _072015_/Y (sg13g2_nand4_1)
     4    0.058327280    1.552514911    1.360197306    9.776199341 ^ _072163_/Y (sg13g2_nor4_1)
     4    0.019207658    0.445000648    0.644997835   10.421197891 v _073190_/Y (sg13g2_nand2_1)
     6    0.024535142    0.148600668    0.409604818   10.830801964 v _073191_/X (sg13g2_or2_1)
     2    0.021008108    0.294460058    0.315075964   11.145877838 ^ _074877_/Y (sg13g2_nor2_1)
     1    0.013540013    0.228945240    0.291024089   11.436902046 v _074900_/Y (sg13g2_xnor2_1)
     7    0.124751188    1.867776036    1.569034696   13.005937576 ^ _074902_/Y (sg13g2_o21ai_1)
     1    0.004717719    0.274849415    0.331716001   13.337653160 v _074908_/Y (sg13g2_o21ai_1)
     7    0.118180804    0.614900470    0.711623669   14.049276352 v _074909_/X (sg13g2_a21o_1)
     2    0.011707357    0.244349331    0.400977939   14.450254440 ^ _074911_/Y (sg13g2_a21oi_1)
     3    0.013025674    0.174899206    0.250683039   14.700938225 v _074913_/Y (sg13g2_xnor2_1)
     2    0.008024572    0.227751911    0.285135478   14.986073494 ^ _075132_/Y (sg13g2_nor3_1)
     5    0.023361808    0.252230644    0.326359391   15.312432289 v _075135_/Y (sg13g2_o21ai_1)
     3    0.054190688    0.718813479    0.701444268   16.013875961 ^ _075137_/Y (sg13g2_a21oi_1)
     2    0.009080474    0.189153597    0.297610819   16.311487198 v _075139_/Y (sg13g2_o21ai_1)
     3    0.013542720    0.218236327    0.281175971   16.592662811 ^ _075141_/Y (sg13g2_a21oi_1)
     2    0.008188004    0.121377371    0.188736141   16.781400681 v _075143_/Y (sg13g2_o21ai_1)
     4    0.015251978    0.102695368    0.277914584   17.059314728 v _075145_/X (sg13g2_a21o_1)
     2    0.009422852    0.072816297    0.241891846   17.301206589 v _075147_/X (sg13g2_a21o_1)
     2    0.015038490    0.251684606    0.246867418   17.548072815 ^ _075149_/Y (sg13g2_a21oi_1)
     3    0.010715079    0.087831914    0.129720241   17.677793503 v _075150_/Y (sg13g2_nor3_2)
     2    0.009475670    0.240877271    0.239763767   17.917558670 ^ _075151_/Y (sg13g2_nor3_1)
     2    0.007437247    0.111792840    0.187643677   18.105201721 v _075153_/Y (sg13g2_o21ai_1)
     4    0.022546198    0.325442284    0.338188142   18.443389893 ^ _075155_/Y (sg13g2_a21oi_1)
     2    0.009787777    0.149348557    0.234527066   18.677917480 v _075157_/Y (sg13g2_o21ai_1)
     7    0.079807743    0.229557708    0.452157438   19.130073547 v _075160_/X (sg13g2_a21o_2)
     2    0.008513704    0.116616592    0.182108551   19.312183380 ^ _075161_/Y (sg13g2_nand3b_1)
     4    0.016891843    0.277682304    0.304075003   19.616256714 v _075162_/Y (sg13g2_nand3_1)
     2    0.007723731    0.154060513    0.249395177   19.865652084 ^ _075164_/Y (sg13g2_a21oi_1)
     4    0.054942880    0.548814356    0.521239936   20.386892319 v _075166_/Y (sg13g2_o21ai_1)
     2    0.007983726    0.172277540    0.260534704   20.647426605 ^ _075167_/Y (sg13g2_nand3b_1)
     4    0.065743655    0.905574977    0.830787897   21.478216171 v _075168_/Y (sg13g2_nand3_1)
     2    0.008641194    0.231234655    0.333120197   21.811336517 ^ _075169_/Y (sg13g2_nand3b_1)
     2    0.008583046    0.166315868    0.257406563   22.068742752 v _075170_/Y (sg13g2_nand3b_1)
     4    0.017213067    0.151993901    0.205655947   22.274398804 ^ _075171_/Y (sg13g2_nand3b_1)
     4    0.050372865    0.189726040    0.420936197   22.695333481 ^ _075172_/X (sg13g2_and3_2)
     2    0.007632990    0.075596072    0.105353951   22.800687790 v _075173_/Y (sg13g2_nor3_2)
     5    0.030560516    0.184135959    0.361648500   23.162336349 v _075174_/X (sg13g2_or3_1)
     2    0.009041228    0.114079721    0.159364089   23.321701050 ^ _075250_/Y (sg13g2_nand3_1)
     6    0.100838915    0.950958550    0.821991384   24.143692017 v _075320_/Y (sg13g2_a21oi_1)
     8    0.213277310    2.718343258    2.508688450   26.652379990 ^ _076064_/Y (sg13g2_nor2_1)
     1    0.005721648    0.368661165    0.634466708   27.286848068 v _076065_/Y (sg13g2_xnor2_1)
     2    0.010270394    0.227051660    0.334008396   27.620855331 ^ _076142_/Y (sg13g2_o21ai_1)
     1    0.023515932    0.298951179    0.371683151   27.992538452 v _076249_/Y (sg13g2_a221oi_1)
     1    0.003635895    0.051695649    0.269436032   28.261974335 v _076635_/X (sg13g2_or2_1)
     2    0.118844129    1.789227366    1.379374862   29.641349792 ^ _076942_/Y (sg13g2_o21ai_1)
     3    0.013141668    0.422510296    0.668997347   30.310346603 v _077020_/Y (sg13g2_a21oi_1)
     8    0.036067136    0.196023732    0.367617071   30.677963257 v fanout532/X (sg13g2_buf_1)
     1    0.005245697    0.150952697    0.211763054   30.889726639 ^ _077040_/Y (sg13g2_o21ai_1)
     2    0.008220830    0.208831459    0.290725678   31.180452347 v _077041_/Y (sg13g2_nand4_1)
     2    0.049469188    1.327027440    1.192820072   32.373271942 ^ _082372_/Y (sg13g2_nor4_1)
     2    0.012525491    0.312770456    0.437541574   32.810813904 v _082374_/Y (sg13g2_o21ai_1)
     2    0.007778190    0.126920149    0.200675040   33.011489868 ^ _082375_/Y (sg13g2_nand3_1)
     1    0.008135634    0.159585923    0.195701241   33.207191467 v _082389_/Y (sg13g2_a221oi_1)
     4    0.019623591    0.338643700    0.375948161   33.583137512 ^ _082392_/Y (sg13g2_o21ai_1)
     1    0.004878370    0.068769246    0.294861019   33.877998352 ^ _090105_/X (sg13g2_and3_1)
     6    0.112721913    0.715438306    0.593555450   34.471553802 ^ _090106_/X (sg13g2_buf_1)
     2    0.039463449    0.488460660    0.667693496   35.139247894 v _090107_/Y (sg13g2_nand2_1)
     8    0.107034095    0.552628160    0.651350975   35.790599823 v fanout478/X (sg13g2_buf_1)
     4    0.036554262    0.543319166    0.662449658   36.453048706 ^ _090108_/Y (sg13g2_nor2_1)
     2    0.006888063    0.274669230    0.223209903   36.676258087 v _101134_/Y (sg13g2_o21ai_1)
     3    0.085963383    0.446952343    0.510926425   37.187187195 v _101135_/X (sg13g2_buf_1)
     1    0.007123452    0.209064737    0.302510023   37.489696503 ^ _101136_/Y (sg13g2_a22oi_1)
     2    0.057486236    0.370106667    0.420975268   37.910671234 ^ _101137_/X (sg13g2_buf_1)
     8    0.070833564    0.452844501    0.541330576   38.452003479 ^ fanout343/X (sg13g2_buf_1)
     3    0.056210171    0.360757262    0.484018177   38.936019897 ^ _101143_/X (sg13g2_buf_1)
     8    0.074057840    0.472988397    0.542627275   39.478649139 ^ fanout310/X (sg13g2_buf_1)
     1    0.003968338    0.129941911    0.186464176   39.665111542 v _101233_/Y (sg13g2_o21ai_1)
     1    0.002763517    0.154055849    0.090654597   39.755767822 ^ _101234_/Y (sg13g2_o21ai_1)
                         0.154055849    0.000053291   39.755817413 ^ _130195_/D (sg13g2_dfrbpq_1)
                                                      39.755817413   data arrival time

                                       20.000000000   20.000000000   clock clk_i (rise edge)
                                        3.616244793   23.616245270   clock network delay (propagated)
                                       -0.250000000   23.366247177   clock uncertainty
                                        0.287694991   23.653942108   clock reconvergence pessimism
                                                      23.653942108 ^ _130195_/CLK (sg13g2_dfrbpq_1)
                                       -0.233063072   23.420877457   library setup time
                                                      23.420877457   data required time
---------------------------------------------------------------------------------------------------------
                                                      23.420877457   data required time
                                                     -39.755817413   data arrival time
---------------------------------------------------------------------------------------------------------
                                                     -16.334941864   slack (VIOLATED)


Startpoint: _133430_ (rising edge-triggered flip-flop clocked by clk_i)
Endpoint: _130184_ (rising edge-triggered flip-flop clocked by clk_i)
Path Group: clk_i
Path Type: max
Corner: nom_slow_1p08V_125C

Fanout            Cap           Slew          Delay           Time   Description
---------------------------------------------------------------------------------------------------------
                                        0.000000000    0.000000000   clock clk_i (rise edge)
                                        3.990730047    3.990730047   clock network delay (propagated)
                         0.086427867    0.000000000    3.990730047 ^ _133430_/CLK (sg13g2_dfrbpq_1)
     6    0.098204292    0.618608117    0.737145901    4.727876186 ^ _133430_/Q (sg13g2_dfrbpq_1)
     1    0.007152955    0.183012038    0.367602855    5.095479012 ^ _070350_/X (sg13g2_xor2_1)
     2    0.082720943    1.083636642    0.923789084    6.019268036 ^ _070351_/Y (sg13g2_xnor2_1)
     1    0.007602998    0.218234718    0.432469636    6.451737404 v _072005_/Y (sg13g2_xnor2_1)
     1    0.009467341    0.136683449    0.267505586    6.719243050 v _072007_/Y (sg13g2_xnor2_1)
     2    0.096945226    0.927032411    0.837212980    7.556456089 v _072013_/Y (sg13g2_xnor2_1)
     1    0.010654187    0.326670706    0.514244676    8.070700645 ^ _072014_/Y (sg13g2_a22oi_1)
     1    0.008193475    0.214823827    0.345301569    8.416002274 v _072015_/Y (sg13g2_nand4_1)
     4    0.058327280    1.552514911    1.360197306    9.776199341 ^ _072163_/Y (sg13g2_nor4_1)
     4    0.019207658    0.445000648    0.644997835   10.421197891 v _073190_/Y (sg13g2_nand2_1)
     6    0.024535142    0.148600668    0.409604818   10.830801964 v _073191_/X (sg13g2_or2_1)
     2    0.021008108    0.294460058    0.315075964   11.145877838 ^ _074877_/Y (sg13g2_nor2_1)
     1    0.013540013    0.228945240    0.291024089   11.436902046 v _074900_/Y (sg13g2_xnor2_1)
     7    0.124751188    1.867776036    1.569034696   13.005937576 ^ _074902_/Y (sg13g2_o21ai_1)
     1    0.004717719    0.274849415    0.331716001   13.337653160 v _074908_/Y (sg13g2_o21ai_1)
     7    0.118180804    0.614900470    0.711623669   14.049276352 v _074909_/X (sg13g2_a21o_1)
     2    0.011707357    0.244349331    0.400977939   14.450254440 ^ _074911_/Y (sg13g2_a21oi_1)
     3    0.013025674    0.174899206    0.250683039   14.700938225 v _074913_/Y (sg13g2_xnor2_1)
     2    0.008024572    0.227751911    0.285135478   14.986073494 ^ _075132_/Y (sg13g2_nor3_1)
     5    0.023361808    0.252230644    0.326359391   15.312432289 v _075135_/Y (sg13g2_o21ai_1)
     3    0.054190688    0.718813479    0.701444268   16.013875961 ^ _075137_/Y (sg13g2_a21oi_1)
     2    0.009080474    0.189153597    0.297610819   16.311487198 v _075139_/Y (sg13g2_o21ai_1)
     3    0.013542720    0.218236327    0.281175971   16.592662811 ^ _075141_/Y (sg13g2_a21oi_1)
     2    0.008188004    0.121377371    0.188736141   16.781400681 v _075143_/Y (sg13g2_o21ai_1)
     4    0.015251978    0.102695368    0.277914584   17.059314728 v _075145_/X (sg13g2_a21o_1)
     2    0.009422852    0.072816297    0.241891846   17.301206589 v _075147_/X (sg13g2_a21o_1)
     2    0.015038490    0.251684606    0.246867418   17.548072815 ^ _075149_/Y (sg13g2_a21oi_1)
     3    0.010715079    0.087831914    0.129720241   17.677793503 v _075150_/Y (sg13g2_nor3_2)
     2    0.009475670    0.240877271    0.239763767   17.917558670 ^ _075151_/Y (sg13g2_nor3_1)
     2    0.007437247    0.111792840    0.187643677   18.105201721 v _075153_/Y (sg13g2_o21ai_1)
     4    0.022546198    0.325442284    0.338188142   18.443389893 ^ _075155_/Y (sg13g2_a21oi_1)
     2    0.009787777    0.149348557    0.234527066   18.677917480 v _075157_/Y (sg13g2_o21ai_1)
     7    0.079807743    0.229557708    0.452157438   19.130073547 v _075160_/X (sg13g2_a21o_2)
     2    0.008513704    0.116616592    0.182108551   19.312183380 ^ _075161_/Y (sg13g2_nand3b_1)
     4    0.016891843    0.277682304    0.304075003   19.616256714 v _075162_/Y (sg13g2_nand3_1)
     2    0.007723731    0.154060513    0.249395177   19.865652084 ^ _075164_/Y (sg13g2_a21oi_1)
     4    0.054942880    0.548814356    0.521239936   20.386892319 v _075166_/Y (sg13g2_o21ai_1)
     2    0.007983726    0.172277540    0.260534704   20.647426605 ^ _075167_/Y (sg13g2_nand3b_1)
     4    0.065743655    0.905574977    0.830787897   21.478216171 v _075168_/Y (sg13g2_nand3_1)
     2    0.008641194    0.231234655    0.333120197   21.811336517 ^ _075169_/Y (sg13g2_nand3b_1)
     2    0.008583046    0.166315868    0.257406563   22.068742752 v _075170_/Y (sg13g2_nand3b_1)
     4    0.017213067    0.151993901    0.205655947   22.274398804 ^ _075171_/Y (sg13g2_nand3b_1)
     4    0.050372865    0.189726040    0.420936197   22.695333481 ^ _075172_/X (sg13g2_and3_2)
     2    0.007632990    0.075596072    0.105353951   22.800687790 v _075173_/Y (sg13g2_nor3_2)
     5    0.030560516    0.184135959    0.361648500   23.162336349 v _075174_/X (sg13g2_or3_1)
     2    0.009041228    0.114079721    0.159364089   23.321701050 ^ _075250_/Y (sg13g2_nand3_1)
     6    0.100838915    0.950958550    0.821991384   24.143692017 v _075320_/Y (sg13g2_a21oi_1)
     8    0.213277310    2.718343258    2.508688450   26.652379990 ^ _076064_/Y (sg13g2_nor2_1)
     1    0.005721648    0.368661165    0.634466708   27.286848068 v _076065_/Y (sg13g2_xnor2_1)
     2    0.010270394    0.227051660    0.334008396   27.620855331 ^ _076142_/Y (sg13g2_o21ai_1)
     1    0.023515932    0.298951179    0.371683151   27.992538452 v _076249_/Y (sg13g2_a221oi_1)
     1    0.003635895    0.051695649    0.269436032   28.261974335 v _076635_/X (sg13g2_or2_1)
     2    0.118844129    1.789227366    1.379374862   29.641349792 ^ _076942_/Y (sg13g2_o21ai_1)
     3    0.013141668    0.422510296    0.668997347   30.310346603 v _077020_/Y (sg13g2_a21oi_1)
     8    0.036067136    0.196023732    0.367617071   30.677963257 v fanout532/X (sg13g2_buf_1)
     1    0.005245697    0.150952697    0.211763054   30.889726639 ^ _077040_/Y (sg13g2_o21ai_1)
     2    0.008220830    0.208831459    0.290725678   31.180452347 v _077041_/Y (sg13g2_nand4_1)
     2    0.049469188    1.327027440    1.192820072   32.373271942 ^ _082372_/Y (sg13g2_nor4_1)
     2    0.012525491    0.312770456    0.437541574   32.810813904 v _082374_/Y (sg13g2_o21ai_1)
     2    0.007778190    0.126920149    0.200675040   33.011489868 ^ _082375_/Y (sg13g2_nand3_1)
     1    0.008135634    0.159585923    0.195701241   33.207191467 v _082389_/Y (sg13g2_a221oi_1)
     4    0.019623591    0.338643700    0.375948161   33.583137512 ^ _082392_/Y (sg13g2_o21ai_1)
     1    0.004878370    0.068769246    0.294861019   33.877998352 ^ _090105_/X (sg13g2_and3_1)
     6    0.112721913    0.715438306    0.593555450   34.471553802 ^ _090106_/X (sg13g2_buf_1)
     2    0.039463449    0.488460660    0.667693496   35.139247894 v _090107_/Y (sg13g2_nand2_1)
     8    0.107034095    0.552628160    0.651350975   35.790599823 v fanout478/X (sg13g2_buf_1)
     4    0.036554262    0.543319166    0.662449658   36.453048706 ^ _090108_/Y (sg13g2_nor2_1)
     2    0.006888063    0.274669230    0.223209903   36.676258087 v _101134_/Y (sg13g2_o21ai_1)
     3    0.085963383    0.446952343    0.510926425   37.187187195 v _101135_/X (sg13g2_buf_1)
     1    0.007123452    0.209064737    0.302510023   37.489696503 ^ _101136_/Y (sg13g2_a22oi_1)
     2    0.057486236    0.370106667    0.420975268   37.910671234 ^ _101137_/X (sg13g2_buf_1)
     8    0.070833564    0.452844501    0.541330576   38.452003479 ^ fanout343/X (sg13g2_buf_1)
     3    0.056210171    0.360757262    0.484018177   38.936019897 ^ _101143_/X (sg13g2_buf_1)
     8    0.074057840    0.472988397    0.542627275   39.478649139 ^ fanout310/X (sg13g2_buf_1)
     1    0.003958724    0.107355073    0.156262562   39.634910583 v _101160_/Y (sg13g2_nor2_1)
     1    0.005030367    0.113287255    0.145512044   39.780422211 ^ _101161_/Y (sg13g2_a21oi_1)
                         0.113287330    0.000184741   39.780605316 ^ _130184_/D (sg13g2_dfrbpq_1)
                                                      39.780605316   data arrival time

                                       20.000000000   20.000000000   clock clk_i (rise edge)
                                        3.622841358   23.622840881   clock network delay (propagated)
                                       -0.250000000   23.372842789   clock uncertainty
                                        0.287694991   23.660537720   clock reconvergence pessimism
                                                      23.660537720 ^ _130184_/CLK (sg13g2_dfrbpq_1)
                                       -0.214756906   23.445781708   library setup time
                                                      23.445781708   data required time
---------------------------------------------------------------------------------------------------------
                                                      23.445781708   data required time
                                                     -39.780605316   data arrival time
---------------------------------------------------------------------------------------------------------
                                                     -16.334825516   slack (VIOLATED)


Startpoint: _133430_ (rising edge-triggered flip-flop clocked by clk_i)
Endpoint: _130189_ (rising edge-triggered flip-flop clocked by clk_i)
Path Group: clk_i
Path Type: max
Corner: nom_slow_1p08V_125C

Fanout            Cap           Slew          Delay           Time   Description
---------------------------------------------------------------------------------------------------------
                                        0.000000000    0.000000000   clock clk_i (rise edge)
                                        3.990730047    3.990730047   clock network delay (propagated)
                         0.086427867    0.000000000    3.990730047 ^ _133430_/CLK (sg13g2_dfrbpq_1)
     6    0.098204292    0.618608117    0.737145901    4.727876186 ^ _133430_/Q (sg13g2_dfrbpq_1)
     1    0.007152955    0.183012038    0.367602855    5.095479012 ^ _070350_/X (sg13g2_xor2_1)
     2    0.082720943    1.083636642    0.923789084    6.019268036 ^ _070351_/Y (sg13g2_xnor2_1)
     1    0.007602998    0.218234718    0.432469636    6.451737404 v _072005_/Y (sg13g2_xnor2_1)
     1    0.009467341    0.136683449    0.267505586    6.719243050 v _072007_/Y (sg13g2_xnor2_1)
     2    0.096945226    0.927032411    0.837212980    7.556456089 v _072013_/Y (sg13g2_xnor2_1)
     1    0.010654187    0.326670706    0.514244676    8.070700645 ^ _072014_/Y (sg13g2_a22oi_1)
     1    0.008193475    0.214823827    0.345301569    8.416002274 v _072015_/Y (sg13g2_nand4_1)
     4    0.058327280    1.552514911    1.360197306    9.776199341 ^ _072163_/Y (sg13g2_nor4_1)
     4    0.019207658    0.445000648    0.644997835   10.421197891 v _073190_/Y (sg13g2_nand2_1)
     6    0.024535142    0.148600668    0.409604818   10.830801964 v _073191_/X (sg13g2_or2_1)
     2    0.021008108    0.294460058    0.315075964   11.145877838 ^ _074877_/Y (sg13g2_nor2_1)
     1    0.013540013    0.228945240    0.291024089   11.436902046 v _074900_/Y (sg13g2_xnor2_1)
     7    0.124751188    1.867776036    1.569034696   13.005937576 ^ _074902_/Y (sg13g2_o21ai_1)
     1    0.004717719    0.274849415    0.331716001   13.337653160 v _074908_/Y (sg13g2_o21ai_1)
     7    0.118180804    0.614900470    0.711623669   14.049276352 v _074909_/X (sg13g2_a21o_1)
     2    0.011707357    0.244349331    0.400977939   14.450254440 ^ _074911_/Y (sg13g2_a21oi_1)
     3    0.013025674    0.174899206    0.250683039   14.700938225 v _074913_/Y (sg13g2_xnor2_1)
     2    0.008024572    0.227751911    0.285135478   14.986073494 ^ _075132_/Y (sg13g2_nor3_1)
     5    0.023361808    0.252230644    0.326359391   15.312432289 v _075135_/Y (sg13g2_o21ai_1)
     3    0.054190688    0.718813479    0.701444268   16.013875961 ^ _075137_/Y (sg13g2_a21oi_1)
     2    0.009080474    0.189153597    0.297610819   16.311487198 v _075139_/Y (sg13g2_o21ai_1)
     3    0.013542720    0.218236327    0.281175971   16.592662811 ^ _075141_/Y (sg13g2_a21oi_1)
     2    0.008188004    0.121377371    0.188736141   16.781400681 v _075143_/Y (sg13g2_o21ai_1)
     4    0.015251978    0.102695368    0.277914584   17.059314728 v _075145_/X (sg13g2_a21o_1)
     2    0.009422852    0.072816297    0.241891846   17.301206589 v _075147_/X (sg13g2_a21o_1)
     2    0.015038490    0.251684606    0.246867418   17.548072815 ^ _075149_/Y (sg13g2_a21oi_1)
     3    0.010715079    0.087831914    0.129720241   17.677793503 v _075150_/Y (sg13g2_nor3_2)
     2    0.009475670    0.240877271    0.239763767   17.917558670 ^ _075151_/Y (sg13g2_nor3_1)
     2    0.007437247    0.111792840    0.187643677   18.105201721 v _075153_/Y (sg13g2_o21ai_1)
     4    0.022546198    0.325442284    0.338188142   18.443389893 ^ _075155_/Y (sg13g2_a21oi_1)
     2    0.009787777    0.149348557    0.234527066   18.677917480 v _075157_/Y (sg13g2_o21ai_1)
     7    0.079807743    0.229557708    0.452157438   19.130073547 v _075160_/X (sg13g2_a21o_2)
     2    0.008513704    0.116616592    0.182108551   19.312183380 ^ _075161_/Y (sg13g2_nand3b_1)
     4    0.016891843    0.277682304    0.304075003   19.616256714 v _075162_/Y (sg13g2_nand3_1)
     2    0.007723731    0.154060513    0.249395177   19.865652084 ^ _075164_/Y (sg13g2_a21oi_1)
     4    0.054942880    0.548814356    0.521239936   20.386892319 v _075166_/Y (sg13g2_o21ai_1)
     2    0.007983726    0.172277540    0.260534704   20.647426605 ^ _075167_/Y (sg13g2_nand3b_1)
     4    0.065743655    0.905574977    0.830787897   21.478216171 v _075168_/Y (sg13g2_nand3_1)
     2    0.008641194    0.231234655    0.333120197   21.811336517 ^ _075169_/Y (sg13g2_nand3b_1)
     2    0.008583046    0.166315868    0.257406563   22.068742752 v _075170_/Y (sg13g2_nand3b_1)
     4    0.017213067    0.151993901    0.205655947   22.274398804 ^ _075171_/Y (sg13g2_nand3b_1)
     4    0.050372865    0.189726040    0.420936197   22.695333481 ^ _075172_/X (sg13g2_and3_2)
     2    0.007632990    0.075596072    0.105353951   22.800687790 v _075173_/Y (sg13g2_nor3_2)
     5    0.030560516    0.184135959    0.361648500   23.162336349 v _075174_/X (sg13g2_or3_1)
     2    0.009041228    0.114079721    0.159364089   23.321701050 ^ _075250_/Y (sg13g2_nand3_1)
     6    0.100838915    0.950958550    0.821991384   24.143692017 v _075320_/Y (sg13g2_a21oi_1)
     8    0.213277310    2.718343258    2.508688450   26.652379990 ^ _076064_/Y (sg13g2_nor2_1)
     1    0.005721648    0.368661165    0.634466708   27.286848068 v _076065_/Y (sg13g2_xnor2_1)
     2    0.010270394    0.227051660    0.334008396   27.620855331 ^ _076142_/Y (sg13g2_o21ai_1)
     1    0.023515932    0.298951179    0.371683151   27.992538452 v _076249_/Y (sg13g2_a221oi_1)
     1    0.003635895    0.051695649    0.269436032   28.261974335 v _076635_/X (sg13g2_or2_1)
     2    0.118844129    1.789227366    1.379374862   29.641349792 ^ _076942_/Y (sg13g2_o21ai_1)
     3    0.013141668    0.422510296    0.668997347   30.310346603 v _077020_/Y (sg13g2_a21oi_1)
     8    0.036067136    0.196023732    0.367617071   30.677963257 v fanout532/X (sg13g2_buf_1)
     1    0.005245697    0.150952697    0.211763054   30.889726639 ^ _077040_/Y (sg13g2_o21ai_1)
     2    0.008220830    0.208831459    0.290725678   31.180452347 v _077041_/Y (sg13g2_nand4_1)
     2    0.049469188    1.327027440    1.192820072   32.373271942 ^ _082372_/Y (sg13g2_nor4_1)
     2    0.012525491    0.312770456    0.437541574   32.810813904 v _082374_/Y (sg13g2_o21ai_1)
     2    0.007778190    0.126920149    0.200675040   33.011489868 ^ _082375_/Y (sg13g2_nand3_1)
     1    0.008135634    0.159585923    0.195701241   33.207191467 v _082389_/Y (sg13g2_a221oi_1)
     4    0.019623591    0.338643700    0.375948161   33.583137512 ^ _082392_/Y (sg13g2_o21ai_1)
     1    0.004878370    0.068769246    0.294861019   33.877998352 ^ _090105_/X (sg13g2_and3_1)
     6    0.112721913    0.715438306    0.593555450   34.471553802 ^ _090106_/X (sg13g2_buf_1)
     2    0.039463449    0.488460660    0.667693496   35.139247894 v _090107_/Y (sg13g2_nand2_1)
     8    0.107034095    0.552628160    0.651350975   35.790599823 v fanout478/X (sg13g2_buf_1)
     4    0.036554262    0.543319166    0.662449658   36.453048706 ^ _090108_/Y (sg13g2_nor2_1)
     2    0.006888063    0.274669230    0.223209903   36.676258087 v _101134_/Y (sg13g2_o21ai_1)
     3    0.085963383    0.446952343    0.510926425   37.187187195 v _101135_/X (sg13g2_buf_1)
     1    0.007123452    0.209064737    0.302510023   37.489696503 ^ _101136_/Y (sg13g2_a22oi_1)
     2    0.057486236    0.370106667    0.420975268   37.910671234 ^ _101137_/X (sg13g2_buf_1)
     8    0.070833564    0.452844501    0.541330576   38.452003479 ^ fanout343/X (sg13g2_buf_1)
     3    0.056210171    0.360757262    0.484018177   38.936019897 ^ _101143_/X (sg13g2_buf_1)
     8    0.074057840    0.472988397    0.542627275   39.478649139 ^ fanout310/X (sg13g2_buf_1)
     1    0.004844385    0.137150496    0.192944333   39.671592712 v _101196_/Y (sg13g2_o21ai_1)
     1    0.003559015    0.163842618    0.098175690   39.769767761 ^ _101197_/Y (sg13g2_o21ai_1)
                         0.163842618    0.000081712   39.769847870 ^ _130189_/D (sg13g2_dfrbpq_1)
                                                      39.769847870   data arrival time

                                       20.000000000   20.000000000   clock clk_i (rise edge)
                                        3.635354519   23.635354996   clock network delay (propagated)
                                       -0.250000000   23.385356903   clock uncertainty
                                        0.287694991   23.673051834   clock reconvergence pessimism
                                                      23.673051834 ^ _130189_/CLK (sg13g2_dfrbpq_1)
                                       -0.237292111   23.435758591   library setup time
                                                      23.435758591   data required time
---------------------------------------------------------------------------------------------------------
                                                      23.435758591   data required time
                                                     -39.769847870   data arrival time
---------------------------------------------------------------------------------------------------------
                                                     -16.334089279   slack (VIOLATED)


Startpoint: _133430_ (rising edge-triggered flip-flop clocked by clk_i)
Endpoint: _130183_ (rising edge-triggered flip-flop clocked by clk_i)
Path Group: clk_i
Path Type: max
Corner: nom_slow_1p08V_125C

Fanout            Cap           Slew          Delay           Time   Description
---------------------------------------------------------------------------------------------------------
                                        0.000000000    0.000000000   clock clk_i (rise edge)
                                        3.990730047    3.990730047   clock network delay (propagated)
                         0.086427867    0.000000000    3.990730047 ^ _133430_/CLK (sg13g2_dfrbpq_1)
     6    0.098204292    0.618608117    0.737145901    4.727876186 ^ _133430_/Q (sg13g2_dfrbpq_1)
     1    0.007152955    0.183012038    0.367602855    5.095479012 ^ _070350_/X (sg13g2_xor2_1)
     2    0.082720943    1.083636642    0.923789084    6.019268036 ^ _070351_/Y (sg13g2_xnor2_1)
     1    0.007602998    0.218234718    0.432469636    6.451737404 v _072005_/Y (sg13g2_xnor2_1)
     1    0.009467341    0.136683449    0.267505586    6.719243050 v _072007_/Y (sg13g2_xnor2_1)
     2    0.096945226    0.927032411    0.837212980    7.556456089 v _072013_/Y (sg13g2_xnor2_1)
     1    0.010654187    0.326670706    0.514244676    8.070700645 ^ _072014_/Y (sg13g2_a22oi_1)
     1    0.008193475    0.214823827    0.345301569    8.416002274 v _072015_/Y (sg13g2_nand4_1)
     4    0.058327280    1.552514911    1.360197306    9.776199341 ^ _072163_/Y (sg13g2_nor4_1)
     4    0.019207658    0.445000648    0.644997835   10.421197891 v _073190_/Y (sg13g2_nand2_1)
     6    0.024535142    0.148600668    0.409604818   10.830801964 v _073191_/X (sg13g2_or2_1)
     2    0.021008108    0.294460058    0.315075964   11.145877838 ^ _074877_/Y (sg13g2_nor2_1)
     1    0.013540013    0.228945240    0.291024089   11.436902046 v _074900_/Y (sg13g2_xnor2_1)
     7    0.124751188    1.867776036    1.569034696   13.005937576 ^ _074902_/Y (sg13g2_o21ai_1)
     1    0.004717719    0.274849415    0.331716001   13.337653160 v _074908_/Y (sg13g2_o21ai_1)
     7    0.118180804    0.614900470    0.711623669   14.049276352 v _074909_/X (sg13g2_a21o_1)
     2    0.011707357    0.244349331    0.400977939   14.450254440 ^ _074911_/Y (sg13g2_a21oi_1)
     3    0.013025674    0.174899206    0.250683039   14.700938225 v _074913_/Y (sg13g2_xnor2_1)
     2    0.008024572    0.227751911    0.285135478   14.986073494 ^ _075132_/Y (sg13g2_nor3_1)
     5    0.023361808    0.252230644    0.326359391   15.312432289 v _075135_/Y (sg13g2_o21ai_1)
     3    0.054190688    0.718813479    0.701444268   16.013875961 ^ _075137_/Y (sg13g2_a21oi_1)
     2    0.009080474    0.189153597    0.297610819   16.311487198 v _075139_/Y (sg13g2_o21ai_1)
     3    0.013542720    0.218236327    0.281175971   16.592662811 ^ _075141_/Y (sg13g2_a21oi_1)
     2    0.008188004    0.121377371    0.188736141   16.781400681 v _075143_/Y (sg13g2_o21ai_1)
     4    0.015251978    0.102695368    0.277914584   17.059314728 v _075145_/X (sg13g2_a21o_1)
     2    0.009422852    0.072816297    0.241891846   17.301206589 v _075147_/X (sg13g2_a21o_1)
     2    0.015038490    0.251684606    0.246867418   17.548072815 ^ _075149_/Y (sg13g2_a21oi_1)
     3    0.010715079    0.087831914    0.129720241   17.677793503 v _075150_/Y (sg13g2_nor3_2)
     2    0.009475670    0.240877271    0.239763767   17.917558670 ^ _075151_/Y (sg13g2_nor3_1)
     2    0.007437247    0.111792840    0.187643677   18.105201721 v _075153_/Y (sg13g2_o21ai_1)
     4    0.022546198    0.325442284    0.338188142   18.443389893 ^ _075155_/Y (sg13g2_a21oi_1)
     2    0.009787777    0.149348557    0.234527066   18.677917480 v _075157_/Y (sg13g2_o21ai_1)
     7    0.079807743    0.229557708    0.452157438   19.130073547 v _075160_/X (sg13g2_a21o_2)
     2    0.008513704    0.116616592    0.182108551   19.312183380 ^ _075161_/Y (sg13g2_nand3b_1)
     4    0.016891843    0.277682304    0.304075003   19.616256714 v _075162_/Y (sg13g2_nand3_1)
     2    0.007723731    0.154060513    0.249395177   19.865652084 ^ _075164_/Y (sg13g2_a21oi_1)
     4    0.054942880    0.548814356    0.521239936   20.386892319 v _075166_/Y (sg13g2_o21ai_1)
     2    0.007983726    0.172277540    0.260534704   20.647426605 ^ _075167_/Y (sg13g2_nand3b_1)
     4    0.065743655    0.905574977    0.830787897   21.478216171 v _075168_/Y (sg13g2_nand3_1)
     2    0.008641194    0.231234655    0.333120197   21.811336517 ^ _075169_/Y (sg13g2_nand3b_1)
     2    0.008583046    0.166315868    0.257406563   22.068742752 v _075170_/Y (sg13g2_nand3b_1)
     4    0.017213067    0.151993901    0.205655947   22.274398804 ^ _075171_/Y (sg13g2_nand3b_1)
     4    0.050372865    0.189726040    0.420936197   22.695333481 ^ _075172_/X (sg13g2_and3_2)
     2    0.007632990    0.075596072    0.105353951   22.800687790 v _075173_/Y (sg13g2_nor3_2)
     5    0.030560516    0.184135959    0.361648500   23.162336349 v _075174_/X (sg13g2_or3_1)
     2    0.009041228    0.114079721    0.159364089   23.321701050 ^ _075250_/Y (sg13g2_nand3_1)
     6    0.100838915    0.950958550    0.821991384   24.143692017 v _075320_/Y (sg13g2_a21oi_1)
     8    0.213277310    2.718343258    2.508688450   26.652379990 ^ _076064_/Y (sg13g2_nor2_1)
     1    0.005721648    0.368661165    0.634466708   27.286848068 v _076065_/Y (sg13g2_xnor2_1)
     2    0.010270394    0.227051660    0.334008396   27.620855331 ^ _076142_/Y (sg13g2_o21ai_1)
     1    0.023515932    0.298951179    0.371683151   27.992538452 v _076249_/Y (sg13g2_a221oi_1)
     1    0.003635895    0.051695649    0.269436032   28.261974335 v _076635_/X (sg13g2_or2_1)
     2    0.118844129    1.789227366    1.379374862   29.641349792 ^ _076942_/Y (sg13g2_o21ai_1)
     3    0.013141668    0.422510296    0.668997347   30.310346603 v _077020_/Y (sg13g2_a21oi_1)
     8    0.036067136    0.196023732    0.367617071   30.677963257 v fanout532/X (sg13g2_buf_1)
     1    0.005245697    0.150952697    0.211763054   30.889726639 ^ _077040_/Y (sg13g2_o21ai_1)
     2    0.008220830    0.208831459    0.290725678   31.180452347 v _077041_/Y (sg13g2_nand4_1)
     2    0.049469188    1.327027440    1.192820072   32.373271942 ^ _082372_/Y (sg13g2_nor4_1)
     2    0.012525491    0.312770456    0.437541574   32.810813904 v _082374_/Y (sg13g2_o21ai_1)
     2    0.007778190    0.126920149    0.200675040   33.011489868 ^ _082375_/Y (sg13g2_nand3_1)
     1    0.008135634    0.159585923    0.195701241   33.207191467 v _082389_/Y (sg13g2_a221oi_1)
     4    0.019623591    0.338643700    0.375948161   33.583137512 ^ _082392_/Y (sg13g2_o21ai_1)
     1    0.004878370    0.068769246    0.294861019   33.877998352 ^ _090105_/X (sg13g2_and3_1)
     6    0.112721913    0.715438306    0.593555450   34.471553802 ^ _090106_/X (sg13g2_buf_1)
     2    0.039463449    0.488460660    0.667693496   35.139247894 v _090107_/Y (sg13g2_nand2_1)
     8    0.107034095    0.552628160    0.651350975   35.790599823 v fanout478/X (sg13g2_buf_1)
     4    0.036554262    0.543319166    0.662449658   36.453048706 ^ _090108_/Y (sg13g2_nor2_1)
     2    0.006888063    0.274669230    0.223209903   36.676258087 v _101134_/Y (sg13g2_o21ai_1)
     3    0.085963383    0.446952343    0.510926425   37.187187195 v _101135_/X (sg13g2_buf_1)
     1    0.007123452    0.209064737    0.302510023   37.489696503 ^ _101136_/Y (sg13g2_a22oi_1)
     2    0.057486236    0.370106667    0.420975268   37.910671234 ^ _101137_/X (sg13g2_buf_1)
     8    0.070833564    0.452844501    0.541330576   38.452003479 ^ fanout343/X (sg13g2_buf_1)
     3    0.056210171    0.360757262    0.484018177   38.936019897 ^ _101143_/X (sg13g2_buf_1)
     8    0.074057840    0.472988397    0.542627275   39.478649139 ^ fanout310/X (sg13g2_buf_1)
     1    0.004006078    0.107588135    0.155264243   39.633911133 v _101152_/Y (sg13g2_nor2_1)
     1    0.004522159    0.107797079    0.140509829   39.774421692 ^ _101153_/Y (sg13g2_a21oi_1)
                         0.107797131    0.000149214   39.774570465 ^ _130183_/D (sg13g2_dfrbpq_1)
                                                      39.774570465   data arrival time

                                       20.000000000   20.000000000   clock clk_i (rise edge)
                                        3.621913433   23.621913910   clock network delay (propagated)
                                       -0.250000000   23.371913910   clock uncertainty
                                        0.287694991   23.659610748   clock reconvergence pessimism
                                                      23.659610748 ^ _130183_/CLK (sg13g2_dfrbpq_1)
                                       -0.212515801   23.447093964   library setup time
                                                      23.447093964   data required time
---------------------------------------------------------------------------------------------------------
                                                      23.447093964   data required time
                                                     -39.774570465   data arrival time
---------------------------------------------------------------------------------------------------------
                                                     -16.327476501   slack (VIOLATED)


Startpoint: _133430_ (rising edge-triggered flip-flop clocked by clk_i)
Endpoint: _130250_ (rising edge-triggered flip-flop clocked by clk_i)
Path Group: clk_i
Path Type: max
Corner: nom_slow_1p08V_125C

Fanout            Cap           Slew          Delay           Time   Description
---------------------------------------------------------------------------------------------------------
                                        0.000000000    0.000000000   clock clk_i (rise edge)
                                        3.990730047    3.990730047   clock network delay (propagated)
                         0.086427867    0.000000000    3.990730047 ^ _133430_/CLK (sg13g2_dfrbpq_1)
     6    0.098204292    0.618608117    0.737145901    4.727876186 ^ _133430_/Q (sg13g2_dfrbpq_1)
     1    0.007152955    0.183012038    0.367602855    5.095479012 ^ _070350_/X (sg13g2_xor2_1)
     2    0.082720943    1.083636642    0.923789084    6.019268036 ^ _070351_/Y (sg13g2_xnor2_1)
     1    0.007602998    0.218234718    0.432469636    6.451737404 v _072005_/Y (sg13g2_xnor2_1)
     1    0.009467341    0.136683449    0.267505586    6.719243050 v _072007_/Y (sg13g2_xnor2_1)
     2    0.096945226    0.927032411    0.837212980    7.556456089 v _072013_/Y (sg13g2_xnor2_1)
     1    0.010654187    0.326670706    0.514244676    8.070700645 ^ _072014_/Y (sg13g2_a22oi_1)
     1    0.008193475    0.214823827    0.345301569    8.416002274 v _072015_/Y (sg13g2_nand4_1)
     4    0.058327280    1.552514911    1.360197306    9.776199341 ^ _072163_/Y (sg13g2_nor4_1)
     4    0.019207658    0.445000648    0.644997835   10.421197891 v _073190_/Y (sg13g2_nand2_1)
     6    0.024535142    0.148600668    0.409604818   10.830801964 v _073191_/X (sg13g2_or2_1)
     2    0.021008108    0.294460058    0.315075964   11.145877838 ^ _074877_/Y (sg13g2_nor2_1)
     1    0.013540013    0.228945240    0.291024089   11.436902046 v _074900_/Y (sg13g2_xnor2_1)
     7    0.124751188    1.867776036    1.569034696   13.005937576 ^ _074902_/Y (sg13g2_o21ai_1)
     1    0.004717719    0.274849415    0.331716001   13.337653160 v _074908_/Y (sg13g2_o21ai_1)
     7    0.118180804    0.614900470    0.711623669   14.049276352 v _074909_/X (sg13g2_a21o_1)
     2    0.011707357    0.244349331    0.400977939   14.450254440 ^ _074911_/Y (sg13g2_a21oi_1)
     3    0.013025674    0.174899206    0.250683039   14.700938225 v _074913_/Y (sg13g2_xnor2_1)
     2    0.008024572    0.227751911    0.285135478   14.986073494 ^ _075132_/Y (sg13g2_nor3_1)
     5    0.023361808    0.252230644    0.326359391   15.312432289 v _075135_/Y (sg13g2_o21ai_1)
     3    0.054190688    0.718813479    0.701444268   16.013875961 ^ _075137_/Y (sg13g2_a21oi_1)
     2    0.009080474    0.189153597    0.297610819   16.311487198 v _075139_/Y (sg13g2_o21ai_1)
     3    0.013542720    0.218236327    0.281175971   16.592662811 ^ _075141_/Y (sg13g2_a21oi_1)
     2    0.008188004    0.121377371    0.188736141   16.781400681 v _075143_/Y (sg13g2_o21ai_1)
     4    0.015251978    0.102695368    0.277914584   17.059314728 v _075145_/X (sg13g2_a21o_1)
     2    0.009422852    0.072816297    0.241891846   17.301206589 v _075147_/X (sg13g2_a21o_1)
     2    0.015038490    0.251684606    0.246867418   17.548072815 ^ _075149_/Y (sg13g2_a21oi_1)
     3    0.010715079    0.087831914    0.129720241   17.677793503 v _075150_/Y (sg13g2_nor3_2)
     2    0.009475670    0.240877271    0.239763767   17.917558670 ^ _075151_/Y (sg13g2_nor3_1)
     2    0.007437247    0.111792840    0.187643677   18.105201721 v _075153_/Y (sg13g2_o21ai_1)
     4    0.022546198    0.325442284    0.338188142   18.443389893 ^ _075155_/Y (sg13g2_a21oi_1)
     2    0.009787777    0.149348557    0.234527066   18.677917480 v _075157_/Y (sg13g2_o21ai_1)
     7    0.079807743    0.229557708    0.452157438   19.130073547 v _075160_/X (sg13g2_a21o_2)
     2    0.008513704    0.116616592    0.182108551   19.312183380 ^ _075161_/Y (sg13g2_nand3b_1)
     4    0.016891843    0.277682304    0.304075003   19.616256714 v _075162_/Y (sg13g2_nand3_1)
     2    0.007723731    0.154060513    0.249395177   19.865652084 ^ _075164_/Y (sg13g2_a21oi_1)
     4    0.054942880    0.548814356    0.521239936   20.386892319 v _075166_/Y (sg13g2_o21ai_1)
     2    0.007983726    0.172277540    0.260534704   20.647426605 ^ _075167_/Y (sg13g2_nand3b_1)
     4    0.065743655    0.905574977    0.830787897   21.478216171 v _075168_/Y (sg13g2_nand3_1)
     2    0.008641194    0.231234655    0.333120197   21.811336517 ^ _075169_/Y (sg13g2_nand3b_1)
     2    0.008583046    0.166315868    0.257406563   22.068742752 v _075170_/Y (sg13g2_nand3b_1)
     4    0.017213067    0.151993901    0.205655947   22.274398804 ^ _075171_/Y (sg13g2_nand3b_1)
     4    0.050372865    0.189726040    0.420936197   22.695333481 ^ _075172_/X (sg13g2_and3_2)
     2    0.007632990    0.075596072    0.105353951   22.800687790 v _075173_/Y (sg13g2_nor3_2)
     5    0.030560516    0.184135959    0.361648500   23.162336349 v _075174_/X (sg13g2_or3_1)
     2    0.009041228    0.114079721    0.159364089   23.321701050 ^ _075250_/Y (sg13g2_nand3_1)
     6    0.100838915    0.950958550    0.821991384   24.143692017 v _075320_/Y (sg13g2_a21oi_1)
     8    0.213277310    2.718343258    2.508688450   26.652379990 ^ _076064_/Y (sg13g2_nor2_1)
     1    0.005721648    0.368661165    0.634466708   27.286848068 v _076065_/Y (sg13g2_xnor2_1)
     2    0.010270394    0.227051660    0.334008396   27.620855331 ^ _076142_/Y (sg13g2_o21ai_1)
     1    0.023515932    0.298951179    0.371683151   27.992538452 v _076249_/Y (sg13g2_a221oi_1)
     1    0.003635895    0.051695649    0.269436032   28.261974335 v _076635_/X (sg13g2_or2_1)
     2    0.118844129    1.789227366    1.379374862   29.641349792 ^ _076942_/Y (sg13g2_o21ai_1)
     3    0.013141668    0.422510296    0.668997347   30.310346603 v _077020_/Y (sg13g2_a21oi_1)
     8    0.036067136    0.196023732    0.367617071   30.677963257 v fanout532/X (sg13g2_buf_1)
     1    0.005245697    0.150952697    0.211763054   30.889726639 ^ _077040_/Y (sg13g2_o21ai_1)
     2    0.008220830    0.208831459    0.290725678   31.180452347 v _077041_/Y (sg13g2_nand4_1)
     2    0.049469188    1.327027440    1.192820072   32.373271942 ^ _082372_/Y (sg13g2_nor4_1)
     2    0.012525491    0.312770456    0.437541574   32.810813904 v _082374_/Y (sg13g2_o21ai_1)
     2    0.007778190    0.126920149    0.200675040   33.011489868 ^ _082375_/Y (sg13g2_nand3_1)
     1    0.008135634    0.159585923    0.195701241   33.207191467 v _082389_/Y (sg13g2_a221oi_1)
     4    0.019623591    0.338643700    0.375948161   33.583137512 ^ _082392_/Y (sg13g2_o21ai_1)
     1    0.004878370    0.068769246    0.294861019   33.877998352 ^ _090105_/X (sg13g2_and3_1)
     6    0.112721913    0.715438306    0.593555450   34.471553802 ^ _090106_/X (sg13g2_buf_1)
     2    0.039463449    0.488460660    0.667693496   35.139247894 v _090107_/Y (sg13g2_nand2_1)
     8    0.107034095    0.552628160    0.651350975   35.790599823 v fanout478/X (sg13g2_buf_1)
     7    0.090893477    1.189777493    1.193960547   36.984561920 ^ _101528_/Y (sg13g2_a21oi_1)
     2    0.009497781    0.102895483    0.398173958   37.382736206 ^ _101533_/X (sg13g2_or2_1)
     1    0.019263845    0.304437965    0.223710835   37.606445312 v _101534_/Y (sg13g2_o21ai_1)
     2    0.076416947    0.399305969    0.487293780   38.093738556 v _101535_/X (sg13g2_buf_1)
     8    0.074819311    0.388037711    0.520579159   38.614318848 v fanout360/X (sg13g2_buf_1)
     3    0.042088397    0.224639043    0.385472983   38.999790192 v _101539_/X (sg13g2_buf_1)
     8    0.051317364    0.270950705    0.372921258   39.372711182 v fanout339/X (sg13g2_buf_1)
     1    0.007415594    0.219056636    0.306787491   39.679500580 ^ _101566_/Y (sg13g2_nor3_1)
     1    0.004787184    0.114228658    0.115992554   39.795494080 v _101567_/Y (sg13g2_a21oi_1)
                         0.114228703    0.000166978   39.795658112 v _130250_/D (sg13g2_dfrbpq_1)
                                                      39.795658112   data arrival time

                                       20.000000000   20.000000000   clock clk_i (rise edge)
                                        3.632695675   23.632696152   clock network delay (propagated)
                                       -0.250000000   23.382698059   clock uncertainty
                                        0.287694991   23.670392990   clock reconvergence pessimism
                                                      23.670392990 ^ _130250_/CLK (sg13g2_dfrbpq_1)
                                       -0.196764290   23.473628998   library setup time
                                                      23.473628998   data required time
---------------------------------------------------------------------------------------------------------
                                                      23.473628998   data required time
                                                     -39.795658112   data arrival time
---------------------------------------------------------------------------------------------------------
                                                     -16.322031021   slack (VIOLATED)


Startpoint: _133430_ (rising edge-triggered flip-flop clocked by clk_i)
Endpoint: _130247_ (rising edge-triggered flip-flop clocked by clk_i)
Path Group: clk_i
Path Type: max
Corner: nom_slow_1p08V_125C

Fanout            Cap           Slew          Delay           Time   Description
---------------------------------------------------------------------------------------------------------
                                        0.000000000    0.000000000   clock clk_i (rise edge)
                                        3.990730047    3.990730047   clock network delay (propagated)
                         0.086427867    0.000000000    3.990730047 ^ _133430_/CLK (sg13g2_dfrbpq_1)
     6    0.098204292    0.618608117    0.737145901    4.727876186 ^ _133430_/Q (sg13g2_dfrbpq_1)
     1    0.007152955    0.183012038    0.367602855    5.095479012 ^ _070350_/X (sg13g2_xor2_1)
     2    0.082720943    1.083636642    0.923789084    6.019268036 ^ _070351_/Y (sg13g2_xnor2_1)
     1    0.007602998    0.218234718    0.432469636    6.451737404 v _072005_/Y (sg13g2_xnor2_1)
     1    0.009467341    0.136683449    0.267505586    6.719243050 v _072007_/Y (sg13g2_xnor2_1)
     2    0.096945226    0.927032411    0.837212980    7.556456089 v _072013_/Y (sg13g2_xnor2_1)
     1    0.010654187    0.326670706    0.514244676    8.070700645 ^ _072014_/Y (sg13g2_a22oi_1)
     1    0.008193475    0.214823827    0.345301569    8.416002274 v _072015_/Y (sg13g2_nand4_1)
     4    0.058327280    1.552514911    1.360197306    9.776199341 ^ _072163_/Y (sg13g2_nor4_1)
     4    0.019207658    0.445000648    0.644997835   10.421197891 v _073190_/Y (sg13g2_nand2_1)
     6    0.024535142    0.148600668    0.409604818   10.830801964 v _073191_/X (sg13g2_or2_1)
     2    0.021008108    0.294460058    0.315075964   11.145877838 ^ _074877_/Y (sg13g2_nor2_1)
     1    0.013540013    0.228945240    0.291024089   11.436902046 v _074900_/Y (sg13g2_xnor2_1)
     7    0.124751188    1.867776036    1.569034696   13.005937576 ^ _074902_/Y (sg13g2_o21ai_1)
     1    0.004717719    0.274849415    0.331716001   13.337653160 v _074908_/Y (sg13g2_o21ai_1)
     7    0.118180804    0.614900470    0.711623669   14.049276352 v _074909_/X (sg13g2_a21o_1)
     2    0.011707357    0.244349331    0.400977939   14.450254440 ^ _074911_/Y (sg13g2_a21oi_1)
     3    0.013025674    0.174899206    0.250683039   14.700938225 v _074913_/Y (sg13g2_xnor2_1)
     2    0.008024572    0.227751911    0.285135478   14.986073494 ^ _075132_/Y (sg13g2_nor3_1)
     5    0.023361808    0.252230644    0.326359391   15.312432289 v _075135_/Y (sg13g2_o21ai_1)
     3    0.054190688    0.718813479    0.701444268   16.013875961 ^ _075137_/Y (sg13g2_a21oi_1)
     2    0.009080474    0.189153597    0.297610819   16.311487198 v _075139_/Y (sg13g2_o21ai_1)
     3    0.013542720    0.218236327    0.281175971   16.592662811 ^ _075141_/Y (sg13g2_a21oi_1)
     2    0.008188004    0.121377371    0.188736141   16.781400681 v _075143_/Y (sg13g2_o21ai_1)
     4    0.015251978    0.102695368    0.277914584   17.059314728 v _075145_/X (sg13g2_a21o_1)
     2    0.009422852    0.072816297    0.241891846   17.301206589 v _075147_/X (sg13g2_a21o_1)
     2    0.015038490    0.251684606    0.246867418   17.548072815 ^ _075149_/Y (sg13g2_a21oi_1)
     3    0.010715079    0.087831914    0.129720241   17.677793503 v _075150_/Y (sg13g2_nor3_2)
     2    0.009475670    0.240877271    0.239763767   17.917558670 ^ _075151_/Y (sg13g2_nor3_1)
     2    0.007437247    0.111792840    0.187643677   18.105201721 v _075153_/Y (sg13g2_o21ai_1)
     4    0.022546198    0.325442284    0.338188142   18.443389893 ^ _075155_/Y (sg13g2_a21oi_1)
     2    0.009787777    0.149348557    0.234527066   18.677917480 v _075157_/Y (sg13g2_o21ai_1)
     7    0.079807743    0.229557708    0.452157438   19.130073547 v _075160_/X (sg13g2_a21o_2)
     2    0.008513704    0.116616592    0.182108551   19.312183380 ^ _075161_/Y (sg13g2_nand3b_1)
     4    0.016891843    0.277682304    0.304075003   19.616256714 v _075162_/Y (sg13g2_nand3_1)
     2    0.007723731    0.154060513    0.249395177   19.865652084 ^ _075164_/Y (sg13g2_a21oi_1)
     4    0.054942880    0.548814356    0.521239936   20.386892319 v _075166_/Y (sg13g2_o21ai_1)
     2    0.007983726    0.172277540    0.260534704   20.647426605 ^ _075167_/Y (sg13g2_nand3b_1)
     4    0.065743655    0.905574977    0.830787897   21.478216171 v _075168_/Y (sg13g2_nand3_1)
     2    0.008641194    0.231234655    0.333120197   21.811336517 ^ _075169_/Y (sg13g2_nand3b_1)
     2    0.008583046    0.166315868    0.257406563   22.068742752 v _075170_/Y (sg13g2_nand3b_1)
     4    0.017213067    0.151993901    0.205655947   22.274398804 ^ _075171_/Y (sg13g2_nand3b_1)
     4    0.050372865    0.189726040    0.420936197   22.695333481 ^ _075172_/X (sg13g2_and3_2)
     2    0.007632990    0.075596072    0.105353951   22.800687790 v _075173_/Y (sg13g2_nor3_2)
     5    0.030560516    0.184135959    0.361648500   23.162336349 v _075174_/X (sg13g2_or3_1)
     2    0.009041228    0.114079721    0.159364089   23.321701050 ^ _075250_/Y (sg13g2_nand3_1)
     6    0.100838915    0.950958550    0.821991384   24.143692017 v _075320_/Y (sg13g2_a21oi_1)
     8    0.213277310    2.718343258    2.508688450   26.652379990 ^ _076064_/Y (sg13g2_nor2_1)
     1    0.005721648    0.368661165    0.634466708   27.286848068 v _076065_/Y (sg13g2_xnor2_1)
     2    0.010270394    0.227051660    0.334008396   27.620855331 ^ _076142_/Y (sg13g2_o21ai_1)
     1    0.023515932    0.298951179    0.371683151   27.992538452 v _076249_/Y (sg13g2_a221oi_1)
     1    0.003635895    0.051695649    0.269436032   28.261974335 v _076635_/X (sg13g2_or2_1)
     2    0.118844129    1.789227366    1.379374862   29.641349792 ^ _076942_/Y (sg13g2_o21ai_1)
     3    0.013141668    0.422510296    0.668997347   30.310346603 v _077020_/Y (sg13g2_a21oi_1)
     8    0.036067136    0.196023732    0.367617071   30.677963257 v fanout532/X (sg13g2_buf_1)
     1    0.005245697    0.150952697    0.211763054   30.889726639 ^ _077040_/Y (sg13g2_o21ai_1)
     2    0.008220830    0.208831459    0.290725678   31.180452347 v _077041_/Y (sg13g2_nand4_1)
     2    0.049469188    1.327027440    1.192820072   32.373271942 ^ _082372_/Y (sg13g2_nor4_1)
     2    0.012525491    0.312770456    0.437541574   32.810813904 v _082374_/Y (sg13g2_o21ai_1)
     2    0.007778190    0.126920149    0.200675040   33.011489868 ^ _082375_/Y (sg13g2_nand3_1)
     1    0.008135634    0.159585923    0.195701241   33.207191467 v _082389_/Y (sg13g2_a221oi_1)
     4    0.019623591    0.338643700    0.375948161   33.583137512 ^ _082392_/Y (sg13g2_o21ai_1)
     1    0.004878370    0.068769246    0.294861019   33.877998352 ^ _090105_/X (sg13g2_and3_1)
     6    0.112721913    0.715438306    0.593555450   34.471553802 ^ _090106_/X (sg13g2_buf_1)
     2    0.039463449    0.488460660    0.667693496   35.139247894 v _090107_/Y (sg13g2_nand2_1)
     8    0.107034095    0.552628160    0.651350975   35.790599823 v fanout478/X (sg13g2_buf_1)
     7    0.090893477    1.189777493    1.193960547   36.984561920 ^ _101528_/Y (sg13g2_a21oi_1)
     2    0.009497781    0.102895483    0.398173958   37.382736206 ^ _101533_/X (sg13g2_or2_1)
     1    0.019263845    0.304437965    0.223710835   37.606445312 v _101534_/Y (sg13g2_o21ai_1)
     2    0.076416947    0.399305969    0.487293780   38.093738556 v _101535_/X (sg13g2_buf_1)
     8    0.074819311    0.388037711    0.520579159   38.614318848 v fanout360/X (sg13g2_buf_1)
     3    0.042088397    0.224639043    0.385472983   38.999790192 v _101539_/X (sg13g2_buf_1)
     8    0.051317364    0.270950705    0.372921258   39.372711182 v fanout339/X (sg13g2_buf_1)
     1    0.006444623    0.205359131    0.287379026   39.660091400 ^ _101546_/Y (sg13g2_nor3_1)
     1    0.004129304    0.109097376    0.108403958   39.768493652 v _101547_/Y (sg13g2_a21oi_1)
                         0.109097391    0.000117240   39.768611908 v _130247_/D (sg13g2_dfrbpq_1)
                                                      39.768611908   data arrival time

                                       20.000000000   20.000000000   clock clk_i (rise edge)
                                        3.613656759   23.613656998   clock network delay (propagated)
                                       -0.250000000   23.363658905   clock uncertainty
                                        0.287694991   23.651353836   clock reconvergence pessimism
                                                      23.651353836 ^ _130247_/CLK (sg13g2_dfrbpq_1)
                                       -0.199258804   23.452095032   library setup time
                                                      23.452095032   data required time
---------------------------------------------------------------------------------------------------------
                                                      23.452095032   data required time
                                                     -39.768611908   data arrival time
---------------------------------------------------------------------------------------------------------
                                                     -16.316518784   slack (VIOLATED)


Startpoint: _133430_ (rising edge-triggered flip-flop clocked by clk_i)
Endpoint: _130255_ (rising edge-triggered flip-flop clocked by clk_i)
Path Group: clk_i
Path Type: max
Corner: nom_slow_1p08V_125C

Fanout            Cap           Slew          Delay           Time   Description
---------------------------------------------------------------------------------------------------------
                                        0.000000000    0.000000000   clock clk_i (rise edge)
                                        3.990730047    3.990730047   clock network delay (propagated)
                         0.086427867    0.000000000    3.990730047 ^ _133430_/CLK (sg13g2_dfrbpq_1)
     6    0.098204292    0.618608117    0.737145901    4.727876186 ^ _133430_/Q (sg13g2_dfrbpq_1)
     1    0.007152955    0.183012038    0.367602855    5.095479012 ^ _070350_/X (sg13g2_xor2_1)
     2    0.082720943    1.083636642    0.923789084    6.019268036 ^ _070351_/Y (sg13g2_xnor2_1)
     1    0.007602998    0.218234718    0.432469636    6.451737404 v _072005_/Y (sg13g2_xnor2_1)
     1    0.009467341    0.136683449    0.267505586    6.719243050 v _072007_/Y (sg13g2_xnor2_1)
     2    0.096945226    0.927032411    0.837212980    7.556456089 v _072013_/Y (sg13g2_xnor2_1)
     1    0.010654187    0.326670706    0.514244676    8.070700645 ^ _072014_/Y (sg13g2_a22oi_1)
     1    0.008193475    0.214823827    0.345301569    8.416002274 v _072015_/Y (sg13g2_nand4_1)
     4    0.058327280    1.552514911    1.360197306    9.776199341 ^ _072163_/Y (sg13g2_nor4_1)
     4    0.019207658    0.445000648    0.644997835   10.421197891 v _073190_/Y (sg13g2_nand2_1)
     6    0.024535142    0.148600668    0.409604818   10.830801964 v _073191_/X (sg13g2_or2_1)
     2    0.021008108    0.294460058    0.315075964   11.145877838 ^ _074877_/Y (sg13g2_nor2_1)
     1    0.013540013    0.228945240    0.291024089   11.436902046 v _074900_/Y (sg13g2_xnor2_1)
     7    0.124751188    1.867776036    1.569034696   13.005937576 ^ _074902_/Y (sg13g2_o21ai_1)
     1    0.004717719    0.274849415    0.331716001   13.337653160 v _074908_/Y (sg13g2_o21ai_1)
     7    0.118180804    0.614900470    0.711623669   14.049276352 v _074909_/X (sg13g2_a21o_1)
     2    0.011707357    0.244349331    0.400977939   14.450254440 ^ _074911_/Y (sg13g2_a21oi_1)
     3    0.013025674    0.174899206    0.250683039   14.700938225 v _074913_/Y (sg13g2_xnor2_1)
     2    0.008024572    0.227751911    0.285135478   14.986073494 ^ _075132_/Y (sg13g2_nor3_1)
     5    0.023361808    0.252230644    0.326359391   15.312432289 v _075135_/Y (sg13g2_o21ai_1)
     3    0.054190688    0.718813479    0.701444268   16.013875961 ^ _075137_/Y (sg13g2_a21oi_1)
     2    0.009080474    0.189153597    0.297610819   16.311487198 v _075139_/Y (sg13g2_o21ai_1)
     3    0.013542720    0.218236327    0.281175971   16.592662811 ^ _075141_/Y (sg13g2_a21oi_1)
     2    0.008188004    0.121377371    0.188736141   16.781400681 v _075143_/Y (sg13g2_o21ai_1)
     4    0.015251978    0.102695368    0.277914584   17.059314728 v _075145_/X (sg13g2_a21o_1)
     2    0.009422852    0.072816297    0.241891846   17.301206589 v _075147_/X (sg13g2_a21o_1)
     2    0.015038490    0.251684606    0.246867418   17.548072815 ^ _075149_/Y (sg13g2_a21oi_1)
     3    0.010715079    0.087831914    0.129720241   17.677793503 v _075150_/Y (sg13g2_nor3_2)
     2    0.009475670    0.240877271    0.239763767   17.917558670 ^ _075151_/Y (sg13g2_nor3_1)
     2    0.007437247    0.111792840    0.187643677   18.105201721 v _075153_/Y (sg13g2_o21ai_1)
     4    0.022546198    0.325442284    0.338188142   18.443389893 ^ _075155_/Y (sg13g2_a21oi_1)
     2    0.009787777    0.149348557    0.234527066   18.677917480 v _075157_/Y (sg13g2_o21ai_1)
     7    0.079807743    0.229557708    0.452157438   19.130073547 v _075160_/X (sg13g2_a21o_2)
     2    0.008513704    0.116616592    0.182108551   19.312183380 ^ _075161_/Y (sg13g2_nand3b_1)
     4    0.016891843    0.277682304    0.304075003   19.616256714 v _075162_/Y (sg13g2_nand3_1)
     2    0.007723731    0.154060513    0.249395177   19.865652084 ^ _075164_/Y (sg13g2_a21oi_1)
     4    0.054942880    0.548814356    0.521239936   20.386892319 v _075166_/Y (sg13g2_o21ai_1)
     2    0.007983726    0.172277540    0.260534704   20.647426605 ^ _075167_/Y (sg13g2_nand3b_1)
     4    0.065743655    0.905574977    0.830787897   21.478216171 v _075168_/Y (sg13g2_nand3_1)
     2    0.008641194    0.231234655    0.333120197   21.811336517 ^ _075169_/Y (sg13g2_nand3b_1)
     2    0.008583046    0.166315868    0.257406563   22.068742752 v _075170_/Y (sg13g2_nand3b_1)
     4    0.017213067    0.151993901    0.205655947   22.274398804 ^ _075171_/Y (sg13g2_nand3b_1)
     4    0.050372865    0.189726040    0.420936197   22.695333481 ^ _075172_/X (sg13g2_and3_2)
     2    0.007632990    0.075596072    0.105353951   22.800687790 v _075173_/Y (sg13g2_nor3_2)
     5    0.030560516    0.184135959    0.361648500   23.162336349 v _075174_/X (sg13g2_or3_1)
     2    0.009041228    0.114079721    0.159364089   23.321701050 ^ _075250_/Y (sg13g2_nand3_1)
     6    0.100838915    0.950958550    0.821991384   24.143692017 v _075320_/Y (sg13g2_a21oi_1)
     8    0.213277310    2.718343258    2.508688450   26.652379990 ^ _076064_/Y (sg13g2_nor2_1)
     1    0.005721648    0.368661165    0.634466708   27.286848068 v _076065_/Y (sg13g2_xnor2_1)
     2    0.010270394    0.227051660    0.334008396   27.620855331 ^ _076142_/Y (sg13g2_o21ai_1)
     1    0.023515932    0.298951179    0.371683151   27.992538452 v _076249_/Y (sg13g2_a221oi_1)
     1    0.003635895    0.051695649    0.269436032   28.261974335 v _076635_/X (sg13g2_or2_1)
     2    0.118844129    1.789227366    1.379374862   29.641349792 ^ _076942_/Y (sg13g2_o21ai_1)
     3    0.013141668    0.422510296    0.668997347   30.310346603 v _077020_/Y (sg13g2_a21oi_1)
     8    0.036067136    0.196023732    0.367617071   30.677963257 v fanout532/X (sg13g2_buf_1)
     1    0.005245697    0.150952697    0.211763054   30.889726639 ^ _077040_/Y (sg13g2_o21ai_1)
     2    0.008220830    0.208831459    0.290725678   31.180452347 v _077041_/Y (sg13g2_nand4_1)
     2    0.049469188    1.327027440    1.192820072   32.373271942 ^ _082372_/Y (sg13g2_nor4_1)
     2    0.012525491    0.312770456    0.437541574   32.810813904 v _082374_/Y (sg13g2_o21ai_1)
     2    0.007778190    0.126920149    0.200675040   33.011489868 ^ _082375_/Y (sg13g2_nand3_1)
     1    0.008135634    0.159585923    0.195701241   33.207191467 v _082389_/Y (sg13g2_a221oi_1)
     4    0.019623591    0.338643700    0.375948161   33.583137512 ^ _082392_/Y (sg13g2_o21ai_1)
     1    0.004878370    0.068769246    0.294861019   33.877998352 ^ _090105_/X (sg13g2_and3_1)
     6    0.112721913    0.715438306    0.593555450   34.471553802 ^ _090106_/X (sg13g2_buf_1)
     2    0.039463449    0.488460660    0.667693496   35.139247894 v _090107_/Y (sg13g2_nand2_1)
     8    0.107034095    0.552628160    0.651350975   35.790599823 v fanout478/X (sg13g2_buf_1)
     7    0.090893477    1.189777493    1.193960547   36.984561920 ^ _101528_/Y (sg13g2_a21oi_1)
     2    0.009497781    0.102895483    0.398173958   37.382736206 ^ _101533_/X (sg13g2_or2_1)
     1    0.019263845    0.304437965    0.223710835   37.606445312 v _101534_/Y (sg13g2_o21ai_1)
     2    0.076416947    0.399305969    0.487293780   38.093738556 v _101535_/X (sg13g2_buf_1)
     8    0.074819311    0.388037711    0.520579159   38.614318848 v fanout360/X (sg13g2_buf_1)
     3    0.042088397    0.224639043    0.385472983   38.999790192 v _101539_/X (sg13g2_buf_1)
     8    0.051317364    0.270950705    0.372921258   39.372711182 v fanout339/X (sg13g2_buf_1)
     1    0.006227519    0.223261997    0.289439589   39.662151337 ^ _101589_/Y (sg13g2_nor3_1)
     1    0.005270024    0.117988147    0.120103039   39.782253265 v _101590_/Y (sg13g2_a21oi_1)
                         0.117988221    0.000206057   39.782459259 v _130255_/D (sg13g2_dfrbpq_1)
                                                      39.782459259   data arrival time

                                       20.000000000   20.000000000   clock clk_i (rise edge)
                                        3.632710218   23.632711411   clock network delay (propagated)
                                       -0.250000000   23.382711411   clock uncertainty
                                        0.287694991   23.670406342   clock reconvergence pessimism
                                                      23.670406342 ^ _130255_/CLK (sg13g2_dfrbpq_1)
                                       -0.198468581   23.471937180   library setup time
                                                      23.471937180   data required time
---------------------------------------------------------------------------------------------------------
                                                      23.471937180   data required time
                                                     -39.782459259   data arrival time
---------------------------------------------------------------------------------------------------------
                                                     -16.310523987   slack (VIOLATED)


Startpoint: _133430_ (rising edge-triggered flip-flop clocked by clk_i)
Endpoint: _130254_ (rising edge-triggered flip-flop clocked by clk_i)
Path Group: clk_i
Path Type: max
Corner: nom_slow_1p08V_125C

Fanout            Cap           Slew          Delay           Time   Description
---------------------------------------------------------------------------------------------------------
                                        0.000000000    0.000000000   clock clk_i (rise edge)
                                        3.990730047    3.990730047   clock network delay (propagated)
                         0.086427867    0.000000000    3.990730047 ^ _133430_/CLK (sg13g2_dfrbpq_1)
     6    0.098204292    0.618608117    0.737145901    4.727876186 ^ _133430_/Q (sg13g2_dfrbpq_1)
     1    0.007152955    0.183012038    0.367602855    5.095479012 ^ _070350_/X (sg13g2_xor2_1)
     2    0.082720943    1.083636642    0.923789084    6.019268036 ^ _070351_/Y (sg13g2_xnor2_1)
     1    0.007602998    0.218234718    0.432469636    6.451737404 v _072005_/Y (sg13g2_xnor2_1)
     1    0.009467341    0.136683449    0.267505586    6.719243050 v _072007_/Y (sg13g2_xnor2_1)
     2    0.096945226    0.927032411    0.837212980    7.556456089 v _072013_/Y (sg13g2_xnor2_1)
     1    0.010654187    0.326670706    0.514244676    8.070700645 ^ _072014_/Y (sg13g2_a22oi_1)
     1    0.008193475    0.214823827    0.345301569    8.416002274 v _072015_/Y (sg13g2_nand4_1)
     4    0.058327280    1.552514911    1.360197306    9.776199341 ^ _072163_/Y (sg13g2_nor4_1)
     4    0.019207658    0.445000648    0.644997835   10.421197891 v _073190_/Y (sg13g2_nand2_1)
     6    0.024535142    0.148600668    0.409604818   10.830801964 v _073191_/X (sg13g2_or2_1)
     2    0.021008108    0.294460058    0.315075964   11.145877838 ^ _074877_/Y (sg13g2_nor2_1)
     1    0.013540013    0.228945240    0.291024089   11.436902046 v _074900_/Y (sg13g2_xnor2_1)
     7    0.124751188    1.867776036    1.569034696   13.005937576 ^ _074902_/Y (sg13g2_o21ai_1)
     1    0.004717719    0.274849415    0.331716001   13.337653160 v _074908_/Y (sg13g2_o21ai_1)
     7    0.118180804    0.614900470    0.711623669   14.049276352 v _074909_/X (sg13g2_a21o_1)
     2    0.011707357    0.244349331    0.400977939   14.450254440 ^ _074911_/Y (sg13g2_a21oi_1)
     3    0.013025674    0.174899206    0.250683039   14.700938225 v _074913_/Y (sg13g2_xnor2_1)
     2    0.008024572    0.227751911    0.285135478   14.986073494 ^ _075132_/Y (sg13g2_nor3_1)
     5    0.023361808    0.252230644    0.326359391   15.312432289 v _075135_/Y (sg13g2_o21ai_1)
     3    0.054190688    0.718813479    0.701444268   16.013875961 ^ _075137_/Y (sg13g2_a21oi_1)
     2    0.009080474    0.189153597    0.297610819   16.311487198 v _075139_/Y (sg13g2_o21ai_1)
     3    0.013542720    0.218236327    0.281175971   16.592662811 ^ _075141_/Y (sg13g2_a21oi_1)
     2    0.008188004    0.121377371    0.188736141   16.781400681 v _075143_/Y (sg13g2_o21ai_1)
     4    0.015251978    0.102695368    0.277914584   17.059314728 v _075145_/X (sg13g2_a21o_1)
     2    0.009422852    0.072816297    0.241891846   17.301206589 v _075147_/X (sg13g2_a21o_1)
     2    0.015038490    0.251684606    0.246867418   17.548072815 ^ _075149_/Y (sg13g2_a21oi_1)
     3    0.010715079    0.087831914    0.129720241   17.677793503 v _075150_/Y (sg13g2_nor3_2)
     2    0.009475670    0.240877271    0.239763767   17.917558670 ^ _075151_/Y (sg13g2_nor3_1)
     2    0.007437247    0.111792840    0.187643677   18.105201721 v _075153_/Y (sg13g2_o21ai_1)
     4    0.022546198    0.325442284    0.338188142   18.443389893 ^ _075155_/Y (sg13g2_a21oi_1)
     2    0.009787777    0.149348557    0.234527066   18.677917480 v _075157_/Y (sg13g2_o21ai_1)
     7    0.079807743    0.229557708    0.452157438   19.130073547 v _075160_/X (sg13g2_a21o_2)
     2    0.008513704    0.116616592    0.182108551   19.312183380 ^ _075161_/Y (sg13g2_nand3b_1)
     4    0.016891843    0.277682304    0.304075003   19.616256714 v _075162_/Y (sg13g2_nand3_1)
     2    0.007723731    0.154060513    0.249395177   19.865652084 ^ _075164_/Y (sg13g2_a21oi_1)
     4    0.054942880    0.548814356    0.521239936   20.386892319 v _075166_/Y (sg13g2_o21ai_1)
     2    0.007983726    0.172277540    0.260534704   20.647426605 ^ _075167_/Y (sg13g2_nand3b_1)
     4    0.065743655    0.905574977    0.830787897   21.478216171 v _075168_/Y (sg13g2_nand3_1)
     2    0.008641194    0.231234655    0.333120197   21.811336517 ^ _075169_/Y (sg13g2_nand3b_1)
     2    0.008583046    0.166315868    0.257406563   22.068742752 v _075170_/Y (sg13g2_nand3b_1)
     4    0.017213067    0.151993901    0.205655947   22.274398804 ^ _075171_/Y (sg13g2_nand3b_1)
     4    0.050372865    0.189726040    0.420936197   22.695333481 ^ _075172_/X (sg13g2_and3_2)
     2    0.007632990    0.075596072    0.105353951   22.800687790 v _075173_/Y (sg13g2_nor3_2)
     5    0.030560516    0.184135959    0.361648500   23.162336349 v _075174_/X (sg13g2_or3_1)
     2    0.009041228    0.114079721    0.159364089   23.321701050 ^ _075250_/Y (sg13g2_nand3_1)
     6    0.100838915    0.950958550    0.821991384   24.143692017 v _075320_/Y (sg13g2_a21oi_1)
     8    0.213277310    2.718343258    2.508688450   26.652379990 ^ _076064_/Y (sg13g2_nor2_1)
     1    0.005721648    0.368661165    0.634466708   27.286848068 v _076065_/Y (sg13g2_xnor2_1)
     2    0.010270394    0.227051660    0.334008396   27.620855331 ^ _076142_/Y (sg13g2_o21ai_1)
     1    0.023515932    0.298951179    0.371683151   27.992538452 v _076249_/Y (sg13g2_a221oi_1)
     1    0.003635895    0.051695649    0.269436032   28.261974335 v _076635_/X (sg13g2_or2_1)
     2    0.118844129    1.789227366    1.379374862   29.641349792 ^ _076942_/Y (sg13g2_o21ai_1)
     3    0.013141668    0.422510296    0.668997347   30.310346603 v _077020_/Y (sg13g2_a21oi_1)
     8    0.036067136    0.196023732    0.367617071   30.677963257 v fanout532/X (sg13g2_buf_1)
     1    0.005245697    0.150952697    0.211763054   30.889726639 ^ _077040_/Y (sg13g2_o21ai_1)
     2    0.008220830    0.208831459    0.290725678   31.180452347 v _077041_/Y (sg13g2_nand4_1)
     2    0.049469188    1.327027440    1.192820072   32.373271942 ^ _082372_/Y (sg13g2_nor4_1)
     2    0.012525491    0.312770456    0.437541574   32.810813904 v _082374_/Y (sg13g2_o21ai_1)
     2    0.007778190    0.126920149    0.200675040   33.011489868 ^ _082375_/Y (sg13g2_nand3_1)
     1    0.008135634    0.159585923    0.195701241   33.207191467 v _082389_/Y (sg13g2_a221oi_1)
     4    0.019623591    0.338643700    0.375948161   33.583137512 ^ _082392_/Y (sg13g2_o21ai_1)
     1    0.004878370    0.068769246    0.294861019   33.877998352 ^ _090105_/X (sg13g2_and3_1)
     6    0.112721913    0.715438306    0.593555450   34.471553802 ^ _090106_/X (sg13g2_buf_1)
     2    0.039463449    0.488460660    0.667693496   35.139247894 v _090107_/Y (sg13g2_nand2_1)
     8    0.107034095    0.552628160    0.651350975   35.790599823 v fanout478/X (sg13g2_buf_1)
     7    0.090893477    1.189777493    1.193960547   36.984561920 ^ _101528_/Y (sg13g2_a21oi_1)
     2    0.009497781    0.102895483    0.398173958   37.382736206 ^ _101533_/X (sg13g2_or2_1)
     1    0.019263845    0.304437965    0.223710835   37.606445312 v _101534_/Y (sg13g2_o21ai_1)
     2    0.076416947    0.399305969    0.487293780   38.093738556 v _101535_/X (sg13g2_buf_1)
     8    0.074819311    0.388037711    0.520579159   38.614318848 v fanout360/X (sg13g2_buf_1)
     3    0.042088397    0.224639043    0.385472983   38.999790192 v _101539_/X (sg13g2_buf_1)
     8    0.051317364    0.270950705    0.372921258   39.372711182 v fanout339/X (sg13g2_buf_1)
     1    0.006145495    0.225540921    0.288181931   39.660892487 ^ _101584_/Y (sg13g2_nor3_1)
     1    0.004024448    0.108312324    0.112166278   39.773059845 v _101585_/Y (sg13g2_a21oi_1)
                         0.108312324    0.000113687   39.773174286 v _130254_/D (sg13g2_dfrbpq_1)
                                                      39.773174286   data arrival time

                                       20.000000000   20.000000000   clock clk_i (rise edge)
                                        3.632838726   23.632839203   clock network delay (propagated)
                                       -0.250000000   23.382839203   clock uncertainty
                                        0.287694991   23.670534134   clock reconvergence pessimism
                                                      23.670534134 ^ _130254_/CLK (sg13g2_dfrbpq_1)
                                       -0.194075912   23.476459503   library setup time
                                                      23.476459503   data required time
---------------------------------------------------------------------------------------------------------
                                                      23.476459503   data required time
                                                     -39.773174286   data arrival time
---------------------------------------------------------------------------------------------------------
                                                     -16.296714783   slack (VIOLATED)


Startpoint: _133430_ (rising edge-triggered flip-flop clocked by clk_i)
Endpoint: _128488_ (rising edge-triggered flip-flop clocked by clk_i)
Path Group: clk_i
Path Type: max
Corner: nom_slow_1p08V_125C

Fanout            Cap           Slew          Delay           Time   Description
---------------------------------------------------------------------------------------------------------
                                        0.000000000    0.000000000   clock clk_i (rise edge)
                                        3.990730047    3.990730047   clock network delay (propagated)
                         0.086427867    0.000000000    3.990730047 ^ _133430_/CLK (sg13g2_dfrbpq_1)
     6    0.098204292    0.618608117    0.737145901    4.727876186 ^ _133430_/Q (sg13g2_dfrbpq_1)
     1    0.007152955    0.183012038    0.367602855    5.095479012 ^ _070350_/X (sg13g2_xor2_1)
     2    0.082720943    1.083636642    0.923789084    6.019268036 ^ _070351_/Y (sg13g2_xnor2_1)
     1    0.007602998    0.218234718    0.432469636    6.451737404 v _072005_/Y (sg13g2_xnor2_1)
     1    0.009467341    0.136683449    0.267505586    6.719243050 v _072007_/Y (sg13g2_xnor2_1)
     2    0.096945226    0.927032411    0.837212980    7.556456089 v _072013_/Y (sg13g2_xnor2_1)
     1    0.010654187    0.326670706    0.514244676    8.070700645 ^ _072014_/Y (sg13g2_a22oi_1)
     1    0.008193475    0.214823827    0.345301569    8.416002274 v _072015_/Y (sg13g2_nand4_1)
     4    0.058327280    1.552514911    1.360197306    9.776199341 ^ _072163_/Y (sg13g2_nor4_1)
     4    0.019207658    0.445000648    0.644997835   10.421197891 v _073190_/Y (sg13g2_nand2_1)
     6    0.024535142    0.148600668    0.409604818   10.830801964 v _073191_/X (sg13g2_or2_1)
     2    0.021008108    0.294460058    0.315075964   11.145877838 ^ _074877_/Y (sg13g2_nor2_1)
     1    0.013540013    0.228945240    0.291024089   11.436902046 v _074900_/Y (sg13g2_xnor2_1)
     7    0.124751188    1.867776036    1.569034696   13.005937576 ^ _074902_/Y (sg13g2_o21ai_1)
     1    0.004717719    0.274849415    0.331716001   13.337653160 v _074908_/Y (sg13g2_o21ai_1)
     7    0.118180804    0.614900470    0.711623669   14.049276352 v _074909_/X (sg13g2_a21o_1)
     2    0.011707357    0.244349331    0.400977939   14.450254440 ^ _074911_/Y (sg13g2_a21oi_1)
     3    0.013025674    0.174899206    0.250683039   14.700938225 v _074913_/Y (sg13g2_xnor2_1)
     2    0.008024572    0.227751911    0.285135478   14.986073494 ^ _075132_/Y (sg13g2_nor3_1)
     5    0.023361808    0.252230644    0.326359391   15.312432289 v _075135_/Y (sg13g2_o21ai_1)
     3    0.054190688    0.718813479    0.701444268   16.013875961 ^ _075137_/Y (sg13g2_a21oi_1)
     2    0.009080474    0.189153597    0.297610819   16.311487198 v _075139_/Y (sg13g2_o21ai_1)
     3    0.013542720    0.218236327    0.281175971   16.592662811 ^ _075141_/Y (sg13g2_a21oi_1)
     2    0.008188004    0.121377371    0.188736141   16.781400681 v _075143_/Y (sg13g2_o21ai_1)
     4    0.015251978    0.102695368    0.277914584   17.059314728 v _075145_/X (sg13g2_a21o_1)
     2    0.009422852    0.072816297    0.241891846   17.301206589 v _075147_/X (sg13g2_a21o_1)
     2    0.015038490    0.251684606    0.246867418   17.548072815 ^ _075149_/Y (sg13g2_a21oi_1)
     3    0.010715079    0.087831914    0.129720241   17.677793503 v _075150_/Y (sg13g2_nor3_2)
     2    0.009475670    0.240877271    0.239763767   17.917558670 ^ _075151_/Y (sg13g2_nor3_1)
     2    0.007437247    0.111792840    0.187643677   18.105201721 v _075153_/Y (sg13g2_o21ai_1)
     4    0.022546198    0.325442284    0.338188142   18.443389893 ^ _075155_/Y (sg13g2_a21oi_1)
     2    0.009787777    0.149348557    0.234527066   18.677917480 v _075157_/Y (sg13g2_o21ai_1)
     7    0.079807743    0.229557708    0.452157438   19.130073547 v _075160_/X (sg13g2_a21o_2)
     2    0.008513704    0.116616592    0.182108551   19.312183380 ^ _075161_/Y (sg13g2_nand3b_1)
     4    0.016891843    0.277682304    0.304075003   19.616256714 v _075162_/Y (sg13g2_nand3_1)
     2    0.007723731    0.154060513    0.249395177   19.865652084 ^ _075164_/Y (sg13g2_a21oi_1)
     4    0.054942880    0.548814356    0.521239936   20.386892319 v _075166_/Y (sg13g2_o21ai_1)
     2    0.007983726    0.172277540    0.260534704   20.647426605 ^ _075167_/Y (sg13g2_nand3b_1)
     4    0.065743655    0.905574977    0.830787897   21.478216171 v _075168_/Y (sg13g2_nand3_1)
     2    0.008641194    0.231234655    0.333120197   21.811336517 ^ _075169_/Y (sg13g2_nand3b_1)
     2    0.008583046    0.166315868    0.257406563   22.068742752 v _075170_/Y (sg13g2_nand3b_1)
     4    0.017213067    0.151993901    0.205655947   22.274398804 ^ _075171_/Y (sg13g2_nand3b_1)
     3    0.081888735    1.122023225    0.982836962   23.257234573 v _075330_/Y (sg13g2_nand3_1)
     2    0.014767529    0.308788151    0.412939042   23.670173645 ^ _075331_/Y (sg13g2_nand2_1)
     3    0.082037963    1.067730188    1.008169532   24.678342819 ^ _075333_/X (sg13g2_xor2_1)
     3    0.037233297    0.248903826    0.536804378   25.215148926 ^ _075764_/X (sg13g2_buf_1)
     8    0.164239153    1.038344383    0.890683115   26.105831146 ^ fanout557/X (sg13g2_buf_1)
     1    0.004419836    0.285060436    0.430206984   26.536037445 v _077973_/Y (sg13g2_nand4_1)
     3    0.025441708    0.597663045    0.562019765   27.098058701 ^ _077974_/Y (sg13g2_nor3_1)
     1    0.004204760    0.183117762    0.281673372   27.379732132 v _077977_/Y (sg13g2_nand3_1)
     2    0.019040894    0.167427421    0.227403879   27.607135773 ^ _077980_/Y (sg13g2_nand4_1)
     2    0.017327996    0.128585979    0.290826917   27.897962570 ^ _077987_/X (sg13g2_a21o_1)
     7    0.102560684    1.401695609    1.183771372   29.081733704 v _077988_/Y (sg13g2_nand3b_1)
     3    0.021494923    0.116640449    0.561721325   29.643455505 v _078053_/X (sg13g2_and2_2)
     3    0.077797294    0.068981223    0.184288144   29.827743530 v _078078_/X (sg13g2_buf_8)
     8    0.112716496    0.581647158    0.536470413   30.364213943 v fanout545/X (sg13g2_buf_1)
     3    0.059023030    0.312286168    0.500779867   30.864994049 v _078079_/X (sg13g2_buf_1)
     2    0.060548980    0.801184058    0.800085366   31.665079117 ^ _078472_/Y (sg13g2_a21oi_1)
     3    0.026786072    0.336284846    0.489301056   32.154380798 v _078473_/Y (sg13g2_a21oi_1)
     4    0.020853519    0.384864271    0.468343586   32.622722626 ^ _078475_/Y (sg13g2_o21ai_1)
     1    0.006650882    0.246774167    0.335862905   32.958587646 v _078490_/Y (sg13g2_nand4_1)
     2    0.013377782    0.319161594    0.379689187   33.338275909 ^ _078492_/Y (sg13g2_nor3_1)
     1    0.004930770    0.115383238    0.162255988   33.500530243 v _078517_/Y (sg13g2_o21ai_1)
     3    0.025955841    0.144905970    0.272244453   33.772777557 v _078518_/X (sg13g2_and3_1)
     1    0.004558594    0.124016091    0.163723260   33.936500549 ^ _078519_/Y (sg13g2_xnor2_1)
     1    0.008126695    0.157035932    0.212779135   34.149276733 v _078520_/Y (sg13g2_nand3_1)
     2    0.010483648    0.174427420    0.238319591   34.387596130 ^ _078531_/Y (sg13g2_a21oi_1)
     5    0.028584255    0.366214395    0.383394659   34.770992279 v _078566_/Y (sg13g2_a221oi_1)
     1    0.003536872    0.055854175    0.229338333   35.000331879 v _084874_/X (sg13g2_and2_1)
     3    0.022429645    0.127081752    0.191750616   35.192081451 v _084875_/X (sg13g2_buf_1)
     8    0.076903880    0.399243951    0.434468478   35.626548767 v fanout444/X (sg13g2_buf_1)
     6    0.082905494    1.072548628    1.019380212   36.645931244 ^ _084876_/Y (sg13g2_nor2_1)
     3    0.021186488    0.161553398    0.441435337   37.087364197 ^ _084877_/X (sg13g2_buf_1)
     8    0.068703614    0.438883185    0.460254073   37.547618866 ^ fanout377/X (sg13g2_buf_1)
     3    0.034951206    0.230052069    0.390812725   37.938430786 ^ _084878_/X (sg13g2_buf_1)
     8    0.094150461    0.598073065    0.593065143   38.531497955 ^ fanout345/X (sg13g2_buf_1)
     1    0.069879487    0.783528864    0.873519957   39.405017853 v _093569_/Y (sg13g2_a22oi_1)
                         0.784370601    0.022112090   39.427127838 v _128488_/D (sg13g2_dfrbpq_1)
                                                      39.427127838   data arrival time

                                       20.000000000   20.000000000   clock clk_i (rise edge)
                                        3.634693623   23.634695053   clock network delay (propagated)
                                       -0.250000000   23.384695053   clock uncertainty
                                        0.215957254   23.600652695   clock reconvergence pessimism
                                                      23.600652695 ^ _128488_/CLK (sg13g2_dfrbpq_1)
                                       -0.468335092   23.132318497   library setup time
                                                      23.132318497   data required time
---------------------------------------------------------------------------------------------------------
                                                      23.132318497   data required time
                                                     -39.427127838   data arrival time
---------------------------------------------------------------------------------------------------------
                                                     -16.294811249   slack (VIOLATED)


Startpoint: _133430_ (rising edge-triggered flip-flop clocked by clk_i)
Endpoint: _130182_ (rising edge-triggered flip-flop clocked by clk_i)
Path Group: clk_i
Path Type: max
Corner: nom_slow_1p08V_125C

Fanout            Cap           Slew          Delay           Time   Description
---------------------------------------------------------------------------------------------------------
                                        0.000000000    0.000000000   clock clk_i (rise edge)
                                        3.990730047    3.990730047   clock network delay (propagated)
                         0.086427867    0.000000000    3.990730047 ^ _133430_/CLK (sg13g2_dfrbpq_1)
     6    0.098204292    0.618608117    0.737145901    4.727876186 ^ _133430_/Q (sg13g2_dfrbpq_1)
     1    0.007152955    0.183012038    0.367602855    5.095479012 ^ _070350_/X (sg13g2_xor2_1)
     2    0.082720943    1.083636642    0.923789084    6.019268036 ^ _070351_/Y (sg13g2_xnor2_1)
     1    0.007602998    0.218234718    0.432469636    6.451737404 v _072005_/Y (sg13g2_xnor2_1)
     1    0.009467341    0.136683449    0.267505586    6.719243050 v _072007_/Y (sg13g2_xnor2_1)
     2    0.096945226    0.927032411    0.837212980    7.556456089 v _072013_/Y (sg13g2_xnor2_1)
     1    0.010654187    0.326670706    0.514244676    8.070700645 ^ _072014_/Y (sg13g2_a22oi_1)
     1    0.008193475    0.214823827    0.345301569    8.416002274 v _072015_/Y (sg13g2_nand4_1)
     4    0.058327280    1.552514911    1.360197306    9.776199341 ^ _072163_/Y (sg13g2_nor4_1)
     4    0.019207658    0.445000648    0.644997835   10.421197891 v _073190_/Y (sg13g2_nand2_1)
     6    0.024535142    0.148600668    0.409604818   10.830801964 v _073191_/X (sg13g2_or2_1)
     2    0.021008108    0.294460058    0.315075964   11.145877838 ^ _074877_/Y (sg13g2_nor2_1)
     1    0.013540013    0.228945240    0.291024089   11.436902046 v _074900_/Y (sg13g2_xnor2_1)
     7    0.124751188    1.867776036    1.569034696   13.005937576 ^ _074902_/Y (sg13g2_o21ai_1)
     1    0.004717719    0.274849415    0.331716001   13.337653160 v _074908_/Y (sg13g2_o21ai_1)
     7    0.118180804    0.614900470    0.711623669   14.049276352 v _074909_/X (sg13g2_a21o_1)
     2    0.011707357    0.244349331    0.400977939   14.450254440 ^ _074911_/Y (sg13g2_a21oi_1)
     3    0.013025674    0.174899206    0.250683039   14.700938225 v _074913_/Y (sg13g2_xnor2_1)
     2    0.008024572    0.227751911    0.285135478   14.986073494 ^ _075132_/Y (sg13g2_nor3_1)
     5    0.023361808    0.252230644    0.326359391   15.312432289 v _075135_/Y (sg13g2_o21ai_1)
     3    0.054190688    0.718813479    0.701444268   16.013875961 ^ _075137_/Y (sg13g2_a21oi_1)
     2    0.009080474    0.189153597    0.297610819   16.311487198 v _075139_/Y (sg13g2_o21ai_1)
     3    0.013542720    0.218236327    0.281175971   16.592662811 ^ _075141_/Y (sg13g2_a21oi_1)
     2    0.008188004    0.121377371    0.188736141   16.781400681 v _075143_/Y (sg13g2_o21ai_1)
     4    0.015251978    0.102695368    0.277914584   17.059314728 v _075145_/X (sg13g2_a21o_1)
     2    0.009422852    0.072816297    0.241891846   17.301206589 v _075147_/X (sg13g2_a21o_1)
     2    0.015038490    0.251684606    0.246867418   17.548072815 ^ _075149_/Y (sg13g2_a21oi_1)
     3    0.010715079    0.087831914    0.129720241   17.677793503 v _075150_/Y (sg13g2_nor3_2)
     2    0.009475670    0.240877271    0.239763767   17.917558670 ^ _075151_/Y (sg13g2_nor3_1)
     2    0.007437247    0.111792840    0.187643677   18.105201721 v _075153_/Y (sg13g2_o21ai_1)
     4    0.022546198    0.325442284    0.338188142   18.443389893 ^ _075155_/Y (sg13g2_a21oi_1)
     2    0.009787777    0.149348557    0.234527066   18.677917480 v _075157_/Y (sg13g2_o21ai_1)
     7    0.079807743    0.229557708    0.452157438   19.130073547 v _075160_/X (sg13g2_a21o_2)
     2    0.008513704    0.116616592    0.182108551   19.312183380 ^ _075161_/Y (sg13g2_nand3b_1)
     4    0.016891843    0.277682304    0.304075003   19.616256714 v _075162_/Y (sg13g2_nand3_1)
     2    0.007723731    0.154060513    0.249395177   19.865652084 ^ _075164_/Y (sg13g2_a21oi_1)
     4    0.054942880    0.548814356    0.521239936   20.386892319 v _075166_/Y (sg13g2_o21ai_1)
     2    0.007983726    0.172277540    0.260534704   20.647426605 ^ _075167_/Y (sg13g2_nand3b_1)
     4    0.065743655    0.905574977    0.830787897   21.478216171 v _075168_/Y (sg13g2_nand3_1)
     2    0.008641194    0.231234655    0.333120197   21.811336517 ^ _075169_/Y (sg13g2_nand3b_1)
     2    0.008583046    0.166315868    0.257406563   22.068742752 v _075170_/Y (sg13g2_nand3b_1)
     4    0.017213067    0.151993901    0.205655947   22.274398804 ^ _075171_/Y (sg13g2_nand3b_1)
     4    0.050372865    0.189726040    0.420936197   22.695333481 ^ _075172_/X (sg13g2_and3_2)
     2    0.007632990    0.075596072    0.105353951   22.800687790 v _075173_/Y (sg13g2_nor3_2)
     5    0.030560516    0.184135959    0.361648500   23.162336349 v _075174_/X (sg13g2_or3_1)
     2    0.009041228    0.114079721    0.159364089   23.321701050 ^ _075250_/Y (sg13g2_nand3_1)
     6    0.100838915    0.950958550    0.821991384   24.143692017 v _075320_/Y (sg13g2_a21oi_1)
     8    0.213277310    2.718343258    2.508688450   26.652379990 ^ _076064_/Y (sg13g2_nor2_1)
     1    0.005721648    0.368661165    0.634466708   27.286848068 v _076065_/Y (sg13g2_xnor2_1)
     2    0.010270394    0.227051660    0.334008396   27.620855331 ^ _076142_/Y (sg13g2_o21ai_1)
     1    0.023515932    0.298951179    0.371683151   27.992538452 v _076249_/Y (sg13g2_a221oi_1)
     1    0.003635895    0.051695649    0.269436032   28.261974335 v _076635_/X (sg13g2_or2_1)
     2    0.118844129    1.789227366    1.379374862   29.641349792 ^ _076942_/Y (sg13g2_o21ai_1)
     3    0.013141668    0.422510296    0.668997347   30.310346603 v _077020_/Y (sg13g2_a21oi_1)
     8    0.036067136    0.196023732    0.367617071   30.677963257 v fanout532/X (sg13g2_buf_1)
     1    0.005245697    0.150952697    0.211763054   30.889726639 ^ _077040_/Y (sg13g2_o21ai_1)
     2    0.008220830    0.208831459    0.290725678   31.180452347 v _077041_/Y (sg13g2_nand4_1)
     2    0.049469188    1.327027440    1.192820072   32.373271942 ^ _082372_/Y (sg13g2_nor4_1)
     2    0.012525491    0.312770456    0.437541574   32.810813904 v _082374_/Y (sg13g2_o21ai_1)
     2    0.007778190    0.126920149    0.200675040   33.011489868 ^ _082375_/Y (sg13g2_nand3_1)
     1    0.008135634    0.159585923    0.195701241   33.207191467 v _082389_/Y (sg13g2_a221oi_1)
     4    0.019623591    0.338643700    0.375948161   33.583137512 ^ _082392_/Y (sg13g2_o21ai_1)
     1    0.004878370    0.068769246    0.294861019   33.877998352 ^ _090105_/X (sg13g2_and3_1)
     6    0.112721913    0.715438306    0.593555450   34.471553802 ^ _090106_/X (sg13g2_buf_1)
     2    0.039463449    0.488460660    0.667693496   35.139247894 v _090107_/Y (sg13g2_nand2_1)
     8    0.107034095    0.552628160    0.651350975   35.790599823 v fanout478/X (sg13g2_buf_1)
     4    0.036554262    0.543319166    0.662449658   36.453048706 ^ _090108_/Y (sg13g2_nor2_1)
     2    0.006888063    0.274669230    0.223209903   36.676258087 v _101134_/Y (sg13g2_o21ai_1)
     3    0.085963383    0.446952343    0.510926425   37.187187195 v _101135_/X (sg13g2_buf_1)
     1    0.007123452    0.209064737    0.302510023   37.489696503 ^ _101136_/Y (sg13g2_a22oi_1)
     2    0.057486236    0.370106667    0.420975268   37.910671234 ^ _101137_/X (sg13g2_buf_1)
     8    0.070833564    0.452844501    0.541330576   38.452003479 ^ fanout343/X (sg13g2_buf_1)
     3    0.056210171    0.360757262    0.484018177   38.936019897 ^ _101143_/X (sg13g2_buf_1)
     8    0.074057840    0.472988397    0.542627275   39.478649139 ^ fanout310/X (sg13g2_buf_1)
     1    0.003795522    0.106534176    0.152219579   39.630867004 v _101144_/Y (sg13g2_nor2_1)
     1    0.002597778    0.087028578    0.120842010   39.751708984 ^ _101145_/Y (sg13g2_a21oi_1)
                         0.087028578    0.000046185   39.751754761 ^ _130182_/D (sg13g2_dfrbpq_1)
                                                      39.751754761   data arrival time

                                       20.000000000   20.000000000   clock clk_i (rise edge)
                                        3.623385191   23.623386383   clock network delay (propagated)
                                       -0.250000000   23.373388290   clock uncertainty
                                        0.287694991   23.661083221   clock reconvergence pessimism
                                                      23.661083221 ^ _130182_/CLK (sg13g2_dfrbpq_1)
                                       -0.203970104   23.457113266   library setup time
                                                      23.457113266   data required time
---------------------------------------------------------------------------------------------------------
                                                      23.457113266   data required time
                                                     -39.751754761   data arrival time
---------------------------------------------------------------------------------------------------------
                                                     -16.294643402   slack (VIOLATED)


Startpoint: _133430_ (rising edge-triggered flip-flop clocked by clk_i)
Endpoint: _130256_ (rising edge-triggered flip-flop clocked by clk_i)
Path Group: clk_i
Path Type: max
Corner: nom_slow_1p08V_125C

Fanout            Cap           Slew          Delay           Time   Description
---------------------------------------------------------------------------------------------------------
                                        0.000000000    0.000000000   clock clk_i (rise edge)
                                        3.990730047    3.990730047   clock network delay (propagated)
                         0.086427867    0.000000000    3.990730047 ^ _133430_/CLK (sg13g2_dfrbpq_1)
     6    0.098204292    0.618608117    0.737145901    4.727876186 ^ _133430_/Q (sg13g2_dfrbpq_1)
     1    0.007152955    0.183012038    0.367602855    5.095479012 ^ _070350_/X (sg13g2_xor2_1)
     2    0.082720943    1.083636642    0.923789084    6.019268036 ^ _070351_/Y (sg13g2_xnor2_1)
     1    0.007602998    0.218234718    0.432469636    6.451737404 v _072005_/Y (sg13g2_xnor2_1)
     1    0.009467341    0.136683449    0.267505586    6.719243050 v _072007_/Y (sg13g2_xnor2_1)
     2    0.096945226    0.927032411    0.837212980    7.556456089 v _072013_/Y (sg13g2_xnor2_1)
     1    0.010654187    0.326670706    0.514244676    8.070700645 ^ _072014_/Y (sg13g2_a22oi_1)
     1    0.008193475    0.214823827    0.345301569    8.416002274 v _072015_/Y (sg13g2_nand4_1)
     4    0.058327280    1.552514911    1.360197306    9.776199341 ^ _072163_/Y (sg13g2_nor4_1)
     4    0.019207658    0.445000648    0.644997835   10.421197891 v _073190_/Y (sg13g2_nand2_1)
     6    0.024535142    0.148600668    0.409604818   10.830801964 v _073191_/X (sg13g2_or2_1)
     2    0.021008108    0.294460058    0.315075964   11.145877838 ^ _074877_/Y (sg13g2_nor2_1)
     1    0.013540013    0.228945240    0.291024089   11.436902046 v _074900_/Y (sg13g2_xnor2_1)
     7    0.124751188    1.867776036    1.569034696   13.005937576 ^ _074902_/Y (sg13g2_o21ai_1)
     1    0.004717719    0.274849415    0.331716001   13.337653160 v _074908_/Y (sg13g2_o21ai_1)
     7    0.118180804    0.614900470    0.711623669   14.049276352 v _074909_/X (sg13g2_a21o_1)
     2    0.011707357    0.244349331    0.400977939   14.450254440 ^ _074911_/Y (sg13g2_a21oi_1)
     3    0.013025674    0.174899206    0.250683039   14.700938225 v _074913_/Y (sg13g2_xnor2_1)
     2    0.008024572    0.227751911    0.285135478   14.986073494 ^ _075132_/Y (sg13g2_nor3_1)
     5    0.023361808    0.252230644    0.326359391   15.312432289 v _075135_/Y (sg13g2_o21ai_1)
     3    0.054190688    0.718813479    0.701444268   16.013875961 ^ _075137_/Y (sg13g2_a21oi_1)
     2    0.009080474    0.189153597    0.297610819   16.311487198 v _075139_/Y (sg13g2_o21ai_1)
     3    0.013542720    0.218236327    0.281175971   16.592662811 ^ _075141_/Y (sg13g2_a21oi_1)
     2    0.008188004    0.121377371    0.188736141   16.781400681 v _075143_/Y (sg13g2_o21ai_1)
     4    0.015251978    0.102695368    0.277914584   17.059314728 v _075145_/X (sg13g2_a21o_1)
     2    0.009422852    0.072816297    0.241891846   17.301206589 v _075147_/X (sg13g2_a21o_1)
     2    0.015038490    0.251684606    0.246867418   17.548072815 ^ _075149_/Y (sg13g2_a21oi_1)
     3    0.010715079    0.087831914    0.129720241   17.677793503 v _075150_/Y (sg13g2_nor3_2)
     2    0.009475670    0.240877271    0.239763767   17.917558670 ^ _075151_/Y (sg13g2_nor3_1)
     2    0.007437247    0.111792840    0.187643677   18.105201721 v _075153_/Y (sg13g2_o21ai_1)
     4    0.022546198    0.325442284    0.338188142   18.443389893 ^ _075155_/Y (sg13g2_a21oi_1)
     2    0.009787777    0.149348557    0.234527066   18.677917480 v _075157_/Y (sg13g2_o21ai_1)
     7    0.079807743    0.229557708    0.452157438   19.130073547 v _075160_/X (sg13g2_a21o_2)
     2    0.008513704    0.116616592    0.182108551   19.312183380 ^ _075161_/Y (sg13g2_nand3b_1)
     4    0.016891843    0.277682304    0.304075003   19.616256714 v _075162_/Y (sg13g2_nand3_1)
     2    0.007723731    0.154060513    0.249395177   19.865652084 ^ _075164_/Y (sg13g2_a21oi_1)
     4    0.054942880    0.548814356    0.521239936   20.386892319 v _075166_/Y (sg13g2_o21ai_1)
     2    0.007983726    0.172277540    0.260534704   20.647426605 ^ _075167_/Y (sg13g2_nand3b_1)
     4    0.065743655    0.905574977    0.830787897   21.478216171 v _075168_/Y (sg13g2_nand3_1)
     2    0.008641194    0.231234655    0.333120197   21.811336517 ^ _075169_/Y (sg13g2_nand3b_1)
     2    0.008583046    0.166315868    0.257406563   22.068742752 v _075170_/Y (sg13g2_nand3b_1)
     4    0.017213067    0.151993901    0.205655947   22.274398804 ^ _075171_/Y (sg13g2_nand3b_1)
     4    0.050372865    0.189726040    0.420936197   22.695333481 ^ _075172_/X (sg13g2_and3_2)
     2    0.007632990    0.075596072    0.105353951   22.800687790 v _075173_/Y (sg13g2_nor3_2)
     5    0.030560516    0.184135959    0.361648500   23.162336349 v _075174_/X (sg13g2_or3_1)
     2    0.009041228    0.114079721    0.159364089   23.321701050 ^ _075250_/Y (sg13g2_nand3_1)
     6    0.100838915    0.950958550    0.821991384   24.143692017 v _075320_/Y (sg13g2_a21oi_1)
     8    0.213277310    2.718343258    2.508688450   26.652379990 ^ _076064_/Y (sg13g2_nor2_1)
     1    0.005721648    0.368661165    0.634466708   27.286848068 v _076065_/Y (sg13g2_xnor2_1)
     2    0.010270394    0.227051660    0.334008396   27.620855331 ^ _076142_/Y (sg13g2_o21ai_1)
     1    0.023515932    0.298951179    0.371683151   27.992538452 v _076249_/Y (sg13g2_a221oi_1)
     1    0.003635895    0.051695649    0.269436032   28.261974335 v _076635_/X (sg13g2_or2_1)
     2    0.118844129    1.789227366    1.379374862   29.641349792 ^ _076942_/Y (sg13g2_o21ai_1)
     3    0.013141668    0.422510296    0.668997347   30.310346603 v _077020_/Y (sg13g2_a21oi_1)
     8    0.036067136    0.196023732    0.367617071   30.677963257 v fanout532/X (sg13g2_buf_1)
     1    0.005245697    0.150952697    0.211763054   30.889726639 ^ _077040_/Y (sg13g2_o21ai_1)
     2    0.008220830    0.208831459    0.290725678   31.180452347 v _077041_/Y (sg13g2_nand4_1)
     2    0.049469188    1.327027440    1.192820072   32.373271942 ^ _082372_/Y (sg13g2_nor4_1)
     2    0.012525491    0.312770456    0.437541574   32.810813904 v _082374_/Y (sg13g2_o21ai_1)
     2    0.007778190    0.126920149    0.200675040   33.011489868 ^ _082375_/Y (sg13g2_nand3_1)
     1    0.008135634    0.159585923    0.195701241   33.207191467 v _082389_/Y (sg13g2_a221oi_1)
     4    0.019623591    0.338643700    0.375948161   33.583137512 ^ _082392_/Y (sg13g2_o21ai_1)
     1    0.004878370    0.068769246    0.294861019   33.877998352 ^ _090105_/X (sg13g2_and3_1)
     6    0.112721913    0.715438306    0.593555450   34.471553802 ^ _090106_/X (sg13g2_buf_1)
     2    0.039463449    0.488460660    0.667693496   35.139247894 v _090107_/Y (sg13g2_nand2_1)
     8    0.107034095    0.552628160    0.651350975   35.790599823 v fanout478/X (sg13g2_buf_1)
     7    0.090893477    1.189777493    1.193960547   36.984561920 ^ _101528_/Y (sg13g2_a21oi_1)
     2    0.009497781    0.102895483    0.398173958   37.382736206 ^ _101533_/X (sg13g2_or2_1)
     1    0.019263845    0.304437965    0.223710835   37.606445312 v _101534_/Y (sg13g2_o21ai_1)
     2    0.076416947    0.399305969    0.487293780   38.093738556 v _101535_/X (sg13g2_buf_1)
     8    0.074819311    0.388037711    0.520579159   38.614318848 v fanout360/X (sg13g2_buf_1)
     3    0.042088397    0.224639043    0.385472983   38.999790192 v _101539_/X (sg13g2_buf_1)
     8    0.051317364    0.270950705    0.372921258   39.372711182 v fanout339/X (sg13g2_buf_1)
     1    0.005397135    0.211327046    0.277072608   39.649784088 ^ _101593_/Y (sg13g2_nor3_1)
     1    0.005137265    0.116961330    0.116308741   39.766094208 v _101594_/Y (sg13g2_a21oi_1)
                         0.116961390    0.000195399   39.766288757 v _130256_/D (sg13g2_dfrbpq_1)
                                                      39.766288757   data arrival time

                                       20.000000000   20.000000000   clock clk_i (rise edge)
                                        3.633102655   23.633102417   clock network delay (propagated)
                                       -0.250000000   23.383104324   clock uncertainty
                                        0.287694991   23.670799255   clock reconvergence pessimism
                                                      23.670799255 ^ _130256_/CLK (sg13g2_dfrbpq_1)
                                       -0.197987199   23.472812653   library setup time
                                                      23.472812653   data required time
---------------------------------------------------------------------------------------------------------
                                                      23.472812653   data required time
                                                     -39.766288757   data arrival time
---------------------------------------------------------------------------------------------------------
                                                     -16.293478012   slack (VIOLATED)


Startpoint: _133430_ (rising edge-triggered flip-flop clocked by clk_i)
Endpoint: _130253_ (rising edge-triggered flip-flop clocked by clk_i)
Path Group: clk_i
Path Type: max
Corner: nom_slow_1p08V_125C

Fanout            Cap           Slew          Delay           Time   Description
---------------------------------------------------------------------------------------------------------
                                        0.000000000    0.000000000   clock clk_i (rise edge)
                                        3.990730047    3.990730047   clock network delay (propagated)
                         0.086427867    0.000000000    3.990730047 ^ _133430_/CLK (sg13g2_dfrbpq_1)
     6    0.098204292    0.618608117    0.737145901    4.727876186 ^ _133430_/Q (sg13g2_dfrbpq_1)
     1    0.007152955    0.183012038    0.367602855    5.095479012 ^ _070350_/X (sg13g2_xor2_1)
     2    0.082720943    1.083636642    0.923789084    6.019268036 ^ _070351_/Y (sg13g2_xnor2_1)
     1    0.007602998    0.218234718    0.432469636    6.451737404 v _072005_/Y (sg13g2_xnor2_1)
     1    0.009467341    0.136683449    0.267505586    6.719243050 v _072007_/Y (sg13g2_xnor2_1)
     2    0.096945226    0.927032411    0.837212980    7.556456089 v _072013_/Y (sg13g2_xnor2_1)
     1    0.010654187    0.326670706    0.514244676    8.070700645 ^ _072014_/Y (sg13g2_a22oi_1)
     1    0.008193475    0.214823827    0.345301569    8.416002274 v _072015_/Y (sg13g2_nand4_1)
     4    0.058327280    1.552514911    1.360197306    9.776199341 ^ _072163_/Y (sg13g2_nor4_1)
     4    0.019207658    0.445000648    0.644997835   10.421197891 v _073190_/Y (sg13g2_nand2_1)
     6    0.024535142    0.148600668    0.409604818   10.830801964 v _073191_/X (sg13g2_or2_1)
     2    0.021008108    0.294460058    0.315075964   11.145877838 ^ _074877_/Y (sg13g2_nor2_1)
     1    0.013540013    0.228945240    0.291024089   11.436902046 v _074900_/Y (sg13g2_xnor2_1)
     7    0.124751188    1.867776036    1.569034696   13.005937576 ^ _074902_/Y (sg13g2_o21ai_1)
     1    0.004717719    0.274849415    0.331716001   13.337653160 v _074908_/Y (sg13g2_o21ai_1)
     7    0.118180804    0.614900470    0.711623669   14.049276352 v _074909_/X (sg13g2_a21o_1)
     2    0.011707357    0.244349331    0.400977939   14.450254440 ^ _074911_/Y (sg13g2_a21oi_1)
     3    0.013025674    0.174899206    0.250683039   14.700938225 v _074913_/Y (sg13g2_xnor2_1)
     2    0.008024572    0.227751911    0.285135478   14.986073494 ^ _075132_/Y (sg13g2_nor3_1)
     5    0.023361808    0.252230644    0.326359391   15.312432289 v _075135_/Y (sg13g2_o21ai_1)
     3    0.054190688    0.718813479    0.701444268   16.013875961 ^ _075137_/Y (sg13g2_a21oi_1)
     2    0.009080474    0.189153597    0.297610819   16.311487198 v _075139_/Y (sg13g2_o21ai_1)
     3    0.013542720    0.218236327    0.281175971   16.592662811 ^ _075141_/Y (sg13g2_a21oi_1)
     2    0.008188004    0.121377371    0.188736141   16.781400681 v _075143_/Y (sg13g2_o21ai_1)
     4    0.015251978    0.102695368    0.277914584   17.059314728 v _075145_/X (sg13g2_a21o_1)
     2    0.009422852    0.072816297    0.241891846   17.301206589 v _075147_/X (sg13g2_a21o_1)
     2    0.015038490    0.251684606    0.246867418   17.548072815 ^ _075149_/Y (sg13g2_a21oi_1)
     3    0.010715079    0.087831914    0.129720241   17.677793503 v _075150_/Y (sg13g2_nor3_2)
     2    0.009475670    0.240877271    0.239763767   17.917558670 ^ _075151_/Y (sg13g2_nor3_1)
     2    0.007437247    0.111792840    0.187643677   18.105201721 v _075153_/Y (sg13g2_o21ai_1)
     4    0.022546198    0.325442284    0.338188142   18.443389893 ^ _075155_/Y (sg13g2_a21oi_1)
     2    0.009787777    0.149348557    0.234527066   18.677917480 v _075157_/Y (sg13g2_o21ai_1)
     7    0.079807743    0.229557708    0.452157438   19.130073547 v _075160_/X (sg13g2_a21o_2)
     2    0.008513704    0.116616592    0.182108551   19.312183380 ^ _075161_/Y (sg13g2_nand3b_1)
     4    0.016891843    0.277682304    0.304075003   19.616256714 v _075162_/Y (sg13g2_nand3_1)
     2    0.007723731    0.154060513    0.249395177   19.865652084 ^ _075164_/Y (sg13g2_a21oi_1)
     4    0.054942880    0.548814356    0.521239936   20.386892319 v _075166_/Y (sg13g2_o21ai_1)
     2    0.007983726    0.172277540    0.260534704   20.647426605 ^ _075167_/Y (sg13g2_nand3b_1)
     4    0.065743655    0.905574977    0.830787897   21.478216171 v _075168_/Y (sg13g2_nand3_1)
     2    0.008641194    0.231234655    0.333120197   21.811336517 ^ _075169_/Y (sg13g2_nand3b_1)
     2    0.008583046    0.166315868    0.257406563   22.068742752 v _075170_/Y (sg13g2_nand3b_1)
     4    0.017213067    0.151993901    0.205655947   22.274398804 ^ _075171_/Y (sg13g2_nand3b_1)
     4    0.050372865    0.189726040    0.420936197   22.695333481 ^ _075172_/X (sg13g2_and3_2)
     2    0.007632990    0.075596072    0.105353951   22.800687790 v _075173_/Y (sg13g2_nor3_2)
     5    0.030560516    0.184135959    0.361648500   23.162336349 v _075174_/X (sg13g2_or3_1)
     2    0.009041228    0.114079721    0.159364089   23.321701050 ^ _075250_/Y (sg13g2_nand3_1)
     6    0.100838915    0.950958550    0.821991384   24.143692017 v _075320_/Y (sg13g2_a21oi_1)
     8    0.213277310    2.718343258    2.508688450   26.652379990 ^ _076064_/Y (sg13g2_nor2_1)
     1    0.005721648    0.368661165    0.634466708   27.286848068 v _076065_/Y (sg13g2_xnor2_1)
     2    0.010270394    0.227051660    0.334008396   27.620855331 ^ _076142_/Y (sg13g2_o21ai_1)
     1    0.023515932    0.298951179    0.371683151   27.992538452 v _076249_/Y (sg13g2_a221oi_1)
     1    0.003635895    0.051695649    0.269436032   28.261974335 v _076635_/X (sg13g2_or2_1)
     2    0.118844129    1.789227366    1.379374862   29.641349792 ^ _076942_/Y (sg13g2_o21ai_1)
     3    0.013141668    0.422510296    0.668997347   30.310346603 v _077020_/Y (sg13g2_a21oi_1)
     8    0.036067136    0.196023732    0.367617071   30.677963257 v fanout532/X (sg13g2_buf_1)
     1    0.005245697    0.150952697    0.211763054   30.889726639 ^ _077040_/Y (sg13g2_o21ai_1)
     2    0.008220830    0.208831459    0.290725678   31.180452347 v _077041_/Y (sg13g2_nand4_1)
     2    0.049469188    1.327027440    1.192820072   32.373271942 ^ _082372_/Y (sg13g2_nor4_1)
     2    0.012525491    0.312770456    0.437541574   32.810813904 v _082374_/Y (sg13g2_o21ai_1)
     2    0.007778190    0.126920149    0.200675040   33.011489868 ^ _082375_/Y (sg13g2_nand3_1)
     1    0.008135634    0.159585923    0.195701241   33.207191467 v _082389_/Y (sg13g2_a221oi_1)
     4    0.019623591    0.338643700    0.375948161   33.583137512 ^ _082392_/Y (sg13g2_o21ai_1)
     1    0.004878370    0.068769246    0.294861019   33.877998352 ^ _090105_/X (sg13g2_and3_1)
     6    0.112721913    0.715438306    0.593555450   34.471553802 ^ _090106_/X (sg13g2_buf_1)
     2    0.039463449    0.488460660    0.667693496   35.139247894 v _090107_/Y (sg13g2_nand2_1)
     8    0.107034095    0.552628160    0.651350975   35.790599823 v fanout478/X (sg13g2_buf_1)
     7    0.090893477    1.189777493    1.193960547   36.984561920 ^ _101528_/Y (sg13g2_a21oi_1)
     2    0.009497781    0.102895483    0.398173958   37.382736206 ^ _101533_/X (sg13g2_or2_1)
     1    0.019263845    0.304437965    0.223710835   37.606445312 v _101534_/Y (sg13g2_o21ai_1)
     2    0.076416947    0.399305969    0.487293780   38.093738556 v _101535_/X (sg13g2_buf_1)
     8    0.074819311    0.388037711    0.520579159   38.614318848 v fanout360/X (sg13g2_buf_1)
     3    0.042088397    0.224639043    0.385472983   38.999790192 v _101539_/X (sg13g2_buf_1)
     8    0.051317364    0.270950705    0.372921258   39.372711182 v fanout339/X (sg13g2_buf_1)
     1    0.004990399    0.193271995    0.268638462   39.641349792 ^ _101579_/Y (sg13g2_nor3_1)
     1    0.005328371    0.118425414    0.113235645   39.754585266 v _101580_/Y (sg13g2_a21oi_1)
                         0.118425496    0.000209610   39.754795074 v _130253_/D (sg13g2_dfrbpq_1)
                                                      39.754795074   data arrival time

                                       20.000000000   20.000000000   clock clk_i (rise edge)
                                        3.634497166   23.634498596   clock network delay (propagated)
                                       -0.250000000   23.384498596   clock uncertainty
                                        0.287694991   23.672193527   clock reconvergence pessimism
                                                      23.672193527 ^ _130253_/CLK (sg13g2_dfrbpq_1)
                                       -0.198577866   23.473617554   library setup time
                                                      23.473617554   data required time
---------------------------------------------------------------------------------------------------------
                                                      23.473617554   data required time
                                                     -39.754795074   data arrival time
---------------------------------------------------------------------------------------------------------
                                                     -16.281179428   slack (VIOLATED)


Startpoint: _133430_ (rising edge-triggered flip-flop clocked by clk_i)
Endpoint: _130252_ (rising edge-triggered flip-flop clocked by clk_i)
Path Group: clk_i
Path Type: max
Corner: nom_slow_1p08V_125C

Fanout            Cap           Slew          Delay           Time   Description
---------------------------------------------------------------------------------------------------------
                                        0.000000000    0.000000000   clock clk_i (rise edge)
                                        3.990730047    3.990730047   clock network delay (propagated)
                         0.086427867    0.000000000    3.990730047 ^ _133430_/CLK (sg13g2_dfrbpq_1)
     6    0.098204292    0.618608117    0.737145901    4.727876186 ^ _133430_/Q (sg13g2_dfrbpq_1)
     1    0.007152955    0.183012038    0.367602855    5.095479012 ^ _070350_/X (sg13g2_xor2_1)
     2    0.082720943    1.083636642    0.923789084    6.019268036 ^ _070351_/Y (sg13g2_xnor2_1)
     1    0.007602998    0.218234718    0.432469636    6.451737404 v _072005_/Y (sg13g2_xnor2_1)
     1    0.009467341    0.136683449    0.267505586    6.719243050 v _072007_/Y (sg13g2_xnor2_1)
     2    0.096945226    0.927032411    0.837212980    7.556456089 v _072013_/Y (sg13g2_xnor2_1)
     1    0.010654187    0.326670706    0.514244676    8.070700645 ^ _072014_/Y (sg13g2_a22oi_1)
     1    0.008193475    0.214823827    0.345301569    8.416002274 v _072015_/Y (sg13g2_nand4_1)
     4    0.058327280    1.552514911    1.360197306    9.776199341 ^ _072163_/Y (sg13g2_nor4_1)
     4    0.019207658    0.445000648    0.644997835   10.421197891 v _073190_/Y (sg13g2_nand2_1)
     6    0.024535142    0.148600668    0.409604818   10.830801964 v _073191_/X (sg13g2_or2_1)
     2    0.021008108    0.294460058    0.315075964   11.145877838 ^ _074877_/Y (sg13g2_nor2_1)
     1    0.013540013    0.228945240    0.291024089   11.436902046 v _074900_/Y (sg13g2_xnor2_1)
     7    0.124751188    1.867776036    1.569034696   13.005937576 ^ _074902_/Y (sg13g2_o21ai_1)
     1    0.004717719    0.274849415    0.331716001   13.337653160 v _074908_/Y (sg13g2_o21ai_1)
     7    0.118180804    0.614900470    0.711623669   14.049276352 v _074909_/X (sg13g2_a21o_1)
     2    0.011707357    0.244349331    0.400977939   14.450254440 ^ _074911_/Y (sg13g2_a21oi_1)
     3    0.013025674    0.174899206    0.250683039   14.700938225 v _074913_/Y (sg13g2_xnor2_1)
     2    0.008024572    0.227751911    0.285135478   14.986073494 ^ _075132_/Y (sg13g2_nor3_1)
     5    0.023361808    0.252230644    0.326359391   15.312432289 v _075135_/Y (sg13g2_o21ai_1)
     3    0.054190688    0.718813479    0.701444268   16.013875961 ^ _075137_/Y (sg13g2_a21oi_1)
     2    0.009080474    0.189153597    0.297610819   16.311487198 v _075139_/Y (sg13g2_o21ai_1)
     3    0.013542720    0.218236327    0.281175971   16.592662811 ^ _075141_/Y (sg13g2_a21oi_1)
     2    0.008188004    0.121377371    0.188736141   16.781400681 v _075143_/Y (sg13g2_o21ai_1)
     4    0.015251978    0.102695368    0.277914584   17.059314728 v _075145_/X (sg13g2_a21o_1)
     2    0.009422852    0.072816297    0.241891846   17.301206589 v _075147_/X (sg13g2_a21o_1)
     2    0.015038490    0.251684606    0.246867418   17.548072815 ^ _075149_/Y (sg13g2_a21oi_1)
     3    0.010715079    0.087831914    0.129720241   17.677793503 v _075150_/Y (sg13g2_nor3_2)
     2    0.009475670    0.240877271    0.239763767   17.917558670 ^ _075151_/Y (sg13g2_nor3_1)
     2    0.007437247    0.111792840    0.187643677   18.105201721 v _075153_/Y (sg13g2_o21ai_1)
     4    0.022546198    0.325442284    0.338188142   18.443389893 ^ _075155_/Y (sg13g2_a21oi_1)
     2    0.009787777    0.149348557    0.234527066   18.677917480 v _075157_/Y (sg13g2_o21ai_1)
     7    0.079807743    0.229557708    0.452157438   19.130073547 v _075160_/X (sg13g2_a21o_2)
     2    0.008513704    0.116616592    0.182108551   19.312183380 ^ _075161_/Y (sg13g2_nand3b_1)
     4    0.016891843    0.277682304    0.304075003   19.616256714 v _075162_/Y (sg13g2_nand3_1)
     2    0.007723731    0.154060513    0.249395177   19.865652084 ^ _075164_/Y (sg13g2_a21oi_1)
     4    0.054942880    0.548814356    0.521239936   20.386892319 v _075166_/Y (sg13g2_o21ai_1)
     2    0.007983726    0.172277540    0.260534704   20.647426605 ^ _075167_/Y (sg13g2_nand3b_1)
     4    0.065743655    0.905574977    0.830787897   21.478216171 v _075168_/Y (sg13g2_nand3_1)
     2    0.008641194    0.231234655    0.333120197   21.811336517 ^ _075169_/Y (sg13g2_nand3b_1)
     2    0.008583046    0.166315868    0.257406563   22.068742752 v _075170_/Y (sg13g2_nand3b_1)
     4    0.017213067    0.151993901    0.205655947   22.274398804 ^ _075171_/Y (sg13g2_nand3b_1)
     4    0.050372865    0.189726040    0.420936197   22.695333481 ^ _075172_/X (sg13g2_and3_2)
     2    0.007632990    0.075596072    0.105353951   22.800687790 v _075173_/Y (sg13g2_nor3_2)
     5    0.030560516    0.184135959    0.361648500   23.162336349 v _075174_/X (sg13g2_or3_1)
     2    0.009041228    0.114079721    0.159364089   23.321701050 ^ _075250_/Y (sg13g2_nand3_1)
     6    0.100838915    0.950958550    0.821991384   24.143692017 v _075320_/Y (sg13g2_a21oi_1)
     8    0.213277310    2.718343258    2.508688450   26.652379990 ^ _076064_/Y (sg13g2_nor2_1)
     1    0.005721648    0.368661165    0.634466708   27.286848068 v _076065_/Y (sg13g2_xnor2_1)
     2    0.010270394    0.227051660    0.334008396   27.620855331 ^ _076142_/Y (sg13g2_o21ai_1)
     1    0.023515932    0.298951179    0.371683151   27.992538452 v _076249_/Y (sg13g2_a221oi_1)
     1    0.003635895    0.051695649    0.269436032   28.261974335 v _076635_/X (sg13g2_or2_1)
     2    0.118844129    1.789227366    1.379374862   29.641349792 ^ _076942_/Y (sg13g2_o21ai_1)
     3    0.013141668    0.422510296    0.668997347   30.310346603 v _077020_/Y (sg13g2_a21oi_1)
     8    0.036067136    0.196023732    0.367617071   30.677963257 v fanout532/X (sg13g2_buf_1)
     1    0.005245697    0.150952697    0.211763054   30.889726639 ^ _077040_/Y (sg13g2_o21ai_1)
     2    0.008220830    0.208831459    0.290725678   31.180452347 v _077041_/Y (sg13g2_nand4_1)
     2    0.049469188    1.327027440    1.192820072   32.373271942 ^ _082372_/Y (sg13g2_nor4_1)
     2    0.012525491    0.312770456    0.437541574   32.810813904 v _082374_/Y (sg13g2_o21ai_1)
     2    0.007778190    0.126920149    0.200675040   33.011489868 ^ _082375_/Y (sg13g2_nand3_1)
     1    0.008135634    0.159585923    0.195701241   33.207191467 v _082389_/Y (sg13g2_a221oi_1)
     4    0.019623591    0.338643700    0.375948161   33.583137512 ^ _082392_/Y (sg13g2_o21ai_1)
     1    0.004878370    0.068769246    0.294861019   33.877998352 ^ _090105_/X (sg13g2_and3_1)
     6    0.112721913    0.715438306    0.593555450   34.471553802 ^ _090106_/X (sg13g2_buf_1)
     2    0.039463449    0.488460660    0.667693496   35.139247894 v _090107_/Y (sg13g2_nand2_1)
     8    0.107034095    0.552628160    0.651350975   35.790599823 v fanout478/X (sg13g2_buf_1)
     7    0.090893477    1.189777493    1.193960547   36.984561920 ^ _101528_/Y (sg13g2_a21oi_1)
     2    0.009497781    0.102895483    0.398173958   37.382736206 ^ _101533_/X (sg13g2_or2_1)
     1    0.019263845    0.304437965    0.223710835   37.606445312 v _101534_/Y (sg13g2_o21ai_1)
     2    0.076416947    0.399305969    0.487293780   38.093738556 v _101535_/X (sg13g2_buf_1)
     8    0.074819311    0.388037711    0.520579159   38.614318848 v fanout360/X (sg13g2_buf_1)
     3    0.042088397    0.224639043    0.385472983   38.999790192 v _101539_/X (sg13g2_buf_1)
     8    0.051317364    0.270950705    0.372921258   39.372711182 v fanout339/X (sg13g2_buf_1)
     1    0.004549839    0.168785498    0.263387531   39.636100769 ^ _101575_/Y (sg13g2_nor3_1)
     1    0.004972371    0.115668677    0.104844138   39.740943909 v _101576_/Y (sg13g2_a21oi_1)
                         0.115668736    0.000181188   39.741127014 v _130252_/D (sg13g2_dfrbpq_1)
                                                      39.741127014   data arrival time

                                       20.000000000   20.000000000   clock clk_i (rise edge)
                                        3.631971836   23.631971359   clock network delay (propagated)
                                       -0.250000000   23.381973267   clock uncertainty
                                        0.287694991   23.669668198   clock reconvergence pessimism
                                                      23.669668198 ^ _130252_/CLK (sg13g2_dfrbpq_1)
                                       -0.197440550   23.472227097   library setup time
                                                      23.472227097   data required time
---------------------------------------------------------------------------------------------------------
                                                      23.472227097   data required time
                                                     -39.741127014   data arrival time
---------------------------------------------------------------------------------------------------------
                                                     -16.268898010   slack (VIOLATED)


Startpoint: _133430_ (rising edge-triggered flip-flop clocked by clk_i)
Endpoint: _130270_ (rising edge-triggered flip-flop clocked by clk_i)
Path Group: clk_i
Path Type: max
Corner: nom_slow_1p08V_125C

Fanout            Cap           Slew          Delay           Time   Description
---------------------------------------------------------------------------------------------------------
                                        0.000000000    0.000000000   clock clk_i (rise edge)
                                        3.990730047    3.990730047   clock network delay (propagated)
                         0.086427867    0.000000000    3.990730047 ^ _133430_/CLK (sg13g2_dfrbpq_1)
     6    0.098204292    0.618608117    0.737145901    4.727876186 ^ _133430_/Q (sg13g2_dfrbpq_1)
     1    0.007152955    0.183012038    0.367602855    5.095479012 ^ _070350_/X (sg13g2_xor2_1)
     2    0.082720943    1.083636642    0.923789084    6.019268036 ^ _070351_/Y (sg13g2_xnor2_1)
     1    0.007602998    0.218234718    0.432469636    6.451737404 v _072005_/Y (sg13g2_xnor2_1)
     1    0.009467341    0.136683449    0.267505586    6.719243050 v _072007_/Y (sg13g2_xnor2_1)
     2    0.096945226    0.927032411    0.837212980    7.556456089 v _072013_/Y (sg13g2_xnor2_1)
     1    0.010654187    0.326670706    0.514244676    8.070700645 ^ _072014_/Y (sg13g2_a22oi_1)
     1    0.008193475    0.214823827    0.345301569    8.416002274 v _072015_/Y (sg13g2_nand4_1)
     4    0.058327280    1.552514911    1.360197306    9.776199341 ^ _072163_/Y (sg13g2_nor4_1)
     4    0.019207658    0.445000648    0.644997835   10.421197891 v _073190_/Y (sg13g2_nand2_1)
     6    0.024535142    0.148600668    0.409604818   10.830801964 v _073191_/X (sg13g2_or2_1)
     2    0.021008108    0.294460058    0.315075964   11.145877838 ^ _074877_/Y (sg13g2_nor2_1)
     1    0.013540013    0.228945240    0.291024089   11.436902046 v _074900_/Y (sg13g2_xnor2_1)
     7    0.124751188    1.867776036    1.569034696   13.005937576 ^ _074902_/Y (sg13g2_o21ai_1)
     1    0.004717719    0.274849415    0.331716001   13.337653160 v _074908_/Y (sg13g2_o21ai_1)
     7    0.118180804    0.614900470    0.711623669   14.049276352 v _074909_/X (sg13g2_a21o_1)
     2    0.011707357    0.244349331    0.400977939   14.450254440 ^ _074911_/Y (sg13g2_a21oi_1)
     3    0.013025674    0.174899206    0.250683039   14.700938225 v _074913_/Y (sg13g2_xnor2_1)
     2    0.008024572    0.227751911    0.285135478   14.986073494 ^ _075132_/Y (sg13g2_nor3_1)
     5    0.023361808    0.252230644    0.326359391   15.312432289 v _075135_/Y (sg13g2_o21ai_1)
     3    0.054190688    0.718813479    0.701444268   16.013875961 ^ _075137_/Y (sg13g2_a21oi_1)
     2    0.009080474    0.189153597    0.297610819   16.311487198 v _075139_/Y (sg13g2_o21ai_1)
     3    0.013542720    0.218236327    0.281175971   16.592662811 ^ _075141_/Y (sg13g2_a21oi_1)
     2    0.008188004    0.121377371    0.188736141   16.781400681 v _075143_/Y (sg13g2_o21ai_1)
     4    0.015251978    0.102695368    0.277914584   17.059314728 v _075145_/X (sg13g2_a21o_1)
     2    0.009422852    0.072816297    0.241891846   17.301206589 v _075147_/X (sg13g2_a21o_1)
     2    0.015038490    0.251684606    0.246867418   17.548072815 ^ _075149_/Y (sg13g2_a21oi_1)
     3    0.010715079    0.087831914    0.129720241   17.677793503 v _075150_/Y (sg13g2_nor3_2)
     2    0.009475670    0.240877271    0.239763767   17.917558670 ^ _075151_/Y (sg13g2_nor3_1)
     2    0.007437247    0.111792840    0.187643677   18.105201721 v _075153_/Y (sg13g2_o21ai_1)
     4    0.022546198    0.325442284    0.338188142   18.443389893 ^ _075155_/Y (sg13g2_a21oi_1)
     2    0.009787777    0.149348557    0.234527066   18.677917480 v _075157_/Y (sg13g2_o21ai_1)
     7    0.079807743    0.229557708    0.452157438   19.130073547 v _075160_/X (sg13g2_a21o_2)
     2    0.008513704    0.116616592    0.182108551   19.312183380 ^ _075161_/Y (sg13g2_nand3b_1)
     4    0.016891843    0.277682304    0.304075003   19.616256714 v _075162_/Y (sg13g2_nand3_1)
     2    0.007723731    0.154060513    0.249395177   19.865652084 ^ _075164_/Y (sg13g2_a21oi_1)
     4    0.054942880    0.548814356    0.521239936   20.386892319 v _075166_/Y (sg13g2_o21ai_1)
     2    0.007983726    0.172277540    0.260534704   20.647426605 ^ _075167_/Y (sg13g2_nand3b_1)
     4    0.065743655    0.905574977    0.830787897   21.478216171 v _075168_/Y (sg13g2_nand3_1)
     2    0.008641194    0.231234655    0.333120197   21.811336517 ^ _075169_/Y (sg13g2_nand3b_1)
     2    0.008583046    0.166315868    0.257406563   22.068742752 v _075170_/Y (sg13g2_nand3b_1)
     4    0.017213067    0.151993901    0.205655947   22.274398804 ^ _075171_/Y (sg13g2_nand3b_1)
     4    0.050372865    0.189726040    0.420936197   22.695333481 ^ _075172_/X (sg13g2_and3_2)
     2    0.007632990    0.075596072    0.105353951   22.800687790 v _075173_/Y (sg13g2_nor3_2)
     5    0.030560516    0.184135959    0.361648500   23.162336349 v _075174_/X (sg13g2_or3_1)
     2    0.009041228    0.114079721    0.159364089   23.321701050 ^ _075250_/Y (sg13g2_nand3_1)
     6    0.100838915    0.950958550    0.821991384   24.143692017 v _075320_/Y (sg13g2_a21oi_1)
     8    0.213277310    2.718343258    2.508688450   26.652379990 ^ _076064_/Y (sg13g2_nor2_1)
     1    0.005721648    0.368661165    0.634466708   27.286848068 v _076065_/Y (sg13g2_xnor2_1)
     2    0.010270394    0.227051660    0.334008396   27.620855331 ^ _076142_/Y (sg13g2_o21ai_1)
     1    0.023515932    0.298951179    0.371683151   27.992538452 v _076249_/Y (sg13g2_a221oi_1)
     1    0.003635895    0.051695649    0.269436032   28.261974335 v _076635_/X (sg13g2_or2_1)
     2    0.118844129    1.789227366    1.379374862   29.641349792 ^ _076942_/Y (sg13g2_o21ai_1)
     3    0.013141668    0.422510296    0.668997347   30.310346603 v _077020_/Y (sg13g2_a21oi_1)
     8    0.036067136    0.196023732    0.367617071   30.677963257 v fanout532/X (sg13g2_buf_1)
     1    0.005245697    0.150952697    0.211763054   30.889726639 ^ _077040_/Y (sg13g2_o21ai_1)
     2    0.008220830    0.208831459    0.290725678   31.180452347 v _077041_/Y (sg13g2_nand4_1)
     2    0.049469188    1.327027440    1.192820072   32.373271942 ^ _082372_/Y (sg13g2_nor4_1)
     2    0.012525491    0.312770456    0.437541574   32.810813904 v _082374_/Y (sg13g2_o21ai_1)
     2    0.007778190    0.126920149    0.200675040   33.011489868 ^ _082375_/Y (sg13g2_nand3_1)
     1    0.008135634    0.159585923    0.195701241   33.207191467 v _082389_/Y (sg13g2_a221oi_1)
     4    0.019623591    0.338643700    0.375948161   33.583137512 ^ _082392_/Y (sg13g2_o21ai_1)
     1    0.004878370    0.068769246    0.294861019   33.877998352 ^ _090105_/X (sg13g2_and3_1)
     6    0.112721913    0.715438306    0.593555450   34.471553802 ^ _090106_/X (sg13g2_buf_1)
     2    0.039463449    0.488460660    0.667693496   35.139247894 v _090107_/Y (sg13g2_nand2_1)
     8    0.107034095    0.552628160    0.651350975   35.790599823 v fanout478/X (sg13g2_buf_1)
     7    0.090893477    1.189777493    1.193960547   36.984561920 ^ _101528_/Y (sg13g2_a21oi_1)
     3    0.068926908    0.443722129    0.694417000   37.678977966 ^ _101529_/X (sg13g2_buf_1)
     8    0.097657792    0.620532811    0.662407041   38.341384888 ^ fanout418/X (sg13g2_buf_1)
     3    0.016745849    0.128667846    0.367638379   38.709022522 ^ _101655_/X (sg13g2_buf_1)
     8    0.074763887    0.477417052    0.468496352   39.177520752 ^ fanout385/X (sg13g2_buf_1)
     1    0.009488326    0.255597293    0.309476912   39.486995697 v _101661_/Y (sg13g2_a21oi_1)
     1    0.003972732    0.145282388    0.213667318   39.700664520 ^ _101663_/Y (sg13g2_o21ai_1)
                         0.145282388    0.000120792   39.700782776 ^ _130270_/D (sg13g2_dfrbpq_1)
                                                      39.700782776   data arrival time

                                       20.000000000   20.000000000   clock clk_i (rise edge)
                                        3.630208969   23.630208969   clock network delay (propagated)
                                       -0.250000000   23.380210876   clock uncertainty
                                        0.287694991   23.667905807   clock reconvergence pessimism
                                                      23.667905807 ^ _130270_/CLK (sg13g2_dfrbpq_1)
                                       -0.229779154   23.438127518   library setup time
                                                      23.438127518   data required time
---------------------------------------------------------------------------------------------------------
                                                      23.438127518   data required time
                                                     -39.700782776   data arrival time
---------------------------------------------------------------------------------------------------------
                                                     -16.262657166   slack (VIOLATED)


Startpoint: _133430_ (rising edge-triggered flip-flop clocked by clk_i)
Endpoint: _130301_ (rising edge-triggered flip-flop clocked by clk_i)
Path Group: clk_i
Path Type: max
Corner: nom_slow_1p08V_125C

Fanout            Cap           Slew          Delay           Time   Description
---------------------------------------------------------------------------------------------------------
                                        0.000000000    0.000000000   clock clk_i (rise edge)
                                        3.990730047    3.990730047   clock network delay (propagated)
                         0.086427867    0.000000000    3.990730047 ^ _133430_/CLK (sg13g2_dfrbpq_1)
     6    0.098204292    0.618608117    0.737145901    4.727876186 ^ _133430_/Q (sg13g2_dfrbpq_1)
     1    0.007152955    0.183012038    0.367602855    5.095479012 ^ _070350_/X (sg13g2_xor2_1)
     2    0.082720943    1.083636642    0.923789084    6.019268036 ^ _070351_/Y (sg13g2_xnor2_1)
     1    0.007602998    0.218234718    0.432469636    6.451737404 v _072005_/Y (sg13g2_xnor2_1)
     1    0.009467341    0.136683449    0.267505586    6.719243050 v _072007_/Y (sg13g2_xnor2_1)
     2    0.096945226    0.927032411    0.837212980    7.556456089 v _072013_/Y (sg13g2_xnor2_1)
     1    0.010654187    0.326670706    0.514244676    8.070700645 ^ _072014_/Y (sg13g2_a22oi_1)
     1    0.008193475    0.214823827    0.345301569    8.416002274 v _072015_/Y (sg13g2_nand4_1)
     4    0.058327280    1.552514911    1.360197306    9.776199341 ^ _072163_/Y (sg13g2_nor4_1)
     4    0.019207658    0.445000648    0.644997835   10.421197891 v _073190_/Y (sg13g2_nand2_1)
     6    0.024535142    0.148600668    0.409604818   10.830801964 v _073191_/X (sg13g2_or2_1)
     2    0.021008108    0.294460058    0.315075964   11.145877838 ^ _074877_/Y (sg13g2_nor2_1)
     1    0.013540013    0.228945240    0.291024089   11.436902046 v _074900_/Y (sg13g2_xnor2_1)
     7    0.124751188    1.867776036    1.569034696   13.005937576 ^ _074902_/Y (sg13g2_o21ai_1)
     1    0.004717719    0.274849415    0.331716001   13.337653160 v _074908_/Y (sg13g2_o21ai_1)
     7    0.118180804    0.614900470    0.711623669   14.049276352 v _074909_/X (sg13g2_a21o_1)
     2    0.011707357    0.244349331    0.400977939   14.450254440 ^ _074911_/Y (sg13g2_a21oi_1)
     3    0.013025674    0.174899206    0.250683039   14.700938225 v _074913_/Y (sg13g2_xnor2_1)
     2    0.008024572    0.227751911    0.285135478   14.986073494 ^ _075132_/Y (sg13g2_nor3_1)
     5    0.023361808    0.252230644    0.326359391   15.312432289 v _075135_/Y (sg13g2_o21ai_1)
     3    0.054190688    0.718813479    0.701444268   16.013875961 ^ _075137_/Y (sg13g2_a21oi_1)
     2    0.009080474    0.189153597    0.297610819   16.311487198 v _075139_/Y (sg13g2_o21ai_1)
     3    0.013542720    0.218236327    0.281175971   16.592662811 ^ _075141_/Y (sg13g2_a21oi_1)
     2    0.008188004    0.121377371    0.188736141   16.781400681 v _075143_/Y (sg13g2_o21ai_1)
     4    0.015251978    0.102695368    0.277914584   17.059314728 v _075145_/X (sg13g2_a21o_1)
     2    0.009422852    0.072816297    0.241891846   17.301206589 v _075147_/X (sg13g2_a21o_1)
     2    0.015038490    0.251684606    0.246867418   17.548072815 ^ _075149_/Y (sg13g2_a21oi_1)
     3    0.010715079    0.087831914    0.129720241   17.677793503 v _075150_/Y (sg13g2_nor3_2)
     2    0.009475670    0.240877271    0.239763767   17.917558670 ^ _075151_/Y (sg13g2_nor3_1)
     2    0.007437247    0.111792840    0.187643677   18.105201721 v _075153_/Y (sg13g2_o21ai_1)
     4    0.022546198    0.325442284    0.338188142   18.443389893 ^ _075155_/Y (sg13g2_a21oi_1)
     2    0.009787777    0.149348557    0.234527066   18.677917480 v _075157_/Y (sg13g2_o21ai_1)
     7    0.079807743    0.229557708    0.452157438   19.130073547 v _075160_/X (sg13g2_a21o_2)
     2    0.008513704    0.116616592    0.182108551   19.312183380 ^ _075161_/Y (sg13g2_nand3b_1)
     4    0.016891843    0.277682304    0.304075003   19.616256714 v _075162_/Y (sg13g2_nand3_1)
     2    0.007723731    0.154060513    0.249395177   19.865652084 ^ _075164_/Y (sg13g2_a21oi_1)
     4    0.054942880    0.548814356    0.521239936   20.386892319 v _075166_/Y (sg13g2_o21ai_1)
     2    0.007983726    0.172277540    0.260534704   20.647426605 ^ _075167_/Y (sg13g2_nand3b_1)
     4    0.065743655    0.905574977    0.830787897   21.478216171 v _075168_/Y (sg13g2_nand3_1)
     2    0.008641194    0.231234655    0.333120197   21.811336517 ^ _075169_/Y (sg13g2_nand3b_1)
     2    0.008583046    0.166315868    0.257406563   22.068742752 v _075170_/Y (sg13g2_nand3b_1)
     4    0.017213067    0.151993901    0.205655947   22.274398804 ^ _075171_/Y (sg13g2_nand3b_1)
     4    0.050372865    0.189726040    0.420936197   22.695333481 ^ _075172_/X (sg13g2_and3_2)
     2    0.007632990    0.075596072    0.105353951   22.800687790 v _075173_/Y (sg13g2_nor3_2)
     5    0.030560516    0.184135959    0.361648500   23.162336349 v _075174_/X (sg13g2_or3_1)
     2    0.009041228    0.114079721    0.159364089   23.321701050 ^ _075250_/Y (sg13g2_nand3_1)
     6    0.100838915    0.950958550    0.821991384   24.143692017 v _075320_/Y (sg13g2_a21oi_1)
     8    0.213277310    2.718343258    2.508688450   26.652379990 ^ _076064_/Y (sg13g2_nor2_1)
     1    0.005721648    0.368661165    0.634466708   27.286848068 v _076065_/Y (sg13g2_xnor2_1)
     2    0.010270394    0.227051660    0.334008396   27.620855331 ^ _076142_/Y (sg13g2_o21ai_1)
     1    0.023515932    0.298951179    0.371683151   27.992538452 v _076249_/Y (sg13g2_a221oi_1)
     1    0.003635895    0.051695649    0.269436032   28.261974335 v _076635_/X (sg13g2_or2_1)
     2    0.118844129    1.789227366    1.379374862   29.641349792 ^ _076942_/Y (sg13g2_o21ai_1)
     3    0.013141668    0.422510296    0.668997347   30.310346603 v _077020_/Y (sg13g2_a21oi_1)
     8    0.036067136    0.196023732    0.367617071   30.677963257 v fanout532/X (sg13g2_buf_1)
     1    0.005245697    0.150952697    0.211763054   30.889726639 ^ _077040_/Y (sg13g2_o21ai_1)
     2    0.008220830    0.208831459    0.290725678   31.180452347 v _077041_/Y (sg13g2_nand4_1)
     2    0.049469188    1.327027440    1.192820072   32.373271942 ^ _082372_/Y (sg13g2_nor4_1)
     2    0.012525491    0.312770456    0.437541574   32.810813904 v _082374_/Y (sg13g2_o21ai_1)
     2    0.007778190    0.126920149    0.200675040   33.011489868 ^ _082375_/Y (sg13g2_nand3_1)
     1    0.008135634    0.159585923    0.195701241   33.207191467 v _082389_/Y (sg13g2_a221oi_1)
     4    0.019623591    0.338643700    0.375948161   33.583137512 ^ _082392_/Y (sg13g2_o21ai_1)
     1    0.004878370    0.068769246    0.294861019   33.877998352 ^ _090105_/X (sg13g2_and3_1)
     6    0.112721913    0.715438306    0.593555450   34.471553802 ^ _090106_/X (sg13g2_buf_1)
     2    0.039463449    0.488460660    0.667693496   35.139247894 v _090107_/Y (sg13g2_nand2_1)
     8    0.107034095    0.552628160    0.651350975   35.790599823 v fanout478/X (sg13g2_buf_1)
     7    0.090893477    1.189777493    1.193960547   36.984561920 ^ _101528_/Y (sg13g2_a21oi_1)
     3    0.068926908    0.443722129    0.694417000   37.678977966 ^ _101529_/X (sg13g2_buf_1)
     8    0.097657792    0.620532811    0.662407041   38.341384888 ^ fanout418/X (sg13g2_buf_1)
     3    0.016745849    0.128667846    0.367638379   38.709022522 ^ _101655_/X (sg13g2_buf_1)
     8    0.074763887    0.477417052    0.468496352   39.177520752 ^ fanout385/X (sg13g2_buf_1)
     1    0.007468590    0.252161950    0.276465088   39.453983307 v _101789_/Y (sg13g2_a21oi_1)
     1    0.004192589    0.147393286    0.215052873   39.669036865 ^ _101791_/Y (sg13g2_o21ai_1)
                         0.147393286    0.000135003   39.669170380 ^ _130301_/D (sg13g2_dfrbpq_1)
                                                      39.669170380   data arrival time

                                       20.000000000   20.000000000   clock clk_i (rise edge)
                                        3.623680353   23.623682022   clock network delay (propagated)
                                       -0.250000000   23.373682022   clock uncertainty
                                        0.287694991   23.661376953   clock reconvergence pessimism
                                                      23.661376953 ^ _130301_/CLK (sg13g2_dfrbpq_1)
                                       -0.230127931   23.431249619   library setup time
                                                      23.431249619   data required time
---------------------------------------------------------------------------------------------------------
                                                      23.431249619   data required time
                                                     -39.669170380   data arrival time
---------------------------------------------------------------------------------------------------------
                                                     -16.237922668   slack (VIOLATED)


Startpoint: _133430_ (rising edge-triggered flip-flop clocked by clk_i)
Endpoint: _130277_ (rising edge-triggered flip-flop clocked by clk_i)
Path Group: clk_i
Path Type: max
Corner: nom_slow_1p08V_125C

Fanout            Cap           Slew          Delay           Time   Description
---------------------------------------------------------------------------------------------------------
                                        0.000000000    0.000000000   clock clk_i (rise edge)
                                        3.990730047    3.990730047   clock network delay (propagated)
                         0.086427867    0.000000000    3.990730047 ^ _133430_/CLK (sg13g2_dfrbpq_1)
     6    0.098204292    0.618608117    0.737145901    4.727876186 ^ _133430_/Q (sg13g2_dfrbpq_1)
     1    0.007152955    0.183012038    0.367602855    5.095479012 ^ _070350_/X (sg13g2_xor2_1)
     2    0.082720943    1.083636642    0.923789084    6.019268036 ^ _070351_/Y (sg13g2_xnor2_1)
     1    0.007602998    0.218234718    0.432469636    6.451737404 v _072005_/Y (sg13g2_xnor2_1)
     1    0.009467341    0.136683449    0.267505586    6.719243050 v _072007_/Y (sg13g2_xnor2_1)
     2    0.096945226    0.927032411    0.837212980    7.556456089 v _072013_/Y (sg13g2_xnor2_1)
     1    0.010654187    0.326670706    0.514244676    8.070700645 ^ _072014_/Y (sg13g2_a22oi_1)
     1    0.008193475    0.214823827    0.345301569    8.416002274 v _072015_/Y (sg13g2_nand4_1)
     4    0.058327280    1.552514911    1.360197306    9.776199341 ^ _072163_/Y (sg13g2_nor4_1)
     4    0.019207658    0.445000648    0.644997835   10.421197891 v _073190_/Y (sg13g2_nand2_1)
     6    0.024535142    0.148600668    0.409604818   10.830801964 v _073191_/X (sg13g2_or2_1)
     2    0.021008108    0.294460058    0.315075964   11.145877838 ^ _074877_/Y (sg13g2_nor2_1)
     1    0.013540013    0.228945240    0.291024089   11.436902046 v _074900_/Y (sg13g2_xnor2_1)
     7    0.124751188    1.867776036    1.569034696   13.005937576 ^ _074902_/Y (sg13g2_o21ai_1)
     1    0.004717719    0.274849415    0.331716001   13.337653160 v _074908_/Y (sg13g2_o21ai_1)
     7    0.118180804    0.614900470    0.711623669   14.049276352 v _074909_/X (sg13g2_a21o_1)
     2    0.011707357    0.244349331    0.400977939   14.450254440 ^ _074911_/Y (sg13g2_a21oi_1)
     3    0.013025674    0.174899206    0.250683039   14.700938225 v _074913_/Y (sg13g2_xnor2_1)
     2    0.008024572    0.227751911    0.285135478   14.986073494 ^ _075132_/Y (sg13g2_nor3_1)
     5    0.023361808    0.252230644    0.326359391   15.312432289 v _075135_/Y (sg13g2_o21ai_1)
     3    0.054190688    0.718813479    0.701444268   16.013875961 ^ _075137_/Y (sg13g2_a21oi_1)
     2    0.009080474    0.189153597    0.297610819   16.311487198 v _075139_/Y (sg13g2_o21ai_1)
     3    0.013542720    0.218236327    0.281175971   16.592662811 ^ _075141_/Y (sg13g2_a21oi_1)
     2    0.008188004    0.121377371    0.188736141   16.781400681 v _075143_/Y (sg13g2_o21ai_1)
     4    0.015251978    0.102695368    0.277914584   17.059314728 v _075145_/X (sg13g2_a21o_1)
     2    0.009422852    0.072816297    0.241891846   17.301206589 v _075147_/X (sg13g2_a21o_1)
     2    0.015038490    0.251684606    0.246867418   17.548072815 ^ _075149_/Y (sg13g2_a21oi_1)
     3    0.010715079    0.087831914    0.129720241   17.677793503 v _075150_/Y (sg13g2_nor3_2)
     2    0.009475670    0.240877271    0.239763767   17.917558670 ^ _075151_/Y (sg13g2_nor3_1)
     2    0.007437247    0.111792840    0.187643677   18.105201721 v _075153_/Y (sg13g2_o21ai_1)
     4    0.022546198    0.325442284    0.338188142   18.443389893 ^ _075155_/Y (sg13g2_a21oi_1)
     2    0.009787777    0.149348557    0.234527066   18.677917480 v _075157_/Y (sg13g2_o21ai_1)
     7    0.079807743    0.229557708    0.452157438   19.130073547 v _075160_/X (sg13g2_a21o_2)
     2    0.008513704    0.116616592    0.182108551   19.312183380 ^ _075161_/Y (sg13g2_nand3b_1)
     4    0.016891843    0.277682304    0.304075003   19.616256714 v _075162_/Y (sg13g2_nand3_1)
     2    0.007723731    0.154060513    0.249395177   19.865652084 ^ _075164_/Y (sg13g2_a21oi_1)
     4    0.054942880    0.548814356    0.521239936   20.386892319 v _075166_/Y (sg13g2_o21ai_1)
     2    0.007983726    0.172277540    0.260534704   20.647426605 ^ _075167_/Y (sg13g2_nand3b_1)
     4    0.065743655    0.905574977    0.830787897   21.478216171 v _075168_/Y (sg13g2_nand3_1)
     2    0.008641194    0.231234655    0.333120197   21.811336517 ^ _075169_/Y (sg13g2_nand3b_1)
     2    0.008583046    0.166315868    0.257406563   22.068742752 v _075170_/Y (sg13g2_nand3b_1)
     4    0.017213067    0.151993901    0.205655947   22.274398804 ^ _075171_/Y (sg13g2_nand3b_1)
     4    0.050372865    0.189726040    0.420936197   22.695333481 ^ _075172_/X (sg13g2_and3_2)
     2    0.007632990    0.075596072    0.105353951   22.800687790 v _075173_/Y (sg13g2_nor3_2)
     5    0.030560516    0.184135959    0.361648500   23.162336349 v _075174_/X (sg13g2_or3_1)
     2    0.009041228    0.114079721    0.159364089   23.321701050 ^ _075250_/Y (sg13g2_nand3_1)
     6    0.100838915    0.950958550    0.821991384   24.143692017 v _075320_/Y (sg13g2_a21oi_1)
     8    0.213277310    2.718343258    2.508688450   26.652379990 ^ _076064_/Y (sg13g2_nor2_1)
     1    0.005721648    0.368661165    0.634466708   27.286848068 v _076065_/Y (sg13g2_xnor2_1)
     2    0.010270394    0.227051660    0.334008396   27.620855331 ^ _076142_/Y (sg13g2_o21ai_1)
     1    0.023515932    0.298951179    0.371683151   27.992538452 v _076249_/Y (sg13g2_a221oi_1)
     1    0.003635895    0.051695649    0.269436032   28.261974335 v _076635_/X (sg13g2_or2_1)
     2    0.118844129    1.789227366    1.379374862   29.641349792 ^ _076942_/Y (sg13g2_o21ai_1)
     3    0.013141668    0.422510296    0.668997347   30.310346603 v _077020_/Y (sg13g2_a21oi_1)
     8    0.036067136    0.196023732    0.367617071   30.677963257 v fanout532/X (sg13g2_buf_1)
     1    0.005245697    0.150952697    0.211763054   30.889726639 ^ _077040_/Y (sg13g2_o21ai_1)
     2    0.008220830    0.208831459    0.290725678   31.180452347 v _077041_/Y (sg13g2_nand4_1)
     2    0.049469188    1.327027440    1.192820072   32.373271942 ^ _082372_/Y (sg13g2_nor4_1)
     2    0.012525491    0.312770456    0.437541574   32.810813904 v _082374_/Y (sg13g2_o21ai_1)
     2    0.007778190    0.126920149    0.200675040   33.011489868 ^ _082375_/Y (sg13g2_nand3_1)
     1    0.008135634    0.159585923    0.195701241   33.207191467 v _082389_/Y (sg13g2_a221oi_1)
     4    0.019623591    0.338643700    0.375948161   33.583137512 ^ _082392_/Y (sg13g2_o21ai_1)
     1    0.004878370    0.068769246    0.294861019   33.877998352 ^ _090105_/X (sg13g2_and3_1)
     6    0.112721913    0.715438306    0.593555450   34.471553802 ^ _090106_/X (sg13g2_buf_1)
     2    0.039463449    0.488460660    0.667693496   35.139247894 v _090107_/Y (sg13g2_nand2_1)
     8    0.107034095    0.552628160    0.651350975   35.790599823 v fanout478/X (sg13g2_buf_1)
     7    0.090893477    1.189777493    1.193960547   36.984561920 ^ _101528_/Y (sg13g2_a21oi_1)
     2    0.009497781    0.102895483    0.398173958   37.382736206 ^ _101533_/X (sg13g2_or2_1)
     1    0.019263845    0.304437965    0.223710835   37.606445312 v _101534_/Y (sg13g2_o21ai_1)
     2    0.076416947    0.399305969    0.487293780   38.093738556 v _101535_/X (sg13g2_buf_1)
     8    0.074819311    0.388037711    0.520579159   38.614318848 v fanout360/X (sg13g2_buf_1)
     3    0.042088397    0.224639043    0.385472983   38.999790192 v _101539_/X (sg13g2_buf_1)
     8    0.051317364    0.270950705    0.372921258   39.372711182 v fanout339/X (sg13g2_buf_1)
     1    0.005440989    0.180475160    0.208750352   39.581462860 ^ _101691_/Y (sg13g2_a21oi_1)
     1    0.002710595    0.098637544    0.125606194   39.707069397 v _101692_/Y (sg13g2_a22oi_1)
                         0.098637544    0.000053291   39.707122803 v _130277_/D (sg13g2_dfrbpq_1)
                                                      39.707122803   data arrival time

                                       20.000000000   20.000000000   clock clk_i (rise edge)
                                        3.633499622   23.633499146   clock network delay (propagated)
                                       -0.250000000   23.383501053   clock uncertainty
                                        0.287694991   23.671195984   clock reconvergence pessimism
                                                      23.671195984 ^ _130277_/CLK (sg13g2_dfrbpq_1)
                                       -0.189659745   23.481534958   library setup time
                                                      23.481534958   data required time
---------------------------------------------------------------------------------------------------------
                                                      23.481534958   data required time
                                                     -39.707122803   data arrival time
---------------------------------------------------------------------------------------------------------
                                                     -16.225585938   slack (VIOLATED)


Startpoint: _133430_ (rising edge-triggered flip-flop clocked by clk_i)
Endpoint: _130269_ (rising edge-triggered flip-flop clocked by clk_i)
Path Group: clk_i
Path Type: max
Corner: nom_slow_1p08V_125C

Fanout            Cap           Slew          Delay           Time   Description
---------------------------------------------------------------------------------------------------------
                                        0.000000000    0.000000000   clock clk_i (rise edge)
                                        3.990730047    3.990730047   clock network delay (propagated)
                         0.086427867    0.000000000    3.990730047 ^ _133430_/CLK (sg13g2_dfrbpq_1)
     6    0.098204292    0.618608117    0.737145901    4.727876186 ^ _133430_/Q (sg13g2_dfrbpq_1)
     1    0.007152955    0.183012038    0.367602855    5.095479012 ^ _070350_/X (sg13g2_xor2_1)
     2    0.082720943    1.083636642    0.923789084    6.019268036 ^ _070351_/Y (sg13g2_xnor2_1)
     1    0.007602998    0.218234718    0.432469636    6.451737404 v _072005_/Y (sg13g2_xnor2_1)
     1    0.009467341    0.136683449    0.267505586    6.719243050 v _072007_/Y (sg13g2_xnor2_1)
     2    0.096945226    0.927032411    0.837212980    7.556456089 v _072013_/Y (sg13g2_xnor2_1)
     1    0.010654187    0.326670706    0.514244676    8.070700645 ^ _072014_/Y (sg13g2_a22oi_1)
     1    0.008193475    0.214823827    0.345301569    8.416002274 v _072015_/Y (sg13g2_nand4_1)
     4    0.058327280    1.552514911    1.360197306    9.776199341 ^ _072163_/Y (sg13g2_nor4_1)
     4    0.019207658    0.445000648    0.644997835   10.421197891 v _073190_/Y (sg13g2_nand2_1)
     6    0.024535142    0.148600668    0.409604818   10.830801964 v _073191_/X (sg13g2_or2_1)
     2    0.021008108    0.294460058    0.315075964   11.145877838 ^ _074877_/Y (sg13g2_nor2_1)
     1    0.013540013    0.228945240    0.291024089   11.436902046 v _074900_/Y (sg13g2_xnor2_1)
     7    0.124751188    1.867776036    1.569034696   13.005937576 ^ _074902_/Y (sg13g2_o21ai_1)
     1    0.004717719    0.274849415    0.331716001   13.337653160 v _074908_/Y (sg13g2_o21ai_1)
     7    0.118180804    0.614900470    0.711623669   14.049276352 v _074909_/X (sg13g2_a21o_1)
     2    0.011707357    0.244349331    0.400977939   14.450254440 ^ _074911_/Y (sg13g2_a21oi_1)
     3    0.013025674    0.174899206    0.250683039   14.700938225 v _074913_/Y (sg13g2_xnor2_1)
     2    0.008024572    0.227751911    0.285135478   14.986073494 ^ _075132_/Y (sg13g2_nor3_1)
     5    0.023361808    0.252230644    0.326359391   15.312432289 v _075135_/Y (sg13g2_o21ai_1)
     3    0.054190688    0.718813479    0.701444268   16.013875961 ^ _075137_/Y (sg13g2_a21oi_1)
     2    0.009080474    0.189153597    0.297610819   16.311487198 v _075139_/Y (sg13g2_o21ai_1)
     3    0.013542720    0.218236327    0.281175971   16.592662811 ^ _075141_/Y (sg13g2_a21oi_1)
     2    0.008188004    0.121377371    0.188736141   16.781400681 v _075143_/Y (sg13g2_o21ai_1)
     4    0.015251978    0.102695368    0.277914584   17.059314728 v _075145_/X (sg13g2_a21o_1)
     2    0.009422852    0.072816297    0.241891846   17.301206589 v _075147_/X (sg13g2_a21o_1)
     2    0.015038490    0.251684606    0.246867418   17.548072815 ^ _075149_/Y (sg13g2_a21oi_1)
     3    0.010715079    0.087831914    0.129720241   17.677793503 v _075150_/Y (sg13g2_nor3_2)
     2    0.009475670    0.240877271    0.239763767   17.917558670 ^ _075151_/Y (sg13g2_nor3_1)
     2    0.007437247    0.111792840    0.187643677   18.105201721 v _075153_/Y (sg13g2_o21ai_1)
     4    0.022546198    0.325442284    0.338188142   18.443389893 ^ _075155_/Y (sg13g2_a21oi_1)
     2    0.009787777    0.149348557    0.234527066   18.677917480 v _075157_/Y (sg13g2_o21ai_1)
     7    0.079807743    0.229557708    0.452157438   19.130073547 v _075160_/X (sg13g2_a21o_2)
     2    0.008513704    0.116616592    0.182108551   19.312183380 ^ _075161_/Y (sg13g2_nand3b_1)
     4    0.016891843    0.277682304    0.304075003   19.616256714 v _075162_/Y (sg13g2_nand3_1)
     2    0.007723731    0.154060513    0.249395177   19.865652084 ^ _075164_/Y (sg13g2_a21oi_1)
     4    0.054942880    0.548814356    0.521239936   20.386892319 v _075166_/Y (sg13g2_o21ai_1)
     2    0.007983726    0.172277540    0.260534704   20.647426605 ^ _075167_/Y (sg13g2_nand3b_1)
     4    0.065743655    0.905574977    0.830787897   21.478216171 v _075168_/Y (sg13g2_nand3_1)
     2    0.008641194    0.231234655    0.333120197   21.811336517 ^ _075169_/Y (sg13g2_nand3b_1)
     2    0.008583046    0.166315868    0.257406563   22.068742752 v _075170_/Y (sg13g2_nand3b_1)
     4    0.017213067    0.151993901    0.205655947   22.274398804 ^ _075171_/Y (sg13g2_nand3b_1)
     4    0.050372865    0.189726040    0.420936197   22.695333481 ^ _075172_/X (sg13g2_and3_2)
     2    0.007632990    0.075596072    0.105353951   22.800687790 v _075173_/Y (sg13g2_nor3_2)
     5    0.030560516    0.184135959    0.361648500   23.162336349 v _075174_/X (sg13g2_or3_1)
     2    0.009041228    0.114079721    0.159364089   23.321701050 ^ _075250_/Y (sg13g2_nand3_1)
     6    0.100838915    0.950958550    0.821991384   24.143692017 v _075320_/Y (sg13g2_a21oi_1)
     8    0.213277310    2.718343258    2.508688450   26.652379990 ^ _076064_/Y (sg13g2_nor2_1)
     1    0.005721648    0.368661165    0.634466708   27.286848068 v _076065_/Y (sg13g2_xnor2_1)
     2    0.010270394    0.227051660    0.334008396   27.620855331 ^ _076142_/Y (sg13g2_o21ai_1)
     1    0.023515932    0.298951179    0.371683151   27.992538452 v _076249_/Y (sg13g2_a221oi_1)
     1    0.003635895    0.051695649    0.269436032   28.261974335 v _076635_/X (sg13g2_or2_1)
     2    0.118844129    1.789227366    1.379374862   29.641349792 ^ _076942_/Y (sg13g2_o21ai_1)
     3    0.013141668    0.422510296    0.668997347   30.310346603 v _077020_/Y (sg13g2_a21oi_1)
     8    0.036067136    0.196023732    0.367617071   30.677963257 v fanout532/X (sg13g2_buf_1)
     1    0.005245697    0.150952697    0.211763054   30.889726639 ^ _077040_/Y (sg13g2_o21ai_1)
     2    0.008220830    0.208831459    0.290725678   31.180452347 v _077041_/Y (sg13g2_nand4_1)
     2    0.049469188    1.327027440    1.192820072   32.373271942 ^ _082372_/Y (sg13g2_nor4_1)
     2    0.012525491    0.312770456    0.437541574   32.810813904 v _082374_/Y (sg13g2_o21ai_1)
     2    0.007778190    0.126920149    0.200675040   33.011489868 ^ _082375_/Y (sg13g2_nand3_1)
     1    0.008135634    0.159585923    0.195701241   33.207191467 v _082389_/Y (sg13g2_a221oi_1)
     4    0.019623591    0.338643700    0.375948161   33.583137512 ^ _082392_/Y (sg13g2_o21ai_1)
     1    0.004878370    0.068769246    0.294861019   33.877998352 ^ _090105_/X (sg13g2_and3_1)
     6    0.112721913    0.715438306    0.593555450   34.471553802 ^ _090106_/X (sg13g2_buf_1)
     2    0.039463449    0.488460660    0.667693496   35.139247894 v _090107_/Y (sg13g2_nand2_1)
     8    0.107034095    0.552628160    0.651350975   35.790599823 v fanout478/X (sg13g2_buf_1)
     7    0.090893477    1.189777493    1.193960547   36.984561920 ^ _101528_/Y (sg13g2_a21oi_1)
     3    0.068926908    0.443722129    0.694417000   37.678977966 ^ _101529_/X (sg13g2_buf_1)
     8    0.097657792    0.620532811    0.662407041   38.341384888 ^ fanout418/X (sg13g2_buf_1)
     3    0.016745849    0.128667846    0.367638379   38.709022522 ^ _101655_/X (sg13g2_buf_1)
     8    0.074763887    0.477417052    0.468496352   39.177520752 ^ fanout385/X (sg13g2_buf_1)
     1    0.005694943    0.234127775    0.268713057   39.446231842 v _101657_/Y (sg13g2_a21oi_1)
     1    0.004614329    0.149516821    0.214587465   39.660820007 ^ _101659_/Y (sg13g2_o21ai_1)
                         0.149516821    0.000152767   39.660972595 ^ _130269_/D (sg13g2_dfrbpq_1)
                                                      39.660972595   data arrival time

                                       20.000000000   20.000000000   clock clk_i (rise edge)
                                        3.630269289   23.630270004   clock network delay (propagated)
                                       -0.250000000   23.380270004   clock uncertainty
                                        0.287694991   23.667966843   clock reconvergence pessimism
                                                      23.667966843 ^ _130269_/CLK (sg13g2_dfrbpq_1)
                                       -0.231517136   23.436449051   library setup time
                                                      23.436449051   data required time
---------------------------------------------------------------------------------------------------------
                                                      23.436449051   data required time
                                                     -39.660972595   data arrival time
---------------------------------------------------------------------------------------------------------
                                                     -16.224523544   slack (VIOLATED)


Startpoint: _135257_ (rising edge-triggered flip-flop clocked by eth_tx_clk_i)
Endpoint: eth_txd_o[7] (output port clocked by eth_gtx)
Path Group: eth_gtx
Path Type: max
Corner: nom_slow_1p08V_125C

Fanout            Cap           Slew          Delay           Time   Description
---------------------------------------------------------------------------------------------------------
                                        0.000000000    0.000000000   clock eth_tx_clk_i (rise edge)
                                        1.593581080    1.593581080   clock network delay (propagated)
                         0.078920141    0.000000000    1.593581080 ^ _135257_/CLK (sg13g2_dfrbpq_1)
     1    0.007499117    0.062875561    0.320446789    1.914027929 ^ _135257_/Q (sg13g2_dfrbpq_1)
     1    0.019696329    0.136019483    0.191755727    2.105783701 ^ output69/X (sg13g2_buf_1)
                         0.136102706    0.001908251    2.107691765 ^ eth_txd_o[7] (out)
                                                       2.107691765   data arrival time

                                        8.000000000    8.000000000   clock eth_gtx (rise edge)
                                        1.785442591    9.785443306   clock network delay (propagated)
                                       -0.250000000    9.535443306   clock uncertainty
                                        0.000000000    9.535443306   clock reconvergence pessimism
                                       -2.500000000    7.035442829   output external delay
                                                       7.035442829   data required time
---------------------------------------------------------------------------------------------------------
                                                       7.035442829   data required time
                                                      -2.107691765   data arrival time
---------------------------------------------------------------------------------------------------------
                                                       4.927750587   slack (MET)


Startpoint: _135275_ (rising edge-triggered flip-flop clocked by eth_tx_clk_i)
Endpoint: eth_txd_o[3] (output port clocked by eth_gtx)
Path Group: eth_gtx
Path Type: max
Corner: nom_slow_1p08V_125C

Fanout            Cap           Slew          Delay           Time   Description
---------------------------------------------------------------------------------------------------------
                                        0.000000000    0.000000000   clock eth_tx_clk_i (rise edge)
                                        1.591419339    1.591419339   clock network delay (propagated)
                         0.091170169    0.000000000    1.591419339 ^ _135275_/CLK (sg13g2_dfrbpq_1)
     1    0.007949608    0.065507017    0.329832733    1.921252131 ^ _135275_/Q (sg13g2_dfrbpq_1)
     1    0.017906386    0.125008553    0.184964493    2.106216669 ^ output65/X (sg13g2_buf_1)
                         0.125074401    0.001372236    2.107588768 ^ eth_txd_o[3] (out)
                                                       2.107588768   data arrival time

                                        8.000000000    8.000000000   clock eth_gtx (rise edge)
                                        1.785442591    9.785443306   clock network delay (propagated)
                                       -0.250000000    9.535443306   clock uncertainty
                                        0.000000000    9.535443306   clock reconvergence pessimism
                                       -2.500000000    7.035442829   output external delay
                                                       7.035442829   data required time
---------------------------------------------------------------------------------------------------------
                                                       7.035442829   data required time
                                                      -2.107588768   data arrival time
---------------------------------------------------------------------------------------------------------
                                                       4.927853584   slack (MET)


Startpoint: _135258_ (rising edge-triggered flip-flop clocked by eth_tx_clk_i)
Endpoint: eth_tx_en_o (output port clocked by eth_gtx)
Path Group: eth_gtx
Path Type: max
Corner: nom_slow_1p08V_125C

Fanout            Cap           Slew          Delay           Time   Description
---------------------------------------------------------------------------------------------------------
                                        0.000000000    0.000000000   clock eth_tx_clk_i (rise edge)
                                        1.592762351    1.592762351   clock network delay (propagated)
                         0.078798153    0.000000000    1.592762351 ^ _135258_/CLK (sg13g2_dfrbpq_1)
     1    0.008615315    0.069376513    0.325666726    1.918429017 ^ _135258_/Q (sg13g2_dfrbpq_1)
     1    0.017978333    0.125486329    0.187536433    2.105965376 ^ output60/X (sg13g2_buf_1)
                         0.125553131    0.001412204    2.107377768 ^ eth_tx_en_o (out)
                                                       2.107377768   data arrival time

                                        8.000000000    8.000000000   clock eth_gtx (rise edge)
                                        1.785442591    9.785443306   clock network delay (propagated)
                                       -0.250000000    9.535443306   clock uncertainty
                                        0.000000000    9.535443306   clock reconvergence pessimism
                                       -2.500000000    7.035442829   output external delay
                                                       7.035442829   data required time
---------------------------------------------------------------------------------------------------------
                                                       7.035442829   data required time
                                                      -2.107377768   data arrival time
---------------------------------------------------------------------------------------------------------
                                                       4.928065300   slack (MET)


Startpoint: _135278_ (rising edge-triggered flip-flop clocked by eth_tx_clk_i)
Endpoint: eth_txd_o[6] (output port clocked by eth_gtx)
Path Group: eth_gtx
Path Type: max
Corner: nom_slow_1p08V_125C

Fanout            Cap           Slew          Delay           Time   Description
---------------------------------------------------------------------------------------------------------
                                        0.000000000    0.000000000   clock eth_tx_clk_i (rise edge)
                                        1.591865063    1.591865063   clock network delay (propagated)
                         0.091231979    0.000000000    1.591865063 ^ _135278_/CLK (sg13g2_dfrbpq_1)
     1    0.005652315    0.052278351    0.318958968    1.910823941 ^ _135278_/Q (sg13g2_dfrbpq_1)
     1    0.019300587    0.133514285    0.183839396    2.094663382 ^ output68/X (sg13g2_buf_1)
                         0.133594126    0.001818101    2.096481562 ^ eth_txd_o[6] (out)
                                                       2.096481562   data arrival time

                                        8.000000000    8.000000000   clock eth_gtx (rise edge)
                                        1.785442591    9.785443306   clock network delay (propagated)
                                       -0.250000000    9.535443306   clock uncertainty
                                        0.000000000    9.535443306   clock reconvergence pessimism
                                       -2.500000000    7.035442829   output external delay
                                                       7.035442829   data required time
---------------------------------------------------------------------------------------------------------
                                                       7.035442829   data required time
                                                      -2.096481562   data arrival time
---------------------------------------------------------------------------------------------------------
                                                       4.938961506   slack (MET)


Startpoint: _135272_ (rising edge-triggered flip-flop clocked by eth_tx_clk_i)
Endpoint: eth_txd_o[0] (output port clocked by eth_gtx)
Path Group: eth_gtx
Path Type: max
Corner: nom_slow_1p08V_125C

Fanout            Cap           Slew          Delay           Time   Description
---------------------------------------------------------------------------------------------------------
                                        0.000000000    0.000000000   clock eth_tx_clk_i (rise edge)
                                        1.591892123    1.591892123   clock network delay (propagated)
                         0.091235958    0.000000000    1.591892123 ^ _135272_/CLK (sg13g2_dfrbpq_1)
     1    0.005094216    0.049166676    0.316303313    1.908195376 ^ _135272_/Q (sg13g2_dfrbpq_1)
     1    0.019350864    0.133847341    0.182315275    2.090510607 ^ output62/X (sg13g2_buf_1)
                         0.133879632    0.001807887    2.092318535 ^ eth_txd_o[0] (out)
                                                       2.092318535   data arrival time

                                        8.000000000    8.000000000   clock eth_gtx (rise edge)
                                        1.785442591    9.785443306   clock network delay (propagated)
                                       -0.250000000    9.535443306   clock uncertainty
                                        0.000000000    9.535443306   clock reconvergence pessimism
                                       -2.500000000    7.035442829   output external delay
                                                       7.035442829   data required time
---------------------------------------------------------------------------------------------------------
                                                       7.035442829   data required time
                                                      -2.092318535   data arrival time
---------------------------------------------------------------------------------------------------------
                                                       4.943124294   slack (MET)


Startpoint: _135277_ (rising edge-triggered flip-flop clocked by eth_tx_clk_i)
Endpoint: eth_txd_o[5] (output port clocked by eth_gtx)
Path Group: eth_gtx
Path Type: max
Corner: nom_slow_1p08V_125C

Fanout            Cap           Slew          Delay           Time   Description
---------------------------------------------------------------------------------------------------------
                                        0.000000000    0.000000000   clock eth_tx_clk_i (rise edge)
                                        1.591071129    1.591071129   clock network delay (propagated)
                         0.091126442    0.000000000    1.591071129 ^ _135277_/CLK (sg13g2_dfrbpq_1)
     1    0.004201258    0.044263758    0.311982214    1.903053284 ^ _135277_/Q (sg13g2_dfrbpq_1)
     1    0.019091878    0.132210910    0.178342015    2.081395388 ^ output67/X (sg13g2_buf_1)
                         0.132240385    0.001716627    2.083112001 ^ eth_txd_o[5] (out)
                                                       2.083112001   data arrival time

                                        8.000000000    8.000000000   clock eth_gtx (rise edge)
                                        1.785442591    9.785443306   clock network delay (propagated)
                                       -0.250000000    9.535443306   clock uncertainty
                                        0.000000000    9.535443306   clock reconvergence pessimism
                                       -2.500000000    7.035442829   output external delay
                                                       7.035442829   data required time
---------------------------------------------------------------------------------------------------------
                                                       7.035442829   data required time
                                                      -2.083112001   data arrival time
---------------------------------------------------------------------------------------------------------
                                                       4.952330589   slack (MET)


Startpoint: _135274_ (rising edge-triggered flip-flop clocked by eth_tx_clk_i)
Endpoint: eth_txd_o[2] (output port clocked by eth_gtx)
Path Group: eth_gtx
Path Type: max
Corner: nom_slow_1p08V_125C

Fanout            Cap           Slew          Delay           Time   Description
---------------------------------------------------------------------------------------------------------
                                        0.000000000    0.000000000   clock eth_tx_clk_i (rise edge)
                                        1.591928244    1.591928244   clock network delay (propagated)
                         0.091241278    0.000000000    1.591928244 ^ _135274_/CLK (sg13g2_dfrbpq_1)
     1    0.004509058    0.045953907    0.313517660    1.905445814 ^ _135274_/Q (sg13g2_dfrbpq_1)
     1    0.018361459    0.127703145    0.175935715    2.081381559 ^ output64/X (sg13g2_buf_1)
                         0.127725765    0.001478151    2.082859755 ^ eth_txd_o[2] (out)
                                                       2.082859755   data arrival time

                                        8.000000000    8.000000000   clock eth_gtx (rise edge)
                                        1.785442591    9.785443306   clock network delay (propagated)
                                       -0.250000000    9.535443306   clock uncertainty
                                        0.000000000    9.535443306   clock reconvergence pessimism
                                       -2.500000000    7.035442829   output external delay
                                                       7.035442829   data required time
---------------------------------------------------------------------------------------------------------
                                                       7.035442829   data required time
                                                      -2.082859755   data arrival time
---------------------------------------------------------------------------------------------------------
                                                       4.952582836   slack (MET)


Startpoint: _135273_ (rising edge-triggered flip-flop clocked by eth_tx_clk_i)
Endpoint: eth_txd_o[1] (output port clocked by eth_gtx)
Path Group: eth_gtx
Path Type: max
Corner: nom_slow_1p08V_125C

Fanout            Cap           Slew          Delay           Time   Description
---------------------------------------------------------------------------------------------------------
                                        0.000000000    0.000000000   clock eth_tx_clk_i (rise edge)
                                        1.593910694    1.593910694   clock network delay (propagated)
                         0.078949489    0.000000000    1.593910694 ^ _135273_/CLK (sg13g2_dfrbpq_1)
     1    0.005244734    0.049983501    0.309752792    1.903663516 ^ _135273_/Q (sg13g2_dfrbpq_1)
     1    0.017896697    0.124821946    0.176059842    2.079723358 ^ output63/X (sg13g2_buf_1)
                         0.124887563    0.001363354    2.081086636 ^ eth_txd_o[1] (out)
                                                       2.081086636   data arrival time

                                        8.000000000    8.000000000   clock eth_gtx (rise edge)
                                        1.785442591    9.785443306   clock network delay (propagated)
                                       -0.250000000    9.535443306   clock uncertainty
                                        0.000000000    9.535443306   clock reconvergence pessimism
                                       -2.500000000    7.035442829   output external delay
                                                       7.035442829   data required time
---------------------------------------------------------------------------------------------------------
                                                       7.035442829   data required time
                                                      -2.081086636   data arrival time
---------------------------------------------------------------------------------------------------------
                                                       4.954356194   slack (MET)


Startpoint: _131617_ (rising edge-triggered flip-flop clocked by eth_tx_clk_i)
Endpoint: eth_tx_er_o (output port clocked by eth_gtx)
Path Group: eth_gtx
Path Type: max
Corner: nom_slow_1p08V_125C

Fanout            Cap           Slew          Delay           Time   Description
---------------------------------------------------------------------------------------------------------
                                        0.000000000    0.000000000   clock eth_tx_clk_i (rise edge)
                                        1.592053056    1.592053056   clock network delay (propagated)
                         0.078778632    0.000000000    1.592053056 ^ _131617_/CLK (sg13g2_dfrbpq_1)
     1    0.004423435    0.045466479    0.305741340    1.897794366 ^ _131617_/Q (sg13g2_dfrbpq_1)
     1    0.017717615    0.123687565    0.172621921    2.070416451 ^ output61/X (sg13g2_buf_1)
                         0.123752512    0.001354916    2.071771145 ^ eth_tx_er_o (out)
                                                       2.071771145   data arrival time

                                        8.000000000    8.000000000   clock eth_gtx (rise edge)
                                        1.785442591    9.785443306   clock network delay (propagated)
                                       -0.250000000    9.535443306   clock uncertainty
                                        0.000000000    9.535443306   clock reconvergence pessimism
                                       -2.500000000    7.035442829   output external delay
                                                       7.035442829   data required time
---------------------------------------------------------------------------------------------------------
                                                       7.035442829   data required time
                                                      -2.071771145   data arrival time
---------------------------------------------------------------------------------------------------------
                                                       4.963671207   slack (MET)


Startpoint: _135276_ (rising edge-triggered flip-flop clocked by eth_tx_clk_i)
Endpoint: eth_txd_o[4] (output port clocked by eth_gtx)
Path Group: eth_gtx
Path Type: max
Corner: nom_slow_1p08V_125C

Fanout            Cap           Slew          Delay           Time   Description
---------------------------------------------------------------------------------------------------------
                                        0.000000000    0.000000000   clock eth_tx_clk_i (rise edge)
                                        1.591655970    1.591655970   clock network delay (propagated)
                         0.091202177    0.000000000    1.591655970 ^ _135276_/CLK (sg13g2_dfrbpq_1)
     1    0.003108736    0.038263891    0.306811035    1.898466945 ^ _135276_/Q (sg13g2_dfrbpq_1)
     1    0.018234756    0.126862079    0.170998111    2.069465160 ^ output66/X (sg13g2_buf_1)
                         0.126883999    0.001449285    2.070914268 ^ eth_txd_o[4] (out)
                                                       2.070914268   data arrival time

                                        8.000000000    8.000000000   clock eth_gtx (rise edge)
                                        1.785442591    9.785443306   clock network delay (propagated)
                                       -0.250000000    9.535443306   clock uncertainty
                                        0.000000000    9.535443306   clock reconvergence pessimism
                                       -2.500000000    7.035442829   output external delay
                                                       7.035442829   data required time
---------------------------------------------------------------------------------------------------------
                                                       7.035442829   data required time
                                                      -2.070914268   data arrival time
---------------------------------------------------------------------------------------------------------
                                                       4.964528561   slack (MET)


Startpoint: _139544_ (rising edge-triggered flip-flop clocked by eth_rx_clk_i)
Endpoint: _127766_ (rising edge-triggered flip-flop clocked by eth_rx_clk_i)
Path Group: eth_rx_clk_i
Path Type: max
Corner: nom_slow_1p08V_125C

Fanout            Cap           Slew          Delay           Time   Description
---------------------------------------------------------------------------------------------------------
                                        0.000000000    0.000000000   clock eth_rx_clk_i (rise edge)
                                        1.793919802    1.793919802   clock network delay (propagated)
                         0.078415222    0.000000000    1.793919802 ^ _139544_/CLK (sg13g2_dfrbpq_1)
     1    0.005014513    0.048712056    0.308343470    2.102263212 ^ _139544_/Q (sg13g2_dfrbpq_1)
     7    0.215133086    1.357830524    1.005163789    3.107427120 ^ _138495_/X (sg13g2_buf_1)
     3    0.032272112    0.151816756    0.643335402    3.750762463 ^ _138496_/X (sg13g2_buf_2)
     8    0.066408448    0.424847335    0.445424169    4.196186543 ^ fanout4944/X (sg13g2_buf_1)
     2    0.142617911    0.742119968    0.920550764    5.116737366 v _138499_/X (sg13g2_mux2_1)
     1    0.009145677    0.228574499    0.424455136    5.541192532 ^ _064678_/Y (sg13g2_a22oi_1)
     2    0.017032549    0.146042883    0.410052449    5.951244831 ^ _064680_/X (sg13g2_and4_1)
     1    0.007208221    0.123398364    0.168108642    6.119353771 v _064681_/Y (sg13g2_xnor2_1)
     1    0.007742134    0.138333932    0.212791130    6.332144737 v _064682_/Y (sg13g2_xnor2_1)
     1    0.007517226    0.282773286    0.328101993    6.660246849 ^ _064691_/Y (sg13g2_nor4_1)
     1    0.009241175    0.239798710    0.331187963    6.991434574 v _064719_/Y (sg13g2_nand4_1)
     3    0.033092137    0.916487455    0.867423952    7.858858585 ^ _064733_/Y (sg13g2_nor4_1)
     4    0.022147607    0.177749857    0.425225198    8.284084320 ^ _064759_/Y (sg13g2_nand2b_1)
     3    0.018884683    0.144435778    0.319142044    8.603225708 ^ _089176_/X (sg13g2_and3_1)
     5    0.025957316    0.177336246    0.323487908    8.926713943 ^ _089179_/X (sg13g2_a21o_1)
     3    0.014347509    0.116986372    0.314559042    9.241272926 ^ _089183_/X (sg13g2_and3_1)
     3    0.013460469    0.102211557    0.225749210    9.467021942 ^ _089186_/X (sg13g2_and2_1)
     4    0.021108748    0.148368970    0.257915467    9.724937439 ^ _089189_/X (sg13g2_and2_1)
     2    0.013406684    0.110153899    0.297469616   10.022407532 ^ _089194_/X (sg13g2_and3_1)
     1    0.004395428    0.109494939    0.172174275   10.194581032 ^ _089197_/Y (sg13g2_xnor2_1)
     1    0.003446054    0.123127162    0.078149043   10.272730827 v _089198_/Y (sg13g2_nor2_1)
                         0.123127162    0.000077272   10.272808075 v _127766_/D (sg13g2_dfrbpq_1)
                                                      10.272808075   data arrival time

                                        8.000000000    8.000000000   clock eth_rx_clk_i (rise edge)
                                        1.662722349    9.662722588   clock network delay (propagated)
                                       -0.250000000    9.412722588   clock uncertainty
                                        0.119964153    9.532687187   clock reconvergence pessimism
                                                       9.532687187 ^ _127766_/CLK (sg13g2_dfrbpq_1)
                                       -0.209638864    9.323048592   library setup time
                                                       9.323048592   data required time
---------------------------------------------------------------------------------------------------------
                                                       9.323048592   data required time
                                                     -10.272808075   data arrival time
---------------------------------------------------------------------------------------------------------
                                                      -0.949759424   slack (VIOLATED)


Startpoint: _139544_ (rising edge-triggered flip-flop clocked by eth_rx_clk_i)
Endpoint: _127765_ (rising edge-triggered flip-flop clocked by eth_rx_clk_i)
Path Group: eth_rx_clk_i
Path Type: max
Corner: nom_slow_1p08V_125C

Fanout            Cap           Slew          Delay           Time   Description
---------------------------------------------------------------------------------------------------------
                                        0.000000000    0.000000000   clock eth_rx_clk_i (rise edge)
                                        1.793919802    1.793919802   clock network delay (propagated)
                         0.078415222    0.000000000    1.793919802 ^ _139544_/CLK (sg13g2_dfrbpq_1)
     1    0.005014513    0.048712056    0.308343470    2.102263212 ^ _139544_/Q (sg13g2_dfrbpq_1)
     7    0.215133086    1.357830524    1.005163789    3.107427120 ^ _138495_/X (sg13g2_buf_1)
     3    0.032272112    0.151816756    0.643335402    3.750762463 ^ _138496_/X (sg13g2_buf_2)
     8    0.066408448    0.424847335    0.445424169    4.196186543 ^ fanout4944/X (sg13g2_buf_1)
     2    0.142617911    0.742119968    0.920550764    5.116737366 v _138499_/X (sg13g2_mux2_1)
     1    0.009145677    0.228574499    0.424455136    5.541192532 ^ _064678_/Y (sg13g2_a22oi_1)
     2    0.017032549    0.146042883    0.410052449    5.951244831 ^ _064680_/X (sg13g2_and4_1)
     1    0.007208221    0.123398364    0.168108642    6.119353771 v _064681_/Y (sg13g2_xnor2_1)
     1    0.007742134    0.138333932    0.212791130    6.332144737 v _064682_/Y (sg13g2_xnor2_1)
     1    0.007517226    0.282773286    0.328101993    6.660246849 ^ _064691_/Y (sg13g2_nor4_1)
     1    0.009241175    0.239798710    0.331187963    6.991434574 v _064719_/Y (sg13g2_nand4_1)
     3    0.033092137    0.916487455    0.867423952    7.858858585 ^ _064733_/Y (sg13g2_nor4_1)
     4    0.022147607    0.177749857    0.425225198    8.284084320 ^ _064759_/Y (sg13g2_nand2b_1)
     3    0.018884683    0.144435778    0.319142044    8.603225708 ^ _089176_/X (sg13g2_and3_1)
     5    0.025957316    0.177336246    0.323487908    8.926713943 ^ _089179_/X (sg13g2_a21o_1)
     3    0.014347509    0.116986372    0.314559042    9.241272926 ^ _089183_/X (sg13g2_and3_1)
     3    0.013460469    0.102211557    0.225749210    9.467021942 ^ _089186_/X (sg13g2_and2_1)
     4    0.021108748    0.148368970    0.257915467    9.724937439 ^ _089189_/X (sg13g2_and2_1)
     2    0.013406684    0.110153899    0.297469616   10.022407532 ^ _089194_/X (sg13g2_and3_1)
     1    0.006451963    0.151159152    0.108454585   10.130862236 v _089196_/Y (sg13g2_nor3_1)
                         0.151159257    0.000262901   10.131124496 v _127765_/D (sg13g2_dfrbpq_1)
                                                      10.131124496   data arrival time

                                        8.000000000    8.000000000   clock eth_rx_clk_i (rise edge)
                                        1.662588358    9.662588120   clock network delay (propagated)
                                       -0.250000000    9.412588120   clock uncertainty
                                        0.119964153    9.532552719   clock reconvergence pessimism
                                                       9.532552719 ^ _127765_/CLK (sg13g2_dfrbpq_1)
                                       -0.222349197    9.310203552   library setup time
                                                       9.310203552   data required time
---------------------------------------------------------------------------------------------------------
                                                       9.310203552   data required time
                                                     -10.131124496   data arrival time
---------------------------------------------------------------------------------------------------------
                                                      -0.820921123   slack (VIOLATED)


Startpoint: _139544_ (rising edge-triggered flip-flop clocked by eth_rx_clk_i)
Endpoint: _129330_ (rising edge-triggered flip-flop clocked by eth_rx_clk_i)
Path Group: eth_rx_clk_i
Path Type: max
Corner: nom_slow_1p08V_125C

Fanout            Cap           Slew          Delay           Time   Description
---------------------------------------------------------------------------------------------------------
                                        0.000000000    0.000000000   clock eth_rx_clk_i (rise edge)
                                        1.793919802    1.793919802   clock network delay (propagated)
                         0.078415222    0.000000000    1.793919802 ^ _139544_/CLK (sg13g2_dfrbpq_1)
     1    0.005014513    0.048712056    0.308343470    2.102263212 ^ _139544_/Q (sg13g2_dfrbpq_1)
     7    0.215133086    1.357830524    1.005163789    3.107427120 ^ _138495_/X (sg13g2_buf_1)
     3    0.032272112    0.151816756    0.643335402    3.750762463 ^ _138496_/X (sg13g2_buf_2)
     8    0.066408448    0.424847335    0.445424169    4.196186543 ^ fanout4944/X (sg13g2_buf_1)
     2    0.142617911    0.742119968    0.920550764    5.116737366 v _138499_/X (sg13g2_mux2_1)
     1    0.009145677    0.228574499    0.424455136    5.541192532 ^ _064678_/Y (sg13g2_a22oi_1)
     2    0.017032549    0.146042883    0.410052449    5.951244831 ^ _064680_/X (sg13g2_and4_1)
     1    0.007208221    0.123398364    0.168108642    6.119353771 v _064681_/Y (sg13g2_xnor2_1)
     1    0.007742134    0.138333932    0.212791130    6.332144737 v _064682_/Y (sg13g2_xnor2_1)
     1    0.007517226    0.282773286    0.328101993    6.660246849 ^ _064691_/Y (sg13g2_nor4_1)
     1    0.009241175    0.239798710    0.331187963    6.991434574 v _064719_/Y (sg13g2_nand4_1)
     3    0.033092137    0.916487455    0.867423952    7.858858585 ^ _064733_/Y (sg13g2_nor4_1)
     4    0.022147607    0.177749857    0.425225198    8.284084320 ^ _064759_/Y (sg13g2_nand2b_1)
     3    0.018884683    0.144435778    0.319142044    8.603225708 ^ _089176_/X (sg13g2_and3_1)
     5    0.024285620    0.244020611    0.285989910    8.889215469 v _098041_/Y (sg13g2_nand2_1)
     2    0.008164278    0.168400884    0.226725310    9.115941048 ^ _098076_/Y (sg13g2_a21oi_1)
     3    0.028330525    0.187729269    0.278723717    9.394664764 ^ _098077_/X (sg13g2_buf_1)
     8    0.055054072    0.354349345    0.408013195    9.802678108 ^ fanout1342/X (sg13g2_buf_1)
     1    0.004270519    0.124568731    0.200979680   10.003657341 v _098098_/Y (sg13g2_a22oi_1)
                         0.124568731    0.000127898   10.003786087 v _129330_/D (sg13g2_dfrbpq_1)
                                                      10.003786087   data arrival time

                                        8.000000000    8.000000000   clock eth_rx_clk_i (rise edge)
                                        1.657673001    9.657672882   clock network delay (propagated)
                                       -0.250000000    9.407672882   clock uncertainty
                                        0.119964153    9.527637482   clock reconvergence pessimism
                                                       9.527637482 ^ _129330_/CLK (sg13g2_dfrbpq_1)
                                       -0.211893231    9.315744400   library setup time
                                                       9.315744400   data required time
---------------------------------------------------------------------------------------------------------
                                                       9.315744400   data required time
                                                     -10.003786087   data arrival time
---------------------------------------------------------------------------------------------------------
                                                      -0.688041627   slack (VIOLATED)


Startpoint: _139544_ (rising edge-triggered flip-flop clocked by eth_rx_clk_i)
Endpoint: _127764_ (rising edge-triggered flip-flop clocked by eth_rx_clk_i)
Path Group: eth_rx_clk_i
Path Type: max
Corner: nom_slow_1p08V_125C

Fanout            Cap           Slew          Delay           Time   Description
---------------------------------------------------------------------------------------------------------
                                        0.000000000    0.000000000   clock eth_rx_clk_i (rise edge)
                                        1.793919802    1.793919802   clock network delay (propagated)
                         0.078415222    0.000000000    1.793919802 ^ _139544_/CLK (sg13g2_dfrbpq_1)
     1    0.005014513    0.048712056    0.308343470    2.102263212 ^ _139544_/Q (sg13g2_dfrbpq_1)
     7    0.215133086    1.357830524    1.005163789    3.107427120 ^ _138495_/X (sg13g2_buf_1)
     3    0.032272112    0.151816756    0.643335402    3.750762463 ^ _138496_/X (sg13g2_buf_2)
     8    0.066408448    0.424847335    0.445424169    4.196186543 ^ fanout4944/X (sg13g2_buf_1)
     2    0.142617911    0.742119968    0.920550764    5.116737366 v _138499_/X (sg13g2_mux2_1)
     1    0.009145677    0.228574499    0.424455136    5.541192532 ^ _064678_/Y (sg13g2_a22oi_1)
     2    0.017032549    0.146042883    0.410052449    5.951244831 ^ _064680_/X (sg13g2_and4_1)
     1    0.007208221    0.123398364    0.168108642    6.119353771 v _064681_/Y (sg13g2_xnor2_1)
     1    0.007742134    0.138333932    0.212791130    6.332144737 v _064682_/Y (sg13g2_xnor2_1)
     1    0.007517226    0.282773286    0.328101993    6.660246849 ^ _064691_/Y (sg13g2_nor4_1)
     1    0.009241175    0.239798710    0.331187963    6.991434574 v _064719_/Y (sg13g2_nand4_1)
     3    0.033092137    0.916487455    0.867423952    7.858858585 ^ _064733_/Y (sg13g2_nor4_1)
     4    0.022147607    0.177749857    0.425225198    8.284084320 ^ _064759_/Y (sg13g2_nand2b_1)
     3    0.018884683    0.144435778    0.319142044    8.603225708 ^ _089176_/X (sg13g2_and3_1)
     5    0.025957316    0.177336246    0.323487908    8.926713943 ^ _089179_/X (sg13g2_a21o_1)
     3    0.014347509    0.116986372    0.314559042    9.241272926 ^ _089183_/X (sg13g2_and3_1)
     3    0.013460469    0.102211557    0.225749210    9.467021942 ^ _089186_/X (sg13g2_and2_1)
     4    0.021108748    0.148368970    0.257915467    9.724937439 ^ _089189_/X (sg13g2_and2_1)
     1    0.006039285    0.134137735    0.195835352    9.920772552 ^ _089192_/Y (sg13g2_xnor2_1)
     1    0.003773520    0.124950640    0.086940236   10.007713318 v _089193_/Y (sg13g2_nor2_1)
                         0.124950640    0.000108358   10.007821083 v _127764_/D (sg13g2_dfrbpq_1)
                                                      10.007821083   data arrival time

                                        8.000000000    8.000000000   clock eth_rx_clk_i (rise edge)
                                        1.662309647    9.662309647   clock network delay (propagated)
                                       -0.250000000    9.412309647   clock uncertainty
                                        0.119964153    9.532274246   clock reconvergence pessimism
                                                       9.532274246 ^ _127764_/CLK (sg13g2_dfrbpq_1)
                                       -0.210468858    9.321805000   library setup time
                                                       9.321805000   data required time
---------------------------------------------------------------------------------------------------------
                                                       9.321805000   data required time
                                                     -10.007821083   data arrival time
---------------------------------------------------------------------------------------------------------
                                                      -0.686016619   slack (VIOLATED)


Startpoint: _139544_ (rising edge-triggered flip-flop clocked by eth_rx_clk_i)
Endpoint: _129335_ (rising edge-triggered flip-flop clocked by eth_rx_clk_i)
Path Group: eth_rx_clk_i
Path Type: max
Corner: nom_slow_1p08V_125C

Fanout            Cap           Slew          Delay           Time   Description
---------------------------------------------------------------------------------------------------------
                                        0.000000000    0.000000000   clock eth_rx_clk_i (rise edge)
                                        1.793919802    1.793919802   clock network delay (propagated)
                         0.078415222    0.000000000    1.793919802 ^ _139544_/CLK (sg13g2_dfrbpq_1)
     1    0.005014513    0.048712056    0.308343470    2.102263212 ^ _139544_/Q (sg13g2_dfrbpq_1)
     7    0.215133086    1.357830524    1.005163789    3.107427120 ^ _138495_/X (sg13g2_buf_1)
     3    0.032272112    0.151816756    0.643335402    3.750762463 ^ _138496_/X (sg13g2_buf_2)
     8    0.066408448    0.424847335    0.445424169    4.196186543 ^ fanout4944/X (sg13g2_buf_1)
     2    0.142617911    0.742119968    0.920550764    5.116737366 v _138499_/X (sg13g2_mux2_1)
     1    0.009145677    0.228574499    0.424455136    5.541192532 ^ _064678_/Y (sg13g2_a22oi_1)
     2    0.017032549    0.146042883    0.410052449    5.951244831 ^ _064680_/X (sg13g2_and4_1)
     1    0.007208221    0.123398364    0.168108642    6.119353771 v _064681_/Y (sg13g2_xnor2_1)
     1    0.007742134    0.138333932    0.212791130    6.332144737 v _064682_/Y (sg13g2_xnor2_1)
     1    0.007517226    0.282773286    0.328101993    6.660246849 ^ _064691_/Y (sg13g2_nor4_1)
     1    0.009241175    0.239798710    0.331187963    6.991434574 v _064719_/Y (sg13g2_nand4_1)
     3    0.033092137    0.916487455    0.867423952    7.858858585 ^ _064733_/Y (sg13g2_nor4_1)
     4    0.022147607    0.177749857    0.425225198    8.284084320 ^ _064759_/Y (sg13g2_nand2b_1)
     3    0.018884683    0.144435778    0.319142044    8.603225708 ^ _089176_/X (sg13g2_and3_1)
     5    0.024285620    0.244020611    0.285989910    8.889215469 v _098041_/Y (sg13g2_nand2_1)
     2    0.008164278    0.168400884    0.226725310    9.115941048 ^ _098076_/Y (sg13g2_a21oi_1)
     3    0.028330525    0.187729269    0.278723717    9.394664764 ^ _098077_/X (sg13g2_buf_1)
     8    0.055054072    0.354349345    0.408013195    9.802678108 ^ fanout1342/X (sg13g2_buf_1)
     1    0.004273273    0.124574505    0.198215678   10.000893593 v _098129_/Y (sg13g2_a22oi_1)
                         0.124574535    0.000141220   10.001034737 v _129335_/D (sg13g2_dfrbpq_1)
                                                      10.001034737   data arrival time

                                        8.000000000    8.000000000   clock eth_rx_clk_i (rise edge)
                                        1.657939911    9.657939911   clock network delay (propagated)
                                       -0.250000000    9.407939911   clock uncertainty
                                        0.119964153    9.527904510   clock reconvergence pessimism
                                                       9.527904510 ^ _129335_/CLK (sg13g2_dfrbpq_1)
                                       -0.211883426    9.316020012   library setup time
                                                       9.316020012   data required time
---------------------------------------------------------------------------------------------------------
                                                       9.316020012   data required time
                                                     -10.001034737   data arrival time
---------------------------------------------------------------------------------------------------------
                                                      -0.685014725   slack (VIOLATED)


Startpoint: _139544_ (rising edge-triggered flip-flop clocked by eth_rx_clk_i)
Endpoint: _129331_ (rising edge-triggered flip-flop clocked by eth_rx_clk_i)
Path Group: eth_rx_clk_i
Path Type: max
Corner: nom_slow_1p08V_125C

Fanout            Cap           Slew          Delay           Time   Description
---------------------------------------------------------------------------------------------------------
                                        0.000000000    0.000000000   clock eth_rx_clk_i (rise edge)
                                        1.793919802    1.793919802   clock network delay (propagated)
                         0.078415222    0.000000000    1.793919802 ^ _139544_/CLK (sg13g2_dfrbpq_1)
     1    0.005014513    0.048712056    0.308343470    2.102263212 ^ _139544_/Q (sg13g2_dfrbpq_1)
     7    0.215133086    1.357830524    1.005163789    3.107427120 ^ _138495_/X (sg13g2_buf_1)
     3    0.032272112    0.151816756    0.643335402    3.750762463 ^ _138496_/X (sg13g2_buf_2)
     8    0.066408448    0.424847335    0.445424169    4.196186543 ^ fanout4944/X (sg13g2_buf_1)
     2    0.142617911    0.742119968    0.920550764    5.116737366 v _138499_/X (sg13g2_mux2_1)
     1    0.009145677    0.228574499    0.424455136    5.541192532 ^ _064678_/Y (sg13g2_a22oi_1)
     2    0.017032549    0.146042883    0.410052449    5.951244831 ^ _064680_/X (sg13g2_and4_1)
     1    0.007208221    0.123398364    0.168108642    6.119353771 v _064681_/Y (sg13g2_xnor2_1)
     1    0.007742134    0.138333932    0.212791130    6.332144737 v _064682_/Y (sg13g2_xnor2_1)
     1    0.007517226    0.282773286    0.328101993    6.660246849 ^ _064691_/Y (sg13g2_nor4_1)
     1    0.009241175    0.239798710    0.331187963    6.991434574 v _064719_/Y (sg13g2_nand4_1)
     3    0.033092137    0.916487455    0.867423952    7.858858585 ^ _064733_/Y (sg13g2_nor4_1)
     4    0.022147607    0.177749857    0.425225198    8.284084320 ^ _064759_/Y (sg13g2_nand2b_1)
     3    0.018884683    0.144435778    0.319142044    8.603225708 ^ _089176_/X (sg13g2_and3_1)
     5    0.024285620    0.244020611    0.285989910    8.889215469 v _098041_/Y (sg13g2_nand2_1)
     2    0.008164278    0.168400884    0.226725310    9.115941048 ^ _098076_/Y (sg13g2_a21oi_1)
     3    0.028330525    0.187729269    0.278723717    9.394664764 ^ _098077_/X (sg13g2_buf_1)
     8    0.055054072    0.354349345    0.408013195    9.802678108 ^ fanout1342/X (sg13g2_buf_1)
     1    0.005466204    0.133256391    0.213410631   10.016088486 v _098104_/Y (sg13g2_a22oi_1)
                         0.133256465    0.000221156   10.016309738 v _129331_/D (sg13g2_dfrbpq_1)
                                                      10.016309738   data arrival time

                                        8.000000000    8.000000000   clock eth_rx_clk_i (rise edge)
                                        1.672361732    9.672362328   clock network delay (propagated)
                                       -0.250000000    9.422361374   clock uncertainty
                                        0.119964153    9.542325974   clock reconvergence pessimism
                                                       9.542325974 ^ _129331_/CLK (sg13g2_dfrbpq_1)
                                       -0.209564209    9.332762718   library setup time
                                                       9.332762718   data required time
---------------------------------------------------------------------------------------------------------
                                                       9.332762718   data required time
                                                     -10.016309738   data arrival time
---------------------------------------------------------------------------------------------------------
                                                      -0.683547437   slack (VIOLATED)


Startpoint: _139544_ (rising edge-triggered flip-flop clocked by eth_rx_clk_i)
Endpoint: _129329_ (rising edge-triggered flip-flop clocked by eth_rx_clk_i)
Path Group: eth_rx_clk_i
Path Type: max
Corner: nom_slow_1p08V_125C

Fanout            Cap           Slew          Delay           Time   Description
---------------------------------------------------------------------------------------------------------
                                        0.000000000    0.000000000   clock eth_rx_clk_i (rise edge)
                                        1.793919802    1.793919802   clock network delay (propagated)
                         0.078415222    0.000000000    1.793919802 ^ _139544_/CLK (sg13g2_dfrbpq_1)
     1    0.005014513    0.048712056    0.308343470    2.102263212 ^ _139544_/Q (sg13g2_dfrbpq_1)
     7    0.215133086    1.357830524    1.005163789    3.107427120 ^ _138495_/X (sg13g2_buf_1)
     3    0.032272112    0.151816756    0.643335402    3.750762463 ^ _138496_/X (sg13g2_buf_2)
     8    0.066408448    0.424847335    0.445424169    4.196186543 ^ fanout4944/X (sg13g2_buf_1)
     2    0.142617911    0.742119968    0.920550764    5.116737366 v _138499_/X (sg13g2_mux2_1)
     1    0.009145677    0.228574499    0.424455136    5.541192532 ^ _064678_/Y (sg13g2_a22oi_1)
     2    0.017032549    0.146042883    0.410052449    5.951244831 ^ _064680_/X (sg13g2_and4_1)
     1    0.007208221    0.123398364    0.168108642    6.119353771 v _064681_/Y (sg13g2_xnor2_1)
     1    0.007742134    0.138333932    0.212791130    6.332144737 v _064682_/Y (sg13g2_xnor2_1)
     1    0.007517226    0.282773286    0.328101993    6.660246849 ^ _064691_/Y (sg13g2_nor4_1)
     1    0.009241175    0.239798710    0.331187963    6.991434574 v _064719_/Y (sg13g2_nand4_1)
     3    0.033092137    0.916487455    0.867423952    7.858858585 ^ _064733_/Y (sg13g2_nor4_1)
     4    0.022147607    0.177749857    0.425225198    8.284084320 ^ _064759_/Y (sg13g2_nand2b_1)
     3    0.018884683    0.144435778    0.319142044    8.603225708 ^ _089176_/X (sg13g2_and3_1)
     5    0.024285620    0.244020611    0.285989910    8.889215469 v _098041_/Y (sg13g2_nand2_1)
     2    0.008164278    0.168400884    0.226725310    9.115941048 ^ _098076_/Y (sg13g2_a21oi_1)
     3    0.028330525    0.187729269    0.278723717    9.394664764 ^ _098077_/X (sg13g2_buf_1)
     8    0.055054072    0.354349345    0.408013195    9.802678108 ^ fanout1342/X (sg13g2_buf_1)
     1    0.003606936    0.119725220    0.193949744    9.996627808 v _098089_/Y (sg13g2_a22oi_1)
                         0.119725220    0.000098588    9.996726036 v _129329_/D (sg13g2_dfrbpq_1)
                                                       9.996726036   data arrival time

                                        8.000000000    8.000000000   clock eth_rx_clk_i (rise edge)
                                        1.657661676    9.657661438   clock network delay (propagated)
                                       -0.250000000    9.407661438   clock uncertainty
                                        0.119964153    9.527626038   clock reconvergence pessimism
                                                       9.527626038 ^ _129329_/CLK (sg13g2_dfrbpq_1)
                                       -0.209697917    9.317928314   library setup time
                                                       9.317928314   data required time
---------------------------------------------------------------------------------------------------------
                                                       9.317928314   data required time
                                                      -9.996726036   data arrival time
---------------------------------------------------------------------------------------------------------
                                                      -0.678798378   slack (VIOLATED)


Startpoint: _139544_ (rising edge-triggered flip-flop clocked by eth_rx_clk_i)
Endpoint: _129327_ (rising edge-triggered flip-flop clocked by eth_rx_clk_i)
Path Group: eth_rx_clk_i
Path Type: max
Corner: nom_slow_1p08V_125C

Fanout            Cap           Slew          Delay           Time   Description
---------------------------------------------------------------------------------------------------------
                                        0.000000000    0.000000000   clock eth_rx_clk_i (rise edge)
                                        1.793919802    1.793919802   clock network delay (propagated)
                         0.078415222    0.000000000    1.793919802 ^ _139544_/CLK (sg13g2_dfrbpq_1)
     1    0.005014513    0.048712056    0.308343470    2.102263212 ^ _139544_/Q (sg13g2_dfrbpq_1)
     7    0.215133086    1.357830524    1.005163789    3.107427120 ^ _138495_/X (sg13g2_buf_1)
     3    0.032272112    0.151816756    0.643335402    3.750762463 ^ _138496_/X (sg13g2_buf_2)
     8    0.066408448    0.424847335    0.445424169    4.196186543 ^ fanout4944/X (sg13g2_buf_1)
     2    0.142617911    0.742119968    0.920550764    5.116737366 v _138499_/X (sg13g2_mux2_1)
     1    0.009145677    0.228574499    0.424455136    5.541192532 ^ _064678_/Y (sg13g2_a22oi_1)
     2    0.017032549    0.146042883    0.410052449    5.951244831 ^ _064680_/X (sg13g2_and4_1)
     1    0.007208221    0.123398364    0.168108642    6.119353771 v _064681_/Y (sg13g2_xnor2_1)
     1    0.007742134    0.138333932    0.212791130    6.332144737 v _064682_/Y (sg13g2_xnor2_1)
     1    0.007517226    0.282773286    0.328101993    6.660246849 ^ _064691_/Y (sg13g2_nor4_1)
     1    0.009241175    0.239798710    0.331187963    6.991434574 v _064719_/Y (sg13g2_nand4_1)
     3    0.033092137    0.916487455    0.867423952    7.858858585 ^ _064733_/Y (sg13g2_nor4_1)
     4    0.022147607    0.177749857    0.425225198    8.284084320 ^ _064759_/Y (sg13g2_nand2b_1)
     3    0.018884683    0.144435778    0.319142044    8.603225708 ^ _089176_/X (sg13g2_and3_1)
     5    0.024285620    0.244020611    0.285989910    8.889215469 v _098041_/Y (sg13g2_nand2_1)
     2    0.008164278    0.168400884    0.226725310    9.115941048 ^ _098076_/Y (sg13g2_a21oi_1)
     3    0.028330525    0.187729269    0.278723717    9.394664764 ^ _098077_/X (sg13g2_buf_1)
     8    0.055054072    0.354349345    0.408013195    9.802678108 ^ fanout1342/X (sg13g2_buf_1)
     1    0.004447467    0.147684902    0.185941935    9.988619804 v _098078_/Y (sg13g2_a22oi_1)
                         0.147684902    0.000153655    9.988773346 v _129327_/D (sg13g2_dfrbpq_1)
                                                       9.988773346   data arrival time

                                        8.000000000    8.000000000   clock eth_rx_clk_i (rise edge)
                                        1.659069419    9.659069061   clock network delay (propagated)
                                       -0.250000000    9.409069061   clock uncertainty
                                        0.119964153    9.529033661   clock reconvergence pessimism
                                                       9.529033661 ^ _129327_/CLK (sg13g2_dfrbpq_1)
                                       -0.218082160    9.310951233   library setup time
                                                       9.310951233   data required time
---------------------------------------------------------------------------------------------------------
                                                       9.310951233   data required time
                                                      -9.988773346   data arrival time
---------------------------------------------------------------------------------------------------------
                                                      -0.677822232   slack (VIOLATED)


Startpoint: _139544_ (rising edge-triggered flip-flop clocked by eth_rx_clk_i)
Endpoint: _129336_ (rising edge-triggered flip-flop clocked by eth_rx_clk_i)
Path Group: eth_rx_clk_i
Path Type: max
Corner: nom_slow_1p08V_125C

Fanout            Cap           Slew          Delay           Time   Description
---------------------------------------------------------------------------------------------------------
                                        0.000000000    0.000000000   clock eth_rx_clk_i (rise edge)
                                        1.793919802    1.793919802   clock network delay (propagated)
                         0.078415222    0.000000000    1.793919802 ^ _139544_/CLK (sg13g2_dfrbpq_1)
     1    0.005014513    0.048712056    0.308343470    2.102263212 ^ _139544_/Q (sg13g2_dfrbpq_1)
     7    0.215133086    1.357830524    1.005163789    3.107427120 ^ _138495_/X (sg13g2_buf_1)
     3    0.032272112    0.151816756    0.643335402    3.750762463 ^ _138496_/X (sg13g2_buf_2)
     8    0.066408448    0.424847335    0.445424169    4.196186543 ^ fanout4944/X (sg13g2_buf_1)
     2    0.142617911    0.742119968    0.920550764    5.116737366 v _138499_/X (sg13g2_mux2_1)
     1    0.009145677    0.228574499    0.424455136    5.541192532 ^ _064678_/Y (sg13g2_a22oi_1)
     2    0.017032549    0.146042883    0.410052449    5.951244831 ^ _064680_/X (sg13g2_and4_1)
     1    0.007208221    0.123398364    0.168108642    6.119353771 v _064681_/Y (sg13g2_xnor2_1)
     1    0.007742134    0.138333932    0.212791130    6.332144737 v _064682_/Y (sg13g2_xnor2_1)
     1    0.007517226    0.282773286    0.328101993    6.660246849 ^ _064691_/Y (sg13g2_nor4_1)
     1    0.009241175    0.239798710    0.331187963    6.991434574 v _064719_/Y (sg13g2_nand4_1)
     3    0.033092137    0.916487455    0.867423952    7.858858585 ^ _064733_/Y (sg13g2_nor4_1)
     4    0.022147607    0.177749857    0.425225198    8.284084320 ^ _064759_/Y (sg13g2_nand2b_1)
     3    0.018884683    0.144435778    0.319142044    8.603225708 ^ _089176_/X (sg13g2_and3_1)
     5    0.024285620    0.244020611    0.285989910    8.889215469 v _098041_/Y (sg13g2_nand2_1)
     2    0.008164278    0.168400884    0.226725310    9.115941048 ^ _098076_/Y (sg13g2_a21oi_1)
     3    0.028330525    0.187729269    0.278723717    9.394664764 ^ _098077_/X (sg13g2_buf_1)
     8    0.055054072    0.354349345    0.408013195    9.802678108 ^ fanout1342/X (sg13g2_buf_1)
     1    0.003695508    0.120356008    0.190888196    9.993566513 v _098134_/Y (sg13g2_a22oi_1)
                         0.120356008    0.000090594    9.993657112 v _129336_/D (sg13g2_dfrbpq_1)
                                                       9.993657112   data arrival time

                                        8.000000000    8.000000000   clock eth_rx_clk_i (rise edge)
                                        1.659020782    9.659020424   clock network delay (propagated)
                                       -0.250000000    9.409020424   clock uncertainty
                                        0.119964153    9.528985023   clock reconvergence pessimism
                                                       9.528985023 ^ _129336_/CLK (sg13g2_dfrbpq_1)
                                       -0.205692723    9.323292732   library setup time
                                                       9.323292732   data required time
---------------------------------------------------------------------------------------------------------
                                                       9.323292732   data required time
                                                      -9.993657112   data arrival time
---------------------------------------------------------------------------------------------------------
                                                      -0.670364201   slack (VIOLATED)


Startpoint: _139544_ (rising edge-triggered flip-flop clocked by eth_rx_clk_i)
Endpoint: _129332_ (rising edge-triggered flip-flop clocked by eth_rx_clk_i)
Path Group: eth_rx_clk_i
Path Type: max
Corner: nom_slow_1p08V_125C

Fanout            Cap           Slew          Delay           Time   Description
---------------------------------------------------------------------------------------------------------
                                        0.000000000    0.000000000   clock eth_rx_clk_i (rise edge)
                                        1.793919802    1.793919802   clock network delay (propagated)
                         0.078415222    0.000000000    1.793919802 ^ _139544_/CLK (sg13g2_dfrbpq_1)
     1    0.005014513    0.048712056    0.308343470    2.102263212 ^ _139544_/Q (sg13g2_dfrbpq_1)
     7    0.215133086    1.357830524    1.005163789    3.107427120 ^ _138495_/X (sg13g2_buf_1)
     3    0.032272112    0.151816756    0.643335402    3.750762463 ^ _138496_/X (sg13g2_buf_2)
     8    0.066408448    0.424847335    0.445424169    4.196186543 ^ fanout4944/X (sg13g2_buf_1)
     2    0.142617911    0.742119968    0.920550764    5.116737366 v _138499_/X (sg13g2_mux2_1)
     1    0.009145677    0.228574499    0.424455136    5.541192532 ^ _064678_/Y (sg13g2_a22oi_1)
     2    0.017032549    0.146042883    0.410052449    5.951244831 ^ _064680_/X (sg13g2_and4_1)
     1    0.007208221    0.123398364    0.168108642    6.119353771 v _064681_/Y (sg13g2_xnor2_1)
     1    0.007742134    0.138333932    0.212791130    6.332144737 v _064682_/Y (sg13g2_xnor2_1)
     1    0.007517226    0.282773286    0.328101993    6.660246849 ^ _064691_/Y (sg13g2_nor4_1)
     1    0.009241175    0.239798710    0.331187963    6.991434574 v _064719_/Y (sg13g2_nand4_1)
     3    0.033092137    0.916487455    0.867423952    7.858858585 ^ _064733_/Y (sg13g2_nor4_1)
     4    0.022147607    0.177749857    0.425225198    8.284084320 ^ _064759_/Y (sg13g2_nand2b_1)
     3    0.018884683    0.144435778    0.319142044    8.603225708 ^ _089176_/X (sg13g2_and3_1)
     5    0.024285620    0.244020611    0.285989910    8.889215469 v _098041_/Y (sg13g2_nand2_1)
     2    0.008164278    0.168400884    0.226725310    9.115941048 ^ _098076_/Y (sg13g2_a21oi_1)
     3    0.028330525    0.187729269    0.278723717    9.394664764 ^ _098077_/X (sg13g2_buf_1)
     8    0.055054072    0.354349345    0.408013195    9.802678108 ^ fanout1342/X (sg13g2_buf_1)
     1    0.004360782    0.125228211    0.202444285   10.005122185 v _098109_/Y (sg13g2_a22oi_1)
                         0.125228211    0.000109246   10.005231857 v _129332_/D (sg13g2_dfrbpq_1)
                                                      10.005231857   data arrival time

                                        8.000000000    8.000000000   clock eth_rx_clk_i (rise edge)
                                        1.671733141    9.671732903   clock network delay (propagated)
                                       -0.250000000    9.421732903   clock uncertainty
                                        0.119964153    9.541697502   clock reconvergence pessimism
                                                       9.541697502 ^ _129332_/CLK (sg13g2_dfrbpq_1)
                                       -0.205972359    9.335725784   library setup time
                                                       9.335725784   data required time
---------------------------------------------------------------------------------------------------------
                                                       9.335725784   data required time
                                                     -10.005231857   data arrival time
---------------------------------------------------------------------------------------------------------
                                                      -0.669506252   slack (VIOLATED)


Startpoint: _139544_ (rising edge-triggered flip-flop clocked by eth_rx_clk_i)
Endpoint: _129328_ (rising edge-triggered flip-flop clocked by eth_rx_clk_i)
Path Group: eth_rx_clk_i
Path Type: max
Corner: nom_slow_1p08V_125C

Fanout            Cap           Slew          Delay           Time   Description
---------------------------------------------------------------------------------------------------------
                                        0.000000000    0.000000000   clock eth_rx_clk_i (rise edge)
                                        1.793919802    1.793919802   clock network delay (propagated)
                         0.078415222    0.000000000    1.793919802 ^ _139544_/CLK (sg13g2_dfrbpq_1)
     1    0.005014513    0.048712056    0.308343470    2.102263212 ^ _139544_/Q (sg13g2_dfrbpq_1)
     7    0.215133086    1.357830524    1.005163789    3.107427120 ^ _138495_/X (sg13g2_buf_1)
     3    0.032272112    0.151816756    0.643335402    3.750762463 ^ _138496_/X (sg13g2_buf_2)
     8    0.066408448    0.424847335    0.445424169    4.196186543 ^ fanout4944/X (sg13g2_buf_1)
     2    0.142617911    0.742119968    0.920550764    5.116737366 v _138499_/X (sg13g2_mux2_1)
     1    0.009145677    0.228574499    0.424455136    5.541192532 ^ _064678_/Y (sg13g2_a22oi_1)
     2    0.017032549    0.146042883    0.410052449    5.951244831 ^ _064680_/X (sg13g2_and4_1)
     1    0.007208221    0.123398364    0.168108642    6.119353771 v _064681_/Y (sg13g2_xnor2_1)
     1    0.007742134    0.138333932    0.212791130    6.332144737 v _064682_/Y (sg13g2_xnor2_1)
     1    0.007517226    0.282773286    0.328101993    6.660246849 ^ _064691_/Y (sg13g2_nor4_1)
     1    0.009241175    0.239798710    0.331187963    6.991434574 v _064719_/Y (sg13g2_nand4_1)
     3    0.033092137    0.916487455    0.867423952    7.858858585 ^ _064733_/Y (sg13g2_nor4_1)
     4    0.022147607    0.177749857    0.425225198    8.284084320 ^ _064759_/Y (sg13g2_nand2b_1)
     3    0.018884683    0.144435778    0.319142044    8.603225708 ^ _089176_/X (sg13g2_and3_1)
     5    0.024285620    0.244020611    0.285989910    8.889215469 v _098041_/Y (sg13g2_nand2_1)
     2    0.008164278    0.168400884    0.226725310    9.115941048 ^ _098076_/Y (sg13g2_a21oi_1)
     3    0.028330525    0.187729269    0.278723717    9.394664764 ^ _098077_/X (sg13g2_buf_1)
     8    0.055054072    0.354349345    0.408013195    9.802678108 ^ fanout1342/X (sg13g2_buf_1)
     1    0.002073009    0.108276591    0.177719176    9.980397224 v _098083_/Y (sg13g2_a22oi_1)
                         0.108276591    0.000025757    9.980422974 v _129328_/D (sg13g2_dfrbpq_1)
                                                       9.980422974   data arrival time

                                        8.000000000    8.000000000   clock eth_rx_clk_i (rise edge)
                                        1.657552004    9.657552719   clock network delay (propagated)
                                       -0.250000000    9.407552719   clock uncertainty
                                        0.119964153    9.527516365   clock reconvergence pessimism
                                                       9.527516365 ^ _129328_/CLK (sg13g2_dfrbpq_1)
                                       -0.204512402    9.323004723   library setup time
                                                       9.323004723   data required time
---------------------------------------------------------------------------------------------------------
                                                       9.323004723   data required time
                                                      -9.980422974   data arrival time
---------------------------------------------------------------------------------------------------------
                                                      -0.657418132   slack (VIOLATED)


Startpoint: _139544_ (rising edge-triggered flip-flop clocked by eth_rx_clk_i)
Endpoint: _127763_ (rising edge-triggered flip-flop clocked by eth_rx_clk_i)
Path Group: eth_rx_clk_i
Path Type: max
Corner: nom_slow_1p08V_125C

Fanout            Cap           Slew          Delay           Time   Description
---------------------------------------------------------------------------------------------------------
                                        0.000000000    0.000000000   clock eth_rx_clk_i (rise edge)
                                        1.793919802    1.793919802   clock network delay (propagated)
                         0.078415222    0.000000000    1.793919802 ^ _139544_/CLK (sg13g2_dfrbpq_1)
     1    0.005014513    0.048712056    0.308343470    2.102263212 ^ _139544_/Q (sg13g2_dfrbpq_1)
     7    0.215133086    1.357830524    1.005163789    3.107427120 ^ _138495_/X (sg13g2_buf_1)
     3    0.032272112    0.151816756    0.643335402    3.750762463 ^ _138496_/X (sg13g2_buf_2)
     8    0.066408448    0.424847335    0.445424169    4.196186543 ^ fanout4944/X (sg13g2_buf_1)
     2    0.142617911    0.742119968    0.920550764    5.116737366 v _138499_/X (sg13g2_mux2_1)
     1    0.009145677    0.228574499    0.424455136    5.541192532 ^ _064678_/Y (sg13g2_a22oi_1)
     2    0.017032549    0.146042883    0.410052449    5.951244831 ^ _064680_/X (sg13g2_and4_1)
     1    0.007208221    0.123398364    0.168108642    6.119353771 v _064681_/Y (sg13g2_xnor2_1)
     1    0.007742134    0.138333932    0.212791130    6.332144737 v _064682_/Y (sg13g2_xnor2_1)
     1    0.007517226    0.282773286    0.328101993    6.660246849 ^ _064691_/Y (sg13g2_nor4_1)
     1    0.009241175    0.239798710    0.331187963    6.991434574 v _064719_/Y (sg13g2_nand4_1)
     3    0.033092137    0.916487455    0.867423952    7.858858585 ^ _064733_/Y (sg13g2_nor4_1)
     4    0.022147607    0.177749857    0.425225198    8.284084320 ^ _064759_/Y (sg13g2_nand2b_1)
     3    0.018884683    0.144435778    0.319142044    8.603225708 ^ _089176_/X (sg13g2_and3_1)
     5    0.025957316    0.177336246    0.323487908    8.926713943 ^ _089179_/X (sg13g2_a21o_1)
     3    0.014347509    0.116986372    0.314559042    9.241272926 ^ _089183_/X (sg13g2_and3_1)
     3    0.013460469    0.102211557    0.225749210    9.467021942 ^ _089186_/X (sg13g2_and2_1)
     4    0.021108748    0.148368970    0.257915467    9.724937439 ^ _089189_/X (sg13g2_and2_1)
     1    0.003466349    0.135809958    0.107628576    9.832566261 v _089191_/Y (sg13g2_nor3_1)
                         0.135809958    0.000078160    9.832644463 v _127763_/D (sg13g2_dfrbpq_1)
                                                       9.832644463   data arrival time

                                        8.000000000    8.000000000   clock eth_rx_clk_i (rise edge)
                                        1.663128495    9.663127899   clock network delay (propagated)
                                       -0.250000000    9.413127899   clock uncertainty
                                        0.119964153    9.533092499   clock reconvergence pessimism
                                                       9.533092499 ^ _127763_/CLK (sg13g2_dfrbpq_1)
                                       -0.215382412    9.317710876   library setup time
                                                       9.317710876   data required time
---------------------------------------------------------------------------------------------------------
                                                       9.317710876   data required time
                                                      -9.832644463   data arrival time
---------------------------------------------------------------------------------------------------------
                                                      -0.514933884   slack (VIOLATED)


Startpoint: _139544_ (rising edge-triggered flip-flop clocked by eth_rx_clk_i)
Endpoint: _129322_ (rising edge-triggered flip-flop clocked by eth_rx_clk_i)
Path Group: eth_rx_clk_i
Path Type: max
Corner: nom_slow_1p08V_125C

Fanout            Cap           Slew          Delay           Time   Description
---------------------------------------------------------------------------------------------------------
                                        0.000000000    0.000000000   clock eth_rx_clk_i (rise edge)
                                        1.793919802    1.793919802   clock network delay (propagated)
                         0.078415222    0.000000000    1.793919802 ^ _139544_/CLK (sg13g2_dfrbpq_1)
     1    0.005014513    0.048712056    0.308343470    2.102263212 ^ _139544_/Q (sg13g2_dfrbpq_1)
     7    0.215133086    1.357830524    1.005163789    3.107427120 ^ _138495_/X (sg13g2_buf_1)
     3    0.032272112    0.151816756    0.643335402    3.750762463 ^ _138496_/X (sg13g2_buf_2)
     8    0.066408448    0.424847335    0.445424169    4.196186543 ^ fanout4944/X (sg13g2_buf_1)
     2    0.142617911    0.742119968    0.920550764    5.116737366 v _138499_/X (sg13g2_mux2_1)
     1    0.009145677    0.228574499    0.424455136    5.541192532 ^ _064678_/Y (sg13g2_a22oi_1)
     2    0.017032549    0.146042883    0.410052449    5.951244831 ^ _064680_/X (sg13g2_and4_1)
     1    0.007208221    0.123398364    0.168108642    6.119353771 v _064681_/Y (sg13g2_xnor2_1)
     1    0.007742134    0.138333932    0.212791130    6.332144737 v _064682_/Y (sg13g2_xnor2_1)
     1    0.007517226    0.282773286    0.328101993    6.660246849 ^ _064691_/Y (sg13g2_nor4_1)
     1    0.009241175    0.239798710    0.331187963    6.991434574 v _064719_/Y (sg13g2_nand4_1)
     3    0.033092137    0.916487455    0.867423952    7.858858585 ^ _064733_/Y (sg13g2_nor4_1)
     4    0.022147607    0.177749857    0.425225198    8.284084320 ^ _064759_/Y (sg13g2_nand2b_1)
     3    0.018884683    0.144435778    0.319142044    8.603225708 ^ _089176_/X (sg13g2_and3_1)
     5    0.024285620    0.244020611    0.285989910    8.889215469 v _098041_/Y (sg13g2_nand2_1)
     4    0.019920509    0.129078135    0.331780821    9.220996857 v _098045_/X (sg13g2_or2_1)
     3    0.013995968    0.096287228    0.261279881    9.482276917 v _098050_/X (sg13g2_or2_1)
     1    0.005696076    0.081229731    0.098316021    9.580592155 ^ _098051_/Y (sg13g2_nand2_1)
     1    0.005244656    0.090789787    0.104051881    9.684644699 v _098052_/Y (sg13g2_o21ai_1)
                         0.090789892    0.000202505    9.684846878 v _129322_/D (sg13g2_dfrbpq_1)
                                                       9.684846878   data arrival time

                                        8.000000000    8.000000000   clock eth_rx_clk_i (rise edge)
                                        1.658421874    9.658421516   clock network delay (propagated)
                                       -0.250000000    9.408421516   clock uncertainty
                                        0.119964153    9.528386116   clock reconvergence pessimism
                                                       9.528386116 ^ _129322_/CLK (sg13g2_dfrbpq_1)
                                       -0.196541563    9.331845284   library setup time
                                                       9.331845284   data required time
---------------------------------------------------------------------------------------------------------
                                                       9.331845284   data required time
                                                      -9.684846878   data arrival time
---------------------------------------------------------------------------------------------------------
                                                      -0.353002071   slack (VIOLATED)


Startpoint: _139544_ (rising edge-triggered flip-flop clocked by eth_rx_clk_i)
Endpoint: _129324_ (rising edge-triggered flip-flop clocked by eth_rx_clk_i)
Path Group: eth_rx_clk_i
Path Type: max
Corner: nom_slow_1p08V_125C

Fanout            Cap           Slew          Delay           Time   Description
---------------------------------------------------------------------------------------------------------
                                        0.000000000    0.000000000   clock eth_rx_clk_i (rise edge)
                                        1.793919802    1.793919802   clock network delay (propagated)
                         0.078415222    0.000000000    1.793919802 ^ _139544_/CLK (sg13g2_dfrbpq_1)
     1    0.005014513    0.048712056    0.308343470    2.102263212 ^ _139544_/Q (sg13g2_dfrbpq_1)
     7    0.215133086    1.357830524    1.005163789    3.107427120 ^ _138495_/X (sg13g2_buf_1)
     3    0.032272112    0.151816756    0.643335402    3.750762463 ^ _138496_/X (sg13g2_buf_2)
     8    0.066408448    0.424847335    0.445424169    4.196186543 ^ fanout4944/X (sg13g2_buf_1)
     2    0.142617911    0.742119968    0.920550764    5.116737366 v _138499_/X (sg13g2_mux2_1)
     1    0.009145677    0.228574499    0.424455136    5.541192532 ^ _064678_/Y (sg13g2_a22oi_1)
     2    0.017032549    0.146042883    0.410052449    5.951244831 ^ _064680_/X (sg13g2_and4_1)
     1    0.007208221    0.123398364    0.168108642    6.119353771 v _064681_/Y (sg13g2_xnor2_1)
     1    0.007742134    0.138333932    0.212791130    6.332144737 v _064682_/Y (sg13g2_xnor2_1)
     1    0.007517226    0.282773286    0.328101993    6.660246849 ^ _064691_/Y (sg13g2_nor4_1)
     1    0.009241175    0.239798710    0.331187963    6.991434574 v _064719_/Y (sg13g2_nand4_1)
     3    0.033092137    0.916487455    0.867423952    7.858858585 ^ _064733_/Y (sg13g2_nor4_1)
     4    0.022147607    0.177749857    0.425225198    8.284084320 ^ _064759_/Y (sg13g2_nand2b_1)
     3    0.018884683    0.144435778    0.319142044    8.603225708 ^ _089176_/X (sg13g2_and3_1)
     5    0.024285620    0.244020611    0.285989910    8.889215469 v _098041_/Y (sg13g2_nand2_1)
     4    0.019920509    0.129078135    0.331780821    9.220996857 v _098045_/X (sg13g2_or2_1)
     3    0.013995968    0.096287228    0.261279881    9.482276917 v _098050_/X (sg13g2_or2_1)
     1    0.005500525    0.064430267    0.097140074    9.579416275 ^ _098060_/Y (sg13g2_nand2_1)
     1    0.003950252    0.080176465    0.087424293    9.666840553 v _098061_/Y (sg13g2_o21ai_1)
                         0.080176502    0.000119016    9.666959763 v _129324_/D (sg13g2_dfrbpq_1)
                                                       9.666959763   data arrival time

                                        8.000000000    8.000000000   clock eth_rx_clk_i (rise edge)
                                        1.658394814    9.658394814   clock network delay (propagated)
                                       -0.250000000    9.408394814   clock uncertainty
                                        0.119964153    9.528359413   clock reconvergence pessimism
                                                       9.528359413 ^ _129324_/CLK (sg13g2_dfrbpq_1)
                                       -0.191731498    9.336628914   library setup time
                                                       9.336628914   data required time
---------------------------------------------------------------------------------------------------------
                                                       9.336628914   data required time
                                                      -9.666959763   data arrival time
---------------------------------------------------------------------------------------------------------
                                                      -0.330331326   slack (VIOLATED)


Startpoint: _139544_ (rising edge-triggered flip-flop clocked by eth_rx_clk_i)
Endpoint: _129323_ (rising edge-triggered flip-flop clocked by eth_rx_clk_i)
Path Group: eth_rx_clk_i
Path Type: max
Corner: nom_slow_1p08V_125C

Fanout            Cap           Slew          Delay           Time   Description
---------------------------------------------------------------------------------------------------------
                                        0.000000000    0.000000000   clock eth_rx_clk_i (rise edge)
                                        1.793919802    1.793919802   clock network delay (propagated)
                         0.078415222    0.000000000    1.793919802 ^ _139544_/CLK (sg13g2_dfrbpq_1)
     1    0.005014513    0.048712056    0.308343470    2.102263212 ^ _139544_/Q (sg13g2_dfrbpq_1)
     7    0.215133086    1.357830524    1.005163789    3.107427120 ^ _138495_/X (sg13g2_buf_1)
     3    0.032272112    0.151816756    0.643335402    3.750762463 ^ _138496_/X (sg13g2_buf_2)
     8    0.066408448    0.424847335    0.445424169    4.196186543 ^ fanout4944/X (sg13g2_buf_1)
     2    0.142617911    0.742119968    0.920550764    5.116737366 v _138499_/X (sg13g2_mux2_1)
     1    0.009145677    0.228574499    0.424455136    5.541192532 ^ _064678_/Y (sg13g2_a22oi_1)
     2    0.017032549    0.146042883    0.410052449    5.951244831 ^ _064680_/X (sg13g2_and4_1)
     1    0.007208221    0.123398364    0.168108642    6.119353771 v _064681_/Y (sg13g2_xnor2_1)
     1    0.007742134    0.138333932    0.212791130    6.332144737 v _064682_/Y (sg13g2_xnor2_1)
     1    0.007517226    0.282773286    0.328101993    6.660246849 ^ _064691_/Y (sg13g2_nor4_1)
     1    0.009241175    0.239798710    0.331187963    6.991434574 v _064719_/Y (sg13g2_nand4_1)
     3    0.033092137    0.916487455    0.867423952    7.858858585 ^ _064733_/Y (sg13g2_nor4_1)
     4    0.022147607    0.177749857    0.425225198    8.284084320 ^ _064759_/Y (sg13g2_nand2b_1)
     3    0.018884683    0.144435778    0.319142044    8.603225708 ^ _089176_/X (sg13g2_and3_1)
     5    0.024285620    0.244020611    0.285989910    8.889215469 v _098041_/Y (sg13g2_nand2_1)
     4    0.019920509    0.129078135    0.331780821    9.220996857 v _098045_/X (sg13g2_or2_1)
     3    0.013995968    0.096287228    0.261279881    9.482276917 v _098050_/X (sg13g2_or2_1)
     1    0.004498700    0.072981611    0.092215128    9.574491501 ^ _098055_/Y (sg13g2_nand2_1)
     1    0.003500390    0.076487243    0.087132081    9.661623955 v _098056_/Y (sg13g2_o21ai_1)
                         0.076487266    0.000091482    9.661715508 v _129323_/D (sg13g2_dfrbpq_1)
                                                       9.661715508   data arrival time

                                        8.000000000    8.000000000   clock eth_rx_clk_i (rise edge)
                                        1.658621073    9.658620834   clock network delay (propagated)
                                       -0.250000000    9.408620834   clock uncertainty
                                        0.119964153    9.528585434   clock reconvergence pessimism
                                                       9.528585434 ^ _129323_/CLK (sg13g2_dfrbpq_1)
                                       -0.190045834    9.338539124   library setup time
                                                       9.338539124   data required time
---------------------------------------------------------------------------------------------------------
                                                       9.338539124   data required time
                                                      -9.661715508   data arrival time
---------------------------------------------------------------------------------------------------------
                                                      -0.323176175   slack (VIOLATED)


Startpoint: _139544_ (rising edge-triggered flip-flop clocked by eth_rx_clk_i)
Endpoint: _127762_ (rising edge-triggered flip-flop clocked by eth_rx_clk_i)
Path Group: eth_rx_clk_i
Path Type: max
Corner: nom_slow_1p08V_125C

Fanout            Cap           Slew          Delay           Time   Description
---------------------------------------------------------------------------------------------------------
                                        0.000000000    0.000000000   clock eth_rx_clk_i (rise edge)
                                        1.793919802    1.793919802   clock network delay (propagated)
                         0.078415222    0.000000000    1.793919802 ^ _139544_/CLK (sg13g2_dfrbpq_1)
     1    0.005014513    0.048712056    0.308343470    2.102263212 ^ _139544_/Q (sg13g2_dfrbpq_1)
     7    0.215133086    1.357830524    1.005163789    3.107427120 ^ _138495_/X (sg13g2_buf_1)
     3    0.032272112    0.151816756    0.643335402    3.750762463 ^ _138496_/X (sg13g2_buf_2)
     8    0.066408448    0.424847335    0.445424169    4.196186543 ^ fanout4944/X (sg13g2_buf_1)
     2    0.142617911    0.742119968    0.920550764    5.116737366 v _138499_/X (sg13g2_mux2_1)
     1    0.009145677    0.228574499    0.424455136    5.541192532 ^ _064678_/Y (sg13g2_a22oi_1)
     2    0.017032549    0.146042883    0.410052449    5.951244831 ^ _064680_/X (sg13g2_and4_1)
     1    0.007208221    0.123398364    0.168108642    6.119353771 v _064681_/Y (sg13g2_xnor2_1)
     1    0.007742134    0.138333932    0.212791130    6.332144737 v _064682_/Y (sg13g2_xnor2_1)
     1    0.007517226    0.282773286    0.328101993    6.660246849 ^ _064691_/Y (sg13g2_nor4_1)
     1    0.009241175    0.239798710    0.331187963    6.991434574 v _064719_/Y (sg13g2_nand4_1)
     3    0.033092137    0.916487455    0.867423952    7.858858585 ^ _064733_/Y (sg13g2_nor4_1)
     4    0.022147607    0.177749857    0.425225198    8.284084320 ^ _064759_/Y (sg13g2_nand2b_1)
     3    0.018884683    0.144435778    0.319142044    8.603225708 ^ _089176_/X (sg13g2_and3_1)
     5    0.025957316    0.177336246    0.323487908    8.926713943 ^ _089179_/X (sg13g2_a21o_1)
     3    0.014347509    0.116986372    0.314559042    9.241272926 ^ _089183_/X (sg13g2_and3_1)
     3    0.013460469    0.102211557    0.225749210    9.467021942 ^ _089186_/X (sg13g2_and2_1)
     1    0.005036638    0.143961161    0.098857813    9.565879822 v _089188_/Y (sg13g2_nor3_1)
                         0.143961161    0.000180300    9.566060066 v _127762_/D (sg13g2_dfrbpq_1)
                                                       9.566060066   data arrival time

                                        8.000000000    8.000000000   clock eth_rx_clk_i (rise edge)
                                        1.663069248    9.663068771   clock network delay (propagated)
                                       -0.250000000    9.413068771   clock uncertainty
                                        0.119964153    9.533033371   clock reconvergence pessimism
                                                       9.533033371 ^ _127762_/CLK (sg13g2_dfrbpq_1)
                                       -0.219079062    9.313954353   library setup time
                                                       9.313954353   data required time
---------------------------------------------------------------------------------------------------------
                                                       9.313954353   data required time
                                                      -9.566060066   data arrival time
---------------------------------------------------------------------------------------------------------
                                                      -0.252105892   slack (VIOLATED)


Startpoint: _139544_ (rising edge-triggered flip-flop clocked by eth_rx_clk_i)
Endpoint: _129333_ (rising edge-triggered flip-flop clocked by eth_rx_clk_i)
Path Group: eth_rx_clk_i
Path Type: max
Corner: nom_slow_1p08V_125C

Fanout            Cap           Slew          Delay           Time   Description
---------------------------------------------------------------------------------------------------------
                                        0.000000000    0.000000000   clock eth_rx_clk_i (rise edge)
                                        1.793919802    1.793919802   clock network delay (propagated)
                         0.078415222    0.000000000    1.793919802 ^ _139544_/CLK (sg13g2_dfrbpq_1)
     1    0.005014513    0.048712056    0.308343470    2.102263212 ^ _139544_/Q (sg13g2_dfrbpq_1)
     7    0.215133086    1.357830524    1.005163789    3.107427120 ^ _138495_/X (sg13g2_buf_1)
     3    0.032272112    0.151816756    0.643335402    3.750762463 ^ _138496_/X (sg13g2_buf_2)
     8    0.066408448    0.424847335    0.445424169    4.196186543 ^ fanout4944/X (sg13g2_buf_1)
     2    0.142617911    0.742119968    0.920550764    5.116737366 v _138499_/X (sg13g2_mux2_1)
     1    0.009145677    0.228574499    0.424455136    5.541192532 ^ _064678_/Y (sg13g2_a22oi_1)
     2    0.017032549    0.146042883    0.410052449    5.951244831 ^ _064680_/X (sg13g2_and4_1)
     1    0.007208221    0.123398364    0.168108642    6.119353771 v _064681_/Y (sg13g2_xnor2_1)
     1    0.007742134    0.138333932    0.212791130    6.332144737 v _064682_/Y (sg13g2_xnor2_1)
     1    0.007517226    0.282773286    0.328101993    6.660246849 ^ _064691_/Y (sg13g2_nor4_1)
     1    0.009241175    0.239798710    0.331187963    6.991434574 v _064719_/Y (sg13g2_nand4_1)
     3    0.033092137    0.916487455    0.867423952    7.858858585 ^ _064733_/Y (sg13g2_nor4_1)
     4    0.022147607    0.177749857    0.425225198    8.284084320 ^ _064759_/Y (sg13g2_nand2b_1)
     3    0.018884683    0.144435778    0.319142044    8.603225708 ^ _089176_/X (sg13g2_and3_1)
     5    0.024285620    0.244020611    0.285989910    8.889215469 v _098041_/Y (sg13g2_nand2_1)
     2    0.008164278    0.168400884    0.226725310    9.115941048 ^ _098076_/Y (sg13g2_a21oi_1)
     3    0.028330525    0.187729269    0.278723717    9.394664764 ^ _098077_/X (sg13g2_buf_1)
     1    0.005464514    0.108449697    0.165326416    9.559990883 v _098117_/Y (sg13g2_a22oi_1)
                         0.108449787    0.000221156    9.560212135 v _129333_/D (sg13g2_dfrbpq_1)
                                                       9.560212135   data arrival time

                                        8.000000000    8.000000000   clock eth_rx_clk_i (rise edge)
                                        1.671290994    9.671290398   clock network delay (propagated)
                                       -0.250000000    9.421290398   clock uncertainty
                                        0.119964153    9.541254997   clock reconvergence pessimism
                                                       9.541254997 ^ _129333_/CLK (sg13g2_dfrbpq_1)
                                       -0.198395118    9.342860222   library setup time
                                                       9.342860222   data required time
---------------------------------------------------------------------------------------------------------
                                                       9.342860222   data required time
                                                      -9.560212135   data arrival time
---------------------------------------------------------------------------------------------------------
                                                      -0.217352360   slack (VIOLATED)


Startpoint: _139544_ (rising edge-triggered flip-flop clocked by eth_rx_clk_i)
Endpoint: _129334_ (rising edge-triggered flip-flop clocked by eth_rx_clk_i)
Path Group: eth_rx_clk_i
Path Type: max
Corner: nom_slow_1p08V_125C

Fanout            Cap           Slew          Delay           Time   Description
---------------------------------------------------------------------------------------------------------
                                        0.000000000    0.000000000   clock eth_rx_clk_i (rise edge)
                                        1.793919802    1.793919802   clock network delay (propagated)
                         0.078415222    0.000000000    1.793919802 ^ _139544_/CLK (sg13g2_dfrbpq_1)
     1    0.005014513    0.048712056    0.308343470    2.102263212 ^ _139544_/Q (sg13g2_dfrbpq_1)
     7    0.215133086    1.357830524    1.005163789    3.107427120 ^ _138495_/X (sg13g2_buf_1)
     3    0.032272112    0.151816756    0.643335402    3.750762463 ^ _138496_/X (sg13g2_buf_2)
     8    0.066408448    0.424847335    0.445424169    4.196186543 ^ fanout4944/X (sg13g2_buf_1)
     2    0.142617911    0.742119968    0.920550764    5.116737366 v _138499_/X (sg13g2_mux2_1)
     1    0.009145677    0.228574499    0.424455136    5.541192532 ^ _064678_/Y (sg13g2_a22oi_1)
     2    0.017032549    0.146042883    0.410052449    5.951244831 ^ _064680_/X (sg13g2_and4_1)
     1    0.007208221    0.123398364    0.168108642    6.119353771 v _064681_/Y (sg13g2_xnor2_1)
     1    0.007742134    0.138333932    0.212791130    6.332144737 v _064682_/Y (sg13g2_xnor2_1)
     1    0.007517226    0.282773286    0.328101993    6.660246849 ^ _064691_/Y (sg13g2_nor4_1)
     1    0.009241175    0.239798710    0.331187963    6.991434574 v _064719_/Y (sg13g2_nand4_1)
     3    0.033092137    0.916487455    0.867423952    7.858858585 ^ _064733_/Y (sg13g2_nor4_1)
     4    0.022147607    0.177749857    0.425225198    8.284084320 ^ _064759_/Y (sg13g2_nand2b_1)
     3    0.018884683    0.144435778    0.319142044    8.603225708 ^ _089176_/X (sg13g2_and3_1)
     5    0.024285620    0.244020611    0.285989910    8.889215469 v _098041_/Y (sg13g2_nand2_1)
     2    0.008164278    0.168400884    0.226725310    9.115941048 ^ _098076_/Y (sg13g2_a21oi_1)
     3    0.028330525    0.187729269    0.278723717    9.394664764 ^ _098077_/X (sg13g2_buf_1)
     1    0.004580856    0.101529613    0.157911018    9.552576065 v _098122_/Y (sg13g2_a22oi_1)
                         0.101529658    0.000151879    9.552727699 v _129334_/D (sg13g2_dfrbpq_1)
                                                       9.552727699   data arrival time

                                        8.000000000    8.000000000   clock eth_rx_clk_i (rise edge)
                                        1.670311213    9.670310974   clock network delay (propagated)
                                       -0.250000000    9.420310974   clock uncertainty
                                        0.119964153    9.540275574   clock reconvergence pessimism
                                                       9.540275574 ^ _129334_/CLK (sg13g2_dfrbpq_1)
                                       -0.195314050    9.344961166   library setup time
                                                       9.344961166   data required time
---------------------------------------------------------------------------------------------------------
                                                       9.344961166   data required time
                                                      -9.552727699   data arrival time
---------------------------------------------------------------------------------------------------------
                                                      -0.207766250   slack (VIOLATED)


Startpoint: _139544_ (rising edge-triggered flip-flop clocked by eth_rx_clk_i)
Endpoint: _127761_ (rising edge-triggered flip-flop clocked by eth_rx_clk_i)
Path Group: eth_rx_clk_i
Path Type: max
Corner: nom_slow_1p08V_125C

Fanout            Cap           Slew          Delay           Time   Description
---------------------------------------------------------------------------------------------------------
                                        0.000000000    0.000000000   clock eth_rx_clk_i (rise edge)
                                        1.793919802    1.793919802   clock network delay (propagated)
                         0.078415222    0.000000000    1.793919802 ^ _139544_/CLK (sg13g2_dfrbpq_1)
     1    0.005014513    0.048712056    0.308343470    2.102263212 ^ _139544_/Q (sg13g2_dfrbpq_1)
     7    0.215133086    1.357830524    1.005163789    3.107427120 ^ _138495_/X (sg13g2_buf_1)
     3    0.032272112    0.151816756    0.643335402    3.750762463 ^ _138496_/X (sg13g2_buf_2)
     8    0.066408448    0.424847335    0.445424169    4.196186543 ^ fanout4944/X (sg13g2_buf_1)
     2    0.142617911    0.742119968    0.920550764    5.116737366 v _138499_/X (sg13g2_mux2_1)
     1    0.009145677    0.228574499    0.424455136    5.541192532 ^ _064678_/Y (sg13g2_a22oi_1)
     2    0.017032549    0.146042883    0.410052449    5.951244831 ^ _064680_/X (sg13g2_and4_1)
     1    0.007208221    0.123398364    0.168108642    6.119353771 v _064681_/Y (sg13g2_xnor2_1)
     1    0.007742134    0.138333932    0.212791130    6.332144737 v _064682_/Y (sg13g2_xnor2_1)
     1    0.007517226    0.282773286    0.328101993    6.660246849 ^ _064691_/Y (sg13g2_nor4_1)
     1    0.009241175    0.239798710    0.331187963    6.991434574 v _064719_/Y (sg13g2_nand4_1)
     3    0.033092137    0.916487455    0.867423952    7.858858585 ^ _064733_/Y (sg13g2_nor4_1)
     4    0.022147607    0.177749857    0.425225198    8.284084320 ^ _064759_/Y (sg13g2_nand2b_1)
     3    0.018884683    0.144435778    0.319142044    8.603225708 ^ _089176_/X (sg13g2_and3_1)
     5    0.025957316    0.177336246    0.323487908    8.926713943 ^ _089179_/X (sg13g2_a21o_1)
     3    0.014347509    0.116986372    0.314559042    9.241272926 ^ _089183_/X (sg13g2_and3_1)
     1    0.003601862    0.136527717    0.097458936    9.338731766 v _089185_/Y (sg13g2_nor3_1)
                         0.136527717    0.000097700    9.338829994 v _127761_/D (sg13g2_dfrbpq_1)
                                                       9.338829994   data arrival time

                                        8.000000000    8.000000000   clock eth_rx_clk_i (rise edge)
                                        1.663228750    9.663228989   clock network delay (propagated)
                                       -0.250000000    9.413228989   clock uncertainty
                                        0.119964153    9.533193588   clock reconvergence pessimism
                                                       9.533193588 ^ _127761_/CLK (sg13g2_dfrbpq_1)
                                       -0.215705723    9.317487717   library setup time
                                                       9.317487717   data required time
---------------------------------------------------------------------------------------------------------
                                                       9.317487717   data required time
                                                      -9.338829994   data arrival time
---------------------------------------------------------------------------------------------------------
                                                      -0.021342039   slack (VIOLATED)


Startpoint: _139544_ (rising edge-triggered flip-flop clocked by eth_rx_clk_i)
Endpoint: _127760_ (rising edge-triggered flip-flop clocked by eth_rx_clk_i)
Path Group: eth_rx_clk_i
Path Type: max
Corner: nom_slow_1p08V_125C

Fanout            Cap           Slew          Delay           Time   Description
---------------------------------------------------------------------------------------------------------
                                        0.000000000    0.000000000   clock eth_rx_clk_i (rise edge)
                                        1.793919802    1.793919802   clock network delay (propagated)
                         0.078415222    0.000000000    1.793919802 ^ _139544_/CLK (sg13g2_dfrbpq_1)
     1    0.005014513    0.048712056    0.308343470    2.102263212 ^ _139544_/Q (sg13g2_dfrbpq_1)
     7    0.215133086    1.357830524    1.005163789    3.107427120 ^ _138495_/X (sg13g2_buf_1)
     3    0.032272112    0.151816756    0.643335402    3.750762463 ^ _138496_/X (sg13g2_buf_2)
     8    0.066408448    0.424847335    0.445424169    4.196186543 ^ fanout4944/X (sg13g2_buf_1)
     2    0.142617911    0.742119968    0.920550764    5.116737366 v _138499_/X (sg13g2_mux2_1)
     1    0.009145677    0.228574499    0.424455136    5.541192532 ^ _064678_/Y (sg13g2_a22oi_1)
     2    0.017032549    0.146042883    0.410052449    5.951244831 ^ _064680_/X (sg13g2_and4_1)
     1    0.007208221    0.123398364    0.168108642    6.119353771 v _064681_/Y (sg13g2_xnor2_1)
     1    0.007742134    0.138333932    0.212791130    6.332144737 v _064682_/Y (sg13g2_xnor2_1)
     1    0.007517226    0.282773286    0.328101993    6.660246849 ^ _064691_/Y (sg13g2_nor4_1)
     1    0.009241175    0.239798710    0.331187963    6.991434574 v _064719_/Y (sg13g2_nand4_1)
     3    0.033092137    0.916487455    0.867423952    7.858858585 ^ _064733_/Y (sg13g2_nor4_1)
     4    0.022147607    0.177749857    0.425225198    8.284084320 ^ _064759_/Y (sg13g2_nand2b_1)
     3    0.018884683    0.144435778    0.319142044    8.603225708 ^ _089176_/X (sg13g2_and3_1)
     5    0.025957316    0.177336246    0.323487908    8.926713943 ^ _089179_/X (sg13g2_a21o_1)
     1    0.005317924    0.129080459    0.199688271    9.126401901 v _089181_/Y (sg13g2_nand3b_1)
     1    0.006785627    0.162814066    0.117154293    9.243556023 ^ _089182_/Y (sg13g2_o21ai_1)
                         0.162814215    0.000318856    9.243875504 ^ _127760_/D (sg13g2_dfrbpq_1)
                                                       9.243875504   data arrival time

                                        8.000000000    8.000000000   clock eth_rx_clk_i (rise edge)
                                        1.668504477    9.668504715   clock network delay (propagated)
                                       -0.250000000    9.418504715   clock uncertainty
                                        0.119964153    9.538469315   clock reconvergence pessimism
                                                       9.538469315 ^ _127760_/CLK (sg13g2_dfrbpq_1)
                                       -0.239086866    9.299382210   library setup time
                                                       9.299382210   data required time
---------------------------------------------------------------------------------------------------------
                                                       9.299382210   data required time
                                                      -9.243875504   data arrival time
---------------------------------------------------------------------------------------------------------
                                                       0.055506714   slack (MET)


Startpoint: _129764_ (rising edge-triggered flip-flop clocked by eth_tx_clk_i)
Endpoint: _127790_ (rising edge-triggered flip-flop clocked by eth_tx_clk_i)
Path Group: eth_tx_clk_i
Path Type: max
Corner: nom_slow_1p08V_125C

Fanout            Cap           Slew          Delay           Time   Description
---------------------------------------------------------------------------------------------------------
                                        0.000000000    0.000000000   clock eth_tx_clk_i (rise edge)
                                        1.609109282    1.609109282   clock network delay (propagated)
                         0.102700435    0.000000000    1.609109282 ^ _129764_/CLK (sg13g2_dfrbpq_1)
     6    0.025852112    0.140593469    0.405406505    2.014515638 v _129764_/Q (sg13g2_dfrbpq_1)
     7    0.196558073    3.753028154    2.929718733    4.944234371 ^ _063919_/Y (sg13g2_nor3_1)
     3    0.039545354    0.287099063    0.859042645    5.803277016 ^ _063920_/X (sg13g2_buf_1)
     8    0.225856587    1.426827312    1.152554989    6.955832005 ^ fanout5375/X (sg13g2_buf_1)
     2    0.160150543    1.667292356    1.988186121    8.944018364 v _063995_/Y (sg13g2_a22oi_1)
     2    0.034116533    0.575007677    0.962043822    9.906062126 ^ _063999_/Y (sg13g2_nand4_1)
     1    0.006910147    0.138352394    0.204027906   10.110090256 v _064000_/Y (sg13g2_nor2_1)
     1    0.008446441    0.146191284    0.174170911   10.284260750 ^ _064001_/Y (sg13g2_nor2_1)
     1    0.009880858    0.238386154    0.305569798   10.589830399 v _064016_/Y (sg13g2_nand4_1)
     1    0.005116214    0.238719627    0.341285229   10.931116104 ^ _064085_/Y (sg13g2_nor4_1)
     2    0.048812516    0.317584008    0.429769129   11.360884666 ^ _064086_/X (sg13g2_and2_1)
     3    0.015030485    0.147684976    0.285318434   11.646203041 ^ _064116_/Y (sg13g2_nand2b_1)
     1    0.003540150    0.051077113    0.084393829   11.730597496 v _089274_/Y (sg13g2_inv_1)
     2    0.009912134    0.177116886    0.170176759   11.900774002 ^ _089275_/Y (sg13g2_a21oi_1)
     2    0.011151729    0.135268465    0.196857646   12.097631454 v _089276_/Y (sg13g2_nand2_1)
     5    0.029563909    0.168749869    0.330382854   12.428014755 v _089277_/X (sg13g2_a21o_1)
     2    0.009341236    0.093814865    0.129520401   12.557535172 ^ _089278_/Y (sg13g2_inv_1)
     4    0.051547132    0.717673421    0.628830314   13.186365128 v _089282_/Y (sg13g2_nand3_1)
     3    0.013819916    0.234489262    0.323182374   13.509547234 ^ _089285_/Y (sg13g2_nand2_1)
     3    0.012197257    0.228454486    0.295661271   13.805209160 v _089291_/Y (sg13g2_nand3_1)
     3    0.017015111    0.263606012    0.301306546   14.106515884 ^ _089296_/Y (sg13g2_nor2_1)
     3    0.018376596    0.134275541    0.303077579   14.409592628 ^ _089299_/X (sg13g2_and2_1)
     3    0.018411178    0.132590175    0.258241445   14.667834282 ^ _089302_/X (sg13g2_and2_1)
     3    0.012143610    0.095658801    0.225594655   14.893428802 ^ _089306_/X (sg13g2_and2_1)
     1    0.004857602    0.103820264    0.123819180   15.017248154 v _089308_/Y (sg13g2_o21ai_1)
     1    0.006221608    0.124230102    0.156187952   15.173436165 ^ _089309_/Y (sg13g2_a21oi_1)
                         0.124230146    0.000245137   15.173681259 ^ _127790_/D (sg13g2_dfrbpq_1)
                                                      15.173681259   data arrival time

                                        8.000000000    8.000000000   clock eth_tx_clk_i (rise edge)
                                        1.407158971    9.407158852   clock network delay (propagated)
                                       -0.250000000    9.157158852   clock uncertainty
                                        0.104306564    9.261466026   clock reconvergence pessimism
                                                       9.261466026 ^ _127790_/CLK (sg13g2_dfrbpq_1)
                                       -0.223580658    9.037885666   library setup time
                                                       9.037885666   data required time
---------------------------------------------------------------------------------------------------------
                                                       9.037885666   data required time
                                                     -15.173681259   data arrival time
---------------------------------------------------------------------------------------------------------
                                                      -6.135796070   slack (VIOLATED)


Startpoint: _129764_ (rising edge-triggered flip-flop clocked by eth_tx_clk_i)
Endpoint: _127789_ (rising edge-triggered flip-flop clocked by eth_tx_clk_i)
Path Group: eth_tx_clk_i
Path Type: max
Corner: nom_slow_1p08V_125C

Fanout            Cap           Slew          Delay           Time   Description
---------------------------------------------------------------------------------------------------------
                                        0.000000000    0.000000000   clock eth_tx_clk_i (rise edge)
                                        1.609109282    1.609109282   clock network delay (propagated)
                         0.102700435    0.000000000    1.609109282 ^ _129764_/CLK (sg13g2_dfrbpq_1)
     6    0.025852112    0.140593469    0.405406505    2.014515638 v _129764_/Q (sg13g2_dfrbpq_1)
     7    0.196558073    3.753028154    2.929718733    4.944234371 ^ _063919_/Y (sg13g2_nor3_1)
     3    0.039545354    0.287099063    0.859042645    5.803277016 ^ _063920_/X (sg13g2_buf_1)
     8    0.225856587    1.426827312    1.152554989    6.955832005 ^ fanout5375/X (sg13g2_buf_1)
     2    0.160150543    1.667292356    1.988186121    8.944018364 v _063995_/Y (sg13g2_a22oi_1)
     2    0.034116533    0.575007677    0.962043822    9.906062126 ^ _063999_/Y (sg13g2_nand4_1)
     1    0.006910147    0.138352394    0.204027906   10.110090256 v _064000_/Y (sg13g2_nor2_1)
     1    0.008446441    0.146191284    0.174170911   10.284260750 ^ _064001_/Y (sg13g2_nor2_1)
     1    0.009880858    0.238386154    0.305569798   10.589830399 v _064016_/Y (sg13g2_nand4_1)
     1    0.005116214    0.238719627    0.341285229   10.931116104 ^ _064085_/Y (sg13g2_nor4_1)
     2    0.048812516    0.317584008    0.429769129   11.360884666 ^ _064086_/X (sg13g2_and2_1)
     3    0.015030485    0.147684976    0.285318434   11.646203041 ^ _064116_/Y (sg13g2_nand2b_1)
     1    0.003540150    0.051077113    0.084393829   11.730597496 v _089274_/Y (sg13g2_inv_1)
     2    0.009912134    0.177116886    0.170176759   11.900774002 ^ _089275_/Y (sg13g2_a21oi_1)
     2    0.011151729    0.135268465    0.196857646   12.097631454 v _089276_/Y (sg13g2_nand2_1)
     5    0.029563909    0.168749869    0.330382854   12.428014755 v _089277_/X (sg13g2_a21o_1)
     2    0.009341236    0.093814865    0.129520401   12.557535172 ^ _089278_/Y (sg13g2_inv_1)
     4    0.051547132    0.717673421    0.628830314   13.186365128 v _089282_/Y (sg13g2_nand3_1)
     3    0.013819916    0.234489262    0.323182374   13.509547234 ^ _089285_/Y (sg13g2_nand2_1)
     3    0.012197257    0.228454486    0.295661271   13.805209160 v _089291_/Y (sg13g2_nand3_1)
     3    0.017015111    0.263606012    0.301306546   14.106515884 ^ _089296_/Y (sg13g2_nor2_1)
     3    0.018376596    0.134275541    0.303077579   14.409592628 ^ _089299_/X (sg13g2_and2_1)
     3    0.018411178    0.132590175    0.258241445   14.667834282 ^ _089302_/X (sg13g2_and2_1)
     1    0.003978987    0.059656907    0.088062003   14.755896568 v _089305_/Y (sg13g2_nor2_1)
     1    0.005221257    0.173156872    0.192461163   14.948357582 ^ _089307_/Y (sg13g2_nor3_1)
                         0.173156872    0.000168754   14.948526382 ^ _127789_/D (sg13g2_dfrbpq_1)
                                                      14.948526382   data arrival time

                                        8.000000000    8.000000000   clock eth_tx_clk_i (rise edge)
                                        1.407319069    9.407319069   clock network delay (propagated)
                                       -0.250000000    9.157319069   clock uncertainty
                                        0.104306564    9.261625290   clock reconvergence pessimism
                                                       9.261625290 ^ _127789_/CLK (sg13g2_dfrbpq_1)
                                       -0.243702814    9.017922401   library setup time
                                                       9.017922401   data required time
---------------------------------------------------------------------------------------------------------
                                                       9.017922401   data required time
                                                     -14.948526382   data arrival time
---------------------------------------------------------------------------------------------------------
                                                      -5.930603504   slack (VIOLATED)


Startpoint: _129764_ (rising edge-triggered flip-flop clocked by eth_tx_clk_i)
Endpoint: _127788_ (rising edge-triggered flip-flop clocked by eth_tx_clk_i)
Path Group: eth_tx_clk_i
Path Type: max
Corner: nom_slow_1p08V_125C

Fanout            Cap           Slew          Delay           Time   Description
---------------------------------------------------------------------------------------------------------
                                        0.000000000    0.000000000   clock eth_tx_clk_i (rise edge)
                                        1.609109282    1.609109282   clock network delay (propagated)
                         0.102700435    0.000000000    1.609109282 ^ _129764_/CLK (sg13g2_dfrbpq_1)
     6    0.025852112    0.140593469    0.405406505    2.014515638 v _129764_/Q (sg13g2_dfrbpq_1)
     7    0.196558073    3.753028154    2.929718733    4.944234371 ^ _063919_/Y (sg13g2_nor3_1)
     3    0.039545354    0.287099063    0.859042645    5.803277016 ^ _063920_/X (sg13g2_buf_1)
     8    0.225856587    1.426827312    1.152554989    6.955832005 ^ fanout5375/X (sg13g2_buf_1)
     2    0.160150543    1.667292356    1.988186121    8.944018364 v _063995_/Y (sg13g2_a22oi_1)
     2    0.034116533    0.575007677    0.962043822    9.906062126 ^ _063999_/Y (sg13g2_nand4_1)
     1    0.006910147    0.138352394    0.204027906   10.110090256 v _064000_/Y (sg13g2_nor2_1)
     1    0.008446441    0.146191284    0.174170911   10.284260750 ^ _064001_/Y (sg13g2_nor2_1)
     1    0.009880858    0.238386154    0.305569798   10.589830399 v _064016_/Y (sg13g2_nand4_1)
     1    0.005116214    0.238719627    0.341285229   10.931116104 ^ _064085_/Y (sg13g2_nor4_1)
     2    0.048812516    0.317584008    0.429769129   11.360884666 ^ _064086_/X (sg13g2_and2_1)
     3    0.015030485    0.147684976    0.285318434   11.646203041 ^ _064116_/Y (sg13g2_nand2b_1)
     1    0.003540150    0.051077113    0.084393829   11.730597496 v _089274_/Y (sg13g2_inv_1)
     2    0.009912134    0.177116886    0.170176759   11.900774002 ^ _089275_/Y (sg13g2_a21oi_1)
     2    0.011151729    0.135268465    0.196857646   12.097631454 v _089276_/Y (sg13g2_nand2_1)
     5    0.029563909    0.168749869    0.330382854   12.428014755 v _089277_/X (sg13g2_a21o_1)
     2    0.009341236    0.093814865    0.129520401   12.557535172 ^ _089278_/Y (sg13g2_inv_1)
     4    0.051547132    0.717673421    0.628830314   13.186365128 v _089282_/Y (sg13g2_nand3_1)
     3    0.013819916    0.234489262    0.323182374   13.509547234 ^ _089285_/Y (sg13g2_nand2_1)
     3    0.012197257    0.228454486    0.295661271   13.805209160 v _089291_/Y (sg13g2_nand3_1)
     3    0.017015111    0.263606012    0.301306546   14.106515884 ^ _089296_/Y (sg13g2_nor2_1)
     3    0.018376596    0.134275541    0.303077579   14.409592628 ^ _089299_/X (sg13g2_and2_1)
     3    0.018411178    0.132590175    0.258241445   14.667834282 ^ _089302_/X (sg13g2_and2_1)
     1    0.004778728    0.060006618    0.103725918   14.771560669 v _089304_/Y (sg13g2_nor2_1)
                         0.060006708    0.000159872   14.771719933 v _127788_/D (sg13g2_dfrbpq_1)
                                                      14.771719933   data arrival time

                                        8.000000000    8.000000000   clock eth_tx_clk_i (rise edge)
                                        1.407216549    9.407217026   clock network delay (propagated)
                                       -0.250000000    9.157217026   clock uncertainty
                                        0.104306564    9.261523247   clock reconvergence pessimism
                                                       9.261523247 ^ _127788_/CLK (sg13g2_dfrbpq_1)
                                       -0.179298818    9.082223892   library setup time
                                                       9.082223892   data required time
---------------------------------------------------------------------------------------------------------
                                                       9.082223892   data required time
                                                     -14.771719933   data arrival time
---------------------------------------------------------------------------------------------------------
                                                      -5.689496040   slack (VIOLATED)


Startpoint: _129764_ (rising edge-triggered flip-flop clocked by eth_tx_clk_i)
Endpoint: _127787_ (rising edge-triggered flip-flop clocked by eth_tx_clk_i)
Path Group: eth_tx_clk_i
Path Type: max
Corner: nom_slow_1p08V_125C

Fanout            Cap           Slew          Delay           Time   Description
---------------------------------------------------------------------------------------------------------
                                        0.000000000    0.000000000   clock eth_tx_clk_i (rise edge)
                                        1.609109282    1.609109282   clock network delay (propagated)
                         0.102700435    0.000000000    1.609109282 ^ _129764_/CLK (sg13g2_dfrbpq_1)
     6    0.025852112    0.140593469    0.405406505    2.014515638 v _129764_/Q (sg13g2_dfrbpq_1)
     7    0.196558073    3.753028154    2.929718733    4.944234371 ^ _063919_/Y (sg13g2_nor3_1)
     3    0.039545354    0.287099063    0.859042645    5.803277016 ^ _063920_/X (sg13g2_buf_1)
     8    0.225856587    1.426827312    1.152554989    6.955832005 ^ fanout5375/X (sg13g2_buf_1)
     2    0.160150543    1.667292356    1.988186121    8.944018364 v _063995_/Y (sg13g2_a22oi_1)
     2    0.034116533    0.575007677    0.962043822    9.906062126 ^ _063999_/Y (sg13g2_nand4_1)
     1    0.006910147    0.138352394    0.204027906   10.110090256 v _064000_/Y (sg13g2_nor2_1)
     1    0.008446441    0.146191284    0.174170911   10.284260750 ^ _064001_/Y (sg13g2_nor2_1)
     1    0.009880858    0.238386154    0.305569798   10.589830399 v _064016_/Y (sg13g2_nand4_1)
     1    0.005116214    0.238719627    0.341285229   10.931116104 ^ _064085_/Y (sg13g2_nor4_1)
     2    0.048812516    0.317584008    0.429769129   11.360884666 ^ _064086_/X (sg13g2_and2_1)
     3    0.015030485    0.147684976    0.285318434   11.646203041 ^ _064116_/Y (sg13g2_nand2b_1)
     1    0.003540150    0.051077113    0.084393829   11.730597496 v _089274_/Y (sg13g2_inv_1)
     2    0.009912134    0.177116886    0.170176759   11.900774002 ^ _089275_/Y (sg13g2_a21oi_1)
     2    0.011151729    0.135268465    0.196857646   12.097631454 v _089276_/Y (sg13g2_nand2_1)
     5    0.029563909    0.168749869    0.330382854   12.428014755 v _089277_/X (sg13g2_a21o_1)
     2    0.009341236    0.093814865    0.129520401   12.557535172 ^ _089278_/Y (sg13g2_inv_1)
     4    0.051547132    0.717673421    0.628830314   13.186365128 v _089282_/Y (sg13g2_nand3_1)
     3    0.013819916    0.234489262    0.323182374   13.509547234 ^ _089285_/Y (sg13g2_nand2_1)
     3    0.012197257    0.228454486    0.295661271   13.805209160 v _089291_/Y (sg13g2_nand3_1)
     3    0.017015111    0.263606012    0.301306546   14.106515884 ^ _089296_/Y (sg13g2_nor2_1)
     3    0.018376596    0.134275541    0.303077579   14.409592628 ^ _089299_/X (sg13g2_and2_1)
     1    0.002814604    0.052278917    0.094400048   14.503993034 v _089301_/Y (sg13g2_nor2_1)
                         0.052278943    0.000057732   14.504051208 v _127787_/D (sg13g2_dfrbpq_1)
                                                      14.504051208   data arrival time

                                        8.000000000    8.000000000   clock eth_tx_clk_i (rise edge)
                                        1.407095313    9.407095909   clock network delay (propagated)
                                       -0.250000000    9.157095909   clock uncertainty
                                        0.104306564    9.261402130   clock reconvergence pessimism
                                                       9.261402130 ^ _127787_/CLK (sg13g2_dfrbpq_1)
                                       -0.175797194    9.085605621   library setup time
                                                       9.085605621   data required time
---------------------------------------------------------------------------------------------------------
                                                       9.085605621   data required time
                                                     -14.504051208   data arrival time
---------------------------------------------------------------------------------------------------------
                                                      -5.418445587   slack (VIOLATED)


Startpoint: _129764_ (rising edge-triggered flip-flop clocked by eth_tx_clk_i)
Endpoint: _127786_ (rising edge-triggered flip-flop clocked by eth_tx_clk_i)
Path Group: eth_tx_clk_i
Path Type: max
Corner: nom_slow_1p08V_125C

Fanout            Cap           Slew          Delay           Time   Description
---------------------------------------------------------------------------------------------------------
                                        0.000000000    0.000000000   clock eth_tx_clk_i (rise edge)
                                        1.609109282    1.609109282   clock network delay (propagated)
                         0.102700435    0.000000000    1.609109282 ^ _129764_/CLK (sg13g2_dfrbpq_1)
     6    0.025852112    0.140593469    0.405406505    2.014515638 v _129764_/Q (sg13g2_dfrbpq_1)
     7    0.196558073    3.753028154    2.929718733    4.944234371 ^ _063919_/Y (sg13g2_nor3_1)
     3    0.039545354    0.287099063    0.859042645    5.803277016 ^ _063920_/X (sg13g2_buf_1)
     8    0.225856587    1.426827312    1.152554989    6.955832005 ^ fanout5375/X (sg13g2_buf_1)
     2    0.160150543    1.667292356    1.988186121    8.944018364 v _063995_/Y (sg13g2_a22oi_1)
     2    0.034116533    0.575007677    0.962043822    9.906062126 ^ _063999_/Y (sg13g2_nand4_1)
     1    0.006910147    0.138352394    0.204027906   10.110090256 v _064000_/Y (sg13g2_nor2_1)
     1    0.008446441    0.146191284    0.174170911   10.284260750 ^ _064001_/Y (sg13g2_nor2_1)
     1    0.009880858    0.238386154    0.305569798   10.589830399 v _064016_/Y (sg13g2_nand4_1)
     1    0.005116214    0.238719627    0.341285229   10.931116104 ^ _064085_/Y (sg13g2_nor4_1)
     2    0.048812516    0.317584008    0.429769129   11.360884666 ^ _064086_/X (sg13g2_and2_1)
     3    0.015030485    0.147684976    0.285318434   11.646203041 ^ _064116_/Y (sg13g2_nand2b_1)
     1    0.003540150    0.051077113    0.084393829   11.730597496 v _089274_/Y (sg13g2_inv_1)
     2    0.009912134    0.177116886    0.170176759   11.900774002 ^ _089275_/Y (sg13g2_a21oi_1)
     2    0.011151729    0.135268465    0.196857646   12.097631454 v _089276_/Y (sg13g2_nand2_1)
     5    0.029563909    0.168749869    0.330382854   12.428014755 v _089277_/X (sg13g2_a21o_1)
     2    0.009341236    0.093814865    0.129520401   12.557535172 ^ _089278_/Y (sg13g2_inv_1)
     4    0.051547132    0.717673421    0.628830314   13.186365128 v _089282_/Y (sg13g2_nand3_1)
     3    0.013819916    0.234489262    0.323182374   13.509547234 ^ _089285_/Y (sg13g2_nand2_1)
     3    0.012197257    0.228454486    0.295661271   13.805209160 v _089291_/Y (sg13g2_nand3_1)
     3    0.017015111    0.263606012    0.301306546   14.106515884 ^ _089296_/Y (sg13g2_nor2_1)
     1    0.004037349    0.075771861    0.119253941   14.225769043 v _089298_/Y (sg13g2_nor2b_1)
                         0.075771898    0.000124345   14.225893974 v _127786_/D (sg13g2_dfrbpq_1)
                                                      14.225893974   data arrival time

                                        8.000000000    8.000000000   clock eth_tx_clk_i (rise edge)
                                        1.407353997    9.407354355   clock network delay (propagated)
                                       -0.250000000    9.157354355   clock uncertainty
                                        0.104306564    9.261660576   clock reconvergence pessimism
                                                       9.261660576 ^ _127786_/CLK (sg13g2_dfrbpq_1)
                                       -0.186443910    9.075217247   library setup time
                                                       9.075217247   data required time
---------------------------------------------------------------------------------------------------------
                                                       9.075217247   data required time
                                                     -14.225893974   data arrival time
---------------------------------------------------------------------------------------------------------
                                                      -5.150676250   slack (VIOLATED)


Startpoint: _129764_ (rising edge-triggered flip-flop clocked by eth_tx_clk_i)
Endpoint: _127783_ (rising edge-triggered flip-flop clocked by eth_tx_clk_i)
Path Group: eth_tx_clk_i
Path Type: max
Corner: nom_slow_1p08V_125C

Fanout            Cap           Slew          Delay           Time   Description
---------------------------------------------------------------------------------------------------------
                                        0.000000000    0.000000000   clock eth_tx_clk_i (rise edge)
                                        1.609109282    1.609109282   clock network delay (propagated)
                         0.102700435    0.000000000    1.609109282 ^ _129764_/CLK (sg13g2_dfrbpq_1)
     6    0.025852112    0.140593469    0.405406505    2.014515638 v _129764_/Q (sg13g2_dfrbpq_1)
     7    0.196558073    3.753028154    2.929718733    4.944234371 ^ _063919_/Y (sg13g2_nor3_1)
     3    0.039545354    0.287099063    0.859042645    5.803277016 ^ _063920_/X (sg13g2_buf_1)
     8    0.225856587    1.426827312    1.152554989    6.955832005 ^ fanout5375/X (sg13g2_buf_1)
     2    0.160150543    1.667292356    1.988186121    8.944018364 v _063995_/Y (sg13g2_a22oi_1)
     2    0.034116533    0.575007677    0.962043822    9.906062126 ^ _063999_/Y (sg13g2_nand4_1)
     1    0.006910147    0.138352394    0.204027906   10.110090256 v _064000_/Y (sg13g2_nor2_1)
     1    0.008446441    0.146191284    0.174170911   10.284260750 ^ _064001_/Y (sg13g2_nor2_1)
     1    0.009880858    0.238386154    0.305569798   10.589830399 v _064016_/Y (sg13g2_nand4_1)
     1    0.005116214    0.238719627    0.341285229   10.931116104 ^ _064085_/Y (sg13g2_nor4_1)
     2    0.048812516    0.317584008    0.429769129   11.360884666 ^ _064086_/X (sg13g2_and2_1)
     3    0.015030485    0.147684976    0.285318434   11.646203041 ^ _064116_/Y (sg13g2_nand2b_1)
     1    0.003540150    0.051077113    0.084393829   11.730597496 v _089274_/Y (sg13g2_inv_1)
     2    0.009912134    0.177116886    0.170176759   11.900774002 ^ _089275_/Y (sg13g2_a21oi_1)
     2    0.011151729    0.135268465    0.196857646   12.097631454 v _089276_/Y (sg13g2_nand2_1)
     5    0.029563909    0.168749869    0.330382854   12.428014755 v _089277_/X (sg13g2_a21o_1)
     2    0.009341236    0.093814865    0.129520401   12.557535172 ^ _089278_/Y (sg13g2_inv_1)
     4    0.051547132    0.717673421    0.628830314   13.186365128 v _089282_/Y (sg13g2_nand3_1)
     1    0.031438481    0.520740449    0.656732440   13.843097687 ^ _089286_/Y (sg13g2_nor2_1)
     1    0.003876700    0.113756351    0.165658608   14.008756638 v _089287_/Y (sg13g2_nor2_1)
     1    0.003606369    0.099290095    0.133506536   14.142262459 ^ _089288_/Y (sg13g2_a21oi_1)
                         0.099290095    0.000086153   14.142349243 ^ _127783_/D (sg13g2_dfrbpq_1)
                                                      14.142349243   data arrival time

                                        8.000000000    8.000000000   clock eth_tx_clk_i (rise edge)
                                        1.463150978    9.463150978   clock network delay (propagated)
                                       -0.250000000    9.213150978   clock uncertainty
                                        0.104306564    9.317457199   clock reconvergence pessimism
                                                       9.317457199 ^ _127783_/CLK (sg13g2_dfrbpq_1)
                                       -0.208260015    9.109197617   library setup time
                                                       9.109197617   data required time
---------------------------------------------------------------------------------------------------------
                                                       9.109197617   data required time
                                                     -14.142349243   data arrival time
---------------------------------------------------------------------------------------------------------
                                                      -5.033151627   slack (VIOLATED)


Startpoint: _129764_ (rising edge-triggered flip-flop clocked by eth_tx_clk_i)
Endpoint: _127785_ (rising edge-triggered flip-flop clocked by eth_tx_clk_i)
Path Group: eth_tx_clk_i
Path Type: max
Corner: nom_slow_1p08V_125C

Fanout            Cap           Slew          Delay           Time   Description
---------------------------------------------------------------------------------------------------------
                                        0.000000000    0.000000000   clock eth_tx_clk_i (rise edge)
                                        1.609109282    1.609109282   clock network delay (propagated)
                         0.102700435    0.000000000    1.609109282 ^ _129764_/CLK (sg13g2_dfrbpq_1)
     6    0.025852112    0.140593469    0.405406505    2.014515638 v _129764_/Q (sg13g2_dfrbpq_1)
     7    0.196558073    3.753028154    2.929718733    4.944234371 ^ _063919_/Y (sg13g2_nor3_1)
     3    0.039545354    0.287099063    0.859042645    5.803277016 ^ _063920_/X (sg13g2_buf_1)
     8    0.225856587    1.426827312    1.152554989    6.955832005 ^ fanout5375/X (sg13g2_buf_1)
     2    0.160150543    1.667292356    1.988186121    8.944018364 v _063995_/Y (sg13g2_a22oi_1)
     2    0.034116533    0.575007677    0.962043822    9.906062126 ^ _063999_/Y (sg13g2_nand4_1)
     1    0.006910147    0.138352394    0.204027906   10.110090256 v _064000_/Y (sg13g2_nor2_1)
     1    0.008446441    0.146191284    0.174170911   10.284260750 ^ _064001_/Y (sg13g2_nor2_1)
     1    0.009880858    0.238386154    0.305569798   10.589830399 v _064016_/Y (sg13g2_nand4_1)
     1    0.005116214    0.238719627    0.341285229   10.931116104 ^ _064085_/Y (sg13g2_nor4_1)
     2    0.048812516    0.317584008    0.429769129   11.360884666 ^ _064086_/X (sg13g2_and2_1)
     3    0.015030485    0.147684976    0.285318434   11.646203041 ^ _064116_/Y (sg13g2_nand2b_1)
     1    0.003540150    0.051077113    0.084393829   11.730597496 v _089274_/Y (sg13g2_inv_1)
     2    0.009912134    0.177116886    0.170176759   11.900774002 ^ _089275_/Y (sg13g2_a21oi_1)
     2    0.011151729    0.135268465    0.196857646   12.097631454 v _089276_/Y (sg13g2_nand2_1)
     5    0.029563909    0.168749869    0.330382854   12.428014755 v _089277_/X (sg13g2_a21o_1)
     2    0.009341236    0.093814865    0.129520401   12.557535172 ^ _089278_/Y (sg13g2_inv_1)
     4    0.051547132    0.717673421    0.628830314   13.186365128 v _089282_/Y (sg13g2_nand3_1)
     3    0.013819916    0.234489262    0.323182374   13.509547234 ^ _089285_/Y (sg13g2_nand2_1)
     3    0.012197257    0.228454486    0.295661271   13.805209160 v _089291_/Y (sg13g2_nand3_1)
     1    0.005911475    0.085038774    0.120413013   13.925621986 ^ _089292_/Y (sg13g2_inv_1)
     1    0.005352048    0.113170043    0.092035718   14.017657280 v _089294_/Y (sg13g2_nor3_1)
                         0.113170125    0.000211386   14.017868996 v _127785_/D (sg13g2_dfrbpq_1)
                                                      14.017868996   data arrival time

                                        8.000000000    8.000000000   clock eth_tx_clk_i (rise edge)
                                        1.407404423    9.407404900   clock network delay (propagated)
                                       -0.250000000    9.157404900   clock uncertainty
                                        0.104306564    9.261712074   clock reconvergence pessimism
                                                       9.261712074 ^ _127785_/CLK (sg13g2_dfrbpq_1)
                                       -0.203398824    9.058312416   library setup time
                                                       9.058312416   data required time
---------------------------------------------------------------------------------------------------------
                                                       9.058312416   data required time
                                                     -14.017868996   data arrival time
---------------------------------------------------------------------------------------------------------
                                                      -4.959556580   slack (VIOLATED)


Startpoint: _129764_ (rising edge-triggered flip-flop clocked by eth_tx_clk_i)
Endpoint: _127784_ (rising edge-triggered flip-flop clocked by eth_tx_clk_i)
Path Group: eth_tx_clk_i
Path Type: max
Corner: nom_slow_1p08V_125C

Fanout            Cap           Slew          Delay           Time   Description
---------------------------------------------------------------------------------------------------------
                                        0.000000000    0.000000000   clock eth_tx_clk_i (rise edge)
                                        1.609109282    1.609109282   clock network delay (propagated)
                         0.102700435    0.000000000    1.609109282 ^ _129764_/CLK (sg13g2_dfrbpq_1)
     6    0.025852112    0.140593469    0.405406505    2.014515638 v _129764_/Q (sg13g2_dfrbpq_1)
     7    0.196558073    3.753028154    2.929718733    4.944234371 ^ _063919_/Y (sg13g2_nor3_1)
     3    0.039545354    0.287099063    0.859042645    5.803277016 ^ _063920_/X (sg13g2_buf_1)
     8    0.225856587    1.426827312    1.152554989    6.955832005 ^ fanout5375/X (sg13g2_buf_1)
     2    0.160150543    1.667292356    1.988186121    8.944018364 v _063995_/Y (sg13g2_a22oi_1)
     2    0.034116533    0.575007677    0.962043822    9.906062126 ^ _063999_/Y (sg13g2_nand4_1)
     1    0.006910147    0.138352394    0.204027906   10.110090256 v _064000_/Y (sg13g2_nor2_1)
     1    0.008446441    0.146191284    0.174170911   10.284260750 ^ _064001_/Y (sg13g2_nor2_1)
     1    0.009880858    0.238386154    0.305569798   10.589830399 v _064016_/Y (sg13g2_nand4_1)
     1    0.005116214    0.238719627    0.341285229   10.931116104 ^ _064085_/Y (sg13g2_nor4_1)
     2    0.048812516    0.317584008    0.429769129   11.360884666 ^ _064086_/X (sg13g2_and2_1)
     3    0.015030485    0.147684976    0.285318434   11.646203041 ^ _064116_/Y (sg13g2_nand2b_1)
     1    0.003540150    0.051077113    0.084393829   11.730597496 v _089274_/Y (sg13g2_inv_1)
     2    0.009912134    0.177116886    0.170176759   11.900774002 ^ _089275_/Y (sg13g2_a21oi_1)
     2    0.011151729    0.135268465    0.196857646   12.097631454 v _089276_/Y (sg13g2_nand2_1)
     5    0.029563909    0.168749869    0.330382854   12.428014755 v _089277_/X (sg13g2_a21o_1)
     2    0.009341236    0.093814865    0.129520401   12.557535172 ^ _089278_/Y (sg13g2_inv_1)
     4    0.051547132    0.717673421    0.628830314   13.186365128 v _089282_/Y (sg13g2_nand3_1)
     1    0.005374087    0.231189236    0.357328385   13.543693542 ^ _089289_/Y (sg13g2_o21ai_1)
     1    0.005203222    0.116758190    0.121430866   13.665124893 v _089290_/Y (sg13g2_a21oi_1)
                         0.116758257    0.000193623   13.665318489 v _127784_/D (sg13g2_dfrbpq_1)
                                                      13.665318489   data arrival time

                                        8.000000000    8.000000000   clock eth_tx_clk_i (rise edge)
                                        1.477988362    9.477988243   clock network delay (propagated)
                                       -0.250000000    9.227988243   clock uncertainty
                                        0.104306564    9.332295418   clock reconvergence pessimism
                                                       9.332295418 ^ _127784_/CLK (sg13g2_dfrbpq_1)
                                       -0.196353883    9.135941505   library setup time
                                                       9.135941505   data required time
---------------------------------------------------------------------------------------------------------
                                                       9.135941505   data required time
                                                     -13.665318489   data arrival time
---------------------------------------------------------------------------------------------------------
                                                      -4.529376984   slack (VIOLATED)


Startpoint: _129764_ (rising edge-triggered flip-flop clocked by eth_tx_clk_i)
Endpoint: _129836_ (rising edge-triggered flip-flop clocked by eth_tx_clk_i)
Path Group: eth_tx_clk_i
Path Type: max
Corner: nom_slow_1p08V_125C

Fanout            Cap           Slew          Delay           Time   Description
---------------------------------------------------------------------------------------------------------
                                        0.000000000    0.000000000   clock eth_tx_clk_i (rise edge)
                                        1.609109282    1.609109282   clock network delay (propagated)
                         0.102700435    0.000000000    1.609109282 ^ _129764_/CLK (sg13g2_dfrbpq_1)
     6    0.025852112    0.140593469    0.405406505    2.014515638 v _129764_/Q (sg13g2_dfrbpq_1)
     7    0.196558073    3.753028154    2.929718733    4.944234371 ^ _063919_/Y (sg13g2_nor3_1)
     3    0.039545354    0.287099063    0.859042645    5.803277016 ^ _063920_/X (sg13g2_buf_1)
     8    0.225856587    1.426827312    1.152554989    6.955832005 ^ fanout5375/X (sg13g2_buf_1)
     2    0.160150543    1.667292356    1.988186121    8.944018364 v _063995_/Y (sg13g2_a22oi_1)
     2    0.034116533    0.575007677    0.962043822    9.906062126 ^ _063999_/Y (sg13g2_nand4_1)
     1    0.006910147    0.138352394    0.204027906   10.110090256 v _064000_/Y (sg13g2_nor2_1)
     1    0.008446441    0.146191284    0.174170911   10.284260750 ^ _064001_/Y (sg13g2_nor2_1)
     1    0.009880858    0.238386154    0.305569798   10.589830399 v _064016_/Y (sg13g2_nand4_1)
     1    0.005116214    0.238719627    0.341285229   10.931116104 ^ _064085_/Y (sg13g2_nor4_1)
     2    0.048812516    0.317584008    0.429769129   11.360884666 ^ _064086_/X (sg13g2_and2_1)
     3    0.015030485    0.147684976    0.285318434   11.646203041 ^ _064116_/Y (sg13g2_nand2b_1)
     1    0.003540150    0.051077113    0.084393829   11.730597496 v _089274_/Y (sg13g2_inv_1)
     2    0.009912134    0.177116886    0.170176759   11.900774002 ^ _089275_/Y (sg13g2_a21oi_1)
     2    0.011151729    0.135268465    0.196857646   12.097631454 v _089276_/Y (sg13g2_nand2_1)
     5    0.029563909    0.168749869    0.330382854   12.428014755 v _089277_/X (sg13g2_a21o_1)
     2    0.012008181    0.200770319    0.242486045   12.670500755 ^ _099885_/Y (sg13g2_a21oi_1)
     3    0.014121017    0.104499266    0.223903567   12.894404411 ^ _099886_/X (sg13g2_buf_1)
     8    0.052767992    0.338698655    0.362430990   13.256834984 ^ fanout1018/X (sg13g2_buf_1)
     1    0.005357968    0.130090460    0.210000023   13.466835022 v _099899_/Y (sg13g2_a22oi_1)
                         0.130090520    0.000206057   13.467041016 v _129836_/D (sg13g2_dfrbpq_1)
                                                      13.467041016   data arrival time

                                        8.000000000    8.000000000   clock eth_tx_clk_i (rise edge)
                                        1.387620091    9.387619972   clock network delay (propagated)
                                       -0.250000000    9.137619972   clock uncertainty
                                        0.104306564    9.241926193   clock reconvergence pessimism
                                                       9.241926193 ^ _129836_/CLK (sg13g2_dfrbpq_1)
                                       -0.206442475    9.035483360   library setup time
                                                       9.035483360   data required time
---------------------------------------------------------------------------------------------------------
                                                       9.035483360   data required time
                                                     -13.467041016   data arrival time
---------------------------------------------------------------------------------------------------------
                                                      -4.431557655   slack (VIOLATED)


Startpoint: _129764_ (rising edge-triggered flip-flop clocked by eth_tx_clk_i)
Endpoint: _129837_ (rising edge-triggered flip-flop clocked by eth_tx_clk_i)
Path Group: eth_tx_clk_i
Path Type: max
Corner: nom_slow_1p08V_125C

Fanout            Cap           Slew          Delay           Time   Description
---------------------------------------------------------------------------------------------------------
                                        0.000000000    0.000000000   clock eth_tx_clk_i (rise edge)
                                        1.609109282    1.609109282   clock network delay (propagated)
                         0.102700435    0.000000000    1.609109282 ^ _129764_/CLK (sg13g2_dfrbpq_1)
     6    0.025852112    0.140593469    0.405406505    2.014515638 v _129764_/Q (sg13g2_dfrbpq_1)
     7    0.196558073    3.753028154    2.929718733    4.944234371 ^ _063919_/Y (sg13g2_nor3_1)
     3    0.039545354    0.287099063    0.859042645    5.803277016 ^ _063920_/X (sg13g2_buf_1)
     8    0.225856587    1.426827312    1.152554989    6.955832005 ^ fanout5375/X (sg13g2_buf_1)
     2    0.160150543    1.667292356    1.988186121    8.944018364 v _063995_/Y (sg13g2_a22oi_1)
     2    0.034116533    0.575007677    0.962043822    9.906062126 ^ _063999_/Y (sg13g2_nand4_1)
     1    0.006910147    0.138352394    0.204027906   10.110090256 v _064000_/Y (sg13g2_nor2_1)
     1    0.008446441    0.146191284    0.174170911   10.284260750 ^ _064001_/Y (sg13g2_nor2_1)
     1    0.009880858    0.238386154    0.305569798   10.589830399 v _064016_/Y (sg13g2_nand4_1)
     1    0.005116214    0.238719627    0.341285229   10.931116104 ^ _064085_/Y (sg13g2_nor4_1)
     2    0.048812516    0.317584008    0.429769129   11.360884666 ^ _064086_/X (sg13g2_and2_1)
     3    0.015030485    0.147684976    0.285318434   11.646203041 ^ _064116_/Y (sg13g2_nand2b_1)
     1    0.003540150    0.051077113    0.084393829   11.730597496 v _089274_/Y (sg13g2_inv_1)
     2    0.009912134    0.177116886    0.170176759   11.900774002 ^ _089275_/Y (sg13g2_a21oi_1)
     2    0.011151729    0.135268465    0.196857646   12.097631454 v _089276_/Y (sg13g2_nand2_1)
     5    0.029563909    0.168749869    0.330382854   12.428014755 v _089277_/X (sg13g2_a21o_1)
     2    0.012008181    0.200770319    0.242486045   12.670500755 ^ _099885_/Y (sg13g2_a21oi_1)
     3    0.014121017    0.104499266    0.223903567   12.894404411 ^ _099886_/X (sg13g2_buf_1)
     8    0.052767992    0.338698655    0.362430990   13.256834984 ^ fanout1018/X (sg13g2_buf_1)
     1    0.005155022    0.128623858    0.208623350   13.465458870 v _099906_/Y (sg13g2_a22oi_1)
                         0.128623918    0.000194511   13.465653419 v _129837_/D (sg13g2_dfrbpq_1)
                                                      13.465653419   data arrival time

                                        8.000000000    8.000000000   clock eth_tx_clk_i (rise edge)
                                        1.390889764    9.390890121   clock network delay (propagated)
                                       -0.250000000    9.140890121   clock uncertainty
                                        0.104306564    9.245197296   clock reconvergence pessimism
                                                       9.245197296 ^ _129837_/CLK (sg13g2_dfrbpq_1)
                                       -0.205655798    9.039541245   library setup time
                                                       9.039541245   data required time
---------------------------------------------------------------------------------------------------------
                                                       9.039541245   data required time
                                                     -13.465653419   data arrival time
---------------------------------------------------------------------------------------------------------
                                                      -4.426112175   slack (VIOLATED)


Startpoint: _129764_ (rising edge-triggered flip-flop clocked by eth_tx_clk_i)
Endpoint: _129840_ (rising edge-triggered flip-flop clocked by eth_tx_clk_i)
Path Group: eth_tx_clk_i
Path Type: max
Corner: nom_slow_1p08V_125C

Fanout            Cap           Slew          Delay           Time   Description
---------------------------------------------------------------------------------------------------------
                                        0.000000000    0.000000000   clock eth_tx_clk_i (rise edge)
                                        1.609109282    1.609109282   clock network delay (propagated)
                         0.102700435    0.000000000    1.609109282 ^ _129764_/CLK (sg13g2_dfrbpq_1)
     6    0.025852112    0.140593469    0.405406505    2.014515638 v _129764_/Q (sg13g2_dfrbpq_1)
     7    0.196558073    3.753028154    2.929718733    4.944234371 ^ _063919_/Y (sg13g2_nor3_1)
     3    0.039545354    0.287099063    0.859042645    5.803277016 ^ _063920_/X (sg13g2_buf_1)
     8    0.225856587    1.426827312    1.152554989    6.955832005 ^ fanout5375/X (sg13g2_buf_1)
     2    0.160150543    1.667292356    1.988186121    8.944018364 v _063995_/Y (sg13g2_a22oi_1)
     2    0.034116533    0.575007677    0.962043822    9.906062126 ^ _063999_/Y (sg13g2_nand4_1)
     1    0.006910147    0.138352394    0.204027906   10.110090256 v _064000_/Y (sg13g2_nor2_1)
     1    0.008446441    0.146191284    0.174170911   10.284260750 ^ _064001_/Y (sg13g2_nor2_1)
     1    0.009880858    0.238386154    0.305569798   10.589830399 v _064016_/Y (sg13g2_nand4_1)
     1    0.005116214    0.238719627    0.341285229   10.931116104 ^ _064085_/Y (sg13g2_nor4_1)
     2    0.048812516    0.317584008    0.429769129   11.360884666 ^ _064086_/X (sg13g2_and2_1)
     3    0.015030485    0.147684976    0.285318434   11.646203041 ^ _064116_/Y (sg13g2_nand2b_1)
     1    0.003540150    0.051077113    0.084393829   11.730597496 v _089274_/Y (sg13g2_inv_1)
     2    0.009912134    0.177116886    0.170176759   11.900774002 ^ _089275_/Y (sg13g2_a21oi_1)
     2    0.011151729    0.135268465    0.196857646   12.097631454 v _089276_/Y (sg13g2_nand2_1)
     5    0.029563909    0.168749869    0.330382854   12.428014755 v _089277_/X (sg13g2_a21o_1)
     2    0.012008181    0.200770319    0.242486045   12.670500755 ^ _099885_/Y (sg13g2_a21oi_1)
     3    0.014121017    0.104499266    0.223903567   12.894404411 ^ _099886_/X (sg13g2_buf_1)
     8    0.052767992    0.338698655    0.362430990   13.256834984 ^ fanout1018/X (sg13g2_buf_1)
     1    0.004648721    0.124948889    0.203590930   13.460426331 v _099927_/Y (sg13g2_a22oi_1)
                         0.124948926    0.000168754   13.460595131 v _129840_/D (sg13g2_dfrbpq_1)
                                                      13.460595131   data arrival time

                                        8.000000000    8.000000000   clock eth_tx_clk_i (rise edge)
                                        1.388711214    9.388710976   clock network delay (propagated)
                                       -0.250000000    9.138710976   clock uncertainty
                                        0.104306564    9.243018150   clock reconvergence pessimism
                                                       9.243018150 ^ _129840_/CLK (sg13g2_dfrbpq_1)
                                       -0.204088345    9.038929939   library setup time
                                                       9.038929939   data required time
---------------------------------------------------------------------------------------------------------
                                                       9.038929939   data required time
                                                     -13.460595131   data arrival time
---------------------------------------------------------------------------------------------------------
                                                      -4.421664715   slack (VIOLATED)


Startpoint: _129764_ (rising edge-triggered flip-flop clocked by eth_tx_clk_i)
Endpoint: _129834_ (rising edge-triggered flip-flop clocked by eth_tx_clk_i)
Path Group: eth_tx_clk_i
Path Type: max
Corner: nom_slow_1p08V_125C

Fanout            Cap           Slew          Delay           Time   Description
---------------------------------------------------------------------------------------------------------
                                        0.000000000    0.000000000   clock eth_tx_clk_i (rise edge)
                                        1.609109282    1.609109282   clock network delay (propagated)
                         0.102700435    0.000000000    1.609109282 ^ _129764_/CLK (sg13g2_dfrbpq_1)
     6    0.025852112    0.140593469    0.405406505    2.014515638 v _129764_/Q (sg13g2_dfrbpq_1)
     7    0.196558073    3.753028154    2.929718733    4.944234371 ^ _063919_/Y (sg13g2_nor3_1)
     3    0.039545354    0.287099063    0.859042645    5.803277016 ^ _063920_/X (sg13g2_buf_1)
     8    0.225856587    1.426827312    1.152554989    6.955832005 ^ fanout5375/X (sg13g2_buf_1)
     2    0.160150543    1.667292356    1.988186121    8.944018364 v _063995_/Y (sg13g2_a22oi_1)
     2    0.034116533    0.575007677    0.962043822    9.906062126 ^ _063999_/Y (sg13g2_nand4_1)
     1    0.006910147    0.138352394    0.204027906   10.110090256 v _064000_/Y (sg13g2_nor2_1)
     1    0.008446441    0.146191284    0.174170911   10.284260750 ^ _064001_/Y (sg13g2_nor2_1)
     1    0.009880858    0.238386154    0.305569798   10.589830399 v _064016_/Y (sg13g2_nand4_1)
     1    0.005116214    0.238719627    0.341285229   10.931116104 ^ _064085_/Y (sg13g2_nor4_1)
     2    0.048812516    0.317584008    0.429769129   11.360884666 ^ _064086_/X (sg13g2_and2_1)
     3    0.015030485    0.147684976    0.285318434   11.646203041 ^ _064116_/Y (sg13g2_nand2b_1)
     1    0.003540150    0.051077113    0.084393829   11.730597496 v _089274_/Y (sg13g2_inv_1)
     2    0.009912134    0.177116886    0.170176759   11.900774002 ^ _089275_/Y (sg13g2_a21oi_1)
     2    0.011151729    0.135268465    0.196857646   12.097631454 v _089276_/Y (sg13g2_nand2_1)
     5    0.029563909    0.168749869    0.330382854   12.428014755 v _089277_/X (sg13g2_a21o_1)
     2    0.012008181    0.200770319    0.242486045   12.670500755 ^ _099885_/Y (sg13g2_a21oi_1)
     3    0.014121017    0.104499266    0.223903567   12.894404411 ^ _099886_/X (sg13g2_buf_1)
     8    0.052767992    0.338698655    0.362430990   13.256834984 ^ fanout1018/X (sg13g2_buf_1)
     1    0.005277635    0.150581107    0.195464984   13.452300072 v _099887_/Y (sg13g2_a22oi_1)
                         0.150581166    0.000199840   13.452500343 v _129834_/D (sg13g2_dfrbpq_1)
                                                      13.452500343   data arrival time

                                        8.000000000    8.000000000   clock eth_tx_clk_i (rise edge)
                                        1.399192452    9.399192810   clock network delay (propagated)
                                       -0.250000000    9.149192810   clock uncertainty
                                        0.104306564    9.253499985   clock reconvergence pessimism
                                                       9.253499985 ^ _129834_/CLK (sg13g2_dfrbpq_1)
                                       -0.213214502    9.040285110   library setup time
                                                       9.040285110   data required time
---------------------------------------------------------------------------------------------------------
                                                       9.040285110   data required time
                                                     -13.452500343   data arrival time
---------------------------------------------------------------------------------------------------------
                                                      -4.412214756   slack (VIOLATED)


Startpoint: _129764_ (rising edge-triggered flip-flop clocked by eth_tx_clk_i)
Endpoint: _129839_ (rising edge-triggered flip-flop clocked by eth_tx_clk_i)
Path Group: eth_tx_clk_i
Path Type: max
Corner: nom_slow_1p08V_125C

Fanout            Cap           Slew          Delay           Time   Description
---------------------------------------------------------------------------------------------------------
                                        0.000000000    0.000000000   clock eth_tx_clk_i (rise edge)
                                        1.609109282    1.609109282   clock network delay (propagated)
                         0.102700435    0.000000000    1.609109282 ^ _129764_/CLK (sg13g2_dfrbpq_1)
     6    0.025852112    0.140593469    0.405406505    2.014515638 v _129764_/Q (sg13g2_dfrbpq_1)
     7    0.196558073    3.753028154    2.929718733    4.944234371 ^ _063919_/Y (sg13g2_nor3_1)
     3    0.039545354    0.287099063    0.859042645    5.803277016 ^ _063920_/X (sg13g2_buf_1)
     8    0.225856587    1.426827312    1.152554989    6.955832005 ^ fanout5375/X (sg13g2_buf_1)
     2    0.160150543    1.667292356    1.988186121    8.944018364 v _063995_/Y (sg13g2_a22oi_1)
     2    0.034116533    0.575007677    0.962043822    9.906062126 ^ _063999_/Y (sg13g2_nand4_1)
     1    0.006910147    0.138352394    0.204027906   10.110090256 v _064000_/Y (sg13g2_nor2_1)
     1    0.008446441    0.146191284    0.174170911   10.284260750 ^ _064001_/Y (sg13g2_nor2_1)
     1    0.009880858    0.238386154    0.305569798   10.589830399 v _064016_/Y (sg13g2_nand4_1)
     1    0.005116214    0.238719627    0.341285229   10.931116104 ^ _064085_/Y (sg13g2_nor4_1)
     2    0.048812516    0.317584008    0.429769129   11.360884666 ^ _064086_/X (sg13g2_and2_1)
     3    0.015030485    0.147684976    0.285318434   11.646203041 ^ _064116_/Y (sg13g2_nand2b_1)
     1    0.003540150    0.051077113    0.084393829   11.730597496 v _089274_/Y (sg13g2_inv_1)
     2    0.009912134    0.177116886    0.170176759   11.900774002 ^ _089275_/Y (sg13g2_a21oi_1)
     2    0.011151729    0.135268465    0.196857646   12.097631454 v _089276_/Y (sg13g2_nand2_1)
     5    0.029563909    0.168749869    0.330382854   12.428014755 v _089277_/X (sg13g2_a21o_1)
     2    0.012008181    0.200770319    0.242486045   12.670500755 ^ _099885_/Y (sg13g2_a21oi_1)
     3    0.014121017    0.104499266    0.223903567   12.894404411 ^ _099886_/X (sg13g2_buf_1)
     8    0.052767992    0.338698655    0.362430990   13.256834984 ^ fanout1018/X (sg13g2_buf_1)
     1    0.004993512    0.127456218    0.207514018   13.464348793 v _099920_/Y (sg13g2_a22oi_1)
                         0.127456263    0.000177636   13.464527130 v _129839_/D (sg13g2_dfrbpq_1)
                                                      13.464527130   data arrival time

                                        8.000000000    8.000000000   clock eth_tx_clk_i (rise edge)
                                        1.416646600    9.416646004   clock network delay (propagated)
                                       -0.250000000    9.166646004   clock uncertainty
                                        0.104306564    9.270953178   clock reconvergence pessimism
                                                       9.270953178 ^ _129839_/CLK (sg13g2_dfrbpq_1)
                                       -0.207899228    9.063054085   library setup time
                                                       9.063054085   data required time
---------------------------------------------------------------------------------------------------------
                                                       9.063054085   data required time
                                                     -13.464527130   data arrival time
---------------------------------------------------------------------------------------------------------
                                                      -4.401473045   slack (VIOLATED)


Startpoint: _129764_ (rising edge-triggered flip-flop clocked by eth_tx_clk_i)
Endpoint: _129841_ (rising edge-triggered flip-flop clocked by eth_tx_clk_i)
Path Group: eth_tx_clk_i
Path Type: max
Corner: nom_slow_1p08V_125C

Fanout            Cap           Slew          Delay           Time   Description
---------------------------------------------------------------------------------------------------------
                                        0.000000000    0.000000000   clock eth_tx_clk_i (rise edge)
                                        1.609109282    1.609109282   clock network delay (propagated)
                         0.102700435    0.000000000    1.609109282 ^ _129764_/CLK (sg13g2_dfrbpq_1)
     6    0.025852112    0.140593469    0.405406505    2.014515638 v _129764_/Q (sg13g2_dfrbpq_1)
     7    0.196558073    3.753028154    2.929718733    4.944234371 ^ _063919_/Y (sg13g2_nor3_1)
     3    0.039545354    0.287099063    0.859042645    5.803277016 ^ _063920_/X (sg13g2_buf_1)
     8    0.225856587    1.426827312    1.152554989    6.955832005 ^ fanout5375/X (sg13g2_buf_1)
     2    0.160150543    1.667292356    1.988186121    8.944018364 v _063995_/Y (sg13g2_a22oi_1)
     2    0.034116533    0.575007677    0.962043822    9.906062126 ^ _063999_/Y (sg13g2_nand4_1)
     1    0.006910147    0.138352394    0.204027906   10.110090256 v _064000_/Y (sg13g2_nor2_1)
     1    0.008446441    0.146191284    0.174170911   10.284260750 ^ _064001_/Y (sg13g2_nor2_1)
     1    0.009880858    0.238386154    0.305569798   10.589830399 v _064016_/Y (sg13g2_nand4_1)
     1    0.005116214    0.238719627    0.341285229   10.931116104 ^ _064085_/Y (sg13g2_nor4_1)
     2    0.048812516    0.317584008    0.429769129   11.360884666 ^ _064086_/X (sg13g2_and2_1)
     3    0.015030485    0.147684976    0.285318434   11.646203041 ^ _064116_/Y (sg13g2_nand2b_1)
     1    0.003540150    0.051077113    0.084393829   11.730597496 v _089274_/Y (sg13g2_inv_1)
     2    0.009912134    0.177116886    0.170176759   11.900774002 ^ _089275_/Y (sg13g2_a21oi_1)
     2    0.011151729    0.135268465    0.196857646   12.097631454 v _089276_/Y (sg13g2_nand2_1)
     5    0.029563909    0.168749869    0.330382854   12.428014755 v _089277_/X (sg13g2_a21o_1)
     2    0.012008181    0.200770319    0.242486045   12.670500755 ^ _099885_/Y (sg13g2_a21oi_1)
     3    0.014121017    0.104499266    0.223903567   12.894404411 ^ _099886_/X (sg13g2_buf_1)
     8    0.052767992    0.338698655    0.362430990   13.256834984 ^ fanout1018/X (sg13g2_buf_1)
     1    0.003053910    0.113297425    0.187901258   13.444736481 v _099933_/Y (sg13g2_a22oi_1)
                         0.113297425    0.000067502   13.444804192 v _129841_/D (sg13g2_dfrbpq_1)
                                                      13.444804192   data arrival time

                                        8.000000000    8.000000000   clock eth_tx_clk_i (rise edge)
                                        1.388609290    9.388608932   clock network delay (propagated)
                                       -0.250000000    9.138608932   clock uncertainty
                                        0.104306564    9.242916107   clock reconvergence pessimism
                                                       9.242916107 ^ _129841_/CLK (sg13g2_dfrbpq_1)
                                       -0.198807940    9.044108391   library setup time
                                                       9.044108391   data required time
---------------------------------------------------------------------------------------------------------
                                                       9.044108391   data required time
                                                     -13.444804192   data arrival time
---------------------------------------------------------------------------------------------------------
                                                      -4.400695801   slack (VIOLATED)


Startpoint: _129764_ (rising edge-triggered flip-flop clocked by eth_tx_clk_i)
Endpoint: _129835_ (rising edge-triggered flip-flop clocked by eth_tx_clk_i)
Path Group: eth_tx_clk_i
Path Type: max
Corner: nom_slow_1p08V_125C

Fanout            Cap           Slew          Delay           Time   Description
---------------------------------------------------------------------------------------------------------
                                        0.000000000    0.000000000   clock eth_tx_clk_i (rise edge)
                                        1.609109282    1.609109282   clock network delay (propagated)
                         0.102700435    0.000000000    1.609109282 ^ _129764_/CLK (sg13g2_dfrbpq_1)
     6    0.025852112    0.140593469    0.405406505    2.014515638 v _129764_/Q (sg13g2_dfrbpq_1)
     7    0.196558073    3.753028154    2.929718733    4.944234371 ^ _063919_/Y (sg13g2_nor3_1)
     3    0.039545354    0.287099063    0.859042645    5.803277016 ^ _063920_/X (sg13g2_buf_1)
     8    0.225856587    1.426827312    1.152554989    6.955832005 ^ fanout5375/X (sg13g2_buf_1)
     2    0.160150543    1.667292356    1.988186121    8.944018364 v _063995_/Y (sg13g2_a22oi_1)
     2    0.034116533    0.575007677    0.962043822    9.906062126 ^ _063999_/Y (sg13g2_nand4_1)
     1    0.006910147    0.138352394    0.204027906   10.110090256 v _064000_/Y (sg13g2_nor2_1)
     1    0.008446441    0.146191284    0.174170911   10.284260750 ^ _064001_/Y (sg13g2_nor2_1)
     1    0.009880858    0.238386154    0.305569798   10.589830399 v _064016_/Y (sg13g2_nand4_1)
     1    0.005116214    0.238719627    0.341285229   10.931116104 ^ _064085_/Y (sg13g2_nor4_1)
     2    0.048812516    0.317584008    0.429769129   11.360884666 ^ _064086_/X (sg13g2_and2_1)
     3    0.015030485    0.147684976    0.285318434   11.646203041 ^ _064116_/Y (sg13g2_nand2b_1)
     1    0.003540150    0.051077113    0.084393829   11.730597496 v _089274_/Y (sg13g2_inv_1)
     2    0.009912134    0.177116886    0.170176759   11.900774002 ^ _089275_/Y (sg13g2_a21oi_1)
     2    0.011151729    0.135268465    0.196857646   12.097631454 v _089276_/Y (sg13g2_nand2_1)
     5    0.029563909    0.168749869    0.330382854   12.428014755 v _089277_/X (sg13g2_a21o_1)
     2    0.012008181    0.200770319    0.242486045   12.670500755 ^ _099885_/Y (sg13g2_a21oi_1)
     3    0.014121017    0.104499266    0.223903567   12.894404411 ^ _099886_/X (sg13g2_buf_1)
     8    0.052767992    0.338698655    0.362430990   13.256834984 ^ fanout1018/X (sg13g2_buf_1)
     1    0.004396731    0.123083711    0.195053756   13.451889038 v _099893_/Y (sg13g2_a22oi_1)
                         0.123083740    0.000150102   13.452038765 v _129835_/D (sg13g2_dfrbpq_1)
                                                      13.452038765   data arrival time

                                        8.000000000    8.000000000   clock eth_tx_clk_i (rise edge)
                                        1.399650693    9.399651527   clock network delay (propagated)
                                       -0.250000000    9.149651527   clock uncertainty
                                        0.104306564    9.253957748   clock reconvergence pessimism
                                                       9.253957748 ^ _129835_/CLK (sg13g2_dfrbpq_1)
                                       -0.200716779    9.053240776   library setup time
                                                       9.053240776   data required time
---------------------------------------------------------------------------------------------------------
                                                       9.053240776   data required time
                                                     -13.452038765   data arrival time
---------------------------------------------------------------------------------------------------------
                                                      -4.398797989   slack (VIOLATED)


Startpoint: _129764_ (rising edge-triggered flip-flop clocked by eth_tx_clk_i)
Endpoint: _129838_ (rising edge-triggered flip-flop clocked by eth_tx_clk_i)
Path Group: eth_tx_clk_i
Path Type: max
Corner: nom_slow_1p08V_125C

Fanout            Cap           Slew          Delay           Time   Description
---------------------------------------------------------------------------------------------------------
                                        0.000000000    0.000000000   clock eth_tx_clk_i (rise edge)
                                        1.609109282    1.609109282   clock network delay (propagated)
                         0.102700435    0.000000000    1.609109282 ^ _129764_/CLK (sg13g2_dfrbpq_1)
     6    0.025852112    0.140593469    0.405406505    2.014515638 v _129764_/Q (sg13g2_dfrbpq_1)
     7    0.196558073    3.753028154    2.929718733    4.944234371 ^ _063919_/Y (sg13g2_nor3_1)
     3    0.039545354    0.287099063    0.859042645    5.803277016 ^ _063920_/X (sg13g2_buf_1)
     8    0.225856587    1.426827312    1.152554989    6.955832005 ^ fanout5375/X (sg13g2_buf_1)
     2    0.160150543    1.667292356    1.988186121    8.944018364 v _063995_/Y (sg13g2_a22oi_1)
     2    0.034116533    0.575007677    0.962043822    9.906062126 ^ _063999_/Y (sg13g2_nand4_1)
     1    0.006910147    0.138352394    0.204027906   10.110090256 v _064000_/Y (sg13g2_nor2_1)
     1    0.008446441    0.146191284    0.174170911   10.284260750 ^ _064001_/Y (sg13g2_nor2_1)
     1    0.009880858    0.238386154    0.305569798   10.589830399 v _064016_/Y (sg13g2_nand4_1)
     1    0.005116214    0.238719627    0.341285229   10.931116104 ^ _064085_/Y (sg13g2_nor4_1)
     2    0.048812516    0.317584008    0.429769129   11.360884666 ^ _064086_/X (sg13g2_and2_1)
     3    0.015030485    0.147684976    0.285318434   11.646203041 ^ _064116_/Y (sg13g2_nand2b_1)
     1    0.003540150    0.051077113    0.084393829   11.730597496 v _089274_/Y (sg13g2_inv_1)
     2    0.009912134    0.177116886    0.170176759   11.900774002 ^ _089275_/Y (sg13g2_a21oi_1)
     2    0.011151729    0.135268465    0.196857646   12.097631454 v _089276_/Y (sg13g2_nand2_1)
     5    0.029563909    0.168749869    0.330382854   12.428014755 v _089277_/X (sg13g2_a21o_1)
     2    0.012008181    0.200770319    0.242486045   12.670500755 ^ _099885_/Y (sg13g2_a21oi_1)
     3    0.014121017    0.104499266    0.223903567   12.894404411 ^ _099886_/X (sg13g2_buf_1)
     8    0.052767992    0.338698655    0.362430990   13.256834984 ^ fanout1018/X (sg13g2_buf_1)
     1    0.004360999    0.122865289    0.201481506   13.458316803 v _099912_/Y (sg13g2_a22oi_1)
                         0.122865304    0.000133227   13.458450317 v _129838_/D (sg13g2_dfrbpq_1)
                                                      13.458450317   data arrival time

                                        8.000000000    8.000000000   clock eth_tx_clk_i (rise edge)
                                        1.415558100    9.415558815   clock network delay (propagated)
                                       -0.250000000    9.165558815   clock uncertainty
                                        0.104306564    9.269865036   clock reconvergence pessimism
                                                       9.269865036 ^ _129838_/CLK (sg13g2_dfrbpq_1)
                                       -0.205878675    9.063985825   library setup time
                                                       9.063985825   data required time
---------------------------------------------------------------------------------------------------------
                                                       9.063985825   data required time
                                                     -13.458450317   data arrival time
---------------------------------------------------------------------------------------------------------
                                                      -4.394463539   slack (VIOLATED)


Startpoint: _129764_ (rising edge-triggered flip-flop clocked by eth_tx_clk_i)
Endpoint: _129831_ (rising edge-triggered flip-flop clocked by eth_tx_clk_i)
Path Group: eth_tx_clk_i
Path Type: max
Corner: nom_slow_1p08V_125C

Fanout            Cap           Slew          Delay           Time   Description
---------------------------------------------------------------------------------------------------------
                                        0.000000000    0.000000000   clock eth_tx_clk_i (rise edge)
                                        1.609109282    1.609109282   clock network delay (propagated)
                         0.102700435    0.000000000    1.609109282 ^ _129764_/CLK (sg13g2_dfrbpq_1)
     6    0.025852112    0.140593469    0.405406505    2.014515638 v _129764_/Q (sg13g2_dfrbpq_1)
     7    0.196558073    3.753028154    2.929718733    4.944234371 ^ _063919_/Y (sg13g2_nor3_1)
     3    0.039545354    0.287099063    0.859042645    5.803277016 ^ _063920_/X (sg13g2_buf_1)
     8    0.225856587    1.426827312    1.152554989    6.955832005 ^ fanout5375/X (sg13g2_buf_1)
     2    0.160150543    1.667292356    1.988186121    8.944018364 v _063995_/Y (sg13g2_a22oi_1)
     2    0.034116533    0.575007677    0.962043822    9.906062126 ^ _063999_/Y (sg13g2_nand4_1)
     1    0.006910147    0.138352394    0.204027906   10.110090256 v _064000_/Y (sg13g2_nor2_1)
     1    0.008446441    0.146191284    0.174170911   10.284260750 ^ _064001_/Y (sg13g2_nor2_1)
     1    0.009880858    0.238386154    0.305569798   10.589830399 v _064016_/Y (sg13g2_nand4_1)
     1    0.005116214    0.238719627    0.341285229   10.931116104 ^ _064085_/Y (sg13g2_nor4_1)
     2    0.048812516    0.317584008    0.429769129   11.360884666 ^ _064086_/X (sg13g2_and2_1)
     3    0.015030485    0.147684976    0.285318434   11.646203041 ^ _064116_/Y (sg13g2_nand2b_1)
     1    0.003540150    0.051077113    0.084393829   11.730597496 v _089274_/Y (sg13g2_inv_1)
     2    0.009912134    0.177116886    0.170176759   11.900774002 ^ _089275_/Y (sg13g2_a21oi_1)
     2    0.011151729    0.135268465    0.196857646   12.097631454 v _089276_/Y (sg13g2_nand2_1)
     5    0.029563909    0.168749869    0.330382854   12.428014755 v _089277_/X (sg13g2_a21o_1)
     4    0.021621503    0.137582704    0.315040439   12.743055344 v _099856_/X (sg13g2_or2_1)
     3    0.013520771    0.095523238    0.259714037   13.002769470 v _099859_/X (sg13g2_a21o_1)
     1    0.003409065    0.045818768    0.210038215   13.212807655 v _099869_/X (sg13g2_a21o_1)
                         0.045818768    0.000087930   13.212895393 v _129831_/D (sg13g2_dfrbpq_1)
                                                      13.212895393   data arrival time

                                        8.000000000    8.000000000   clock eth_tx_clk_i (rise edge)
                                        1.412437916    9.412438393   clock network delay (propagated)
                                       -0.250000000    9.162438393   clock uncertainty
                                        0.104306564    9.266744614   clock reconvergence pessimism
                                                       9.266744614 ^ _129831_/CLK (sg13g2_dfrbpq_1)
                                       -0.163069442    9.103675842   library setup time
                                                       9.103675842   data required time
---------------------------------------------------------------------------------------------------------
                                                       9.103675842   data required time
                                                     -13.212895393   data arrival time
---------------------------------------------------------------------------------------------------------
                                                      -4.109219551   slack (VIOLATED)


Startpoint: _129764_ (rising edge-triggered flip-flop clocked by eth_tx_clk_i)
Endpoint: _129829_ (rising edge-triggered flip-flop clocked by eth_tx_clk_i)
Path Group: eth_tx_clk_i
Path Type: max
Corner: nom_slow_1p08V_125C

Fanout            Cap           Slew          Delay           Time   Description
---------------------------------------------------------------------------------------------------------
                                        0.000000000    0.000000000   clock eth_tx_clk_i (rise edge)
                                        1.609109282    1.609109282   clock network delay (propagated)
                         0.102700435    0.000000000    1.609109282 ^ _129764_/CLK (sg13g2_dfrbpq_1)
     6    0.025852112    0.140593469    0.405406505    2.014515638 v _129764_/Q (sg13g2_dfrbpq_1)
     7    0.196558073    3.753028154    2.929718733    4.944234371 ^ _063919_/Y (sg13g2_nor3_1)
     3    0.039545354    0.287099063    0.859042645    5.803277016 ^ _063920_/X (sg13g2_buf_1)
     8    0.225856587    1.426827312    1.152554989    6.955832005 ^ fanout5375/X (sg13g2_buf_1)
     2    0.160150543    1.667292356    1.988186121    8.944018364 v _063995_/Y (sg13g2_a22oi_1)
     2    0.034116533    0.575007677    0.962043822    9.906062126 ^ _063999_/Y (sg13g2_nand4_1)
     1    0.006910147    0.138352394    0.204027906   10.110090256 v _064000_/Y (sg13g2_nor2_1)
     1    0.008446441    0.146191284    0.174170911   10.284260750 ^ _064001_/Y (sg13g2_nor2_1)
     1    0.009880858    0.238386154    0.305569798   10.589830399 v _064016_/Y (sg13g2_nand4_1)
     1    0.005116214    0.238719627    0.341285229   10.931116104 ^ _064085_/Y (sg13g2_nor4_1)
     2    0.048812516    0.317584008    0.429769129   11.360884666 ^ _064086_/X (sg13g2_and2_1)
     3    0.015030485    0.147684976    0.285318434   11.646203041 ^ _064116_/Y (sg13g2_nand2b_1)
     1    0.003540150    0.051077113    0.084393829   11.730597496 v _089274_/Y (sg13g2_inv_1)
     2    0.009912134    0.177116886    0.170176759   11.900774002 ^ _089275_/Y (sg13g2_a21oi_1)
     2    0.011151729    0.135268465    0.196857646   12.097631454 v _089276_/Y (sg13g2_nand2_1)
     5    0.029563909    0.168749869    0.330382854   12.428014755 v _089277_/X (sg13g2_a21o_1)
     4    0.021621503    0.137582704    0.315040439   12.743055344 v _099856_/X (sg13g2_or2_1)
     3    0.013520771    0.095523238    0.259714037   13.002769470 v _099859_/X (sg13g2_a21o_1)
     1    0.006481427    0.088346660    0.101943344   13.104712486 ^ _099860_/Y (sg13g2_nand2_1)
     1    0.005263260    0.092015311    0.107045934   13.211758614 v _099861_/Y (sg13g2_o21ai_1)
                         0.092015423    0.000205169   13.211963654 v _129829_/D (sg13g2_dfrbpq_1)
                                                      13.211963654   data arrival time

                                        8.000000000    8.000000000   clock eth_tx_clk_i (rise edge)
                                        1.460333705    9.460332870   clock network delay (propagated)
                                       -0.250000000    9.210332870   clock uncertainty
                                        0.104306564    9.314640045   clock reconvergence pessimism
                                                       9.314640045 ^ _129829_/CLK (sg13g2_dfrbpq_1)
                                       -0.185568675    9.129071236   library setup time
                                                       9.129071236   data required time
---------------------------------------------------------------------------------------------------------
                                                       9.129071236   data required time
                                                     -13.211963654   data arrival time
---------------------------------------------------------------------------------------------------------
                                                      -4.082892418   slack (VIOLATED)


Startpoint: _129764_ (rising edge-triggered flip-flop clocked by eth_tx_clk_i)
Endpoint: _129830_ (rising edge-triggered flip-flop clocked by eth_tx_clk_i)
Path Group: eth_tx_clk_i
Path Type: max
Corner: nom_slow_1p08V_125C

Fanout            Cap           Slew          Delay           Time   Description
---------------------------------------------------------------------------------------------------------
                                        0.000000000    0.000000000   clock eth_tx_clk_i (rise edge)
                                        1.609109282    1.609109282   clock network delay (propagated)
                         0.102700435    0.000000000    1.609109282 ^ _129764_/CLK (sg13g2_dfrbpq_1)
     6    0.025852112    0.140593469    0.405406505    2.014515638 v _129764_/Q (sg13g2_dfrbpq_1)
     7    0.196558073    3.753028154    2.929718733    4.944234371 ^ _063919_/Y (sg13g2_nor3_1)
     3    0.039545354    0.287099063    0.859042645    5.803277016 ^ _063920_/X (sg13g2_buf_1)
     8    0.225856587    1.426827312    1.152554989    6.955832005 ^ fanout5375/X (sg13g2_buf_1)
     2    0.160150543    1.667292356    1.988186121    8.944018364 v _063995_/Y (sg13g2_a22oi_1)
     2    0.034116533    0.575007677    0.962043822    9.906062126 ^ _063999_/Y (sg13g2_nand4_1)
     1    0.006910147    0.138352394    0.204027906   10.110090256 v _064000_/Y (sg13g2_nor2_1)
     1    0.008446441    0.146191284    0.174170911   10.284260750 ^ _064001_/Y (sg13g2_nor2_1)
     1    0.009880858    0.238386154    0.305569798   10.589830399 v _064016_/Y (sg13g2_nand4_1)
     1    0.005116214    0.238719627    0.341285229   10.931116104 ^ _064085_/Y (sg13g2_nor4_1)
     2    0.048812516    0.317584008    0.429769129   11.360884666 ^ _064086_/X (sg13g2_and2_1)
     3    0.015030485    0.147684976    0.285318434   11.646203041 ^ _064116_/Y (sg13g2_nand2b_1)
     1    0.003540150    0.051077113    0.084393829   11.730597496 v _089274_/Y (sg13g2_inv_1)
     2    0.009912134    0.177116886    0.170176759   11.900774002 ^ _089275_/Y (sg13g2_a21oi_1)
     2    0.011151729    0.135268465    0.196857646   12.097631454 v _089276_/Y (sg13g2_nand2_1)
     5    0.029563909    0.168749869    0.330382854   12.428014755 v _089277_/X (sg13g2_a21o_1)
     4    0.021621503    0.137582704    0.315040439   12.743055344 v _099856_/X (sg13g2_or2_1)
     3    0.013520771    0.095523238    0.259714037   13.002769470 v _099859_/X (sg13g2_a21o_1)
     1    0.004861247    0.060995344    0.093410619   13.096179962 ^ _099865_/Y (sg13g2_nand2_1)
     1    0.001805797    0.063657627    0.069535494   13.165715218 v _099866_/Y (sg13g2_o21ai_1)
                         0.063657627    0.000017764   13.165733337 v _129830_/D (sg13g2_dfrbpq_1)
                                                      13.165733337   data arrival time

                                        8.000000000    8.000000000   clock eth_tx_clk_i (rise edge)
                                        1.460332990    9.460332870   clock network delay (propagated)
                                       -0.250000000    9.210332870   clock uncertainty
                                        0.104306564    9.314640045   clock reconvergence pessimism
                                                       9.314640045 ^ _129830_/CLK (sg13g2_dfrbpq_1)
                                       -0.172708929    9.141930580   library setup time
                                                       9.141930580   data required time
---------------------------------------------------------------------------------------------------------
                                                       9.141930580   data required time
                                                     -13.165733337   data arrival time
---------------------------------------------------------------------------------------------------------
                                                      -4.023801804   slack (VIOLATED)


Startpoint: _129764_ (rising edge-triggered flip-flop clocked by eth_tx_clk_i)
Endpoint: _129843_ (rising edge-triggered flip-flop clocked by eth_tx_clk_i)
Path Group: eth_tx_clk_i
Path Type: max
Corner: nom_slow_1p08V_125C

Fanout            Cap           Slew          Delay           Time   Description
---------------------------------------------------------------------------------------------------------
                                        0.000000000    0.000000000   clock eth_tx_clk_i (rise edge)
                                        1.609109282    1.609109282   clock network delay (propagated)
                         0.102700435    0.000000000    1.609109282 ^ _129764_/CLK (sg13g2_dfrbpq_1)
     6    0.025852112    0.140593469    0.405406505    2.014515638 v _129764_/Q (sg13g2_dfrbpq_1)
     7    0.196558073    3.753028154    2.929718733    4.944234371 ^ _063919_/Y (sg13g2_nor3_1)
     3    0.039545354    0.287099063    0.859042645    5.803277016 ^ _063920_/X (sg13g2_buf_1)
     8    0.225856587    1.426827312    1.152554989    6.955832005 ^ fanout5375/X (sg13g2_buf_1)
     2    0.160150543    1.667292356    1.988186121    8.944018364 v _063995_/Y (sg13g2_a22oi_1)
     2    0.034116533    0.575007677    0.962043822    9.906062126 ^ _063999_/Y (sg13g2_nand4_1)
     1    0.006910147    0.138352394    0.204027906   10.110090256 v _064000_/Y (sg13g2_nor2_1)
     1    0.008446441    0.146191284    0.174170911   10.284260750 ^ _064001_/Y (sg13g2_nor2_1)
     1    0.009880858    0.238386154    0.305569798   10.589830399 v _064016_/Y (sg13g2_nand4_1)
     1    0.005116214    0.238719627    0.341285229   10.931116104 ^ _064085_/Y (sg13g2_nor4_1)
     2    0.048812516    0.317584008    0.429769129   11.360884666 ^ _064086_/X (sg13g2_and2_1)
     3    0.015030485    0.147684976    0.285318434   11.646203041 ^ _064116_/Y (sg13g2_nand2b_1)
     1    0.003540150    0.051077113    0.084393829   11.730597496 v _089274_/Y (sg13g2_inv_1)
     2    0.009912134    0.177116886    0.170176759   11.900774002 ^ _089275_/Y (sg13g2_a21oi_1)
     2    0.011151729    0.135268465    0.196857646   12.097631454 v _089276_/Y (sg13g2_nand2_1)
     5    0.029563909    0.168749869    0.330382854   12.428014755 v _089277_/X (sg13g2_a21o_1)
     2    0.012008181    0.200770319    0.242486045   12.670500755 ^ _099885_/Y (sg13g2_a21oi_1)
     3    0.014121017    0.104499266    0.223903567   12.894404411 ^ _099886_/X (sg13g2_buf_1)
     1    0.004667954    0.096244454    0.127394095   13.021798134 v _099947_/Y (sg13g2_a22oi_1)
                         0.096244492    0.000151879   13.021949768 v _129843_/D (sg13g2_dfrbpq_1)
                                                      13.021949768   data arrival time

                                        8.000000000    8.000000000   clock eth_tx_clk_i (rise edge)
                                        1.399517894    9.399518013   clock network delay (propagated)
                                       -0.250000000    9.149518013   clock uncertainty
                                        0.104306564    9.253824234   clock reconvergence pessimism
                                                       9.253824234 ^ _129843_/CLK (sg13g2_dfrbpq_1)
                                       -0.188554496    9.065270424   library setup time
                                                       9.065270424   data required time
---------------------------------------------------------------------------------------------------------
                                                       9.065270424   data required time
                                                     -13.021949768   data arrival time
---------------------------------------------------------------------------------------------------------
                                                      -3.956679583   slack (VIOLATED)


