time_s,VCO_diff,CML_diff,FIRST_XM_clock_diff,FIRST_XM_clock_cm,FIRST_XM_collector_diff,FIRST_XM_collector_cm,FIRST_XM_tail_IC,FIRST_XM_hold_IC,FIRST_XM_sample_IC,FIRST_XM_regenerative_ICdiff,FIRST_XM_tail_VBE,FIRST_XS_clock_diff,FIRST_XS_clock_cm,FIRST_XS_collector_diff,FIRST_XS_collector_cm,FIRST_XS_tail_IC,FIRST_XS_hold_IC,FIRST_XS_sample_IC,FIRST_XS_regenerative_ICdiff,FIRST_XS_tail_VBE,SECOND_XM_clock_diff,SECOND_XM_clock_cm,SECOND_XM_collector_diff,SECOND_XM_collector_cm,SECOND_XM_tail_IC,SECOND_XM_hold_IC,SECOND_XM_sample_IC,SECOND_XM_regenerative_ICdiff,SECOND_XM_tail_VBE,SECOND_XS_clock_diff,SECOND_XS_clock_cm,SECOND_XS_collector_diff,SECOND_XS_collector_cm,SECOND_XS_tail_IC,SECOND_XS_hold_IC,SECOND_XS_sample_IC,SECOND_XS_regenerative_ICdiff,SECOND_XS_tail_VBE,XLP_IC,XLN_IC,XLT_IC,XLREF_IC,XCP_V,XCN_V
2.292749999999942560e-08,-2.955238276336085157e-01,-7.234267843758956928e-02,-1.319748915547800383e-01,1.419914441527562854e+00,-9.701839121237521013e-02,2.363561423748451240e+00,1.518522051368949039e-03,6.671391251906979745e-05,1.596982695750547064e-03,-2.661327879298082920e-04,8.347635626805764986e-01,1.304369810833478915e-01,1.419759146801771399e+00,1.330995508636254598e-01,2.322375248311720597e+00,1.549582767067549539e-03,1.594295286573247251e-03,6.354280820799569553e-05,1.437893465385347864e-03,8.355459482171830876e-01,2.464110814006881256e-03,1.445329688255682754e+00,1.808860851113820445e-01,2.366190564969795851e+00,1.414331186669725259e-03,7.014482359804005002e-04,6.911802436756920437e-04,6.397701988148129289e-04,8.318722685362641700e-01,-2.419052592303128080e-03,1.446007518487210763e+00,-5.679178670631301884e-02,2.357985436488486020e+00,1.438254697902670255e-03,7.247141893532920527e-04,7.088317196821984287e-04,-6.840751589271192121e-04,8.325075543461568639e-01,1.526262665750763130e-03,4.171019829868949152e-04,1.937536996349584336e-03,6.565572291873577812e-04,7.302177344728195685e-01,7.304650291933401096e-01
2.293249999999942466e-08,-2.108606630922089664e-01,-5.244043771791329078e-02,-1.417174628414608062e-01,1.423477889900832238e+00,-1.335402378086656405e-01,2.357956950816299191e+00,1.525142343558636565e-03,4.477944122939288583e-05,1.581019326174781326e-03,-3.452585176237985671e-04,8.348875804748029372e-01,1.409344497427698073e-01,1.423415098206910478e+00,1.310643750948630171e-01,2.318236283381009510e+00,1.557566901825787036e-03,1.598355991850763502e-03,4.183398561811351655e-05,1.503859951118032608e-03,8.357013607196415172e-01,1.757928807990594144e-02,1.444766092890506393e+00,1.699928033611710632e-01,2.367851156414939151e+00,1.420206955428864526e-03,8.267300353713443297e-04,5.821579113833697363e-04,7.535294940551131877e-04,8.320300174037569274e-01,-1.754206408771352699e-02,1.445428428988097425e+00,-3.251047711979371257e-02,2.357636253736365983e+00,1.444466631717539543e-03,6.117846648085367624e-04,8.378564849513814566e-04,-4.763036895651279494e-04,8.326729122277053419e-01,1.553709372577113598e-03,3.821950729041436552e-04,1.933992383976959649e-03,6.554847708846472552e-04,7.321244097348451607e-01,7.287159781360359467e-01
2.293749999999942371e-08,-1.065524232497503387e-01,-2.857562565899840479e-02,-1.398106559058527321e-01,1.425910996500370675e+00,-1.615627794194089972e-01,2.354635018786507494e+00,1.505275446898162069e-03,3.924464131680041124e-05,1.495153097945433598e-03,-3.648032919131690083e-04,8.343406186090593923e-01,1.399094723515068583e-01,1.425930395737689427e+00,1.302483792703417187e-01,2.315422412153838927e+00,1.537602239720969530e-03,1.533671944641112851e-03,3.570736699377683479e-05,1.518795748198434716e-03,8.351548551433588541e-01,3.206357648946078776e-02,1.444379134345065818e+00,1.566587465173476801e-01,2.368843198244726000e+00,1.428278763916307438e-03,9.461706835973915592e-04,4.808878971897856728e-04,8.613034927168395543e-04,8.322471834089256726e-01,-3.203227706247657736e-02,1.445021383361641876e+00,-4.263747089126468381e-03,2.356580643154274401e+00,1.452983676930718867e-03,5.063564135390720335e-04,9.607125043483536212e-04,-2.407747729870626460e-04,8.328997427758840777e-01,1.575668104890892316e-03,3.532795131814794789e-04,1.930701490662277897e-03,6.544823115242294400e-04,7.339725826664920127e-01,7.270495465222159837e-01
2.294249999999942276e-08,-1.206159107093984773e-03,-1.412701436505070518e-03,-1.264966399578981715e-01,1.426787487304365110e+00,-1.809748332369163215e-01,2.354187541435428521e+00,1.462318046599988186e-03,4.750231911219404668e-05,1.366983891851674977e-03,-3.580084827200509892e-04,8.331977147196573119e-01,1.274425761489164088e-01,1.426861560069770274e+00,1.295030354824122654e-01,2.314770252824601027e+00,1.492907336363563653e-03,1.423622356242012924e-03,4.210300093202971509e-05,1.490668539037919016e-03,8.339788685414283309e-01,4.569723265343283991e-02,1.444209569574557150e+00,1.406981920646708240e-01,2.368954799998308047e+00,1.437973928138813577e-03,1.055048892853110726e-03,3.911501854151192329e-04,9.513216116951675894e-04,8.325072065866800930e-01,-4.566475526902569193e-02,1.444832542743434978e+00,2.686037400216267912e-02,2.354883617344784685e+00,1.463204408146832588e-03,4.125832539921925704e-04,1.072429643100597258e-03,8.917289167132780390e-06,8.331708400782434909e-01,1.594247834288706287e-03,3.301484729255977149e-04,1.928478388353976544e-03,6.537759543713768428e-04,7.357471479963311189e-01,7.254704259747419837e-01
2.294749999999942181e-08,9.306808691479107054e-02,2.766832049858702902e-02,-1.038993342073661896e-01,1.426100009922258938e+00,-1.924583020430556957e-01,2.356477708139604221e+00,1.406151481853637952e-03,7.757201310490994758e-05,1.218762654640772117e-03,-3.465333303868483022e-04,8.316883433561704786e-01,1.055353221077581782e-01,1.426193023088408118e+00,1.275851510975054559e-01,2.316239495716573948e+00,1.433760864507424918e-03,1.288949206549193935e-03,6.806266919821175063e-05,1.423719565623432362e-03,8.324105618529018535e-01,5.830983236615017162e-02,1.444291453774271039e+00,1.230874258450924685e-01,2.368042508134308832e+00,1.448597344198378385e-03,1.150216916282503126e-03,3.150259940451596353e-04,1.014380359605691635e-03,8.327906316930289154e-01,-5.826300003560391794e-02,1.444898673065257988e+00,5.895981160363072959e-02,2.352571219279072423e+00,1.474389911989763867e-03,3.328447257884763026e-04,1.169713009797864953e-03,2.368707186832412828e-04,8.334658471264988489e-01,1.610830519760106860e-03,3.124773947649800063e-04,1.927835118285317660e-03,6.535161647875622126e-04,7.374359746662666470e-01,7.239749851281276349e-01
2.295249999999942086e-08,1.721756678193908652e-01,5.635655799535488342e-02,-7.507658943560735487e-02,1.424260335626659213e+00,-1.970592013519278929e-01,2.360882371115278211e+00,1.349610413839189048e-03,1.506774061187939160e-04,1.059874310017647767e-03,-3.460687134747257999e-04,8.301319931830439813e-01,7.722383466716742362e-02,1.424334631582917954e+00,1.233384289660981459e-01,2.319281025750956182e+00,1.373732043206735186e-03,1.139441407590759689e-03,1.347182093893822233e-04,1.321495757780680440e-03,8.307843450467065072e-01,6.988245315709717964e-02,1.444634122124866416e+00,1.062004257162820764e-01,2.366233115100996987e+00,1.459432728007579441e-03,1.230947089319970071e-03,2.523225713278885100e-04,1.046432741227161381e-03,8.330780039398779646e-01,-6.980480503750707832e-02,1.445225559190490561e+00,8.921811727011919047e-02,2.349660700106563027e+00,1.485768798476170757e-03,2.670899304248706431e-04,1.251861360067557096e-03,3.952574101279414691e-04,8.337642657126871359e-01,1.625465128766385992e-03,2.999657922808386104e-04,1.928744351700189402e-03,6.537064606474633083e-04,7.390280311847361450e-01,7.225551967816683518e-01
2.295749999999941992e-08,2.361399910968886573e-01,8.184026054122428562e-02,-4.314767332996405358e-02,1.421978395593629818e+00,-1.959468183540886699e-01,2.366540036384695345e+00,1.305089142331189531e-03,2.922707167279059394e-04,8.868445750648040662e-04,-3.738826386034582771e-04,8.288716171091762286e-01,4.567978265172345509e-02,1.422015404757812185e+00,1.153799602404608216e-01,2.323058943344084248e+00,1.326322759033171607e-03,9.704808856062202126e-04,2.734614850371555302e-04,1.183153382553554962e-03,8.294661659341071580e-01,8.059782158248718353e-02,1.445192909821237492e+00,9.248827045855145812e-02,2.364076552083612448e+00,1.469830384986321129e-03,1.298738334916249267e-03,2.009286808351251597e-04,1.051025028950210204e-03,8.333519969245003489e-01,-8.047787355478397409e-02,1.445759222080951201e+00,1.147041480078114795e-01,2.346311807152183349e+00,1.496650093517616371e-03,2.131605359218583765e-04,1.320601871057711010e-03,4.627400101499620387e-04,8.340480578205388129e-01,1.636872513874799637e-03,2.925741643223454791e-04,1.930667116107819166e-03,6.542001452882706359e-04,7.405113702619698923e-01,7.212057231099517907e-01
2.296249999999941897e-08,2.858758111931123391e-01,1.019666160008010358e-01,-1.055878343058402891e-02,1.420031041162970631e+00,-1.903006257461425932e-01,2.372604103990965552e+00,1.280356189033051003e-03,5.005914183135009091e-04,6.971224947208697368e-04,-4.498489944049844963e-04,8.281557848582553616e-01,1.336748799130926812e-02,1.420052374065139844e+00,1.017036451399038199e-01,2.326556909284531738e+00,1.300460381716169551e-03,7.748654635382461056e-04,4.917109228500152847e-04,1.001822874035659039e-03,8.287273666013381668e-01,9.070066135970278332e-02,1.445876529205500471e+00,8.300615297899449629e-02,2.362232499747217496e+00,1.479303853965846342e-03,1.355555698610524940e-03,1.585220983427201142e-04,1.039395481988398227e-03,8.336002861789552076e-01,-9.053945363396564971e-02,1.446401968865413501e+00,1.337590190693207504e-01,2.342879381485309942e+00,1.506549272118814066e-03,1.685841233979339852e-04,1.378187200351464921e-03,4.594788616845294285e-04,8.343049292266964123e-01,1.642716507239792931e-03,2.907789543290461806e-04,1.932781147877346822e-03,6.547624945406936917e-04,7.418723472370347682e-01,7.199303945371660074e-01
2.296749999999941802e-08,3.228331625828850804e-01,1.161286674772967764e-01,2.136308012700727232e-02,1.418988700968427663e+00,-1.814460560742032769e-01,2.378363714133372664e+00,1.276036845703856478e-03,7.413354093593724388e-04,5.038161618334111762e-04,-5.869505029315196009e-04,8.280293083039202973e-01,-1.845432397367074984e-02,1.419030721679994445e+00,8.011225956598577724e-02,2.328723235112660994e+00,1.296734079029091338e-03,5.636752704416051179e-04,7.517787436184360716e-04,7.744525453690373831e-04,8.286117335835155862e-01,1.002714267316497931e-01,1.446596838087191417e+00,7.748474331460641906e-02,2.361011267851168771e+00,1.487621901022785631e-03,1.402162039078093825e-03,1.238739356720084176e-04,1.025595404841514501e-03,8.338181836702337479e-01,-1.000818770931402035e-01,1.447067866604554887e+00,1.465498503212030457e-01,2.339737194885223470e+00,1.515253189855813405e-03,1.320385262097051077e-04,1.425478492778777407e-03,4.204239440183266271e-04,8.345303554761024367e-01,1.639802476509241670e-03,2.958719079593700291e-04,1.934233407505903200e-03,6.551457689580137897e-04,7.430957400522304468e-01,7.187445052386083333e-01
2.297249999999941707e-08,3.491052658171995837e-01,1.251231110359372067e-01,5.215403023553899509e-02,1.419158440504238339e+00,-1.709502963604498937e-01,2.383121802960083357e+00,1.288420506565858895e-03,9.798141059886567288e-04,3.303273990974856336e-04,-7.757406635853516218e-04,8.283868783074193054e-01,-4.934321271121544505e-02,1.419230363184702970e+00,4.992333210811050748e-02,2.328836479202062382e+00,1.310553232416218541e-03,3.663446731731763830e-04,1.008550288398103560e-03,5.160753145143661107e-04,8.289980709901317857e-01,1.091610094519321894e-01,1.447296294557748109e+00,7.515549109983332698e-02,2.360375711449863800e+00,1.494723661939746824e-03,1.438316139736167763e-03,9.647862672838413561e-05,1.020507441505889932e-03,8.340055782556038411e-01,-1.089610938905831716e-01,1.447704241851743623e+00,1.544588959215684731e-01,2.337107119613568429e+00,1.522682489025630349e-03,1.030345084824472860e-04,1.462106325974694195e-03,3.718288765761125231e-04,8.347236896915419813e-01,1.624211857713097782e-03,3.102051618936734639e-04,1.934239069846522587e-03,6.551107746251211891e-04,7.441636672079019466e-01,7.176739804393299504e-01
2.297749999999941612e-08,3.642838740127155583e-01,1.304140876899868573e-01,8.146123673984106972e-02,1.420645265136598168e+00,-1.603115598718982682e-01,2.386065010393774610e+00,1.313149522480348049e-03,1.190934329110213954e-03,1.957410569746504563e-04,-9.818141350574412663e-04,8.290934756021570706e-01,-7.890666143267965893e-02,1.420754099084534205e+00,1.336183205255903061e-02,2.326815923491891258e+00,1.337289291334433109e-03,2.110584319135369970e-04,1.230338932295145472e-03,2.595489603409409005e-04,8.297459642891736875e-01,1.170639713941192817e-01,1.447942382440619902e+00,7.526341058976493414e-02,2.360164244655965859e+00,1.500560647771219652e-03,1.463811415905798058e-03,7.578314297269617128e-05,1.029375330895703758e-03,8.341623720075117543e-01,-1.168711351399123188e-01,1.448280379459284450e+00,1.592132770263585684e-01,2.335046070120877282e+00,1.528744643896905262e-03,8.106746481345485783e-05,1.487719246225676110e-03,3.272369320227799263e-04,8.348839188333144756e-01,1.591768485840097235e-03,3.371180945886918801e-04,1.932170834053228590e-03,6.544472289281290074e-04,7.450527617600395391e-01,7.167544628323774258e-01
2.298249999999941518e-08,3.602595638157453095e-01,1.334948006468268389e-01,1.081870831375970621e-01,1.423203040089147553e+00,-1.505625862930282111e-01,2.386535820909986949e+00,1.345303561515019761e-03,1.353237325433894649e-03,1.072744090974193823e-04,-1.164039533158401502e-03,8.300030769258391894e-01,-1.060338361938355511e-01,1.423359153378089159e+00,-2.519945166408588122e-02,2.323127574210863244e+00,1.371674192013609466e-03,1.105693583589229987e-04,1.392123592064107261e-03,3.977655444539776272e-05,8.306999237481018650e-01,1.235872778186561938e-01,1.448516539961898220e+00,7.721034548751992688e-02,2.360220927370203725e+00,1.505076177680751345e-03,1.478887584377821867e-03,6.096542409672482991e-05,1.052658208829718861e-03,8.342881527757135540e-01,-1.234170973935644344e-01,1.448776669106869974e+00,1.623345776393989581e-01,2.333515392956420520e+00,1.533348608954718814e-03,6.533091077599372605e-05,1.502516051388540306e-03,2.915865555028905229e-04,8.350099300837323657e-01,1.539143451922109739e-03,3.803427107917137207e-04,1.927844223913004413e-03,6.530679742291608993e-04,7.457317606016542477e-01,7.160301024768429556e-01
2.298749999999941423e-08,3.241988126636371481e-01,1.355649604104987027e-01,1.299318084413205732e-01,1.426099005306164624e+00,-1.423314455835105186e-01,2.384651042669440280e+00,1.377995432778532543e-03,1.448792758372702489e-03,5.869263333789668727e-05,-1.295634527411063542e-03,8.309256524552299794e-01,-1.283475584909619105e-01,1.426289352231419283e+00,-6.128582333343324251e-02,2.318626040621539541e+00,1.405831859641328355e-03,5.780444803186575523e-05,1.478164693625826391e-03,-1.204018183748953313e-04,8.316493855782622902e-01,1.282894878861824406e-01,1.449003745053658143e+00,8.053301350671127068e-02,2.360440200850999481e+00,1.508235266408668260e-03,1.484121870434882730e-03,5.111426770961349580e-05,1.087902624298567886e-03,8.343827327221735590e-01,-1.281558418846109326e-01,1.449176130218278402e+00,1.649306712807905306e-01,2.332445826684729440e+00,1.536444001757196042e-03,5.489610711456589218e-05,1.507102447644629228e-03,2.655050231443381982e-04,8.351012249897231676e-01,1.465200116306359344e-03,4.428745568304838509e-04,1.921788258718993289e-03,6.511044701147976821e-04,7.461621676725191943e-01,7.155497105678885195e-01
2.299249999999941328e-08,2.514313126446894309e-01,1.374440385112851715e-01,1.434278526068240023e-01,1.428334453618145261e+00,-1.359613612064585197e-01,2.381541896292201699e+00,1.403021900686328644e-03,1.470349390997061469e-03,3.611425812602202191e-05,-1.370935315033257069e-03,8.316459712419924655e-01,-1.425814421439055568e-01,1.428516094175838358e+00,-9.187741811677696546e-02,2.314425915509417564e+00,1.430804165801313581e-03,3.471003751138305619e-05,1.489108900685892243e-03,-2.173860000901834170e-04,8.323642803659052625e-01,1.307226320302792288e-01,1.449384682869286012e+00,8.484743220436641309e-02,2.360767992908873403e+00,1.510000001334712780e-03,1.480249132375865365e-03,4.548924302094237029e-05,1.131134819918598079e-03,8.344451117543809637e-01,-1.306374403509964477e-01,1.449458604987546195e+00,1.676802215935944140e-01,2.331773607904820800e+00,1.537996208592075278e-03,4.899857060338946299e-05,1.502275519990388820e-03,2.479522978007387270e-04,8.351569127028536377e-01,1.371826854928531432e-03,5.255920535574026180e-04,1.915190595413463317e-03,6.489034978424538299e-04,7.463033753309009644e-01,7.153595364696414549e-01
2.299749999999941233e-08,1.526334081871780768e-01,1.395994534689863897e-01,1.460055876404244835e-01,1.429067579500608476e+00,-1.313036791788619873e-01,2.378699925163168416e+00,1.413906177786758986e-03,1.427000929164349511e-03,2.792032155054952340e-05,-1.397472882889951550e-03,8.319946421400126191e-01,-1.459907985250623597e-01,1.429195749926425396e+00,-1.158280335191470556e-01,2.311525392049345928e+00,1.440258268519826416e-03,2.691917108219287749e-05,1.441269711364565791e-03,-2.647637277204039556e-04,8.326784021734109364e-01,1.304956016157796661e-01,1.449633669378206369e+00,8.979743788290051043e-02,2.361191095828410358e+00,1.510300237351878180e-03,1.468067647908389466e-03,4.373029325946253397e-05,1.177620199187249042e-03,8.344725792988215707e-01,-1.304680516645349009e-01,1.449600013528942855e+00,1.708954091013006327e-01,2.331454162983392919e+00,1.537956183928172434e-03,4.727352547193305546e-05,1.488904030388050895e-03,2.375139505004333397e-04,8.351747982769313072e-01,1.263816048681698284e-03,6.263165488207888621e-04,1.909490253474548441e-03,6.469130471893447080e-04,7.461214303164120931e-01,7.154943521981931287e-01
2.300249999999941139e-08,4.646723118067819236e-02,1.422137882803164999e-01,1.369389215692489170e-01,1.427886687676482858e+00,-1.277105437200791727e-01,2.377145496089384746e+00,1.408572804588197796e-03,1.339951902186290334e-03,2.942977661338716058e-05,-1.385340354363375111e-03,8.319108987325991578e-01,-1.377263926475866818e-01,1.427943840655340191e+00,-1.333587456196112520e-01,2.310433653070517401e+00,1.432829514767955739e-03,2.907692647144642639e-05,1.357102474635766458e-03,-2.819431293629852701e-04,8.325448255514094065e-01,1.273490474273986095e-01,1.449723226426952616e+00,9.502089288943382783e-02,2.361720333372764991e+00,1.509066733455257346e-03,1.448381037778693689e-03,4.604536395839922989e-05,1.222329889256114788e-03,8.344617350652718812e-01,-1.273848449165788654e-01,1.449577232863387799e+00,1.746038144841763895e-01,2.331460693069986156e+00,1.536292001459994968e-03,4.996192084268629422e-05,1.467835713468082373e-03,2.329523612148685918e-04,8.351523634996533829e-01,1.147768831477016110e-03,7.399794246477722250e-04,1.905836694477332140e-03,6.455149504379021274e-04,7.455982776215805963e-01,7.159698376207668247e-01
2.300749999999941044e-08,-5.204321097592234935e-02,1.452576457017875633e-01,1.176377153165923950e-01,1.424894028869361007e+00,-1.243215970508608770e-01,2.377203061873484735e+00,1.390133810539056656e-03,1.231926651816306817e-03,4.378139692077732601e-05,-1.342993629401754681e-03,8.314667369374595385e-01,-1.190932494524774565e-01,1.424884035782686187e+00,-1.452987679459152304e-01,2.311137021231641331e+00,1.412294768651263868e-03,4.473615779250837536e-05,1.255598375490654976e-03,-2.855851605600756354e-04,8.320488628106111895e-01,1.212172866486203038e-01,1.449632849621086184e+00,1.001297825191387325e-01,2.362373781686248897e+00,1.506327038081358176e-03,1.421847165783999547e-03,5.344028000356716327e-05,1.260319195869824679e-03,8.344112611083539521e-01,-1.213183611648434024e-01,1.449375947782853835e+00,1.786303562785849230e-01,2.331775722760523806e+00,1.533082021196484302e-03,5.815065247467030523e-05,1.439696676802732205e-03,2.334724730832372745e-04,8.350894642262221002e-01,1.030516024415818960e-03,8.598357759842483036e-04,1.904707964207853375e-03,6.448938316781497497e-04,7.447376793359470337e-01,7.167790880421851529e-01
2.301249999999940949e-08,-1.362423725860522072e-01,1.485593024154647779e-01,9.085431659949283478e-02,1.420668197277876299e+00,-1.202256046033642889e-01,2.378664474289790220e+00,1.366066951323904400e-03,1.117002085264290605e-03,8.593053251886893849e-05,-1.276228419568367373e-03,8.308531197018046432e-01,-9.281113705889576515e-02,1.420608092181459448e+00,-1.525752428090867419e-01,2.313277560198494953e+00,1.386779208039298772e-03,8.986420719272484247e-05,1.145019819274849075e-03,-2.894699308170628482e-04,8.313952862965492407e-01,1.122551152170061517e-01,1.449358612525353696e+00,1.046999604149640994e-01,2.363161934932314523e+00,1.502323664521621610e-03,1.388654004767976829e-03,6.803457907375629174e-05,1.287055894882164955e-03,8.343253416440781223e-01,-1.124197412655620898e-01,1.448998585491366509e+00,1.826739558427141752e-01,2.332382458747631837e+00,1.528628984601329479e-03,7.407631636928568180e-05,1.404527761460476736e-03,2.389588114324114681e-04,8.349916643166135355e-01,9.178166156841889708e-04,9.789938956740339062e-04,1.905856173837227208e-03,6.450049369375141384e-04,7.435657910895707712e-01,7.178942433469290840e-01
2.301749999999940854e-08,-2.053430308025381290e-01,1.518692726081827260e-01,5.975986223538254372e-02,1.416113709545032240e+00,-1.142565702938269645e-01,2.380959260140088851e+00,1.346654591050514384e-03,9.936525508946899253e-04,1.887246722401781599e-04,-1.184936239969390428e-03,8.303446724958662983e-01,-6.207356737146740855e-02,1.416033598354849099e+00,-1.559606395077342000e-01,2.316333298287922560e+00,1.367152242255243811e-03,1.961721744895003681e-04,1.018068657819720581e-03,-3.097693858285348605e-04,8.308728730540300145e-01,1.008220889240736273e-01,1.448920262897904099e+00,1.082571532795144620e-01,2.364076181816805455e+00,1.497601495287078808e-03,1.348072452547847576e-03,9.337004880737882892e-05,1.298496984635110971e-03,8.342162191272201044e-01,-1.010450269499552078e-01,1.448469736520965334e+00,1.863759053724005632e-01,2.333258672601213668e+00,1.523540157111386711e-03,1.013607020439793386e-04,1.361359568862722472e-03,2.503018097413437209e-04,8.348726648919810867e-01,8.137203465238907266e-04,1.091559928237023462e-03,1.908508762042521916e-03,6.456293128268070962e-04,7.421270017624197468e-01,7.192718939518805144e-01
2.302249999999940759e-08,-2.602611789290485422e-01,1.549174667153518925e-01,2.719026052391870785e-02,1.412261723065404873e+00,-1.044667543895001494e-01,2.383239314301332179e+00,1.341956150315599646e-03,8.472944127760298916e-04,3.837856427277063290e-04,-1.059120180776221450e-03,8.302181751664644560e-01,-2.973585225640107410e-02,1.412175842732938502e+00,-1.560103733920961133e-01,2.319759064057564935e+00,1.363188279798296714e-03,3.872343316849062925e-04,8.596004545935756426e-04,-3.696267025844122674e-04,8.307575697962858996e-01,8.742972905863077848e-02,1.448362470042354300e+00,1.102479753901524084e-01,2.365078821019921840e+00,1.493017046443300289e-03,1.298133634073554005e-03,1.343018994001569444e-04,1.290813082522435096e-03,8.341048428184204555e-01,-8.770206416770287561e-02,1.447836379821198394e+00,1.893742702075607021e-01,2.334373537670105136e+00,1.518721944421838480e-03,1.447341373965089248e-04,1.308031234020019589e-03,2.697622422199088404e-04,8.347546982798966786e-01,7.205019232921740712e-04,1.193199239326047734e-03,1.911668994462799266e-03,6.464695712364398709e-04,7.404772201907272589e-01,7.208599149585945831e-01
2.302749999999940665e-08,-3.021344338402168761e-01,1.574582641246320414e-01,-5.089664940794769166e-03,1.409925050962242077e+00,-8.790920481177755264e-02,2.384447791061631072e+00,1.355820834379404529e-03,6.705550875220101263e-04,6.515518277532939646e-04,-8.831978447585197081e-04,8.305838185985925382e-01,2.427412955400276573e-03,1.409795603215819870e+00,-1.533174481914971743e-01,2.323062259236034599e+00,1.377758712436480664e-03,6.414506292183006246e-04,6.702999496881638982e-04,-4.941194608070185231e-04,8.311434858053715624e-01,7.265942184091422895e-02,1.447746810179809440e+00,1.099950181654709702e-01,2.366094489225830877e+00,1.489628389220255420e-03,1.235899650155808252e-03,1.957686364073818442e-04,1.259901734421034957e-03,8.340186188348893692e-01,-7.296861969206180909e-02,1.447159939620194624e+00,1.913423248263832477e-01,2.335687192777273324e+00,1.515249329981518218e-03,2.086575516504069459e-04,1.241719317144196390e-03,3.011460398643644879e-04,8.346658485336858613e-01,6.389419486750166563e-04,1.281352674869327664e-03,1.914450745680033178e-03,6.472607456656015099e-04,7.386768093711983951e-01,7.226038664443967807e-01
2.303249999999940570e-08,-3.327400300017089307e-01,1.592993559666329162e-01,-3.644241833846417755e-02,1.409380502686627068e+00,-6.183543916680234176e-02,2.383624819454031929e+00,1.384015064729324706e-03,4.808255121806968803e-04,9.363904785982613346e-04,-6.522298406169781994e-04,8.313312417175615643e-01,3.377673288772120586e-02,1.409181427759576000e+00,-1.488541071469295929e-01,2.325749287630407114e+00,1.406906646645832886e-03,9.155022046779815988e-04,4.745178268015713100e-04,-6.897600957262839784e-04,8.319211556591525891e-01,5.706308602070531144e-02,1.447134684283527761e+00,1.066667491243875610e-01,2.367005645427942895e+00,1.488344973133077761e-03,1.158691967496091593e-03,2.803660979244425267e-04,1.201241095349952354e-03,8.339820378830130609e-01,-5.739477851414642728e-02,1.446500774166057379e+00,1.920145866653664157e-01,2.337152754953777389e+00,1.514013841015715437e-03,2.950953330719153101e-04,1.160327091700577530e-03,3.493250396838664838e-04,8.346304751807931410e-01,5.687221414528842575e-04,1.355303246444450327e-03,1.916292598717963657e-03,6.478315254437234418e-04,7.367844914600962802e-01,7.244519463019558625e-01
2.303749999999940475e-08,-3.531052244224489600e-01,1.603087949119919031e-01,-6.662742823657907820e-02,1.410552176994440909e+00,-2.601683059120318831e-02,2.380439429124250328e+00,1.420637396064519924e-03,3.087587135884693615e-04,1.199483072914948488e-03,-3.846623676880697945e-04,8.322967563644737554e-01,6.407946266144226577e-02,1.410311684443573021e+00,-1.437510605450871282e-01,2.327224553212419611e+00,1.445376103383116690e-03,1.175386235713964675e-03,3.017836140658050614e-04,-9.265335862496022496e-04,8.329327996666677780e-01,4.108028944859443143e-02,1.446570429343310371e+00,9.932200976940652737e-02,2.367661863149872481e+00,1.489473941020012186e-03,1.065805777372251387e-03,3.864633082320382846e-04,1.110467093203249553e-03,8.340043182442816727e-01,-4.142180601027423137e-02,1.445903545506757704e+00,1.911981370753146336e-01,2.338718212290330278e+00,1.515301997814087797e-03,4.021670540700663364e-04,1.063949781788151808e-03,4.186674112928643037e-04,8.346572501044069448e-01,5.087763883691901693e-04,1.415914107282951508e-03,1.916933197191923819e-03,6.480849137951574324e-04,7.348528310450006540e-01,7.263581095440696522e-01
2.304249999999940380e-08,-3.580439943494878596e-01,1.603893067691704033e-01,-9.491481511804567006e-02,1.413204365631262283e+00,1.646879814118662466e-02,2.375262015840352348e+00,1.461019453983565617e-03,1.782680281034240287e-04,1.414137631896308705e-03,-1.166692504319257297e-04,8.333401293986855141e-01,9.260557702851901496e-02,1.412960768668356515e+00,-1.386935192446787646e-01,2.326847964674990443e+00,1.488077412370269418e-03,1.392294568087115193e-03,1.728187524940942013e-04,-1.153133483757048938e-03,8.340304165245379098e-01,2.501515412100685509e-02,1.446077629657511743e+00,8.707569326367803342e-02,2.367913649903329532e+00,1.492690313187198473e-03,9.594536043355179119e-04,5.088115322136030133e-04,9.843331477360876824e-04,8.340787490061689624e-01,-2.535787269753209117e-02,1.445393470452974949e+00,1.887477977026956744e-01,2.340324167254133059e+00,1.518784088686585222e-03,5.249256199492209531e-04,9.552990972627749310e-04,5.105473720247226356e-04,8.347388666949375757e-01,4.576750836957267253e-04,1.464913540328876889e-03,1.916343701836928674e-03,6.479888936320689005e-04,7.329256851863483746e-01,7.282834270871481053e-01
2.304749999999940285e-08,-3.348376828482720891e-01,1.594099433362679008e-01,-1.192607734056090329e-01,1.416820165728313485e+00,6.065417312703136332e-02,2.368867808891530036e+00,1.497998723746807228e-03,9.745995229645256722e-05,1.553460611554369859e-03,1.084708495533080969e-04,8.342655533816165647e-01,1.173459033332775459e-01,1.416615805686388452e+00,-1.339647990738437322e-01,2.324312658020690314e+00,1.527425522233895891e-03,1.540278192071496254e-03,9.366240466627336232e-05,-1.328229651964230431e-03,8.350110219061174233e-01,9.079670164355624351e-03,1.445669388857993898e+00,6.933869351947974380e-02,2.367663302982905726e+00,1.497475794357998064e-03,8.442955722210128758e-04,6.407061957237247720e-04,8.208918172731194309e-04,8.341935978508485672e-01,-9.417986347089124521e-03,1.444983487672545586e+00,1.844818633046632073e-01,2.341893161987239846e+00,1.523928833253003620e-03,6.571184697184507054e-04,8.390257254923583251e-04,6.213231978947334920e-04,8.348628552749044474e-01,4.141172161834794628e-04,1.504132222368910433e-03,1.914733118963717409e-03,6.475976034854522305e-04,7.310376070572777163e-01,7.301960568834597876e-01
2.305249999999940191e-08,-2.742303015790947818e-01,1.571074957560361085e-01,-1.363411162816463573e-01,1.420637104940623452e+00,1.014941677437151135e-01,2.362449941682929655e+00,1.520920403310603705e-03,5.694004964850413284e-05,1.600682114944711057e-03,2.560422180444075612e-04,8.348095515268403322e-01,1.350239344653583196e-01,1.420507780368082562e+00,-1.300154810018856466e-01,2.320268779652254310e+00,1.552366299466883268e-03,1.603593877927394357e-03,5.397052817046842077e-05,-1.436206066365682248e-03,8.356013518670016849e-01,-6.536257927508115628e-03,1.445360819715875600e+00,4.598586885960509463e-02,2.366897652781212003e+00,1.503458289415100877e-03,7.262661083578505128e-04,7.754048140704866308e-04,6.183894707613498288e-04,8.343400258904472011e-01,6.208055202643336656e-03,1.444684911640033320e+00,1.780562893041182093e-01,2.343310075491057187e+00,1.530333182463822737e-03,7.923138268448281759e-04,7.207744752330897320e-04,7.423912633240030250e-04,8.350195920564854601e-01,3.772832036467969755e-04,1.535231137360104376e-03,1.912548300294937163e-03,6.470470993951421687e-04,7.292143319966022386e-01,7.320704305881249319e-01
2.305749999999940096e-08,-1.819428776735925180e-01,1.530070084141459397e-01,-1.429415749330043006e-01,1.423843418276408146e+00,1.354333390019477612e-01,2.357471339948044253e+00,1.520222978288634239e-03,4.071199589008862011e-05,1.561556789872259148e-03,3.262646210090504903e-04,8.347484594454848139e-01,1.424174073290678244e-01,1.423799792905832584e+00,-1.272394536287406730e-01,2.316345647164121502e+00,1.552674854335515725e-03,1.585315263956389416e-03,3.776593433441380841e-05,-1.483374885313751322e-03,8.355638262469998745e-01,-2.161291208907401007e-02,1.445177074596736055e+00,1.736781570473988623e-02,2.365673805537912955e+00,1.510387849308161964e-03,6.115624609325556434e-04,9.064651708523782138e-04,3.750770672166143008e-04,8.345113046695791237e-01,2.130343873981477287e-02,1.444516742024806177e+00,1.688887958790394883e-01,2.344399431697447689e+00,1.537719021945436462e-03,9.242647941304617471e-04,6.064174123359051573e-04,8.621662780320903368e-04,8.352018011632680317e-01,3.467979507914418147e-04,1.559956275348450350e-03,1.910455940898516357e-03,6.465337630146318626e-04,7.274729238852819524e-01,7.338863843986123126e-01
2.306249999999940001e-08,-7.560536227729564018e-02,1.464607321984288113e-01,-1.376312365266063598e-01,1.425797486141517023e+00,1.610709626884117007e-01,2.355004273882945753e+00,1.493204755363004496e-03,3.905161111563724361e-05,1.460322200071729809e-03,3.463933977889295784e-04,8.340192130021885086e-01,1.379829653763597896e-01,1.425825938384391423e+00,-1.253614907007176704e-01,2.314078800853581974e+00,1.525101355886006706e-03,1.504554726483747469e-03,3.525072757667366941e-05,-1.482864869864062045e-03,8.348254623087312254e-01,-3.588870973593771829e-02,1.445157331426135450e+00,-1.567514975657990917e-02,2.364065443482774143e+00,1.517959361249163761e-03,5.058521081784481815e-04,1.027950480689809052e-03,9.600788967326171494e-05,8.346987281847326745e-01,3.561051715444207844e-02,1.444511673736190049e+00,1.563353994875802400e-01,2.344913120487868152e+00,1.545764473512099575e-03,1.047157418536492522e-03,5.013293219018715970e-04,9.684054058945461459e-04,8.354004518574821292e-01,3.224222144132069131e-04,1.580331107608013569e-03,1.909250251929573263e-03,6.462831416542927799e-04,7.258208282194711369e-01,7.356285567115958823e-01
2.306749999999939906e-08,2.738397247342838625e-02,1.369633979525382017e-01,-1.212983704992334211e-01,1.426192141616396958e+00,1.785159720761448909e-01,2.355345595461884045e+00,1.445457172308144351e-03,5.212306134826079709e-05,1.324549587331844353e-03,3.439631153578344772e-04,8.327474768420694007e-01,1.224511365588822898e-01,1.426264539502262618e+00,-1.235334239145164936e-01,2.314074148979933021e+00,1.475225807343789192e-03,1.385363255923720066e-03,4.596831032136060611e-05,-1.443618150800895887e-03,8.335124263958388902e-01,-4.909671901489565116e-02,1.445352630056146337e+00,-5.149731940457247248e-02,2.362096385808124754e+00,1.525718193011936855e-03,4.134165333988465765e-04,1.135098415970919785e-03,-1.898309549763705685e-04,8.348899600016137512e-01,4.886464093292119948e-02,1.444716280605231162e+00,1.403733662270520988e-01,2.344555345851572881e+00,1.554004945137632977e-03,1.156220823477181530e-03,4.095471508629732783e-04,1.050320453865871521e-03,8.356029321181692726e-01,3.037912566552939471e-04,1.598235937215962757e-03,1.909607192259794905e-03,6.464881367048994293e-04,7.242550406173806632e-01,7.372857041352063323e-01
2.307249999999939812e-08,1.174299170597505881e-01,1.247818776941209684e-01,-9.648663640095822558e-02,1.425141878627372627e+00,1.885501503014257452e-01,2.358164059223293307e+00,1.388099323549308282e-03,9.151972293606198245e-05,1.173475982065208664e-03,3.384881711563725651e-04,8.311962736097128213e-01,9.827018950279176046e-02,1.425222374002905745e+00,-1.207099254541348365e-01,2.316131012334825989e+00,1.414678977331671698e-03,1.246253538394382146e-03,8.044650946981588501e-05,-1.370561182895582318e-03,8.318976463130243193e-01,-6.106544964061511038e-02,1.445807570591349789e+00,-8.715832159522518552e-02,2.359724506901899943e+00,1.533112073440837499e-03,3.361439140041333484e-04,1.225489273252002151e-03,-4.216757961654966393e-04,8.350709407754439706e-01,6.089030027299080494e-02,1.445177476605103539e+00,1.225344587962671206e-01,2.343119819996009490e+00,1.561885154184852005e-03,1.248785438892147321e-03,3.328285820372809127e-04,1.100934918367298685e-03,8.357949228680744413e-01,2.904106331859617851e-04,1.614657275507610026e-03,1.911788478136999163e-03,6.472295311796492359e-04,7.227642243947554057e-01,7.388494015589417430e-01
2.307749999999939717e-08,1.920998280055858931e-01,1.113782787915549299e-01,-6.638808426479481106e-02,1.423152925454564510e+00,1.922205195325776828e-01,2.362738531020746713e+00,1.334224008861277337e-03,1.818682087412882122e-04,1.012074411191111068e-03,3.464033419848423106e-04,8.297007774842207750e-01,6.863689765747116311e-02,1.423207483393954753e+00,-1.156997009787907871e-01,2.319590251644844781e+00,1.357378643812318358e-03,1.092676709420643431e-03,1.642182218624200563e-04,-1.265480772281284312e-03,8.303334318057482566e-01,-7.186664094115280399e-02,1.446512650770247710e+00,-1.188259574786489914e-01,2.356984527564570442e+00,1.539612594463444064e-03,2.728331549686258172e-04,1.299974318211992745e-03,-5.467359262135746030e-04,8.352289216627419854e-01,7.174546764629829987e-02,1.445899079979692026e+00,1.057016024313885971e-01,2.340804648128437471e+00,1.568874347756023897e-03,1.325209079309020007e-03,2.700121695608308464e-04,1.119328799838923121e-03,8.359633780192572416e-01,2.818690884449494109e-04,1.629254940966970476e-03,1.915486706318483834e-03,6.484230127238129653e-04,7.213358967577399028e-01,7.403120623419032764e-01
2.308249999999939622e-08,2.518583267268461601e-01,9.885755400829898676e-02,-3.401955838174219870e-02,1.420971976434473039e+00,1.906296175677373306e-01,2.368196875794488676e+00,1.295347467527327261e-03,3.445475152976785029e-04,8.348641008830462147e-04,3.867405429873041001e-04,8.285917172796992691e-01,3.662376047822912817e-02,1.420993172402719829e+00,-1.068393176832183045e-01,2.323535099823800909e+00,1.316049008546314389e-03,9.169793210392632654e-04,3.265908797354643016e-04,-1.123848314259223886e-03,8.291752852705754906e-01,-8.182207300640897962e-02,1.447376773038037800e+00,-1.435616809622022316e-01,2.354126057496998659e+00,1.544862561906684088e-03,2.203362545147462867e-04,1.361689141512887474e-03,-5.690720682467895154e-04,8.353554724431752065e-01,8.174333492878615992e-02,1.446802390709093444e+00,9.228141449836613219e-02,2.338327363424103744e+00,1.574575989175244035e-03,1.388229710072933550e-03,2.179845955127391428e-04,1.111852083490387109e-03,8.360991187577906381e-01,2.781167033825189148e-04,1.640403887144469344e-03,1.919916165851694601e-03,6.498370918860912979e-04,7.199662468483092326e-01,7.416650107767797095e-01
2.308749999999939527e-08,2.977241865739314042e-01,8.882046897747564174e-02,-1.531837726240992126e-03,1.419326985055654688e+00,1.849032456670229863e-01,2.373734230093742514e+00,1.277173079151704442e-03,5.663404142137025378e-04,6.427030214636112728e-04,4.791291721487875343e-04,8.280634975587699564e-01,4.370333637344847588e-03,1.419346673735473630e+00,-9.181608181914580058e-02,2.326898172652204000e+00,1.297339700357194765e-03,7.152359259182363349e-04,5.611554669386586676e-04,-9.369126047251826123e-04,8.286358105761417736e-01,-9.124165174426357439e-02,1.448280193994333276e+00,-1.606911326313582578e-01,2.351461205190029435e+00,1.548773753044892752e-03,1.761714662639479202e-04,1.413123408868144490e-03,-5.303848962739730714e-04,8.354485612562841945e-01,9.120080111025852254e-02,1.447763856222107126e+00,8.304436232113809879e-02,2.336423455972778562e+00,1.578832955992011096e-03,1.440422718046336379e-03,1.742020595149942072e-04,1.091013411401414723e-03,8.361992031093531397e-01,2.797548484374252475e-04,1.645481092538351184e-03,1.924149750919037236e-03,6.512019855526173960e-04,7.186655101815286883e-01,7.428974813814566147e-01
2.309249999999939432e-08,3.313854860678510095e-01,8.185244289038573484e-02,3.005224589495658627e-02,1.418689289037664558e+00,1.763467225005683758e-01,2.378663263212618784e+00,1.278507578744435529e-03,8.094207135423603285e-04,4.530289837347115968e-04,6.314535105209504113e-04,8.281016792051459907e-01,-2.717050947480736944e-02,1.418737865916222418e+00,-6.854987183035676779e-02,2.328676610799602642e+00,1.299619334993442179e-03,5.050583366873138405e-04,8.229015814310281212e-04,-7.047942130135265376e-04,8.286919743861106413e-01,-1.001879395303473252e-01,1.449132749798672348e+00,-1.714067446330358457e-01,2.349181960299762117e+00,1.551363334719703391e-03,1.394652328180784762e-04,1.454561492398467317e-03,-4.689690358236411612e-04,8.355085981419889674e-01,1.001845803702074988e-01,1.448682953613418700e+00,7.762116134355956376e-02,2.335393509131986178e+00,1.581645113604370932e-03,1.482470084694009673e-03,1.377902714152305890e-04,1.070862228985542449e-03,8.362640179463149970e-01,2.883387532794462688e-04,1.641131445477459275e-03,1.927439609491999814e-03,6.523144536302541039e-04,7.174565060740405453e-01,7.439961709298408277e-01
2.309749999999939338e-08,3.547716077501564813e-01,7.782403848243069078e-02,6.039135884782065311e-02,1.419292049703661629e+00,1.664504697560076352e-01,2.382269785523922767e+00,1.295109304508379466e-03,1.042117824415052241e-03,2.893034802425931747e-04,8.262050936601737956e-04,8.285796863378772636e-01,-5.765383034879567603e-02,1.419372516380202676e+00,-3.705601101884603565e-02,2.328344313804729282e+00,1.317841444321915132e-03,3.176483973558965777e-04,1.070546942681384036e-03,-4.480605908577449089e-04,8.292029224445718327e-01,-1.084802750488058631e-01,1.449882977052045607e+00,-1.776369106195341274e-01,2.347365481554623656e+00,1.552481856163886618e-03,1.100500891222369934e-04,1.485211069184512022e-03,-4.070756824895718166e-04,8.355315321093695902e-01,1.085104413342468099e-01,1.449503162123155109e+00,7.528220515587635830e-02,2.335169142974844014e+00,1.582892438699717418e-03,1.513869250186417525e-03,1.086144470319718651e-04,1.061714622891877461e-03,8.362900305123539546e-01,3.065519530894745431e-04,1.623475605785257118e-03,1.929263552161464192e-03,6.530351371588969224e-04,7.163717011821111313e-01,7.449438691661296463e-01
2.310249999999939243e-08,3.656718279234284497e-01,7.631584571628291513e-02,8.901723817181816933e-02,1.421153999383330202e+00,1.565549557262460034e-01,2.383791764178484485e+00,1.322543522604487706e-03,1.241055020619729254e-03,1.676199232345979386e-04,1.025305948043006305e-03,8.293607635332671535e-01,-8.657448548706425662e-02,1.421273458478053087e+00,-2.532151374738944583e-04,2.326032040822438862e+00,1.347407081672890358e-03,1.776697830251426462e-04,1.275464768768231824e-03,-2.013836547192297789e-04,8.300276019431240826e-01,-1.157906775757897577e-01,1.450511472553219772e+00,-1.812414298649098754e-01,2.346019597474969576e+00,1.551767929690901640e-03,8.760764616096386351e-05,1.504486201905360027e-03,-3.544115979063412508e-04,8.355078726264835165e-01,1.158475861680541286e-01,1.450204846886568033e+00,7.532497679605443253e-02,2.335531552999905003e+00,1.582229435181128864e-03,1.534121909974251602e-03,8.635458686260356420e-05,1.067961241128114087e-03,8.362679655497682329e-01,3.379934054489226194e-04,1.588645144574644865e-03,1.929334803937520068e-03,6.532729112826849349e-04,7.154519868620672352e-01,7.457169617191583555e-01
2.310749999999939148e-08,3.536662695826339187e-01,7.684872678918841515e-02,1.145104705856487826e-01,1.423892005811257633e+00,1.476174120102387022e-01,2.382816368170030952e+00,1.355476573076832723e-03,1.385663495608614780e-03,9.133342392120842709e-05,1.191499578689343567e-03,8.302902052134082389e-01,-1.125137017648576432e-01,1.424053576856056935e+00,3.738459650952874469e-02,2.322321898811130048e+00,1.382430223784324869e-03,9.216305046389661638e-05,1.415299366734891658e-03,3.424927224744277361e-06,8.309980258156907107e-01,-1.217122475680043614e-01,1.451016593363929186e+00,-1.836567738490000323e-01,2.345125073585625053e+00,1.548774924609656141e-03,7.144480338443792993e-05,1.512265903606596932e-03,-3.136050924223373650e-04,8.354262528983742442e-01,1.217880697416613422e-01,1.450788946575224170e+00,7.717009501625105017e-02,2.336266137392895459e+00,1.579203794002959028e-03,1.543084467540906286e-03,7.030695281873630556e-05,1.089154481788475164e-03,8.361862722649088253e-01,3.864175824364005519e-04,1.533871790615147371e-03,1.927791912026433421e-03,6.530440240435930483e-04,7.147449265578473820e-01,7.462837943564735177e-01
2.311249999999939053e-08,3.068137676602471497e-01,7.896538270970410167e-02,1.341448940388614286e-01,1.426675205284877901e+00,1.403137948830841530e-01,2.379836355555265293e+00,1.386582587060480442e-03,1.460290643500851502e-03,5.127791519330315086e-05,1.305488323006717775e-03,8.311700295754370638e-01,-1.327680650868279244e-01,1.426856204939861428e+00,7.181006737272976892e-02,2.318099267706631661e+00,1.414574039523541597e-03,4.955322587037360441e-05,1.478850709082362358e-03,1.483849100180692493e-04,8.318956896736783291e-01,-1.257977871465427722e-01,1.451398825399145220e+00,-1.858200826212543788e-01,2.344662067142980089e+00,1.543099990160684814e-03,6.072220944818179259e-05,1.508768658618908718e-03,-2.840134882398263417e-04,8.352765447669463494e-01,1.258855721479215095e-01,1.451258698858330476e+00,8.034495448944500851e-02,2.337225141071963996e+00,1.573391259953132743e-03,1.540906565861627393e-03,5.962091317979465496e-05,1.121935580412013276e-03,8.360343353825272494e-01,4.544795016501645339e-04,1.458653859834142764e-03,1.925330628908527306e-03,6.525245593318021496e-04,7.142999987437645970e-01,7.466063141704197825e-01
2.311749999999938959e-08,2.248468958674068041e-01,8.224138042152073780e-02,1.446661622751368448e-01,1.428534476078377802e+00,1.349376451216124373e-01,2.376226959090104174e+00,1.407975000021342415e-03,1.462142990574787603e-03,3.347640021163949316e-05,1.366983198865442777e-03,8.317949121228140896e-01,-1.440618028968487785e-01,1.428689848813702534e+00,1.005504984989773476e-01,2.314400772698987474e+00,1.435441510120093059e-03,3.178360712391843759e-05,1.471718706212230303e-03,2.335974756865086223e-04,8.325053554051298210e-01,-1.276052662730517984e-01,1.451650542762597418e+00,-1.882169208434083529e-01,2.344622077710712738e+00,1.534467968534950237e-03,5.474188411895887382e-05,1.494464726985289494e-03,-2.639236492996178160e-04,8.350516682264009782e-01,1.276994560652238153e-01,1.451607757453412972e+00,8.443700236773121759e-02,2.338336783998149926e+00,1.564488602910486456e-03,1.527960749637556322e-03,5.358998713839431918e-05,1.161427466127470855e-03,8.358044589789206391e-01,5.423808790591999650e-04,1.365355471764749832e-03,1.923044106478003987e-03,6.520183136331534962e-04,7.141609002527931072e-01,7.466459844609480978e-01
2.312249999999938864e-08,1.219980046679067787e-01,8.627035421135920146e-02,1.438725789094987828e-01,1.428750738979566393e+00,1.311507477008233558e-01,2.373447107868909001e+00,1.414325437883973786e-03,1.404551435862765995e-03,2.813110022003812862e-05,1.384637653679179339e-03,8.320237405211592385e-01,-1.440989957035161417e-01,1.428845028032551534e+00,1.228054868598218441e-01,2.312056459128875474e+00,1.440087381063336102e-03,2.699588939533175731e-05,1.412774554256146942e-03,2.735116364593679467e-04,8.326937161512967256e-01,-1.267621615628100606e-01,1.451754702937616326e+00,-1.909725999815043984e-01,2.345008010905552887e+00,1.522814830626520845e-03,5.319987177808682959e-05,1.470083930002647876e-03,-2.515026655041342415e-04,8.347495342948665353e-01,1.268586076353266368e-01,1.451817585024353541e+00,8.905353645842106758e-02,2.339587577907829896e+00,1.552404305777849722e-03,1.504860549141826204e-03,5.189460101944948130e-05,1.202062048495136995e-03,8.354939508330014863e-01,6.471716560103522560e-04,1.258929192520517317e-03,1.922020457989243730e-03,6.518459161701525102e-04,7.143570701576986703e-01,7.463726107644161889e-01
2.312749999999938769e-08,1.685706169517997566e-02,9.064657529290576221e-02,1.316918714279260438e-01,1.427057376011380718e+00,1.281379761168257581e-01,2.372333050860316206e+00,1.405027596100812039e-03,1.310182808979956171e-03,3.270177763188932604e-05,1.367206586421945876e-03,8.318325347276994686e-01,-1.326855968454017098e-01,1.427082241543974561e+00,1.388877787461102464e-01,2.311424633004229179e+00,1.428641776323009375e-03,3.236479227711401525e-05,1.323938117634651567e-03,2.866619012091597735e-04,8.324510988130721101e-01,-1.230378694793017313e-01,1.451690373466637762e+00,-1.939506835759554626e-01,2.345825326595066151e+00,1.508379068583748286e-03,5.639468849290521393e-05,1.436590061851573084e-03,-2.452759578311023412e-04,8.343753034083156717e-01,1.231331240841060382e-01,1.451862949834317185e+00,9.379415848456540417e-02,2.340996067493954946e+00,1.537360255164968350e-03,1.472467013960730665e-03,5.480600911885102959e-05,1.238170887242002116e-03,8.351076235196160935e-01,7.632302030477442498e-04,1.145793681118540894e-03,1.922918905997626337e-03,6.522138785141071756e-04,7.148973997233383226e-01,7.457727401438827286e-01
2.313249999999938674e-08,-7.786743415180641392e-02,9.495574586427046881e-02,1.100177835980247210e-01,1.423695324763627035e+00,1.249437894878000499e-01,2.373017672356634300e+00,1.384507664217441347e-03,1.200026018452735304e-03,5.313004980432909876e-05,1.321374375153752624e-03,8.313283412850671628e-01,-1.116302112549643066e-01,1.423658839039989576e+00,1.495877085393102490e-01,2.312421573090536864e+00,1.406164736090137089e-03,5.445715416424768291e-05,1.221431234234545858e-03,2.891573337814327873e-04,8.318975210314473179e-01,-1.163992031582565811e-01,1.451441726862202852e+00,-1.968529640854383977e-01,2.347070368496697590e+00,1.491759526450953414e-03,6.546680640067411379e-05,1.394980337393595792e-03,-2.442800283546037524e-04,8.339429635222490589e-01,1.164900462979148177e-01,1.451721917566122233e+00,9.824032225809897767e-02,2.342586774966472607e+00,1.519960686376833946e-03,1.431739380896507275e-03,6.342452646266524558e-05,1.264531620291630505e-03,8.346596074024935641e-01,8.836447813871184734e-04,1.032355877295276564e-03,1.925750075736319938e-03,6.531366973782309166e-04,7.157684709951108726e-01,7.448542780936302510e-01
2.313749999999938579e-08,-1.576553152731663410e-01,9.877533746155231498e-02,8.179643710412243252e-02,1.419343731975191147e+00,1.205439654385114245e-01,2.375134199781943956e+00,1.361148850872475734e-03,1.083991301128605419e-03,1.092865781601475890e-04,1.250681246463938032e-03,8.307283175853066304e-01,-8.386696104793478490e-02,1.419266501456339036e+00,1.557662839420146383e-01,2.314684782321632550e+00,1.381695612034548317e-03,1.140114565796062387e-04,1.108992857582032348e-03,2.956809946274251144e-04,8.312644329231093643e-01,-1.070296284082967730e-01,1.451007058600166655e+00,-1.993125028136977228e-01,2.348720654346327485e+00,1.473917790574792632e-03,8.265634992889875354e-05,1.345868438231707497e-03,-2.483307057191647496e-04,8.334758178453576249e-01,1.071131253962547270e-01,1.451386616617953873e+00,1.019531716413983879e-01,2.344370802983283930e+00,1.501202155246289223e-03,1.383356684889927406e-03,7.996057070277480603e-05,1.276796703756242048e-03,8.341740110582479550e-01,1.001709770464972787e-03,9.238572350314216671e-04,1.929938781213021539e-03,6.544469686194029356e-04,7.169376478488029836e-01,7.436459671009569838e-01
2.314249999999938485e-08,-2.225568440061089781e-01,1.016768008774215915e-01,5.016145593785958923e-02,1.414956090334573480e+00,1.134936187641679695e-01,2.377989859623486524e+00,1.345528216723395655e-03,9.557105429497909444e-04,2.375015354608438114e-04,1.151567445926404351e-03,8.303176307975772552e-01,-5.255587463756206112e-02,1.414867269889104495e+00,1.581336347712372081e-01,2.317730207917065854e+00,1.366236177507620204e-03,2.443935622620532983e-04,9.752796912422745856e-04,3.248891681390764729e-04,8.308486227860236717e-01,-9.530696767886381870e-02,1.450404856126952691e+00,-2.009721509768214176e-01,2.350730369762793703e+00,1.456117019459102777e-03,1.114351671184414739e-04,1.289010765389506704e-03,-2.582512321719625139e-04,8.330055589453425613e-01,9.538136043247846807e-02,1.450870955369911730e+00,1.044698721329369029e-01,2.346333220251845653e+00,1.482415670370173383e-03,1.327218804262505353e-03,1.079357586907750020e-04,1.271575714222019250e-03,8.336840339917637177e-01,1.111944282919425427e-03,8.238458464343114459e-04,1.934562982583041104e-03,6.558665917083519783e-04,7.183592860700012128e-01,7.421926935167457717e-01
2.314749999999938390e-08,-2.735749386063506261e-01,1.032176894983996007e-01,1.767983477913315227e-02,1.411531928619596865e+00,1.014015454021062190e-01,2.380647061471083070e+00,1.346445199516595019e-03,8.002040984503075828e-04,4.582557729652688002e-04,1.010685775486631606e-03,8.303397274582522414e-01,-2.027843147378005639e-02,1.411429199705858784e+00,1.572441809722260331e-01,2.321078177559142475e+00,1.367954450056157491e-03,4.576476161195884443e-04,8.073906817608967126e-04,4.022054890886643595e-04,8.308859965727272145e-01,-8.174628288246132968e-02,1.449674140721160853e+00,-2.015343157257771800e-01,2.353030780251865295e+00,1.439810113978578663e-03,1.560829445159049285e-04,1.223125560055737717e-03,-2.762066753017308534e-04,8.325702936634332696e-01,8.181224157994781976e-02,1.450211863723325889e+00,1.052843491848705071e-01,2.348425106693740716e+00,1.465153940988401203e-03,1.262142530478585272e-03,1.518781778220525862e-04,1.246060391888243434e-03,8.332299200117689875e-01,1.210560429381733792e-03,7.341918199174876690e-04,1.938663392118773407e-03,6.571068617852372134e-04,7.199817027474830766e-01,7.405487800007872767e-01
2.315249999999938295e-08,-3.119840118502305026e-01,1.029176932902196029e-01,-1.426665041816632673e-02,1.409736668779286717e+00,8.112137195371893483e-02,2.382010260664996437e+00,1.365102161174784005e-03,6.168383603840871341e-04,7.356920837830470449e-04,8.131807931783079091e-04,8.308327238847214025e-01,1.157314584344559805e-02,1.409574454859586323e+00,1.538175729246575862e-01,2.324283252822001877e+00,1.387301933743473889e-03,7.211527721423877579e-04,6.136999974777472035e-04,5.506394194511859269e-04,8.314011606955027389e-01,-6.691745475885091388e-02,1.448866901458785605e+00,-2.007819252695037804e-01,2.355535505400512708e+00,1.426441445161387867e-03,2.202926624395384425e-04,1.146416404002073910e-03,-3.057149766105748609e-04,8.322098488945413042e-01,6.697841056146813798e-02,1.449461553894863641e+00,1.038151033238721155e-01,2.350556981409668733e+00,1.450981746539201176e-03,1.186202686962242216e-03,2.159742482651288216e-04,1.197454431090879279e-03,8.328539238213168439e-01,1.295622076316730459e-03,6.554311404774184821e-04,1.941558737737845985e-03,6.579704661173787616e-04,7.217530926691329007e-01,7.387712657401535044e-01
2.315749999999938200e-08,-3.396980345959865755e-01,1.002306353254027727e-01,-4.524031766388891818e-02,1.409716380660625212e+00,5.053194714703668211e-02,2.381190219027772503e+00,1.396108305731044285e-03,4.291336516911697777e-04,1.016562686871978934e-03,5.599602773530253921e-04,8.316537578239915351e-01,4.256792627736682988e-02,1.409486517076336209e+00,1.489564006554533471e-01,2.326826512722681706e+00,1.419517131631321425e-03,9.936379078728794275e-04,4.221983230925859280e-04,7.673103545004524278e-04,8.322571993513626643e-01,-5.135239959814175137e-02,1.448035253045617754e+00,-1.985767550983177365e-01,2.358148041152721142e+00,1.417059196961755092e-03,3.052390061567705781e-04,1.057792405723096286e-03,-3.511711227332164420e-04,8.319543229914112548e-01,5.141284608317331362e-02,1.448673132419526555e+00,9.938504263983682918e-02,2.352593894377542405e+00,1.441048053979762829e-03,1.097884789980995909e-03,3.019042839557478869e-04,1.122731705973932601e-03,8.325880551663445983e-01,1.366980424375185662e-03,5.871584393685701231e-04,1.942960549528052706e-03,6.583777649106667363e-04,7.236254757021538531e-01,7.369143293931925687e-01
2.316249999999938105e-08,-3.565550012152088888e-01,9.454427522631680958e-02,-7.493264208300787210e-02,1.411370385170154673e+00,1.064038192474292543e-02,2.377965163508637847e+00,1.434178219033399419e-03,2.672635567271811259e-04,1.268058816402273335e-03,2.756104735139254698e-04,8.326520678989257629e-01,7.240544131557502538e-02,1.411109874878665682e+00,1.437190479489203199e-01,2.328025328849399944e+00,1.459645436011841949e-03,1.243658357857053368e-03,2.606575797202061607e-04,1.012248754590811158e-03,8.333050106835601101e-01,-3.547304865931111273e-02,1.447221621853627127e+00,-1.948413047483170679e-01,2.360767973695705457e+00,1.411956175256860908e-03,4.086482449943026310e-04,9.580154239920514242e-04,-4.163758883962790378e-04,8.318131835136315377e-01,3.553557902764348242e-02,1.447888986714184423e+00,9.126011370693687397e-02,2.354360752316660310e+00,1.435676220565625539e-03,9.974496001569517750e-04,4.075202187798076126e-04,1.019025965040688646e-03,8.324422997083424924e-01,1.425793683030876936e-03,5.283209205306689266e-04,1.942845431685961619e-03,6.583201378333992070e-04,7.255566771460559838e-01,7.350254003825731353e-01
2.316749999999938011e-08,-3.547865743528024751e-01,8.524055304052513549e-02,-1.022641008843891974e-01,1.414416974725026366e+00,-3.446880557659781630e-02,2.372728513340216949e+00,1.474389988879621629e-03,1.512030568417508248e-04,1.463318287911016119e-03,2.692397353124410374e-06,8.336814318203336072e-01,1.000158220584022040e-01,1.414168261686615802e+00,1.386920289845181564e-01,2.327179650815784484e+00,1.502233978827368071e-03,1.442873867017225274e-03,1.462892217881172176e-04,1.232056159153425067e-03,8.343896865271153152e-01,-1.957310604251527586e-02,1.446458728929504556e+00,-1.895109895361462016e-01,2.363289757424647419e+00,1.410765970879351546e-03,5.256816451330660655e-04,8.499357699312281612e-04,-5.024183801118796075e-04,8.317777600580246178e-01,1.963698773920530272e-02,1.447140898830264977e+00,7.877496492129498762e-02,2.355671150572197003e+00,1.434457739463971268e-03,8.875042799066906046e-04,5.276734987882290232e-04,8.842795036039790158e-04,8.324071394176003613e-01,1.473690900054878874e-03,4.775783270572993614e-04,1.941332770501372597e-03,6.578357930465943831e-04,7.275108657855571259e-01,7.331433589283151697e-01
2.317249999999937916e-08,-3.211918589138709201e-01,7.181487218603743727e-02,-1.247354243954383879e-01,1.418265700866619294e+00,-7.933080498817135506e-02,2.366320222029097309e+00,1.508384652159055692e-03,8.364548199841103542e-05,1.576699611344429706e-03,-2.060390878459568377e-04,8.345213738189889430e-01,1.229417325831407837e-01,1.418074918119390126e+00,1.344410784080856125e-01,2.324130413036969323e+00,1.538568464112945698e-03,1.567145724808071241e-03,8.013652404717388036e-05,1.390991326899092056e-03,8.352837599612593644e-01,-3.857078579501127535e-03,1.445776407293147603e+00,-1.824461340200302928e-01,2.365592507739922912e+00,1.412896382819213252e-03,6.504980510678212008e-04,7.378807678292616549e-04,-6.058296447605901903e-04,8.318329171386201759e-01,3.919465006942957075e-03,1.446459153779664497e+00,6.150996986372359032e-02,2.356377772512337820e+00,1.436740382318269209e-03,7.724838376383454282e-04,6.560782242859157292e-04,7.173963982538344520e-04,8.324662370864520655e-01,1.512141284122958283e-03,4.337901575585659448e-04,1.938660712773391777e-03,6.570087088733814846e-04,7.294581498158390076e-01,7.312987524082450452e-01
2.317749999999937821e-08,-2.501749761628893065e-01,5.400416765211746295e-02,-1.389164284881470035e-01,1.422094283274402127e+00,-1.190232147911989280e-01,2.360131877709060966e+00,1.525130745672920738e-03,5.158451494951866751e-05,1.597432039635277674e-03,-3.211479024111780437e-04,8.349044455505914009e-01,1.377909277458440052e-01,1.421992103946194907e+00,1.316952744820567567e-01,2.319927196269309100e+00,1.557116479083004920e-03,1.605831763624719502e-03,4.863500104377355864e-05,1.482414810690075224e-03,8.357080229864585208e-01,1.149659315771733858e-02,1.445207896267804104e+00,-1.733325775853620243e-01,2.367524509601035110e+00,1.417828127167024624e-03,7.771909176129334230e-04,6.268578788166353274e-04,-7.185297986055736840e-04,8.319648605142651032e-01,-1.143824372906365738e-02,1.445880074169773932e+00,3.942471978159600710e-02,2.356414866632533744e+00,1.441966239991304861e-03,6.576979504318758354e-04,7.864401845737961465e-04,5.178947381087918318e-04,8.326049527874512801e-01,1.542503016087533405e-03,3.963085788831674765e-04,1.935235656602643994e-03,6.559679219781994371e-04,7.313737549194727627e-01,7.295149051248301930e-01
2.318249999999937726e-08,-1.518308628360325319e-01,3.187489513170538302e-02,-1.420472308151761176e-01,1.425078426146522803e+00,-1.507215926615677049e-01,2.355719139228102055e+00,1.516554519235827547e-03,3.999419831286939853e-05,1.537906547527658754e-03,-3.613055945123133184e-04,8.346434978546032335e-01,1.417670510756476876e-01,1.425065650787560756e+00,1.304760682390706528e-01,2.316386685165766401e+00,1.549118220234381449e-03,1.567627216177455967e-03,3.682376594512165526e-05,1.517558072565600678e-03,8.354616160659055213e-01,2.628916468135211737e-02,1.444791806084220198e+00,-1.616889068681390818e-01,2.368891507594273804e+00,1.425113633266958607e-03,9.001000422285699567e-04,5.218723772602419739e-04,-8.295185237961900243e-04,8.321609426885024918e-01,-2.623501262159289027e-02,1.445447210542953664e+00,1.290470899454732034e-02,2.355798832347939964e+00,1.449664545774985132e-03,5.485123319220706894e-04,9.127629267598723079e-04,2.871630881446750458e-04,8.328100664611637338e-01,1.566499648148417809e-03,3.648761310058281824e-04,1.931714447437479385e-03,6.549000237006882569e-04,7.332373836551235868e-01,7.278082101051635000e-01
2.318749999999937632e-08,-4.495678274609482550e-02,5.913493604303710072e-03,-1.333973992467079039e-01,1.426639725988949170e+00,-1.737209699700534848e-01,2.354032202151885578e+00,1.482476909893706753e-03,4.209537942146285858e-05,1.424443581303777746e-03,-3.623932847804008377e-04,8.337325937423072375e-01,1.339985981191045283e-01,1.426694545711770790e+00,1.298545749670712013e-01,2.314781139706596935e+00,1.513977986464879735e-03,1.473925754599478668e-03,3.769148700620880672e-05,1.507070442998974854e-03,8.345314070260069217e-01,4.029711771835597922e-02,1.444570120204914598e+00,-1.471998543263577375e-01,2.369463147877751474e+00,1.434240992237389295e-03,1.014118315408504703e-03,4.272272028565908130e-04,-9.274008942229104453e-04,8.324062684768069875e-01,-4.024297817693200940e-02,1.445207788608672272e+00,-1.717556416254639728e-02,2.354580823224062591e+00,1.459297034845264719e-03,4.496146670234829243e-04,1.029640599866303617e-03,3.526593764299274436e-05,8.330660784189312107e-01,1.586263658245995771e-03,3.393228168332294479e-04,1.928928030492296298e-03,6.540345017282351908e-04,7.350328431467980650e-01,7.261869954598865196e-01
2.319249999999937537e-08,5.489467447879836648e-02,-2.275980511214958923e-02,-1.143940902830948847e-01,1.426586672313006954e+00,-1.884451390678778537e-01,2.355212526884196578e+00,1.430448813097888461e-03,6.114397136399404885e-05,1.282739476642998262e-03,-3.508468008097629927e-04,8.323435146657902628e-01,1.157604960443743281e-01,1.426676361705496276e+00,1.285756700267217667e-01,2.315393650079870191e+00,1.459423732750198682e-03,1.347718201755907256e-03,5.372096632439138229e-05,1.456080758832852462e-03,8.330929446557718832e-01,5.331747687078336462e-02,1.444582401957159146e+00,-1.304863179175921317e-01,2.369029344466585751e+00,1.444570963840004826e-03,1.115348783367610744e-03,3.457251839302051739e-04,-1.002982446474839223e-03,8.326826387006858177e-01,-5.325283648107670409e-02,1.445204779813368923e+00,-4.922544779222182143e-02,2.352781136739473755e+00,1.470182783024389468e-03,3.641932997421234975e-04,1.132962666166911292e-03,-2.074685632899135059e-04,8.333539375791916282e-01,1.603594029494623610e-03,3.193691201775810599e-04,1.927561821707663662e-03,6.535666976165197374e-04,7.367473891410769582e-01,7.246507578423866391e-01
2.319749999999937442e-08,1.405415501547733204e-01,-5.212139531125581371e-02,-8.781863981988613510e-02,1.425161419094385096e+00,-1.958182349892045870e-01,2.358815445927755938e+00,1.372465357777411877e-03,1.126323502916704277e-04,1.128227820520303487e-03,-3.438447265736583854e-04,8.307650155527934732e-01,8.976826917858460320e-02,1.425247619145843192e+00,1.254581192359993658e-01,2.317855317902604462e+00,1.398059249183040845e-03,1.204294988873890176e-03,9.951823620764440497e-05,1.368546648079681932e-03,8.314469100935124590e-01,6.526151760547715952e-02,1.444850416233414148e+00,-1.136638878557874044e-01,2.367569741901792035e+00,1.455399569860614225e-03,1.201977264673502639e-03,2.779622486152188857e-04,-1.051919498451426085e-03,8.329706472983069432e-01,-6.516992297915846777e-02,1.445458289012247377e+00,-8.073156788200508416e-02,2.350384405901164264e+00,1.481558948170078700e-03,2.931412761874175720e-04,1.220896381603046648e-03,-3.921251680627184768e-04,8.336531322626631324e-01,1.619135129334876421e-03,3.046793243203437754e-04,1.927830932091503325e-03,6.535679830186444297e-04,7.383702351181395951e-01,7.231925259003739725e-01
2.320249999999937347e-08,2.108192549530596427e-01,-7.943077355415617546e-02,-5.685707125828831643e-02,1.422969374820283406e+00,-1.969826689144444920e-01,2.364048043153268885e+00,1.321552005677663994e-03,2.230621651923061501e-04,9.620508691354398264e-04,-3.573176399607948684e-04,8.293403381652516559e-01,5.923762859923376034e-02,1.423021991985401691e+00,1.192764263718029127e-01,2.321433712319124432e+00,1.343843907367481228e-03,1.044842670692335039e-03,2.043123501773345626e-04,1.246106535733861216e-03,8.299560766720912586e-01,7.624395651562276832e-02,1.445347781746860516e+00,-9.944054099148713632e-02,2.365482345440837797e+00,1.466040255162045841e-03,1.274627624719875838e-03,2.223048210236854710e-04,-1.076534786614679728e-03,8.332517791023930087e-01,-7.611022641602405159e-02,1.445934118793780421e+00,-1.087387466182914153e-01,2.347471744912228431e+00,1.492686238256209046e-03,2.348996070606425876e-04,1.294348204504003211e-03,-4.853416145949706467e-04,8.339442281910636190e-01,1.632139989585023633e-03,2.950765234044831309e-04,1.929394146859421833e-03,6.539510810765531866e-04,7.398904602418234777e-01,7.218051228094193306e-01
2.320749999999937252e-08,2.664470473572362330e-01,-1.022210069437337054e-01,-2.432303065825602850e-02,1.420793993881703354e+00,-1.931102750651461086e-01,2.370031498703595751e+00,1.287969143208629770e-03,4.060083125031249598e-04,7.788851784024456966e-04,-4.105622240931642219e-04,8.283759902232558092e-01,2.703105456332632883e-02,1.420816996612077610e+00,1.083067461783349117e-01,2.325179909041726223e+00,1.308297547121033307e-03,8.606198192010849728e-04,3.912176306898790300e-04,1.083988962291870459e-03,8.289523307278019448e-01,8.651912482888879374e-02,1.445993665288997310e+00,-8.938214317652759533e-02,2.363444982719521192e+00,1.475908026893759306e-03,1.335275376464046919e-03,1.762987034157190624e-04,-1.085420217288296215e-03,8.335107638769787552e-01,-8.633962553624296987e-02,1.446544090989659415e+00,-1.311108961380842430e-01,2.344328830431020805e+00,1.502975113394476678e-03,1.868398713241288197e-04,1.355751644104547134e-03,-4.974085041445663359e-04,8.342118801746468693e-01,1.640685174010038166e-03,2.907881783090141416e-04,1.931514631422937217e-03,6.545082179533230756e-04,7.412955535637573146e-01,7.204884430788283112e-01
2.321249999999937158e-08,3.085825756179259027e-01,-1.193578603183578224e-01,7.970250370580744814e-03,1.419317923549244131e+00,-1.854385265076130551e-01,2.375998702016351327e+00,1.275328454874250081e-03,6.378222530263588912e-04,5.845252234100358239e-04,-5.212954125595334809e-04,8.280075291286191908e-01,-5.078855658542380525e-03,1.419348329516069818e+00,9.029039795970383864e-02,2.328026497200201383e+00,1.295621607357619982e-03,6.531806794827260025e-04,6.396672200599887994e-04,8.756245599069965033e-04,8.285823171122372877e-01,9.625517236345171312e-02,1.446698350669907596e+00,-8.351100015275481070e-02,2.361916056039158995e+00,1.484657128941734364e-03,1.385348222688324599e-03,1.383650587233463023e-04,-1.089802130389912150e-03,8.337396523486951816e-01,-9.604049977718753794e-02,1.447198969749533548e+00,-1.473819927014221598e-01,2.341320736523849533e+00,1.512111924945936910e-03,1.471504855486662411e-04,1.406769286251203501e-03,-4.629619112690445048e-04,8.344485642626571220e-01,1.641926125664168023e-03,2.927246757745049425e-04,1.933333445007183850e-03,6.549919050266852713e-04,7.425712105488020409e-01,7.192533223344668158e-01
2.321749999999937063e-08,3.391427288246601224e-01,-1.311885064634648046e-01,3.926656140990658628e-02,1.418949185859645912e+00,-1.754432320006742430e-01,2.381272493179150018e+00,1.281183595196850765e-03,8.806971334880963915e-04,3.998446579055670502e-04,-6.911547454789519285e-04,8.281769182592868539e-01,-3.639291897733221148e-02,1.419008386209902772e+00,6.365446325212076317e-02,2.329057781710545783e+00,1.302634891345753280e-03,4.460642642037008858e-04,9.023138535279211572e-04,6.272068857768783303e-04,8.287742366110538716e-01,1.053962623679016719e-01,1.447400419131023686e+00,-8.110902739834724429e-02,2.360974106275842033e+00,1.492190639138224126e-03,1.425086406788084225e-03,1.078837492407222633e-04,-1.099196597101540071e-03,8.339374988252200582e-01,-1.051645784778876269e-01,1.447841896476236512e+00,-1.584710748577582429e-01,2.338704439575754357e+00,1.519998407161910359e-03,1.151206809502003430e-04,1.447475067111620231e-03,-4.121574007941384015e-04,8.346530849755675607e-01,1.632228166666348148e-03,3.027733988294497138e-04,1.934036644572884739e-03,6.551608106556994779e-04,7.437008806446954168e-01,7.181213976235834018e-01
2.322249999999936968e-08,3.594822486064609413e-01,-1.389253977402402640e-01,6.927042776461789231e-02,1.419882319605957788e+00,-1.647112799008314532e-01,2.385085097740499371e+00,1.301221634691986226e-03,1.106090401680911951e-03,2.471686624666313858e-04,-8.950552576884846607e-04,8.287522661854392902e-01,-6.659035427532833396e-02,1.419973817721947862e+00,2.934793843094185561e-02,2.327910122600576059e+00,1.324441847975605302e-03,2.703729797006213615e-04,1.142212655476814408e-03,3.654063689265330179e-04,8.293859308534464736e-01,1.136999613609963600e-01,1.448064204366802166e+00,-8.137017566177462413e-02,2.360508510264852866e+00,1.498486506480911726e-03,1.454332493768096743e-03,8.438179839347853073e-05,-1.118994482497965301e-03,8.341050007514979603e-01,-1.134695361889284104e-01,1.448439499689437415e+00,-1.658899332169614382e-01,2.336581011228265670e+00,1.526568137155387373e-03,9.031526525753557342e-05,1.477425740663278197e-03,-3.621731313134292905e-04,8.348252052308006155e-01,1.607426989048456323e-03,3.238947245776254650e-04,1.932907233346059690e-03,6.547853770113865870e-04,7.446635913528327766e-01,7.171241606097398247e-01
2.322749999999936873e-08,3.651711331414329020e-01,-1.439779194876877888e-01,9.730127083539219512e-02,1.422049393569084108e+00,-1.544948395101504168e-01,2.386647508500132631e+00,1.330940638733145442e-03,1.291542012170633765e-03,1.392072494276092606e-04,-1.091788811958040737e-03,8.295962989188186976e-01,-9.495937782586483245e-02,1.422185157803448785e+00,-8.944202536450784891e-03,2.324844924023389936e+00,1.356391422498653661e-03,1.464453641998286185e-04,1.332036691006651622e-03,1.264135868126503083e-04,8.302751551055690404e-01,1.208115024685603167e-01,1.448668663188005690e+00,-8.361963202229372172e-02,2.360373095445182479e+00,1.503502019656961699e-03,1.473193845452509245e-03,6.713123167939027687e-05,-1.150217356565732055e-03,8.342421406925449867e-01,-1.205984420753112296e-01,1.448970158407467901e+00,-1.711159845703389415e-01,2.334945152603096652e+00,1.531735634220020466e-03,7.205692713998895738e-05,1.496580854093866554e-03,-3.202004566342155512e-04,8.349640543817209437e-01,1.563665497462524406e-03,3.597623764188819201e-04,1.929527855506591458e-03,6.537108790475817423e-04,7.454311581794781372e-01,7.163023308770097852e-01
2.323249999999936778e-08,3.441105106082308351e-01,-1.475546712225304091e-01,1.215348615333669002e-01,1.424919536412842413e+00,-1.455628034489757638e-01,2.385675489736649890e+00,1.364384258534773620e-03,1.417108611583994208e-03,7.522579458990484504e-05,-1.246639419740229893e-03,8.305395806426061345e-01,-1.196870327962429315e-01,1.425099110731742336e+00,-4.654476012144659336e-02,2.320561225886852430e+00,1.391755973239079767e-03,7.541696653258443401e-05,1.451170090763463042e-03,-6.059586529799079659e-05,8.312553471369272806e-01,1.263093207686023511e-01,1.449198069298988312e+00,-8.731308207401600185e-02,2.360454550126873663e+00,1.507198635989532697e-03,1.482115625221613192e-03,5.522353577934371177e-05,-1.190646331056163234e-03,8.343488341081055637e-01,-1.261282096416389553e-01,1.449416214380000234e+00,-1.752867267742810320e-01,2.333749240722279517e+00,1.535438742480027194e-03,5.945185617685323429e-05,1.505363689278626377e-03,-2.879536141813918062e-04,8.350690635457281852e-01,1.498729937339260540e-03,4.138480923343566581e-04,1.924105513620047057e-03,6.519683726813636912e-04,7.459674005791354645e-01,7.157034306952474445e-01
2.323749999999936684e-08,2.864764060331141948e-01,-1.505135026788795294e-01,1.389345269686892426e-01,1.427556490040609471e+00,-1.383919276516345498e-01,2.382900555165957002e+00,1.393625862506537661e-03,1.469905779143058314e-03,4.336907694426830336e-05,-1.345341452877344031e-03,8.313707229578168878e-01,-1.377572482530893261e-01,1.427748290535469033e+00,-7.970028117520788769e-02,2.316093031567937111e+00,1.421627578446965200e-03,4.197035682366585628e-05,1.492721623449647615e-03,-1.834342811457562042e-04,8.320955064127633083e-01,1.297421348377651995e-01,1.449633763860228353e+00,-9.198796692906086037e-02,2.360686889401964361e+00,1.509541291609054273e-03,1.481742606994890200e-03,4.782243760201077042e-05,-1.236198179397834463e-03,8.344245026433410040e-01,-1.296062423328212532e-01,1.449757534838520323e+00,-1.791223784773601224e-01,2.332944090349001076e+00,1.537637457265403178e-03,5.165475547343355067e-05,1.504457604394975967e-03,-2.647385342304097323e-04,8.351395772108707316e-01,1.413179672030748409e-03,4.880855460733369124e-04,1.917577952713616718e-03,6.498204964601128836e-04,7.462313931931876532e-01,7.153759082453963192e-01
2.324249999999936589e-08,1.966006697260689329e-01,-1.533556520547314506e-01,1.463686844638691920e-01,1.429005420237746460e+00,-1.330681429272524419e-01,2.379780396839899836e+00,1.411051960703538395e-03,1.451972880270751415e-03,3.007965530995875380e-05,-1.391280542617597286e-03,8.318916960788466097e-01,-1.459969969757264341e-01,1.429160299644852028e+00,-1.064915989294137333e-01,2.312545479259765724e+00,1.438134340308544349e-03,2.887320048657359740e-05,1.467154434290469933e-03,-2.494700666041519983e-04,8.325928258945733962e-01,1.306841634580300227e-01,1.449949680023308929e+00,-9.721675183937783515e-02,2.361047886662371198e+00,1.510462822784450340e-03,1.472810225538231281e-03,4.438660071941527666e-05,-1.281940059069952131e-03,8.344668811381542595e-01,-1.306048715276242334e-01,1.449968606210233046e+00,-1.829639366271691436e-01,2.332498274187145171e+00,1.538277531012908778e-03,4.811901627654907614e-05,1.494662284484110865e-03,-2.491358932715362134e-04,8.351736602182697755e-01,1.310657485707923979e-03,5.816427863146863761e-04,1.911340236078414934e-03,6.476907202203166817e-04,7.461849899271091324e-01,7.153606095372930795e-01
2.324749999999936494e-08,9.131932390770991503e-02,-1.562844171821313743e-01,1.421856773495828730e-01,1.428654481869586323e+00,-1.291274864965994418e-01,2.377602365706718679e+00,1.412509678754645314e-03,1.380503125864622265e-03,2.756791734144731307e-05,-1.394400987355047397e-03,8.319902258000307915e-01,-1.426442499581102030e-01,1.428742209475788005e+00,-1.266555743547490565e-01,2.310661101043857801e+00,1.437687931057646555e-03,2.690179264540639199e-05,1.395686053971461780e-03,-2.771359120875689598e-04,8.326462430960945849e-01,1.288084820705421851e-01,1.450114584363712655e+00,-1.025833282496630972e-01,2.361545036826239841e+00,1.509869634733955772e-03,1.456096918214179860e-03,4.486030047042665724e-05,-1.322894548895611928e-03,8.344722138234685893e-01,-1.287943144461960454e-01,1.450021514277052059e+00,-1.868579140432946595e-01,2.332399872523715167e+00,1.537295212874786529e-03,4.881004839783423125e-05,1.476812606259263368e-03,-2.397510984039168125e-04,8.351682735489049936e-01,1.197179520457928963e-03,6.905753353534745034e-04,1.906724905591875843e-03,6.460085055309278818e-04,7.458023720657729339e-01,7.156822166202692070e-01
2.325249999999936399e-08,-1.173106842623394819e-02,-1.592854988268750382e-01,1.269483314400146057e-01,1.426384923423396955e+00,-1.257642773760010435e-01,2.376976092583888089e+00,1.398933347331821064e-03,1.278960592165665237e-03,3.547870584631705873e-05,-1.363974981226804238e-03,8.316816866655121210e-01,-1.281404878280434367e-01,1.426402138841595724e+00,-1.408453658855925994e-01,2.310631636725710258e+00,1.421941347733638675e-03,3.573844992635104767e-05,1.299761574140558202e-03,-2.847327739336445447e-04,8.322851763214493825e-01,1.239582043194844552e-01,1.450099904827119035e+00,-1.076753620636083930e-01,2.362198402601800140e+00,1.507718235628297595e-03,1.432330125112556488e-03,4.987552538807524174e-05,-1.354639716022533946e-03,8.344374827233557168e-01,-1.240141585905980559e-01,1.449893347133512922e+00,-1.906533783099293444e-01,2.332647712487497582e+00,1.534691522991822078e-03,5.442267984727063056e-05,1.451639196579162681e-03,-2.355981172660854086e-04,8.351214396319471822e-01,1.079669380165162920e-03,8.086599413725992138e-04,1.904520403607743622e-03,6.450520572924380632e-04,7.450777747768897452e-01,7.163437412822311057e-01
2.325749999999936305e-08,-1.023318254661906845e-01,-1.622099621294617044e-01,1.029615117688034154e-01,1.422586999552742482e+00,-1.220898352401840192e-01,2.377894517617493264e+00,1.376116814993432478e-03,1.166159087079635549e-03,6.287487994865401672e-05,-1.307150343917767290e-03,8.311101489873731207e-01,-1.047249146468081094e-01,1.422545133157638197e+00,-1.499887646440778433e-01,2.312220836462084428e+00,1.397316066715578384e-03,6.528824218509183478e-05,1.193005527067890004e-03,-2.868131237802601504e-04,8.316667733038303201e-01,1.161905948308585845e-01,1.449890157197380791e+00,-1.120868496055984487e-01,2.363022682128789853e+00,1.504132807846136378e-03,1.401941999081428346e-03,6.103426471108146321e-05,-1.373715792028561188e-03,8.343637834602263270e-01,-1.163178284270562912e-01,1.449575165283448763e+00,-1.940955004643809545e-01,2.333238952859777005e+00,1.530646421206921862e-03,6.666358203766546871e-05,1.419475659067471508e-03,-2.363204315957727797e-04,8.350355388659921330e-01,9.644583265277824205e-04,9.288942988094793171e-04,1.904772493179907608e-03,6.448709360647277618e-04,7.440283782588754669e-01,7.173260090521105248e-01
2.326249999999936210e-08,-1.777570092978759675e-01,-1.648498075947339991e-01,7.331451647195641463e-02,1.418048022522969465e+00,-1.170994210377807043e-01,2.379925779657475537e+00,1.353373117693641671e-03,1.047712778967191220e-03,1.348666832969624746e-04,-1.226901917989532556e-03,8.305201093315687233e-01,-7.549235683649313522e-02,1.417972412934537463e+00,-1.549439658052662594e-01,2.314957038300605507e+00,1.373792656620773794e-03,1.411264434640642886e-04,1.074882230177037030e-03,-2.977341143239679551e-04,8.310504418527249193e-01,1.057798885007634748e-01,1.449492310800446493e+00,-1.154116316177966617e-01,2.364013129100809074e+00,1.499516725979369068e-03,1.364658404713593731e-03,8.124665916594420037e-05,-1.377571436086772556e-03,8.342595538528270183e-01,-1.059756607301338693e-01,1.449079605606046428e+00,-1.969019937062093106e-01,2.334158812857182852e+00,1.525624885659898232e-03,8.854479205876873607e-05,1.379840156853222050e-03,-2.424944586583067821e-04,8.349204366990273796e-01,8.563572627669071647e-04,1.044862461446570759e-03,1.906898770757094836e-03,6.453102929265318397e-04,7.426918939365074745e-01,7.185917057298563115e-01
2.326749999999936115e-08,-2.385683556017470508e-01,-1.669985218874705524e-01,4.107983320241692660e-02,1.413775568988287379e+00,-1.092463316531495643e-01,2.382334399537332281e+00,1.341442312605661607e-03,9.131265724015200612e-04,2.891682611241820850e-04,-1.117647544095348028e-03,8.302039639017055883e-01,-4.354171434202536162e-02,1.413693777139137575e+00,-1.563480640410026545e-01,2.318290550458848465e+00,1.362313430600052772e-03,2.958172869791193729e-04,9.312524634720962396e-04,-3.375067429629649172e-04,8.307365283457521787e-01,9.317979586761393485e-02,1.448940541755582068e+00,-1.172157770656112596e-01,2.365134765746627288e+00,1.494599332323266663e-03,1.319077406308637006e-03,1.148791244616322667e-04,-1.364054354713192590e-03,8.341420842135758296e-01,-9.343723577013873793e-02,1.448444289425924181e+00,-1.988142778080108641e-01,2.335374854171008430e+00,1.520412912866818660e-03,1.243981297588225940e-04,1.331102578955975198e-03,-2.559504568741038846e-04,8.347948123805677412e-01,7.583739736287002436e-04,1.151531738682914441e-03,1.909959501743909360e-03,6.460933632085635219e-04,7.411205619379812592e-01,7.200918444139401409e-01
2.327249999999936020e-08,-2.858077326216527103e-01,-1.684917560197396469e-01,8.546122111761977891e-03,1.410728703309923171e+00,-9.596891123533035639e-02,2.384136335875805202e+00,1.347552262071380564e-03,7.487574821608779154e-04,5.322490114520628691e-04,-9.647502472173162839e-04,8.303634802147036309e-01,-1.117189322499934079e-02,1.410624036843527440e+00,-1.547267119885993303e-01,2.321704892726876857e+00,1.369210327398388393e-03,5.283739726884088264e-04,7.532645141392621058e-04,-4.319890358251935337e-04,8.309138450125054254e-01,7.895329559992791957e-02,1.448292551006762352e+00,-1.169832581088146028e-01,2.366315320500253172e+00,1.490386945524914885e-03,1.262616766151977406e-03,1.670848887677096710e-04,-1.330605578058187801e-03,8.340368688525404695e-01,-7.926112319419953423e-02,1.447727771050330681e+00,-1.996223884354884071e-01,2.336836704837263134e+00,1.516049391921816180e-03,1.790146721114309000e-04,1.270653927023065359e-03,-2.800857287913369707e-04,8.346851438164045733e-01,6.718757955934402497e-04,1.245576012333742292e-03,1.912985310282498989e-03,6.469297934742687921e-04,7.393739382916804104e-01,7.217724837150361061e-01
2.327749999999935925e-08,-3.209392099720842495e-01,-1.692289577092469521e-01,-2.323172293591246884e-02,1.409421878150092455e+00,-7.417139802251559999e-02,2.384267639965615082e+00,1.370460713722850129e-03,5.610719962560455510e-04,8.160492943272614624e-04,-7.564399873067111308e-04,8.309702379769993152e-01,2.055287483932199954e-02,1.409251254800690578e+00,-1.508729606328182982e-01,2.324720944275751044e+00,1.392846383982280318e-03,7.987680468984751682e-04,5.564828871135199745e-04,-5.988021804368917232e-04,8.315452707944780419e-01,6.367788142852304212e-02,1.447615510064756528e+00,-1.140597234708300434e-01,2.367440803063157073e+00,1.487925116200271161e-03,1.192319378828956980e-03,2.417980969097249463e-04,-1.273787586386207135e-03,8.339716404256557469e-01,-6.402123216167598940e-02,1.446996472898795627e+00,-1.991768675749434614e-01,2.338480171971544230e+00,1.513575116659680907e-03,2.556595792585263853e-04,1.195950150221958665e-03,-3.197507504669571256e-04,8.346193747422564480e-01,5.969635761719329151e-04,1.325504983637119157e-03,1.915269863671924602e-03,6.476082084994294564e-04,7.375122274115113452e-01,7.235803454157638814e-01
2.328249999999935831e-08,-3.458089435180188298e-01,-1.691789046835783239e-01,-5.395109080740989604e-02,1.409883920853987060e+00,-4.230447177587270957e-02,2.382078821180416028e+00,1.404097108753134520e-03,3.779090390049669027e-04,1.091771053824156998e-03,-5.007995565430410504e-04,8.318607277200459338e-01,5.133875120877529064e-02,1.409656181322699542e+00,-1.459222765121812593e-01,2.326793362843986301e+00,1.427949810025802698e-03,1.068282604304448321e-03,3.707932584738083412e-04,-8.238346372888128268e-04,8.324755090212213604e-01,4.784908289856049102e-02,1.446967031737246501e+00,-1.076456680801012311e-01,2.368358832451042950e+00,1.487834393601152050e-03,1.106474069828016502e-03,3.393168688502550771e-04,-1.189605641069196905e-03,8.339636428985310879e-01,-4.821242448663953795e-02,1.446307967249151671e+00,-1.973971085457093544e-01,2.340232348437000454e+00,1.513588560298224223e-03,3.541220027726043663e-04,1.106067321813033110e-03,-3.802626091972774480e-04,8.346143453907146625e-01,5.328467894812719289e-04,1.391577348620054444e-03,1.916438382302310377e-03,6.480048227189387500e-04,7.355910152318851924e-01,7.254667040203957029e-01
2.328749999999935736e-08,-3.585567374578778610e-01,-1.683630453042344044e-01,-8.320512843931315849e-02,1.411952799558444216e+00,-2.120111813625147335e-03,2.377676633220471736e+00,1.443527075180868046e-03,2.277152074117609951e-04,1.330347725878291022e-03,-2.279922359791606049e-04,8.328901579649770071e-01,8.077822280074054007e-02,1.411705724029100439e+00,-1.408015208448398781e-01,2.327276501435866063e+00,1.469573559556498418e-03,1.306877665105500748e-03,2.215053046112032192e-04,-1.060977212898872200e-03,8.335568703038678251e-01,3.182634309601262146e-02,1.446384418740624511e+00,-9.689884164644357867e-02,2.368900299675565702e+00,1.490043851215265948e-03,1.006017667556940390e-03,4.557660015413338736e-04,-1.074591707647680212e-03,8.340125812369093561e-01,-3.219681049127909311e-02,1.445701386336546435e+00,-1.942634046543703086e-01,2.342014178721375295e+00,1.516010855236627321e-03,4.706071938856303178e-04,1.002628693483856694e-03,-4.651371316402650564e-04,8.346692200088945413e-01,4.781939047459001272e-04,1.445260326347267430e-03,1.916366470927487187e-03,6.480581281742280346e-04,7.336578613963407047e-01,7.273894337417257105e-01
2.329249999999935641e-08,-3.489598758034124781e-01,-1.668001894629016491e-01,-1.095765623564324276e-01,1.415241440858376443e+00,4.198653635041127430e-02,2.371685137428578116e+00,1.483100612671736261e-03,1.260127969639091450e-04,1.504702963307186095e-03,2.072069940916245368e-05,8.338953648858172807e-01,1.074715269227006775e-01,1.415015130577423008e+00,-1.358967483191730885e-01,2.325651231615816883e+00,1.511528211967450583e-03,1.486926610791202081e-03,1.215911882467995861e-04,-1.261476259838607535e-03,8.346176727085745650e-01,1.584895697285748639e-02,1.445889181616551555e+00,-8.114406961739772939e-02,2.368925290370769154e+00,1.494080552735291409e-03,8.946243594527985860e-04,5.848938112652595726e-04,-9.265953806058088065e-04,8.341080486201897237e-01,-1.621726050463911939e-02,1.445199506623378927e+00,-1.897574286898233709e-01,2.343738443499915558e+00,1.520364240293538500e-03,5.993174937629591574e-04,8.895003207137554572e-04,-5.733892903788488909e-04,8.347729487455326502e-01,4.315893457589346305e-04,1.488410570046500578e-03,1.915160378024587497e-03,6.477840212318770321e-04,7.317509836198909934e-01,7.293134831240453142e-01
2.329749999999935546e-08,-3.044877653747797286e-01,-1.644098120077170933e-01,-1.301833770951574820e-01,1.419073748775519839e+00,8.479516916463092358e-02,2.365106634790162587e+00,1.513365546615664430e-03,7.031766909777372582e-05,1.591771898448325357e-03,2.036492540171266701e-04,8.346341458594447316e-01,1.285860636427362813e-01,1.418909639333975292e+00,-1.315473138155680566e-01,2.322094799358038308e+00,1.544031377781030813e-03,1.587015556887139481e-03,6.710552636056147584e-05,-1.398208243319341414e-03,8.354081714632175526e-01,1.000784818703248646e-04,1.445498329554796069e+00,-6.008077468548744804e-02,2.368370854605859499e+00,1.499513353204301371e-03,7.776905223062169836e-04,7.199761345398280558e-04,-7.442791906365446705e-04,8.342401287441940649e-01,-4.587679084695484022e-04,1.444816922604994502e+00,-1.837433307002322991e-01,2.345301050370321327e+00,1.526192037496251113e-03,7.339380148216792087e-04,7.718715274808799756e-04,-6.983299186979483649e-04,8.349148073400227688e-01,3.919900822027193961e-04,1.522750209682349623e-03,1.913165258378731262e-03,6.472854102121455497e-04,7.298995529745959665e-01,7.312103073575613177e-01
2.330249999999935451e-08,-2.239566935779673251e-01,-1.609092541297574286e-01,-1.415385986842598864e-01,1.422632707806734231e+00,1.219562056300640407e-01,2.359351031037111301e+00,1.523519591049465969e-03,4.550068486947812687e-05,1.587108696314590457e-03,3.043267373347158526e-04,8.348488848731137058e-01,1.406589775318249913e-01,1.422553099378745634e+00,-1.282592376188564920e-01,2.317900867014309974e+00,1.555705740687281582e-03,1.601761702523510876e-03,4.263544364944269111e-05,-1.469615918981788741e-03,8.356577642868641131e-01,-1.522908615322648984e-02,1.445232674810539963e+00,-3.384767458793769279e-02,2.367262519203211291e+00,1.506069384029954175e-03,6.612297178469429609e-04,8.545018685527493857e-04,-5.257822688060874439e-04,8.344019069741734906e-01,1.488821686673524880e-02,1.444568758157172450e+00,-1.758430526173531128e-01,2.346563140691188210e+00,1.533189216307202308e-03,8.682399283852680009e-04,6.554437713483969585e-04,-8.290223942201000373e-04,8.350872101990878260e-01,3.588623502871346872e-04,1.549938358515724106e-03,1.910954607835615472e-03,6.467343456062664159e-04,7.281242878157583309e-01,7.330569902784211944e-01
2.330749999999935357e-08,-1.212040887367562547e-01,-1.557749612882197709e-01,-1.413063514927030973e-01,1.425179194011719330e+00,1.511695819144627251e-01,2.355739043023525880e+00,1.507445738337101580e-03,3.821432901166233283e-05,1.508761826584446245e-03,3.419831130561314819e-04,8.343983699696022605e-01,1.412865584875637737e-01,1.425179842279607811e+00,-1.260773742987950641e-01,2.314799947260086199e+00,1.539778987672238810e-03,1.544631024290413516e-03,3.490924564227506255e-05,-1.487908427276916565e-03,8.352126351985020847e-01,-2.990660584321447324e-02,1.445122194420998873e+00,-2.972142873736594026e-03,2.365678740254443024e+00,1.513485820870455120e-03,5.510845840302575028e-04,9.823019953774975339e-04,-2.705060857394226163e-04,8.345858858081852683e-01,2.959443155742969012e-02,1.444478256719181619e+00,-1.654372431832080714e-01,2.347329351794082974e+00,1.541071976745959481e-03,9.962721147367869980e-04,5.457701702866140205e-04,-9.529413493466688985e-04,8.352822685056108254e-01,3.319529863074445670e-04,1.571884872386639445e-03,1.909284343442476739e-03,6.463476591373550724e-04,7.264370709819090166e-01,7.348356131356319487e-01
2.331249999999935262e-08,-1.511287782468029306e-02,-1.483807124171749869e-01,-1.294180709438299548e-01,1.426248667522636904e+00,1.720239867586745852e-01,2.354900333874851981e+00,1.467388683647477196e-03,4.435367035583717894e-05,1.384655394046488191e-03,3.463575463475668964e-04,8.333314143757681869e-01,1.302480694871026579e-01,1.426306356656279695e+00,-1.243468211917382327e-01,2.313823745776597107e+00,1.498222487756622427e-03,1.438996075686248396e-03,3.944579565469559095e-05,-1.464343710554678359e-03,8.341172743665924427e-01,-4.366830509487029666e-02,1.445208630912401038e+00,3.153757286517588909e-02,2.363691737119015812e+00,1.521367605028618166e-03,4.521998065147990898e-04,1.097904892126074861e-03,9.898154496083236709e-06,8.347810041091505706e-01,4.339876328325042998e-02,1.444581174744779872e+00,-1.520196491246039727e-01,2.347342565336067111e+00,1.549431790835357039e-03,1.112717793155752711e-03,4.475344142351689813e-04,-1.058242046024468778e-03,8.354886333585034297e-01,3.109696115963799011e-04,1.590613647231712072e-03,1.908914467053283688e-03,6.463402622096294653e-04,7.248397965094879325e-01,7.365327734274207394e-01
2.331749999999935167e-08,8.104368792309979419e-02,-1.384438893919490710e-01,-1.078360640679780769e-01,1.425772189601544060e+00,1.850877580972074554e-01,2.356739243671916562e+00,1.412567105192210400e-03,7.027723787572282715e-05,1.238604433596118132e-03,3.401709450761165854e-04,8.318610098979885015e-01,1.093741696958459020e-01,1.425853879589139339e+00,-1.220758982249523505e-01,2.315066964460754662e+00,1.440580475003764302e-03,1.306810430854538074e-03,6.165654230965166059e-05,-1.405192705460469758e-03,8.325911192439703346e-01,-5.627598389341592622e-02,1.445539723506029883e+00,6.775378757728933721e-02,2.361317778107121512e+00,1.529186119626455096e-03,3.677489383149950826e-04,1.197351915818306535e-03,2.746765959964480057e-04,8.349733100633888183e-01,5.606405909909595309e-02,1.444922573596165272e+00,-1.360386160707842684e-01,2.346343475660809474e+00,1.557729134025921973e-03,1.213675668188426895e-03,3.637015054804659895e-04,-1.135800833866402321e-03,8.356920334822357521e-01,2.954560968346325281e-04,1.607573759048571338e-03,1.910314287808027823e-03,6.468501245503382796e-04,7.233246462106324159e-01,7.381387329495294747e-01
2.332249999999935072e-08,1.622508813868348554e-01,-1.266333505035417417e-01,-7.959065920318764142e-02,1.424101459647491907e+00,1.913269378688347011e-01,2.360672767851776932e+00,1.355640003003481114e-03,1.354475039857601002e-04,1.081935456432509641e-03,3.403089563992160575e-04,8.302991609166642251e-01,8.165821035634879266e-02,1.424170116586303658e+00,-1.181573782303626530e-01,2.318031905645864921e+00,1.380205282485994465e-03,1.159742668999773612e-03,1.204693102340210505e-04,-1.313833621701621969e-03,8.309601193146480824e-01,-6.764154539191991056e-02,1.446139305228630878e+00,1.025351023095262271e-01,2.358556787034229885e+00,1.536376867232670329e-03,2.982029735508766495e-04,1.279327223421901447e-03,4.625397930755464622e-04,8.351487577068661405e-01,6.749585901608012861e-02,1.445532078366406514e+00,-1.195278352138453570e-01,2.344284675272173768e+00,1.565394708056775655e-03,1.297717039194000790e-03,2.946714880304607004e-04,-1.181738758594798192e-03,8.358781265266955751e-01,2.849291637324749614e-04,1.623022600686526568e-03,1.913433979465137226e-03,6.478703191042968490e-04,7.218784658139083543e-01,7.396458357089668034e-01
2.332749999999934978e-08,2.282259431680444539e-01,-1.146321375596284220e-01,-4.786346256392004506e-02,1.421906268266035944e+00,1.918380299610142892e-01,2.365862040476563344e+00,1.309289422624024908e-03,2.665346568161481482e-04,9.121768918920041555e-04,3.643468348904276640e-04,8.289913763406073777e-01,5.032780744521003768e-02,1.421939759730346031e+00,-1.111789653516845888e-01,2.321894998604783655e+00,1.330826485952372974e-03,9.947232482476970131e-04,2.472302336202951770e-04,-1.188742553329169820e-03,8.295916857908882669e-01,-7.794492560009280702e-02,1.446957027604041990e+00,1.324380410717624912e-01,2.355552118744435486e+00,1.542447183678269818e-03,2.412617019453884993e-04,1.345628807585581496e-03,5.435043909694288076e-04,8.352956017026137436e-01,7.785981733818592154e-02,1.446373440217041395e+00,-1.051745283973124501e-01,2.341617961040119322e+00,1.571924406076031242e-03,1.366305055336598968e-03,2.382127778184616731e-04,-1.199381000669056839e-03,8.360347578566277305e-01,2.791433789040790453e-04,1.635880144381784669e-03,1.917679316295411562e-03,6.492298699691124563e-04,7.204916270425227864e-01,7.410464682279940263e-01
2.333249999999934883e-08,2.798310964564725278e-01,-1.042724077507402036e-01,-1.524330672422080646e-02,1.419959319715653034e+00,1.877243535501249561e-01,2.371453556685406916e+00,1.282135256379549320e-03,4.672842331063750167e-04,7.251865456712424090e-04,4.325936780660808193e-04,8.282070523001037188e-01,1.800189762551895889e-02,1.419974381344967007e+00,-9.907646551703264137e-02,2.325638622145229206e+00,1.302289396653317924e-03,8.033219719723326590e-04,4.552841933507476035e-04,-1.021940901994684500e-03,8.287794805425944267e-01,-8.752646135625896662e-02,1.447875645659830512e+00,1.554262985301120281e-01,2.352603378513715260e+00,1.547118076086110390e-03,1.938533121100726657e-04,1.399523803523047318e-03,5.410592882692837535e-04,8.354073939694551809e-01,8.749026155985717423e-02,1.447336160149353290e+00,-9.459356853148426225e-02,2.339132873333290341e+00,1.576990415539494426e-03,1.422346235841387332e-03,1.912721254268100050e-04,-1.198651125514714954e-03,8.361546646333668509e-01,2.783793048098949746e-04,1.643924237699360144e-03,1.922138525719383059e-03,6.506599691366989980e-04,7.191665741566115599e-01,7.423314017051643177e-01
2.333749999999934788e-08,3.184108996135232017e-01,-9.662842876088584276e-02,1.678543036340962580e-02,1.418854342136795399e+00,1.801953118146455424e-01,2.376719670021623987e+00,1.275640444334965500e-03,7.058674396265406797e-04,5.315855209964735024e-04,5.599269851947655903e-04,8.280172212253205100e-01,-1.389724911447198785e-02,1.418889281479958520e+00,-7.947350934247765508e-02,2.328189563536649409e+00,1.296237110229179080e-03,5.932517849633519571e-04,7.114471169489141288e-04,-8.077967692232350784e-04,8.285975429739927955e-01,-9.659856657326493234e-02,1.448782414161683629e+00,1.715039081257452303e-01,2.349971561404519349e+00,1.550359467026952336e-03,1.542399486136842657e-04,1.443065664284090945e-03,4.960515822574180188e-04,8.354836293995465679e-01,9.660354992774022875e-02,1.448301172034493822e+00,-8.796848402529988675e-02,2.337393814339093101e+00,1.580515591941539190e-03,1.467788854834641043e-03,1.520737754775503578e-04,-1.192209175954420152e-03,8.362368020636440358e-01,2.837516182682883466e-04,1.644073648031578070e-03,1.925948886199201288e-03,6.519162074600582443e-04,7.179200547101072249e-01,7.434888992691914833e-01
2.334249999999934693e-08,3.460375321976436602e-01,-9.191626001863140161e-02,4.768005903500927012e-02,1.418911789451762662e+00,1.706871348535465849e-01,2.380978004621577604e+00,1.286298380721006109e-03,9.460767590229167976e-04,3.542861129333709771e-04,7.404613969048430685e-04,8.283253064596896031e-01,-4.486163757187511258e-02,1.418978619972342869e+00,-5.127951336574376739e-02,2.328771077606214934e+00,1.308274656259980715e-03,3.924484881492359793e-04,9.690113856661498231e-04,-5.577677751967499188e-04,8.289330114346683542e-01,-1.051105833790839661e-01,1.449606532053555608e+00,1.820113926324204989e-01,2.347793953489477836e+00,1.552147357825092505e-03,1.219350931156700722e-04,1.476449924665454785e-03,4.383392797579860290e-04,8.355235316337691343e-01,1.051500442003658886e-01,1.449190905628761961e+00,-8.475935795440925347e-02,2.336530755888186484e+00,1.582483424911263923e-03,1.502916738783912709e-03,1.201256110421249448e-04,-1.190831162824952357e-03,8.362806782929161908e-01,2.974661966834231570e-04,1.632609519870755312e-03,1.928477968748811477e-03,6.528292495293962303e-04,7.167804624493523402e-01,7.445037078983380852e-01
2.334749999999934598e-08,3.629891253347437008e-01,-8.986683988311083837e-02,7.712984845462278471e-02,1.420255064099678055e+00,1.606531460041074055e-01,2.383464961547474115e+00,1.309677180457230949e-03,1.161912616878049047e-03,2.135788031772302572e-04,9.427717529072874225e-04,8.289941726339685735e-01,-7.454498106332096974e-02,1.420356779947108627e+00,-1.623361996422900688e-02,2.327246454120547980e+00,1.333587425592668756e-03,2.303434602455515633e-04,1.195104954943057140e-03,-3.024669202737116603e-04,8.296416912606318084e-01,-1.128070236842186880e-01,1.450315066310851497e+00,1.887143412575684742e-01,2.346117695732706565e+00,1.552249537163403722e-03,9.670243666179989561e-05,1.499209562230899252e-03,3.837219426926379343e-04,8.355207827267149279e-01,1.128735345072113816e-01,1.449970207604900807e+00,-8.426144716522543376e-02,2.336404618077164486e+00,1.582683234443552555e-03,1.527333253238948984e-03,9.517943547986580926e-05,-1.200584189288231773e-03,8.362803364223544422e-01,3.227969683227266125e-04,1.605536262884033408e-03,1.929316482193306048e-03,6.532814389894612325e-04,7.157855441140887898e-01,7.453550262019690287e-01
2.335249999999934504e-08,3.623524499272823274e-01,-9.003268098167938049e-02,1.042048331071994127e-01,1.422697159007898504e+00,1.512134649639547135e-01,2.383547783552554034e+00,1.341033059954848750e-03,1.331852718581332798e-03,1.185292829870349585e-04,1.126473694256753663e-03,8.298819053922898981e-01,-1.019994247876878646e-01,1.422841904976297922e+00,2.159736293767799964e-02,2.324036111807088467e+00,1.367166571008422791e-03,1.222120182948505942e-04,1.364687437914195852e-03,-7.679390163379138583e-05,8.305739552426575356e-01,-1.193142183178803606e-01,1.450900336737487528e+00,1.932109131946115888e-01,2.344936129052890728e+00,1.550269238336300735e-03,7.801529806850788194e-05,1.511033863486485824e-03,3.385477214597627771e-04,8.354650818092457243e-01,1.194001334314316320e-01,1.450632275414706740e+00,-8.582720423506717822e-02,2.336797265740034213e+00,1.580718898265593472e-03,1.540742168564549364e-03,7.669454802899223047e-05,-1.222542050205381375e-03,8.362254449939676704e-01,3.635637519539815189e-04,1.559461129006120073e-03,1.928397851119373211e-03,6.532353941948696200e-04,7.149808722420567531e-01,7.460143902754350353e-01
2.335749999999934409e-08,3.312848980589979675e-01,-9.192951240362789989e-02,1.267173814999580372e-01,1.425579534186953490e+00,1.431510368818273982e-01,2.381287411512782448e+00,1.373893206555093071e-03,1.437412160035071241e-03,6.478705147444868782e-05,1.263523633454945302e-03,8.308085686071043918e-01,-1.250562052464292417e-01,1.425756869203746557e+00,5.778136634965136409e-02,2.319905906458341605e+00,1.401620474053165552e-03,6.362457468405121404e-05,1.460913819365068731e-03,9.458289048077266655e-05,8.315304560351786112e-01,-1.241960816738851836e-01,1.451363073669625248e+00,1.966704569589690088e-01,2.344225369500442469e+00,1.545785673027803668e-03,6.508795891521542950e-05,1.511894614767515712e-03,3.040621015500861741e-04,8.353457847944929515e-01,1.242943951156612048e-01,1.451180040241377700e+00,-8.889992941110680391e-02,2.337526345305347419e+00,1.576153683159976782e-03,1.543116217116109789e-03,6.387761308569385097e-05,-1.254153191307939581e-03,8.361049930494579563e-01,4.230637890640594244e-04,1.492810448737044281e-03,1.926189523834653415e-03,6.528005616449138833e-04,7.144163261238178908e-01,7.464457990937354293e-01
2.336249999999934314e-08,2.632400469040985236e-01,-9.508027840725441493e-02,1.414704745972916733e-01,1.427939049419462147e+00,1.369591386740598438e-01,2.377747935512378508e+00,1.400260380348740527e-03,1.469415208459833554e-03,3.911681117380692022e-05,1.346447319027744725e-03,8.315637982704676689e-01,-1.405243511702098935e-01,1.428110959179887507e+00,8.911111769679758154e-02,2.315861839894784779e+00,1.428127986745354001e-03,3.728110732510608893e-05,1.482057474520260491e-03,2.039784966483220818e-04,8.322844926090270379e-01,-1.269985585597266375e-01,1.451698946601210238e+00,1.997869641631684345e-01,2.343966411647062209e+00,1.538460983129948069e-03,5.715075787734355111e-05,1.502012386396125217e-03,2.792878706319454145e-04,8.351543117314831344e-01,1.271036173217829912e-01,1.451610744628441196e+00,-9.298841316613604135e-02,2.338481409347695994e+00,1.568623845694173870e-03,1.534665278715547547e-03,5.595522412515285999e-05,-1.290767755182888402e-03,8.359098341345037042e-01,5.026830307019741371e-04,1.406719757394635575e-03,1.923661618067667046e-03,6.522387950192030026e-04,7.141394403852352468e-01,7.466098518413388785e-01
2.336749999999934219e-08,1.669556319484326590e-01,-9.901925335417205432e-02,1.456240740133654121e-01,1.428913076432337226e+00,1.325775810560525514e-01,2.374467955109834882e+00,1.413361921025170758e-03,1.434615610715818824e-03,2.922379202883059704e-05,1.381518676875819049e-03,8.319710297222968620e-01,-1.454983733157784176e-01,1.429035780544091860e+00,1.141212190659040004e-01,2.312868153749016109e+00,1.439938847902606399e-03,2.783219449382337058e-05,1.442400950176007468e-03,2.608418050766874363e-04,8.326602727396432702e-01,-1.273083631559608353e-01,1.451892969643321152e+00,2.028392640826819360e-01,2.344154288866004965e+00,1.528123633160445019e-03,5.371637473295682176e-05,1.481866869140636284e-03,2.625771273601886966e-04,8.348860091483594204e-01,1.274158445853346144e-01,1.451908849941267787e+00,-9.763023748277577241e-02,2.339622279817436201e+00,1.557929689599350060e-03,1.515832273924429957e-03,5.243123154001589969e-05,-1.326805248376545805e-03,8.356346921260168203e-01,6.008235622161161140e-04,1.305141061604294045e-03,1.921964509141216347e-03,6.518814534849046724e-04,7.141869527419308916e-01,7.464716521626275636e-01
2.337249999999934125e-08,6.076188135483850949e-02,-1.032871009009612706e-01,1.381462852928529994e-01,1.428030542186160989e+00,1.293502333536085125e-01,2.372592045428965513e+00,1.410446877406284875e-03,1.352978172651523193e-03,2.940937408321564624e-05,1.378051486284451220e-03,8.319525444819111382e-01,-1.388288592736133253e-01,1.428084572214758818e+00,1.327371987081624738e-01,2.311495966242912647e+00,1.434980814437732512e-03,2.868107809290301619e-05,1.363796640137432663e-03,2.831863232427351456e-04,8.325933724239246159e-01,-1.248246575852811624e-01,1.451922494891374704e+00,2.057941307878610182e-01,2.344793540887598837e+00,1.514863232317229230e-03,5.480611734292049940e-05,1.452219885899300351e-03,2.523530545482855674e-04,8.345424465502367939e-01,1.249310629381090720e-01,1.452048321192488167e+00,-1.023718252965633013e-01,2.340955283874707860e+00,1.544138331583964950e-03,1.487326679256387434e-03,5.330683750854136015e-05,-1.356677250003863241e-03,8.352806490148849683e-01,7.128673710285484376e-04,1.194047649030881503e-03,1.921983555268970715e-03,6.519980208891726489e-04,7.145772796162788154e-01,7.460098486477471091e-01
2.337749999999934030e-08,-3.935117402491372651e-02,-1.074324325736095709e-01,1.201854975183322960e-01,1.425316697594593673e+00,1.263507653744397885e-01,2.372532201914406169e+00,1.393870716084442572e-03,1.247513945494517973e-03,4.167367440441950869e-05,1.343615987530968501e-03,8.315604878158435742e-01,-1.215554200982511546e-01,1.425304543331572527e+00,1.456106051627998887e-01,2.311832005887925590e+00,1.416291568503800754e-03,4.211784093040881388e-05,1.265789386886870651e-03,2.884298873754284403e-04,8.321494809233835888e-01,-1.194244237438686351e-01,1.451765456242938068e+00,2.084223399604336890e-01,2.345886101040796756e+00,1.499109732728307704e-03,6.117086463440754075e-05,1.414009145674865325e-03,2.474630219444066991e-04,8.341334286746653337e-01,1.195263908446773105e-01,1.452001451468244664e+00,-1.067631613816857339e-01,2.342505417358826225e+00,1.527674805670737072e-03,1.450058815815153876e-03,5.929813997296360626e-05,-1.375544526858209216e-03,8.348574171093784413e-01,8.322578529108388360e-04,1.080022723330763485e-03,1.924013003733776768e-03,6.526884977068511109e-04,7.153066850665374954e-01,7.452231679159180278e-01
2.338249999999933935e-08,-1.256196434749470292e-01,-1.110214891884595545e-01,9.436073696290203650e-02,1.421281488761487299e+00,1.226019851391217941e-01,2.374107914906772976e+00,1.370511780810011087e-03,1.133797115154196481e-03,7.900873630591887778e-05,1.283402146905434325e-03,8.309691552711903073e-01,-9.625446531306103282e-02,1.421218095554138472e+00,1.536075330765966918e-01,2.313611790439074056e+00,1.391380789195143051e-03,8.209335628026404106e-05,1.158160474119137705e-03,2.913384726813794787e-04,8.315162834728618835e-01,-1.111982856990982871e-01,1.451410433964023916e+00,2.104097702555649541e-01,2.347417894085543466e+00,1.481662268444524982e-03,7.454757605958431442e-05,1.368023172273704529e-03,2.474177664043466628e-04,8.336780128126043410e-01,1.112924505763477345e-01,1.451750407164200674e+00,-1.103655069795852484e-01,2.344290149481484509e+00,1.509360156656853460e-03,1.404863179221392403e-03,7.210473170079282322e-05,-1.379833270816848345e-03,8.343845626633388246e-01,9.520441928365672244e-04,9.689021770000057990e-04,1.927703800807125918e-03,6.538564317375276415e-04,7.163504294032172481e-01,7.441320673510769534e-01
2.338749999999933840e-08,-1.967255718501175199e-01,-1.136478791371522412e-01,6.381536013435762378e-02,1.416783799732352911e+00,1.169052900263225503e-01,2.376749960456301380e+00,1.350299520411621249e-03,1.012486376861373646e-03,1.718455144075461602e-04,1.197467078024744454e-03,8.304422367519035397e-01,-6.608692291652173978e-02,1.416697003352080264e+00,1.575192911049634326e-01,2.316385257016395194e+00,1.370792155978869378e-03,1.785107007131944690e-04,1.035559023085265169e-03,3.081740499326763552e-04,8.309718630557917374e-01,-1.004455542039497384e-01,1.450865033385680736e+00,2.114455177449490186e-01,2.349349534995532451e+00,1.463657603435201916e-03,9.787357820895093655e-05,1.314424341535392650e-03,2.526493703987340092e-04,8.332042690048721001e-01,1.005291649763686568e-01,1.451297418970790343e+00,-1.127536658595094110e-01,2.346301683359842905e+00,1.490385386218824604e-03,1.352029615657400095e-03,9.467104128768320825e-05,-1.367250849528132495e-03,8.338913693026920315e-01,1.066142093384134367e-03,8.649774711287579231e-04,1.932247003079989606e-03,6.552600110718509669e-04,7.176679207509519820e-01,7.427755612901305593e-01
2.339249999999933745e-08,-2.535101061693934010e-01,-1.149283534379978988e-01,3.145340588817413519e-02,1.412840802903581272e+00,1.073171319177914640e-01,2.379619551300604652e+00,1.343514497124969741e-03,8.700350122979270137e-04,3.542569413001654764e-04,1.076439558503982643e-03,8.302614183110765822e-01,-3.397903628551235400e-02,1.412748246303705324e+00,1.579446031771762904e-01,2.319659386833520021e+00,1.364678503849484298e-03,3.582825263824322400e-04,8.827881269164617340e-04,3.616938158332927487e-04,8.307999122060754082e-01,-8.763101141032203500e-02,1.450159444829259847e+00,2.112744857548030097e-01,2.351613916514697422e+00,1.446479140786686209e-03,1.351575189225012491e-04,1.252391680413146016e-03,2.647760392825281180e-04,8.327477319765751451e-01,8.770323835838111926e-02,1.450669585038204534e+00,-1.135006569986982683e-01,2.348495851720024064e+00,1.472221039440707981e-03,1.290868402774794123e-03,1.311609505060221006e-04,-1.336256238133685806e-03,8.334152626394342178e-01,1.170014421744997686e-03,7.708021529505462276e-04,1.936658855248786894e-03,6.566016959319114204e-04,7.192095944085972192e-01,7.412050526179290166e-01
2.339749999999933651e-08,-2.970700839761147849e-01,-1.144760685474062178e-01,-8.082464894363372565e-04,1.410309323470498200e+00,9.089383734770839496e-02,2.381666185803493541e+00,1.355069185953378108e-03,6.968897907461962934e-04,6.146911392485500825e-04,9.042065267897528335e-04,8.305655603801622711e-01,-1.857753185317889688e-03,1.410177388249624464e+00,1.554820318326139983e-01,2.322980692089709365e+00,1.376968476620607463e-03,6.059431888093101551e-04,6.973763409924706820e-04,4.781554133075328569e-04,8.311236302577704738e-01,-7.331219287359891368e-02,1.449342240476457322e+00,2.097155181331582519e-01,2.354120781102405857e+00,1.431608887375070789e-03,1.905165728587587782e-04,1.180298411743583437e-03,2.867662911349499002e-04,8.323484334316170186e-01,7.337505976555913634e-02,1.449914981676617032e+00,-1.121377401487633207e-01,2.350786461472634592e+00,1.456464094291393466e-03,1.219723006097585575e-03,1.860955999035313914e-04,-1.285243350585567670e-03,8.329986495653989298e-01,1.260931897199209532e-03,6.874269130469855531e-04,1.940109954480985976e-03,6.576362828360133618e-04,7.209234138544213799e-01,7.394773862815620102e-01
2.340249999999933556e-08,-3.290869743348190379e-01,-1.118589861453105350e-01,-3.221683539429487375e-02,1.409540994326073271e+00,6.477536447888443405e-02,2.381846344150910788e+00,1.381601776984309020e-03,5.072355492652392802e-04,8.992090679591943593e-04,6.730190946148395786e-04,8.312683494951805807e-01,2.952059784656446695e-02,1.409336605326702463e+00,1.510836563423230139e-01,2.325878869754490097e+00,1.404376721952466057e-03,8.788434953531917620e-04,5.012053737844135871e-04,6.687241123788899289e-04,8.318547664482952575e-01,-5.804811710536084135e-02,1.448468666559970419e+00,2.066630354452883012e-01,2.356766141540544979e+00,1.420322655765352948e-03,2.663506002662879520e-04,1.096666679499613741e-03,3.227239636149693055e-04,8.320424037431568554e-01,5.810572041838391044e-02,1.449089913174451016e+00,-1.081109754407347801e-01,2.353041076362730522e+00,1.444505923169572261e-03,1.136788102813480073e-03,2.624267736587892791e-04,-1.212036056657696216e-03,8.326798056539999049e-01,1.338016864102806701e-03,6.148053360727098694e-04,1.942151538268959820e-03,6.582380118661701647e-04,7.227596881388584915e-01,7.376486744612242852e-01
2.340749999999933461e-08,-3.509674407951797193e-01,-1.065717566109460890e-01,-6.251529937789612745e-02,1.410504655215915282e+00,2.849015112409114536e-02,2.379625213078348622e+00,1.417200371124324385e-03,3.311870743530991295e-04,1.166319912148075250e-03,3.976367327869088290e-04,8.322075875915393439e-01,5.991172565642322034e-02,1.410252132675738679e+00,1.459086707632262225e-01,2.327741128221125777e+00,1.441719178995869068e-03,1.141895052916083167e-03,3.241487316779374361e-04,9.081731437353332808e-04,8.328382757916427126e-01,-4.231307983950216567e-02,1.447588159895323745e+00,2.020848268324648700e-01,2.359441579452638660e+00,1.413262461809608548e-03,3.618217606309069643e-04,1.001438182014891768e-03,3.769652289992204042e-04,8.318487153620059971e-01,4.236886156957897498e-02,1.448244452676047400e+00,-1.007756647495829938e-01,2.355081885655224028e+00,1.437052731226782110e-03,1.041479073972190455e-03,3.596405844295420796e-04,-1.114078474188266461e-03,8.324789754304170453e-01,1.401962012791499283e-03,5.521253122403318872e-04,1.942668762608678072e-03,6.583740324687170414e-04,7.246738251271833686e-01,7.357696304123650943e-01
2.341249999999933366e-08,-3.586882597023267616e-01,-9.805809544714483295e-02,-9.106580024185939592e-02,1.413015001947953708e+00,-1.502504363824508360e-02,2.375170355346058138e+00,1.457280320653396881e-03,1.942596894809272515e-04,1.388875688980304801e-03,1.137550649432952595e-04,8.332458579680372956e-01,8.868061140516725338e-02,1.412755679570965484e+00,1.407409621536608313e-01,2.327833938940621739e+00,1.484099397392814193e-03,1.366010800880755995e-03,1.885888830556716942e-04,1.144517828176369340e-03,8.339302842975546692e-01,-2.645139989292921712e-02,1.446740042196531739e+00,1.960025430074634478e-01,2.362037709064530588e+00,1.410311193447844362e-03,4.730286748533151691e-04,8.966198987150212144e-04,4.522109659145273262e-04,8.317655626899473909e-01,2.650578905883160807e-02,1.447417127835185724e+00,-8.947453532481786098e-02,2.356703357673585408e+00,1.433971327359146331e-03,9.354116772091463240e-04,4.736873034295174399e-04,-9.891640983230732664e-04,8.323939991638009683e-01,1.454300063852676569e-03,4.981131829695997640e-04,1.941728262292443394e-03,6.580630350490649597e-04,7.266273837381371781e-01,7.338828541110060666e-01
2.341749999999933271e-08,-3.401318969843698525e-01,-8.580107279729798364e-02,-1.160004289923515230e-01,1.416615610485874033e+00,-6.066058996846424023e-02,2.369125592514510714e+00,1.495218313357907095e-03,1.070006655155959324e-04,1.539615236332950209e-03,-1.283089808027947131e-04,8.341990269364213395e-01,1.139884581027210686e-01,1.416394980165012196e+00,1.360681441830604577e-01,2.325672455069054401e+00,1.524433667451810135e-03,1.524482577356398331e-03,1.029947686413546496e-04,1.331737815913854863e-03,8.349391395822473028e-01,-1.069310759505626152e-02,1.445958348043432151e+00,1.884208438841876720e-01,2.364438194235669144e+00,1.410937075661401535e-03,5.944873385795418873e-04,7.859469423458840913e-04,5.474549665564958176e-04,8.317796310589039566e-01,1.074373575955589466e-02,1.446641344297186826e+00,-7.369776323025689635e-02,2.357716514254958096e+00,1.434670090989185022e-03,8.222922470657255921e-04,5.986622095912294854e-04,-8.359039925908915694e-04,8.324103868046823784e-01,1.496603677367855595e-03,4.514888823866487723e-04,1.939516695957497214e-03,6.573703211094784199e-04,7.285879686675256206e-01,7.320222846044484033e-01
2.342249999999933177e-08,-2.846874163070680641e-01,-6.945192410821388052e-02,-1.341289497970667988e-01,1.420560047852276409e+00,-1.030303054152801323e-01,2.362647123723696563e+00,1.520620178217735796e-03,6.193746823659512693e-05,1.599551446578332311e-03,-2.834067465734343028e-04,8.348074403786235331e-01,1.326925803331304721e-01,1.420418468060468786e+00,1.326198550629809070e-01,2.321754477928264393e+00,1.551949044700244107e-03,1.599601350517515378e-03,5.885233181719290191e-05,1.451038114728703298e-03,8.355960324608791012e-01,4.787597699516865646e-03,1.445278473942653186e+00,1.792030585692865330e-01,2.366507302148117109e+00,1.414592824558551969e-03,7.203815559659126032e-04,6.741067680315370771e-04,6.568193139024190328e-04,8.318766621445810028e-01,-4.743650672825783232e-03,1.445954121944155846e+00,-5.325007652603996888e-02,2.358003181417852812e+00,1.438552700503966525e-03,7.070635838202158751e-04,7.283385955460259381e-04,-6.534262934199302000e-04,8.325128693725964979e-01,1.530226351675038465e-03,4.113875853983579725e-04,1.936358975434259192e-03,6.564053237267671688e-04,7.305284769271855883e-01,7.302141647393731727e-01
2.342749999999933082e-08,-1.958626435740664640e-01,-4.893687764774368176e-02,-1.421866245576270948e-01,1.423993008740030985e+00,-1.383080070340123591e-01,2.357317765528565090e+00,1.523353392686824324e-03,4.304984327180281004e-05,1.571362629198629589e-03,-3.510200868140376314e-04,8.348327918675919612e-01,1.415324752295488153e-01,1.423943952671796964e+00,1.308235083033979507e-01,2.317722101611664698e+00,1.555858533750270134e-03,1.591945897624129315e-03,4.007491634495840486e-05,1.508457586577583321e-03,8.356486955920545689e-01,1.981252148128609392e-02,1.444739747251376549e+00,1.679728973759138100e-01,2.368077509269983949e+00,1.420829175861390743e-03,8.450218682057826025e-04,5.660535899157791585e-04,7.703177423295158545e-04,8.320442796086958692e-01,-1.977638185801811055e-02,1.445398863523538857e+00,-2.833530706359121965e-02,2.357542625002714054e+00,1.445142932534079858e-03,5.950438575966367867e-04,8.566870816867614867e-04,-4.411903750456063291e-04,8.326884372268492651e-01,1.556684093746519247e-03,3.774203538186559617e-04,1.932800281920363499e-03,6.553288691239283689e-04,7.324263516949933717e-01,7.284779025431031840e-01
2.343249999999932987e-08,-9.032029366064486808e-02,-2.452876284112859295e-02,-1.384875457263006204e-01,1.426207735968772150e+00,-1.649919274768651967e-01,2.354414979972760058e+00,1.499587800397192677e-03,3.952342731815891298e-05,1.477379789594877348e-03,-3.647062385165260432e-04,8.341864975124544390e-01,1.387205086686247313e-01,1.426237431827940938e+00,1.301003980593908871e-01,2.315209476292293012e+00,1.531742788492979025e-03,1.518885278392767806e-03,3.580763763628814849e-05,1.516526243880106459e-03,8.349976615289131932e-01,3.417298370624699544e-02,1.444383828401176073e+00,1.542319724249270330e-01,2.368947346517898289e+00,1.429182141715590630e-03,9.630435071871781220e-04,4.663999334952696816e-04,8.759592694413118660e-04,8.322690150138518650e-01,-3.414205830321948021e-02,1.445022692425223187e+00,4.157955835872861883e-04,2.356386837628968500e+00,1.453955101551198054e-03,4.912317004062933612e-04,9.780475498181871903e-04,-2.022356320898927333e-04,8.329230910540161847e-01,1.577986313128692001e-03,3.494165187736424419e-04,1.929623323664750702e-03,6.543576575616095970e-04,7.342632194415830149e-01,7.268254996448735294e-01
2.343749999999932892e-08,1.388190062485228360e-02,3.018640861264909603e-03,-1.236052875131259388e-01,1.426837196931663776e+00,-1.831381985336171248e-01,2.354405205590853534e+00,1.453905682682739894e-03,5.025422527633557380e-05,1.345054655745291875e-03,-3.560550358062988222e-04,8.329707676736054500e-01,1.246669917117146920e-01,1.426916568423017395e+00,1.292556632767847269e-01,2.314897516171286362e+00,1.484100219791923076e-03,1.404011539365062310e-03,4.441202165812023776e-05,1.482296885173865980e-03,8.337442668010186519e-01,4.765168320372059618e-02,1.444250942514554659e+00,1.379194793060851687e-01,2.368907876583516980e+00,1.439057265102245808e-03,1.069909097884302407e-03,3.787105574838488904e-04,9.622090478108566219e-04,8.325337432502416535e-01,-4.761795835180127057e-02,1.444871036215520599e+00,3.181148879103101734e-02,2.354597380049410216e+00,1.464364043145090482e-03,3.995587585739205825e-04,1.087645727502815083e-03,4.690494038091567140e-05,8.331990260128114834e-01,1.596191138393618239e-03,3.271506195579026045e-04,1.927619699946477505e-03,6.537126114232625837e-04,7.360245238383567035e-01,7.252602881128633605e-01
2.344249999999932798e-08,1.059548870700319778e-01,3.218730323799645632e-02,-9.986761452339543155e-02,1.425940280126594129e+00,-1.935018753106563238e-01,2.357063385773186859e+00,1.396850977663105032e-03,8.510255075515851971e-05,1.195052324232450834e-03,-3.452700836865398005e-04,8.314325758562123303e-01,1.015910750664663631e-01,1.426032700493435224e+00,1.270613441626200490e-01,2.316648474262115620e+00,1.423936081524498085e-03,1.266882744232064205e-03,7.473219627139709976e-05,1.409879717888479298e-03,8.321443668043193576e-01,6.009485925167989961e-02,1.444373044383436389e+00,1.202474273801135141e-01,2.367841230867915758e+00,1.449749712120527653e-03,1.162803355240751976e-03,3.047415995736353438e-04,1.020481867781017783e-03,8.328188350301101162e-01,-6.004434103834888070e-02,1.444977803087258650e+00,6.380007699966228074e-02,2.352193063237510540e+00,1.475618786922687541e-03,3.220600184128375961e-04,1.182541124658506885e-03,2.669404223132898230e-04,8.334956748241476587e-01,1.612500674392319550e-03,3.102885347278222777e-04,1.927228408913817534e-03,6.535250321950972436e-04,7.376984471833223367e-01,7.237776162647853173e-01
2.344749999999932703e-08,1.827218829576848780e-01,6.053857157905984110e-02,-7.039052248936927825e-02,1.423983948904454566e+00,-1.971610675503248089e-01,2.361713616475024313e+00,1.341407507086188984e-03,1.671085055005235606e-04,1.034523075190027465e-03,-3.478554410188808071e-04,8.298996426443463470e-01,7.260193212147503239e-02,1.424052926325140245e+00,1.223582242976020140e-01,2.319859442809724559e+00,1.365015139200977806e-03,1.115098361952795341e-03,1.502398076503374874e-04,1.302494006389130288e-03,8.305417336350181534e-01,7.151505136518632177e-02,1.444752887848656187e+00,1.037183276160682510e-01,2.365936903519913148e+00,1.460549223929816969e-03,1.241394189958744529e-03,2.439469101705068457e-04,1.047735172207957905e-03,8.331050551058052367e-01,-7.143142598655560782e-02,1.445341080932983857e+00,9.346880644105937108e-02,2.349201951844774428e+00,1.486953954885228890e-03,2.583019852268280780e-04,1.262459897159726348e-03,4.114736130373555616e-04,8.337927724829872211e-01,1.626750418639304370e-03,2.985538588959802298e-04,1.928336638123903223e-03,6.537740695876149456e-04,7.392739325588408850e-01,7.223693790226999312e-01
2.345249999999932608e-08,2.444661430733034990e-01,8.527965358905964521e-02,-3.823598509000913914e-02,1.421705362071506773e+00,-1.952870105955821778e-01,2.367482134357771884e+00,1.299553496472356448e-03,3.198362669861648305e-04,8.589303757341275585e-04,-3.816364584253996678e-04,8.287097786064426819e-01,4.081728627640712759e-02,1.421737611344266572e+00,1.136870605679520807e-01,2.323662905797683198e+00,1.320479591974578135e-03,9.424123950777550185e-04,3.016051314280035543e-04,1.158269134727682751e-03,8.292981898237544724e-01,8.211858090760060236e-02,1.445336654224308015e+00,9.063014020430681938e-02,2.363794277670516308e+00,1.470823705331429990e-03,1.307389206085922580e-03,1.940563374227561721e-04,1.048794892018398411e-03,8.333756048586441478e-01,-8.199195612702636637e-02,1.445897498527715319e+00,1.179977629503086156e-01,2.345816769061673135e+00,1.497701652107269162e-03,2.059428183462084800e-04,1.329360911829412023e-03,4.659455476412131380e-04,8.340729127170336543e-01,1.637483832715965534e-03,2.919680052785383288e-04,1.930344890147671138e-03,6.542945065385617808e-04,7.407387885399263627e-01,7.210313049526855256e-01
2.345749999999932513e-08,2.921554013576214137e-01,1.044620990642597391e-01,-5.695203349831423623e-03,1.419865425641525736e+00,-1.890668954398315726e-01,2.373541021137984153e+00,1.278021507871849021e-03,5.355164885126739846e-04,6.674958180614242028e-04,-4.663084213437323328e-04,8.280850250344032881e-01,8.531464152441881055e-03,1.419887975252746015e+00,9.895363783422483905e-02,2.327024040180814879e+00,1.298119432524013706e-03,7.432263190880510550e-04,5.292188185826396342e-04,9.699862884653485517e-04,8.286563697126286820e-01,9.213735240328713161e-02,1.446030170706500639e+00,8.179103291851186341e-02,2.362040194201394883e+00,1.480122166021219507e-03,1.362632680519707548e-03,1.528784435589814101e-04,1.035753077643186302e-03,8.336192444362443554e-01,-9.197085884670008760e-02,1.446547763909932893e+00,1.360089993074442560e-01,2.342410149780201234e+00,1.507418848077407515e-03,1.626401530954248208e-04,1.385361401665719449e-03,4.549594337996419385e-04,8.343249731593225249e-01,1.642227609424275593e-03,2.911099742144103767e-04,1.932413006942571530e-03,6.548457317088361360e-04,7.420791400442345864e-01,7.197689343180730948e-01
2.346249999999932418e-08,3.273625744179714525e-01,1.177285795990048456e-01,2.606845540713975673e-02,1.418991097898217646e+00,-1.798631237221131052e-01,2.379194677300550786e+00,1.276498167170930136e-03,7.777663302591424554e-04,4.757212881841956583e-04,-6.124233878443874259e-04,8.280399654188229652e-01,-2.316314145906539501e-02,1.419037551544166220e+00,7.605870883107268554e-02,2.328913048588831192e+00,1.297366306159709664e-03,5.321234099748101912e-04,7.912327044232092196e-04,7.365525866361987296e-04,8.286257255768711971e-01,1.016153475140597617e-01,1.446749407583868940e+00,7.680372342242858252e-02,2.360919446450096437e+00,1.488249684325559626e-03,1.407671747944072658e-03,1.193537093607903161e-04,1.022513642009690053e-03,8.338323208166590339e-01,-1.014231583661775460e-01,1.447211029871524168e+00,1.479140994272132303e-01,2.339339635507553972e+00,1.515925434887566928e-03,1.272590632998289565e-04,1.431065680616798843e-03,4.130733325016949266e-04,8.345453864652799814e-01,1.637669207330893139e-03,2.974192445362229152e-04,1.933696138324085198e-03,6.551813429693541030e-04,7.432795056098235875e-01,7.185992414835733477e-01
2.346749999999932324e-08,3.521358371631505557e-01,1.260291868667917647e-01,5.666219548824713570e-02,1.419358244021705628e+00,-1.692611445174532214e-01,2.383731117228520269e+00,1.291014432664395030e-03,1.013508006984637031e-03,3.071792493868250821e-04,-8.063657280718560276e-04,8.284586561914417668e-01,-5.388119716767603151e-02,1.419434888283002349e+00,4.471060937096504873e-02,2.328694212862330026e+00,1.313405645492225554e-03,3.396709293902215533e-04,1.044450177075568554e-03,4.762075080782479067e-04,8.290752151126286051e-01,1.103739199735118692e-01,1.447441405406011405e+00,7.488093020496888741e-02,2.360362546145958085e+00,1.495155414303181137e-03,1.442209707545652779e-03,9.301052811414921935e-05,1.019154294891149891e-03,8.340149357842712163e-01,-1.101741653787073894e-01,1.447838923618984586e+00,1.551991266660994739e-01,2.336799075277266269e+00,1.523145764623576315e-03,9.935565983397501549e-05,1.466031135718866502e-03,3.644836928816131143e-04,8.347336150503178454e-01,1.619808859262570309e-03,3.134111850815663770e-04,1.933423917686491553e-03,6.550637807058214959e-04,7.443214034215970276e-01,7.175496400917114048e-01
2.347249999999932229e-08,3.651815083149503316e-01,1.308656925742517352e-01,8.567603164398907012e-02,1.421033683036394990e+00,-1.587056586236408329e-01,2.386330941554809293e+00,1.317205109172754065e-03,1.218551833178536806e-03,1.794531147131358997e-04,-1.011236546014468657e-03,8.292059436851519916e-01,-8.317257163959390631e-02,1.421149252050471823e+00,7.558556854741826925e-03,2.326382754700428102e+00,1.341677934998201363e-03,1.923510003240474044e-04,1.258610959283455039e-03,2.232599704345702518e-04,8.298652356867414204e-01,1.180911779823996532e-01,1.448076534405015270e+00,7.529010660529866783e-02,2.360203071594870750e+00,1.500788174554504827e-03,1.466101165592038381e-03,7.325713036063772384e-05,1.030084397131443520e-03,8.341668950405567440e-01,-1.179010031701919203e-01,1.448403074502805810e+00,1.595850036746835343e-01,2.334825487529588184e+00,1.528984476592720092e-03,7.838404186221139733e-05,1.489981114114748281e-03,3.210845647406859282e-04,8.348885566932323643e-01,1.584515313910059720e-03,3.425342657367849231e-04,1.931013900608035501e-03,6.542939128655495548e-04,7.451804045792218556e-01,7.166571445651768180e-01
2.347749999999932134e-08,3.571334357676887450e-01,1.336994344927489031e-01,1.118368893452699186e-01,1.423699488529257984e+00,-1.491536098540513500e-01,2.386412662102925353e+00,1.349926203365935844e-03,1.371770879945176857e-03,9.770473531417735668e-05,-1.186955102659731798e-03,8.301307813549645420e-01,-1.097579187884087926e-01,1.423862426749058496e+00,-3.087661623010617973e-02,2.322509205671337895e+00,1.376584412447586642e-03,9.996436661717096844e-05,1.409638361006340006e-03,1.149998169904100720e-05,8.308332070749562259e-01,1.243649731922142898e-01,1.448637463941217840e+00,7.745781925786587863e-02,2.360291648422514932e+00,1.505094304627350912e-03,1.479649267550364224e-03,5.924217352217113236e-05,1.055207100797194656e-03,8.342878393845950535e-01,-1.241996767391944090e-01,1.448884824715244157e+00,1.625366366740306212e-01,2.333372044558822189e+00,1.533356382353165447e-03,6.350238453721006044e-05,1.503191903745806132e-03,2.869149474639362302e-04,8.350092070634442809e-01,1.528710028127792161e-03,3.884907040282155159e-04,1.926377194459932916e-03,6.528130760086008066e-04,7.458240354064389344e-01,7.159669109240593965e-01
2.348249999999932039e-08,3.154818977194749907e-01,1.356734159609311874e-01,1.325540803491844777e-01,1.426559610905254738e+00,-1.411921058624456826e-01,2.384251828296088505e+00,1.381976400343873325e-03,1.456264525684829083e-03,5.397542632943492098e-05,-1.309940618851791532e-03,8.310364021746912133e-01,-1.310709828884857320e-01,1.426751978880125726e+00,-6.626744295557429609e-02,2.317979873402486568e+00,1.409900941917112188e-03,5.287221953080759973e-05,1.483877711708470135e-03,-1.388250851443001118e-04,8.317614155265387055e-01,1.287500975851825213e-01,1.449108974818163809e+00,8.093793277814231857e-02,2.360530980419391689e+00,1.508041433275737015e-03,1.483464415464771403e-03,5.006600997809085459e-05,1.091781326208921855e-03,8.343775574548837337e-01,-1.286232784367764559e-01,1.449267043463326354e+00,1.650946818420573337e-01,2.332368616812574125e+00,1.536216645320627417e-03,5.379071877043942624e-05,1.506308980865767770e-03,2.622155240056344523e-04,8.350951083385211859e-01,1.451679950710719558e-03,4.540420411980864877e-04,1.920154844845024539e-03,6.507882334329391201e-04,7.462130693075985644e-01,7.155278660952906211e-01
2.348749999999931944e-08,2.378028106750540438e-01,1.375502477788983491e-01,1.445427876147902246e-01,1.428613540046865360e+00,-1.351058580862520841e-01,2.381093124042314102e+00,1.405199088901545402e-03,1.467084085639119720e-03,3.415413661675952294e-05,-1.377238307365737926e-03,8.317095627984206763e-01,-1.438181639574780402e-01,1.428789506071892035e+00,-9.587816159949369421e-02,2.313921406667914571e+00,1.432830712887139249e-03,3.278720119033918541e-05,1.484660426522986260e-03,-2.271483968205908327e-04,8.324241260536482390e-01,1.308029373557630937e-01,1.449470797414063039e+00,8.535477466859608953e-02,2.360874184996296421e+00,1.509587796858962230e-03,1.478293766776028837e-03,4.503399998783342488e-05,1.135695104018482129e-03,8.344348174768853044e-01,-1.307261545321238838e-01,1.449528922719629076e+00,1.678776207211534199e-01,2.331753981653310603e+00,1.537529544689997252e-03,4.853185504798813548e-05,1.500144678607816555e-03,2.458352165415556489e-04,8.351452004319317446e-01,1.355783917222123285e-03,5.396438212624447926e-04,1.913604258434337905e-03,6.485907373781608053e-04,7.463073107193141098e-01,7.153850773652405959e-01
2.349249999999931850e-08,1.367200747630086255e-01,1.397499342619199503e-01,1.453629111721517209e-01,1.429073111658946349e+00,-1.306600318172081998e-01,2.378398436946842498e+00,1.413651724437483452e-03,1.415667583958515885e-03,2.753642255449949679e-05,-1.397332381043784677e-03,8.319940083929727725e-01,-1.454734799520138733e-01,1.429191008974790122e+00,-1.188160447570170142e-01,2.311275222637582338e+00,1.439705406984673718e-03,2.661629865743484990e-05,1.429942505408723355e-03,-2.687400882347551197e-04,8.326708002647101869e-01,1.301477478574035729e-01,1.449696599737746450e+00,9.035453775390989151e-02,2.361312771240807962e+00,1.509659549769341597e-03,1.464940025845633872e-03,4.386054511962331323e-05,1.182161706283961587e-03,8.344566901054215613e-01,-1.301296904195277104e-01,1.449646158849104083e+00,1.711501166480049463e-01,2.331486599388332692e+00,1.537244908546436329e-03,4.744020863720446371e-05,1.485570664642716808e-03,2.363623503059936290e-04,8.351571286143565365e-01,1.246174810451388792e-03,6.426422854436634070e-04,1.908154231897190483e-03,6.466693571881161054e-04,7.460746738199062200e-01,7.155708309412383006e-01
2.349749999999931755e-08,3.096689808201213978e-02,1.424191271020194272e-01,1.346296473446859654e-01,1.427601483831220097e+00,-1.271552877038506502e-01,2.377081658366567929e+00,1.406035667452799984e-03,1.324163819367122708e-03,3.055534022691306376e-05,-1.380170772288719094e-03,8.318484295605832468e-01,-1.355273706427060354e-01,1.427647962685639094e+00,-1.354392226329674820e-01,2.310465141358831964e+00,1.429955965520381643e-03,3.033647515566508410e-05,1.342182040001208216e-03,-2.829232236136977911e-04,8.324742989599935861e-01,1.265512698644275513e-01,1.449759386225992763e+00,9.557335648061560107e-02,2.361859682081128842e+00,1.508194987013341095e-03,1.444197248150666394e-03,4.685754901568342208e-05,1.226151666921551382e-03,8.344398861418331759e-01,-1.265970736590167345e-01,1.449596470239301382e+00,1.749050585240823352e-01,2.331541655789127532e+00,1.535340546929390938e-03,5.086749242282936580e-05,1.463417035195568741e-03,2.326173579184912172e-04,8.351285342805484513e-01,1.129587035586757538e-03,7.576248749018130342e-04,1.904870069694751620e-03,6.453825270911517668e-04,7.455001418641800104e-01,7.160974887913116316e-01
2.350249999999931660e-08,-6.560858257607127264e-02,1.455034976270921376e-01,1.140161711206570949e-01,1.424378113666390000e+00,-1.237211582397117482e-01,2.377373881156964686e+00,1.386197992510792990e-03,1.214568461155222804e-03,4.771946717098071462e-05,-1.333897837645014886e-03,8.313643226808160591e-01,-1.155569866256245248e-01,1.424359151575520732e+00,-1.466158928034060338e-01,2.311412792995760856e+00,1.408076883891263642e-03,4.898971262933201780e-05,1.239177896869888629e-03,-2.857381767194051760e-04,8.319392311735961387e-01,1.199804495643748137e-01,1.449640615232532515e+00,1.006195324990541984e-01,2.362532583548324183e+00,1.505246570315414917e-03,1.416676671412051133e-03,5.517697568541364198e-05,1.262770371603065458e-03,8.343837002670925207e-01,-1.200914623894706601e-01,1.449367640871151552e+00,1.789447431356832041e-01,2.331902179257673069e+00,1.531921420507280796e-03,6.005379337707227993e-05,1.434247548938069302e-03,2.338911449219718711e-04,8.350599224305462753e-01,1.012754133708435207e-03,8.777349969432601730e-04,1.904115803883712913e-03,6.448797267105421151e-04,7.445909398024983528e-01,7.169547686240962392e-01
2.350749999999931565e-08,-1.474996247236119995e-01,1.488163978272707411e-01,8.638942271483429636e-02,1.420041037370801007e+00,-1.194324253067442498e-01,2.379003824007196233e+00,1.362140547238286986e-03,1.098948321984601073e-03,9.640853555183968090e-05,-1.263699155033185580e-03,8.307476716572368414e-01,-8.840779763161066285e-02,1.419975783200990715e+00,-1.532613100056683386e-01,2.313725278059052037e+00,1.382727446788199147e-03,1.009457177376987591e-04,1.127036446962774614e-03,-2.909059719162782466e-04,8.312857349939319906e-01,1.106228852414157249e-01,1.449339618339376745e+00,1.050631056515762829e-01,2.363339710032718699e+00,1.501098344003028509e-03,1.382456712346865745e-03,7.113571642359413068e-05,1.287553310397991039e-03,8.342934143363551769e-01,-1.107968352748247565e-01,1.448965221867429154e+00,1.829559723382390146e-01,2.332550776373149670e+00,1.527332659969684757e-03,7.743400371087771948e-05,1.397976026950893550e-03,2.402004376790876721e-04,8.349579753943082716e-01,9.011983521855071845e-04,9.961775255206521684e-04,1.905548263853204874e-03,6.450851251448095486e-04,7.433763019720698306e-01,7.181120735932045029e-01
2.351249999999931471e-08,-2.143974106217840792e-01,1.521022297663368050e-01,5.491714259939750598e-02,1.415527728359028181e+00,-1.130436692551350930e-01,2.381356348569063641e+00,1.344372598015381934e-03,9.732638410863601007e-04,2.116629926418993899e-04,-1.168165874012218157e-03,8.302807749979697061e-01,-5.727297037801903912e-02,1.415446960172921376e+00,-1.561127803378505874e-01,2.316869384489549599e+00,1.364938298800679080e-03,2.192370861827868745e-04,9.962921969020725223e-04,-3.154655117910228805e-04,8.308093138305424619e-01,9.886498092554285577e-02,1.448880027710021556e+00,1.084203663001996887e-01,2.364268617023384422e+00,1.496343118083699741e-03,1.340633732387101198e-03,9.849706599976345038e-05,1.296499984307397093e-03,8.341825770802993034e-01,-9.909607533521880285e-02,1.448417346745488610e+00,1.865765543940649529e-01,2.333463992812960797e+00,1.522228668600959355e-03,1.068329772007570633e-04,1.353453708177399656e-03,2.526172617210462675e-04,8.348376939346354719e-01,7.986923393377066320e-04,1.107273156228951849e-03,1.908341269464680417e-03,6.457613516815922808e-04,7.419027751778839441e-01,7.195242605409140069e-01
2.351749999999931376e-08,-2.672712597043194194e-01,1.550919094592586589e-01,2.231607550834269205e-02,1.411863113514201906e+00,-1.024509993755544635e-01,2.383546065879746934e+00,1.342433034734275216e-03,8.223741201853717025e-04,4.203436928503233349e-04,-1.035863766209411604e-03,8.302270485941550815e-01,-2.488562822552942144e-02,1.411774011257900252e+00,-1.557064621831010243e-01,2.320305797991890628e+00,1.363779525852407701e-03,4.221560489207791859e-04,8.325783539504112403e-04,-3.835108867578391882e-04,8.307690741004085666e-01,8.523430493169215083e-02,1.448309809513003588e+00,1.101217630246269508e-01,2.365276515683678582e+00,1.491878003356820765e-03,1.289055788670615899e-03,1.422369150088087508e-04,1.285746133675580091e-03,8.340733511326582361e-01,-8.551304463233866393e-02,1.447773885581953746e+00,1.894470279569668847e-01,2.334609625892716700e+00,1.517552640816739002e-03,1.530534018352965096e-04,1.298365749035116810e-03,2.736331888511071299e-04,8.347224599835043612e-01,7.072614234507641892e-04,1.206947528320933541e-03,1.911493961289648796e-03,6.466090637204085362e-04,7.402273345785885805e-01,7.211385013225490859e-01
2.352249999999931281e-08,-3.073211987378262622e-01,1.575457023114075206e-01,-9.841142143595105196e-03,1.409790713944541363e+00,-8.461716332265778462e-02,2.384501956828281699e+00,1.358836224514266104e-03,6.420769214991388189e-04,6.940555722459976120e-04,-8.516026782428897171e-04,8.306603993809779096e-01,7.171320061518215994e-03,1.409650948323631248e+00,-1.526768935587283771e-01,2.323548459980997016e+00,1.380869117220506368e-03,6.818845769862323441e-04,6.404581413181686467e-04,-5.189656835287843840e-04,8.312235747939584751e-01,7.031383103681565494e-02,1.447691696333252231e+00,1.094668287387143835e-01,2.366281927038765165e+00,1.488766231253413211e-03,1.224727263968087730e-03,2.071025431992701477e-04,1.251100777832861270e-03,8.339934723439991204e-01,-7.062723175004648191e-02,1.447097148196160532e+00,1.912471916783138326e-01,2.335946707344410900e+00,1.514378642850439365e-03,2.203173624860269920e-04,1.229898679223030570e-03,3.072600123271818193e-04,8.346405631192664876e-01,6.274954053634179034e-04,1.292919735432621281e-03,1.914161561222663555e-03,6.473758177546612425e-04,7.384104099623411965e-01,7.229005067659461936e-01
2.352749999999931186e-08,-3.364103464526022602e-01,1.592793186005270201e-01,-4.103114863436618798e-02,1.409511651813017075e+00,-5.702748723654282870e-02,2.383327132248377112e+00,1.388610660952470030e-03,4.531111483312694329e-04,9.774466791910630704e-04,-6.135147452882467071e-04,8.314498808683570275e-01,3.837593436367159327e-02,1.409303932782746793e+00,-1.480516784434424693e-01,2.326093594913673179e+00,1.411715708481594807e-03,9.556567083507889809e-04,4.464548849348522219e-04,-7.234350740673020164e-04,8.320456715010493554e-01,5.464239388280356380e-02,1.447085313055230804e+00,1.056012412608193785e-01,2.367161536027344582e+00,1.487849731339796087e-03,1.145166917289967270e-03,2.951176149819336640e-04,1.187993772303944789e-03,8.339657591429131545e-01,-5.497611411169645024e-02,1.446445802434789707e+00,1.917205019209542449e-01,2.337427704659989836e+00,1.513527780532601414e-03,3.100411028353784997e-04,1.146212918111986362e-03,3.584151040980750524e-04,8.346145917789268287e-01,5.589423155948702133e-04,1.364738376075411586e-03,1.915833694447746302e-03,6.479037352773431551e-04,7.365100050062172166e-01,7.247592125771527005e-01
2.353249999999931091e-08,-3.550119344211392081e-01,1.601669827698906090e-01,-7.099811289057789132e-02,1.410924633266545491e+00,-1.996482288150236428e-02,2.379808462440690331e+00,1.426091551928063356e-03,2.861233938985139561e-04,1.234911168760840800e-03,-3.434356228359860814e-04,8.324361921024396871e-01,6.847823891074167335e-02,1.410681331371538949e+00,-1.429280979930966922e-01,2.327329320267962576e+00,1.451154571680500103e-03,1.210822174968857615e-03,2.793031699940633737e-04,-9.619156610153270373e-04,8.330799497594374436e-01,3.863857748354959654e-02,1.446531609831022802e+00,9.757845281273302973e-02,2.367762603089278883e+00,1.489326393155086413e-03,1.050088107694406797e-03,4.040007614846350130e-04,1.092163935797938867e-03,8.339966545548780363e-01,-3.898049726852637065e-02,1.445861417025460005e+00,1.906820294145199490e-01,2.339000019141388442e+00,1.515179779723911701e-03,4.197849315713724828e-04,1.047807206482139972e-03,4.311685283559024348e-04,8.346504257708607932e-01,5.004546027881515364e-04,1.423449503693778335e-03,1.916286022261433700e-03,6.481048389717773998e-04,7.345774577453607623e-01,7.266696187430157217e-01
2.353749999999930997e-08,-3.566101082031486458e-01,1.601098039597070866e-01,-9.885803457564490415e-02,1.413759994029101241e+00,2.309279368834227242e-02,2.374392465869957114e+00,1.466505934989729629e-03,1.630495843841352026e-04,1.439863786137982396e-03,-7.913880697626844186e-05,8.334763245857833569e-01,9.659708773263497861e-02,1.413519566574611419e+00,-1.379035590223987029e-01,2.326632644180124831e+00,1.493912657106597668e-03,1.418862260912587010e-03,1.578806200527198072e-04,-1.182784128192589448e-03,8.341748449210707461e-01,2.258862235667402629e-02,1.446051690377270216e+00,8.454256265836956885e-02,2.367940596938781894e+00,1.492810136588663137e-03,9.421324719733209247e-04,5.281478478283953499e-04,9.605728982211825771e-04,8.340779144298520187e-01,-2.293073214031382534e-02,1.445366676769967107e+00,1.879856538059345716e-01,2.340602644650345177e+00,1.518944602524711050e-03,5.442997998877682590e-04,9.377446061136146061e-04,5.262186094549317888e-04,8.347392145384633366e-01,4.505905357040960535e-04,1.470837138282709297e-03,1.915524408624434899e-03,6.479588859040195416e-04,7.326552009192273118e-01,7.285939111066739304e-01
2.354249999999930902e-08,-3.281078639205698977e-01,1.589614505741918649e-01,-1.223393851745100402e-01,1.417456542886080584e+00,6.705821710401549396e-02,2.367909363074504725e+00,1.502086197333167734e-03,8.923470569705117632e-05,1.565951880157599686e-03,1.358963101419407356e-04,8.343618211147330044e-01,1.205007636814601213e-01,1.417261697513476637e+00,-1.332567281295244932e-01,2.323801690636612349e+00,1.531841693996563274e-03,1.554724408395961746e-03,8.562057950537604227e-05,-1.348093480991684710e-03,8.351149746181117939e-01,6.696916066199376516e-03,1.445658228917407584e+00,6.596758414068348841e-02,2.367609801837333272e+00,1.497792729251327904e-03,8.262260037484085934e-04,6.607978638196096693e-04,7.913884023656435904e-04,8.341979704358816194e-01,-7.033818589972318236e-03,1.444973561008800367e+00,1.834312207259936045e-01,2.342154016451511112e+00,1.524297805330488906e-03,6.772632472582763505e-04,8.208792459834041632e-04,6.391031023969366565e-04,8.348686282387515201e-01,4.081078349255638543e-04,1.508707539941932935e-03,1.913794088567638161e-03,6.475333609882045474e-04,7.307764026492740150e-01,7.305012723298036637e-01
2.354749999999930807e-08,-2.620347220124119580e-01,1.564286476508249812e-01,-1.380238430128548632e-01,1.421230872027861025e+00,1.070210948141903096e-01,2.361617508379516117e+00,1.521959661943024728e-03,5.332252508442816982e-05,1.599292051298180969e-03,2.708576398560710668e-04,8.348265851220765255e-01,1.368147522790714721e-01,1.421114384937733899e+00,-1.294697859739408763e-01,2.319661713473425202e+00,1.553626290903289313e-03,1.605133819800930390e-03,5.040463423495981926e-05,-1.446160311628214706e-03,8.356235264213152103e-01,-8.844454493311504351e-03,1.445367418858156228e+00,4.180227410915726693e-02,2.366769915622268794e+00,1.503929364598651170e-03,7.083936736023786068e-04,7.952510231324726826e-04,5.827830264936381417e-04,8.343485206223562045e-01,8.518755610851025395e-03,1.444693981166286445e+00,1.766386514763138571e-01,2.343531357119140957e+00,1.530862642179900640e-03,8.122629941995309797e-04,7.029305295911359667e-04,7.606201812713674288e-04,8.350296025637489183e-01,3.722660906365306190e-04,1.538710368383520294e-03,1.911576525215944421e-03,6.469747878099538045e-04,7.289654909403602279e-01,7.323670168703473315e-01
2.355249999999930712e-08,-1.664349698665983368e-01,1.520022272641559091e-01,-1.428764055562536939e-01,1.424283218647463212e+00,1.397445742928287160e-01,2.356966210172982468e+00,1.517289350568460987e-03,3.965533361714273342e-05,1.549125017198345333e-03,3.315943334389584072e-04,8.346648920830589402e-01,1.424818725611618486e-01,1.424251694607672647e+00,-1.268633311513864825e-01,2.315909511482435068e+00,1.549753688860370940e-03,1.576070785908382154e-03,3.664647412427400868e-05,-1.485377937135513035e-03,8.354809339445614658e-01,-2.380910388732249139e-02,1.445206351213659257e+00,1.246611964989652321e-02,2.365484451492674722e+00,1.510973138239146999e-03,5.947961466588615707e-04,9.251260185002779888e-04,3.333717586267056208e-04,8.345227889403635801e-01,2.350379626670662248e-02,1.444548707714803593e+00,1.669950976938534559e-01,2.344548552526141805e+00,1.538365825415507083e-03,9.431016506737430844e-04,5.897379705394495972e-04,8.789522477638488356e-04,8.352148570349262613e-01,3.427330409506591097e-04,1.562631768643220776e-03,1.909566647165788751e-03,6.464864592724728527e-04,7.272381479945513316e-01,7.341717573728945290e-01
2.355749999999930617e-08,-5.967225265420617042e-02,1.450277996202844477e-01,-1.358144057502106428e-01,1.426013832836136919e+00,1.641159932875462246e-01,2.354919100749903738e+00,1.486660173033403252e-03,3.993890004760429323e-05,1.441134154776029831e-03,3.468149941330869713e-04,8.338427749400970646e-01,1.362937983391905306e-01,1.426050807778639573e+00,-1.250533889973706181e-01,2.313967583837996500e+00,1.518319371350799465e-03,1.488116954452475870e-03,3.590550691497539131e-05,-1.478644290310815847e-03,8.346445842535166193e-01,-3.793116473145330403e-02,1.445216337967994535e+00,-2.110728219756374813e-02,2.363823256359621094e+00,1.518599005974106660e-03,4.909435197093771830e-04,1.044613771926932539e-03,5.065068472499302532e-05,8.347115384575805042e-01,3.765931112987686014e-02,1.444572707023656033e+00,1.538956160394899797e-01,2.344947234969164462e+00,1.546466908500263330e-03,1.064078552074989225e-03,4.865249686471450848e-04,9.819513891212029288e-04,8.354148476890876918e-01,3.192625523785862923e-04,1.582514597423677512e-03,1.908559517948741615e-03,6.462936894475467290e-04,7.256002526633249516e-01,7.359008215653115581e-01
2.356249999999930523e-08,4.175298261975157743e-02,1.350752913739428074e-01,-1.180324893140851650e-01,1.426175276033534223e+00,1.803872985240477789e-01,2.355663112472985876e+00,1.436711440773825663e-03,5.587708540099938312e-05,1.302219291384331019e-03,3.428579566414470081e-04,8.325105405000151615e-01,1.192909036892531027e-01,1.426251226391940685e+00,-1.231437720781318745e-01,2.314298013778131491e+00,1.466044801332392266e-03,1.365074863308076694e-03,4.917727079552597033e-05,-1.434110100164937051e-03,8.332669459889580077e-01,-5.095032192594728393e-02,1.445449253577165027e+00,-5.709761690731651740e-02,2.361797787526128012e+00,1.526332112180641331e-03,4.008154385658813687e-04,1.149232457726655004e-03,-2.311746231397446988e-04,8.349020045631141418e-01,5.072668011476522132e-02,1.444814043163191286e+00,1.375062959408652752e-01,2.344432279350079362e+00,1.554681990916855329e-03,1.170673321039838923e-03,3.970382842843835254e-04,1.059250961957618241e-03,8.356165349589412816e-01,3.014643329887039787e-04,1.600149847036682477e-03,1.909185810009920341e-03,6.465773889243519928e-04,7.240473000195954967e-01,7.375435016815143907e-01
2.356749999999930428e-08,1.295189308220425772e-01,1.225871175395440993e-01,-9.223155445608655079e-02,1.424945492196600938e+00,1.893972998955466558e-01,2.358794770812138175e+00,1.379064455137866355e-03,1.010486775268314039e-04,1.149710457559670676e-03,3.383301947614896724e-04,8.309457873930473637e-01,9.409336607486173953e-02,1.425023893899488137e+00,-1.200753373058307538e-01,2.316613002925209663e+00,1.405114854230537494e-03,1.223894472316416340e-03,8.900736374072423720e-05,-1.356306216805170219e-03,8.316365892019279560e-01,-6.272352690953475474e-02,1.445945060664150628e+00,-9.236030544059747882e-02,2.359364027968104516e+00,1.533616446177608764e-03,3.258465151750149767e-04,1.237032378564440968e-03,-4.486965206977330334e-04,8.350801600446375872e-01,6.255732791020318651e-02,1.445316610626990794e+00,1.196307839885148994e-01,2.342836457584213772e+00,1.562453251709532013e-03,1.260643035427039867e-03,3.226081473333290749e-04,1.104658224944048963e-03,8.358056384998906463e-01,2.888402886568734750e-04,1.616339316560629763e-03,1.911626329250117225e-03,6.473956463006646156e-04,7.225672143454426877e-01,7.390916354474967864e-01
2.357249999999930333e-08,2.018965209711911513e-01,1.091868565659708246e-01,-6.162390113858839946e-02,1.422878538418480776e+00,1.922113071733519973e-01,2.363554966465430063e+00,1.326814500382882643e-03,2.013469416577055393e-04,9.864307558644859648e-04,3.497893730487853657e-04,8.294889048309461721e-01,6.393113799010508025e-02,1.422927534927303395e+00,-1.146134413298880439e-01,2.320206110785082210e+00,1.349501932139740741e-03,1.067740611258159939e-03,1.829849374508755479e-04,-1.246286583482833542e-03,8.301122418064594832e-01,-7.336780270965470585e-02,1.446681623147274554e+00,-1.230659453393982972e-01,2.356586769783138191e+00,1.539939925568820306e-03,2.644023980749141849e-04,1.309343236091897039e-03,-5.560556422866293333e-04,8.352337148467325889e-01,7.325383975336374753e-02,1.446072733998029936e+00,1.032111095378449583e-01,2.340445097345641656e+00,1.569263474476102066e-03,1.334808680831038943e-03,2.616556203665536067e-04,1.118298249211632008e-03,8.359695319375626266e-01,2.810158467222225202e-04,1.630538616339249555e-03,1.915489430034164131e-03,6.486385759388544345e-04,7.211482500717758537e-01,7.405375735018868699e-01
2.357749999999930238e-08,2.594985996482006563e-01,9.697045189984887514e-02,-2.913619907604347858e-02,1.420736831074058015e+00,1.899305515307516679e-01,2.369070354990313376e+00,1.290865543461237148e-03,3.746220218800876047e-04,8.066094471068995875e-04,3.967331031850329171e-04,8.284594670084287626e-01,3.178424636014698379e-02,1.420755070676448240e+00,-1.049939932334869042e-01,2.324132222240868906e+00,1.311353859462396345e-03,8.880595038421178374e-04,3.577776406024198380e-04,-1.098486120472871343e-03,8.290387709661536375e-01,-8.322396426297440364e-02,1.447558526341477414e+00,-1.465784661864883986e-01,2.353741464484005785e+00,1.544984321620705659e-03,2.132822075482562459e-04,1.369394636278832914e-03,-5.659604657799969379e-04,8.353551611993588200e-01,8.315105370920772287e-02,1.446992354814735204e+00,9.042536377709087247e-02,2.338021020924073934e+00,1.574747178189974100e-03,1.396061518497607136e-03,2.109952383697809265e-04,1.107620070917215158e-03,8.360998760603067792e-01,2.780195970968630647e-04,1.640953944885987928e-03,1.919943202792877670e-03,6.500604783745632083e-04,7.197885932540937226e-01,7.418723603358829966e-01
2.358249999999930144e-08,3.034093971842863890e-01,8.738738859725980745e-02,3.250904678900878864e-03,1.419219943478743140e+00,1.836956134963867449e-01,2.374556654901865294e+00,1.275810919627411166e-03,6.019775783761495587e-04,6.134523442838400514e-04,4.980288155399020724e-04,8.280210990550765926e-01,-3.934508810665704459e-04,1.419242829708582843e+00,-8.884957750322586278e-02,2.327314404610660858e+00,1.296045265740050634e-03,6.834652031224243331e-04,5.994977795981241715e-04,-9.044555139911989675e-04,8.285946388170856158e-01,-9.257282237198904973e-02,1.448458133101222067e+00,-1.625743184426804433e-01,2.351128775110521207e+00,1.548694164762251350e-03,1.702625888730249586e-04,1.419351597775762386e-03,-5.216491025589526558e-04,8.354432469082169188e-01,9.253772989157438289e-02,1.447951875628724627e+00,8.181038022849573821e-02,2.336247824124450201e+00,1.578782968558527580e-03,1.446726561378904909e-03,1.683417940112957791e-04,1.085757803874007853e-03,8.361945918869373440e-01,2.805763226814844973e-04,1.644841163998660757e-03,1.924073796287831782e-03,6.513974272686462019e-04,7.185005874251837454e-01,7.430848930722648849e-01
2.358749999999930049e-08,3.354391800234896026e-01,8.088229812089720028e-02,3.465851328766889061e-02,1.418756813300797504e+00,1.748472139548962190e-01,2.379333941772197480e+00,1.279704920910357951e-03,8.451395401492176312e-04,4.263071078120534568e-04,6.583950225212403936e-04,8.281336784623222202e-01,-3.178808833353219399e-02,1.418810185227298071e+00,-6.429202678742429455e-02,2.328793996079801865e+00,1.301018234623656364e-03,4.747490908471118471e-04,8.612461997986707455e-04,-6.669499642341751577e-04,8.287279988792891627e-01,-1.014344728443659083e-01,1.449296454231378206e+00,-1.724310142062459583e-01,2.348919802008133217e+00,1.551074638610875061e-03,1.346562213937110418e-04,1.459219717353821841e-03,-4.590748876386519959e-04,8.354980512443028751e-01,1.014364882375147214e-01,1.448857401308174087e+00,7.690055437815379591e-02,2.335355605292191328e+00,1.581369547449969909e-03,1.487211773381819958e-03,1.330202544666186720e-04,1.066504203098648379e-03,8.362538822813487815e-01,2.904041500690806633e-04,1.638754224866710834e-03,1.927170883368285390e-03,6.524584614491995638e-04,7.173086267487824852e-01,7.441614291932698855e-01
2.359249999999929954e-08,3.572780887550093265e-01,7.725856777214845650e-02,6.478033477942646279e-02,1.419552915117647363e+00,1.648785808252197782e-01,2.382673805971310621e+00,1.298197907724184729e-03,1.074098664948046605e-03,2.681740995240085930e-04,8.563635319577048415e-04,8.286654063271132742e-01,-6.207831470984648270e-02,1.419638541922022323e+00,-3.177366543959747602e-02,2.328143864899557158e+00,1.321212900047229449e-03,2.932757058306318027e-04,1.104075654731731873e-03,-4.095072617475940661e-04,8.292945277322033570e-01,-1.095998799012778413e-01,1.450027587314832944e+00,-1.781062513416404869e-01,2.347178132822906882e+00,1.551940839841222525e-03,1.063149516354624065e-04,1.488183643350863379e-03,-3.981868435910002491e-04,8.355145909378282054e-01,1.096344852902630951e-01,1.449658857141912893e+00,7.495579181281231129e-02,2.335239571552201632e+00,1.582352188145498724e-03,1.516957682907844841e-03,1.049102541948538562e-04,1.059315378864818333e-03,8.362732701124552248e-01,3.103475535584936822e-04,1.618769782115900193e-03,1.928742956097597794e-03,6.531107816302473288e-04,7.162464547329123743e-01,7.450839937885664899e-01
2.359749999999929859e-08,3.656131655626840837e-01,7.607859087642543372e-02,9.305543092220847079e-02,1.421581427127051267e+00,1.550769677024286253e-01,2.383831566238563848e+00,1.326824081367326824e-03,1.266112281434793882e-03,1.534320447306646517e-04,1.052508858584682910e-03,8.294793098848293189e-01,-9.066955407533838773e-02,1.421707448882416625e+00,5.430983535907429882e-03,2.325578503924666585e+00,1.352018267970976975e-03,1.615291547144319850e-04,1.300449931816896826e-03,-1.674136412597203641e-04,8.301528223528935602e-01,-1.167261901831500026e-01,1.450636003019028841e+00,-1.814089433125314343e-01,2.345904643718911053e+00,1.550909989678639226e-03,8.486305022725536924e-05,1.505731081808622763e-03,-3.472748123618932584e-04,8.354828608322399930e-01,1.167863145611520714e-01,1.450341071869782228e+00,7.529235366156328269e-02,2.335673755259657369e+00,1.581360323016539485e-03,1.535516314208378507e-03,8.363172793917101754e-05,1.067725667861976280e-03,8.362429013072670836e-01,3.440884298706721424e-04,1.581106386465520050e-03,1.928551990738294492e-03,6.532742935661541538e-04,7.153560877301945453e-01,7.458278434707437121e-01
2.360249999999929764e-08,3.490600157810896942e-01,7.686500368863757870e-02,1.178729623856593633e-01,1.424386695769912947e+00,1.463489408794460545e-01,2.382499679544129112e+00,1.359982327843434289e-03,1.401028650655903197e-03,8.339037472520015564e-05,1.211523978936655636e-03,8.304146925621596065e-01,-1.159573936361915081e-01,1.424553325727302644e+00,4.279869591936247275e-02,2.321730175914430649e+00,1.387171272434916400e-03,8.352663724640058541e-05,1.429214185525652398e-03,2.910343396220652448e-05,8.311269730215140594e-01,-1.223986348031047555e-01,1.451121382812348148e+00,-1.837001181468500555e-01,2.345078698857209432e+00,1.547536180380537293e-03,6.956652109086054281e-05,1.511802686821964560e-03,-3.082625365720138822e-04,8.353915501489300732e-01,1.224765046269169488e-01,1.450906482816974208e+00,7.735067606866374845e-02,2.336451845528668692e+00,1.577939621885947243e-03,1.542796068326957731e-03,6.843919252497873370e-05,1.090735933299357731e-03,8.361512267484910721e-01,3.953030574190596392e-04,1.523269448105801218e-03,1.926816706688613042e-03,6.529872775107972748e-04,7.146857224045506385e-01,7.463601857753128233e-01
2.360749999999929670e-08,2.966254295844445998e-01,7.916715587487566097e-02,1.363498141439580813e-01,1.427090837627466913e+00,1.393304674137096910e-01,2.379326560380596423e+00,1.390103668895095734e-03,1.464581658947344562e-03,4.751914414058988905e-05,1.317298321248911754e-03,8.312686754980780357e-01,-1.350798281477603169e-01,1.427271111193706643e+00,7.647373126137813060e-02,2.317521378790035058e+00,1.418108031103134780e-03,4.571384136492727391e-05,1.481466431802919018e-03,1.646346380698036004e-04,8.319940584166586328e-01,-1.261678733564879362e-01,1.451483499282782752e+00,-1.858440062923154557e-01,2.344681590825772766e+00,1.541431912386461529e-03,5.959015337140734778e-05,1.506657614952798757e-03,-2.802400164245050533e-04,8.352309062282561314e-01,1.262567366278590786e-01,1.451357493715928371e+00,8.067211739885538080e-02,2.337437920392336110e+00,1.571679595690197778e-03,1.538982680143518482e-03,5.848704517852754256e-05,1.124700461268808701e-03,8.359879779688483836e-01,4.663570589025659106e-04,1.445167084887363871e-03,1.924309159498776732e-03,6.524490100445498684e-04,7.142844748053518433e-01,7.466424481589688522e-01
2.361249999999929575e-08,2.104205755322392513e-01,8.256610510921547075e-02,1.452843752660237797e-01,1.428741071724163980e+00,1.342305722003538371e-01,2.375759990352720230e+00,1.409489704521461016e-03,1.456411780876171787e-03,3.202603683641948870e-05,1.371619457532422242e-03,8.318410898907181439e-01,-1.448026331148151158e-01,1.428888981711353701e+00,1.042502065444343984e-01,2.313982749628236579e+00,1.436752122295741800e-03,3.040479601501678257e-05,1.465247960446759267e-03,2.419129687382107945e-04,8.325466749527987709e-01,-1.275981599186335469e-01,1.451713233961393179e+00,-1.882663914230970903e-01,2.344706777779181461e+00,1.532348366468767441e-03,5.428115436697726035e-05,1.490803011742731533e-03,-2.614336360496791146e-04,8.349944680820655663e-01,1.276927019851574752e-01,1.451685907816236298e+00,8.485089083283403610e-02,2.338570768057033789e+00,1.562303066876352241e-03,1.524481885437156377e-03,5.311326594801888112e-05,1.164614256734769092e-03,8.357460702197024860e-01,5.569990410087925781e-04,1.349589445932164022e-03,1.922149734844101100e-03,6.519738992912678908e-04,7.141943980443445916e-01,7.466367733247327720e-01
2.361749999999929480e-08,1.061457934926051117e-01,8.665821066934054073e-02,1.427512216347015528e-01,1.428678346719647330e+00,1.306192747836831813e-01,2.373195184962722415e+00,1.413425572762535805e-03,1.391856407061018482e-03,2.813262735726329748e-05,1.383541106547953687e-03,8.320058095030671286e-01,-1.430982304199406308e-01,1.428762318316719737e+00,1.255376591783230467e-01,2.311883498098889600e+00,1.438872935990160922e-03,2.709485295533839062e-05,1.400548219280316068e-03,2.766655473746801363e-04,8.326684228961683809e-01,-1.263340276935569495e-01,1.451792538482074679e+00,-1.910479997678820041e-01,2.345158155687484314e+00,1.520261609180384920e-03,5.341307780379027782e-05,1.465007422393134083e-03,-2.500477581615467132e-04,8.346811023421232267e-01,1.264302635793255192e-01,1.451871736315881956e+00,8.949632829332410111e-02,2.339843444871644529e+00,1.549759485090132722e-03,1.499945514956329672e-03,5.207454694003472886e-05,1.204877868727048879e-03,8.354237887900810566e-01,6.638223049690793968e-04,1.241793223123647746e-03,1.921386009073205699e-03,6.518731715803911418e-04,7.144421460246144218e-01,7.463150156957560899e-01
2.362249999999929385e-08,1.987862415418151230e-03,9.103839603060226437e-02,1.290090384548885361e-01,1.426710452739414103e+00,1.276423905064776321e-01,2.372355675301319522e+00,1.402073888162852933e-03,1.294024867584570981e-03,3.442606813393766558e-05,1.361522397858953891e-03,8.317583821338048189e-01,-1.301047704633173652e-01,1.426725434204198617e+00,1.407557444257396817e-01,2.311508154880231203e+00,1.425364152618026434e-03,3.425671440200413236e-05,1.308918426355318949e-03,2.872770841887444166e-04,8.323690846795492870e-01,-1.221717993908919553e-01,1.451700687747550900e+00,-1.940230706043535314e-01,2.346040451604967103e+00,1.505461677549253720e-03,5.739464752950204331e-05,1.430257023114286409e-03,-2.446771320965862757e-04,8.342972191672521909e-01,1.222663495312457105e-01,1.451889600960625692e+00,9.420713474883557481e-02,2.341276981257562895e+00,1.534325006383294079e-03,1.466263297658535608e-03,5.575003927047348317e-05,1.239867695295183373e-03,8.350272562051639369e-01,7.809168342006959224e-04,1.128284372442812716e-03,1.922587317321443768e-03,6.523275799839882080e-04,7.150332508701968681e-01,7.456667501163567469e-01
2.362749999999929291e-08,-9.062431224631128934e-02,9.529228775873033186e-02,1.061699609593589333e-01,1.423151020764727992e+00,1.243399482932128208e-01,2.373285986524776181e+00,1.380534354832951534e-03,1.182775467674738621e-03,5.843326878874422679e-05,1.311909905649355848e-03,8.312240876398819811e-01,-1.078596043345234623e-01,1.423106831047964427e+00,1.507249429215682390e-01,2.312720678614663683e+00,1.401950645865540201e-03,6.014831921647701676e-05,1.205119552907218863e-03,2.894074624377467216e-04,8.317868690201560833e-01,-1.151105620116881223e-01,1.451423491457940695e+00,-1.968782366177670440e-01,2.347347566890461312e+00,1.488602772011406302e-03,6.751455346294428907e-05,1.387521366020833284e-03,-2.444607665483522463e-04,8.338581975669850932e-01,1.152002435572669903e-01,1.451719079882676011e+00,9.856311345797053036e-02,2.342894810098241631e+00,1.516663240559696204e-03,1.424380810888415706e-03,6.538779594100840398e-05,1.264471429598632577e-03,8.345720850023095050e-01,9.013191464594357601e-04,1.015350919615904410e-03,1.925667111694269115e-03,6.533219078642304089e-04,7.159511264736548863e-01,7.447031404864794535e-01
2.363249999999929196e-08,-1.681409474778847724e-01,9.899727716733597305e-02,7.725471163100605665e-02,1.418730650681941707e+00,1.196585330499324584e-01,2.375562398640704842e+00,1.357640648934976086e-03,1.065764838368672088e-03,1.226946409643554726e-04,1.237496709589823570e-03,8.306333710864588493e-01,-7.938071891666709234e-02,1.418649937795336768e+00,1.562939038816839599e-01,2.315131253901565600e+00,1.378125128153808538e-03,1.279975962700164631e-04,1.090591235960453346e-03,2.979353659108011565e-04,8.311667640518509703e-01,-1.053651301439646470e-01,1.450962023978793702e+00,-1.992436169228453124e-01,2.349053608842584406e+00,1.470696157153357888e-03,8.619504345936894040e-05,1.337312723337216519e-03,-2.493479134922617834e-04,8.333886785118027607e-01,1.054471269001606704e-01,1.451355233529039168e+00,1.021229315131479964e-01,2.344704764250093998e+00,1.497825259861478844e-03,1.374890905553924087e-03,8.338643599511946075e-05,1.274476170362870159e-03,8.340838269108350467e-01,1.018461316387744581e-03,9.079960524158314393e-04,1.929981782061432859e-03,6.546670452812469038e-04,7.171607683100711395e-01,7.434556890675865226e-01
2.363749999999929101e-08,-2.309101856052575563e-01,1.017237879268284573e-01,4.536131284588318380e-02,1.414426657135920973e+00,1.120431309092024819e-01,2.378453129940044875e+00,1.344041213428549819e-03,9.343973224172882940e-04,2.644111605578541076e-04,1.133288196266913185e-03,8.302747217223435117e-01,-4.779292944303503710e-02,1.414337347538172640e+00,1.581416422476058514e-01,2.318249937978065223e+00,1.364849804180768861e-03,2.709588612274863701e-04,9.523932768646856378e-04,3.325094675265135268e-04,8.308070501212305725e-01,-9.333796432724961178e-02,1.450338010827342927e+00,-2.007675618760038638e-01,2.351109220646646847e+00,1.453040272951633361e-03,1.170731194267564433e-04,1.279230796004753338e-03,-2.603436264613008685e-04,8.329214371143169870e-01,9.341082452568527650e-02,1.450815545969988296e+00,1.044189903227410454e-01,2.346687241502317889e+00,1.479182175303283067e-03,1.317539874991932808e-03,1.134546859304668060e-04,1.266587772801374984e-03,8.335968643629533270e-01,1.127099412869121166e-03,8.095035653731702009e-04,1.934583482157722087e-03,6.560765831924715401e-04,7.186152179307705445e-01,7.419711007963585292e-01
2.364249999999929006e-08,-2.799572154628814369e-01,1.030250845206683863e-01,1.290678269379719190e-02,1.411215444657318407e+00,9.894753146341228600e-02,2.380988901823655191e+00,1.347726377517513606e-03,7.742553716668469904e-04,4.969344921357726546e-04,9.848531554083655905e-04,8.303700715328725668e-01,-1.552564943890932803e-02,1.411106884151176910e+00,1.568204510299411325e-01,2.321604041829705256e+00,1.369336790769318159e-03,4.943521318252949151e-04,7.795773261303895604e-04,4.191632803551928487e-04,8.309191373991391405e-01,-7.955770405656759081e-02,1.449593053424834688e+00,-2.011619939962971948e-01,2.353442758830777137e+00,1.437101459167223648e-03,1.644482889638518514e-04,1.211864989941443052e-03,-2.798185151829012595e-04,8.324952347944182263e-01,7.962253904138227867e-02,1.450139920876334143e+00,1.049354383211924535e-01,2.348787808541615618e+00,1.462304406135258011e-03,1.250992620862408176e-03,1.601787624150089709e-04,1.238006349244208685e-03,8.331521701235050648e-01,1.223718611707982819e-03,7.215175009685541535e-04,1.938536700786024948e-03,6.572698854927176010e-04,7.202624643101951385e-01,7.403044708057813228e-01
2.364749999999928911e-08,-3.166490759072105865e-01,1.024116057960045012e-01,-1.890559973015593087e-02,1.409683868391231387e+00,7.722880992748848428e-02,2.382072964140353299e+00,1.368605705204364691e-03,5.884194699031700506e-04,7.777079443674011052e-04,7.785728555933554406e-04,8.309223798328690958e-01,1.620796318065509389e-02,1.409510485046466144e+00,1.531051729171926112e-01,2.324746328605959089e+00,1.390921768139066067e-03,7.614199606070629111e-04,5.843301450866073173e-04,5.787197997886437328e-04,8.314948357798873646e-01,-6.459397771792096954e-02,1.448779951461356408e+00,-2.002197812480197570e-01,2.355966088519927837e+00,1.424291804370151054e-03,2.317483241811322604e-04,1.133440478712355662e-03,-3.114660109541985290e-04,8.321492793978308988e-01,6.465454025791639303e-02,1.449381615780983790e+00,1.030759743852831534e-01,2.350910603998201953e+00,1.448724640129810245e-03,1.173299711685451500e-03,2.275039360792034562e-04,1.185878842178655825e-03,8.327913611453314768e-01,1.306661103371917340e-03,6.444101944589530548e-04,1.941218978744490165e-03,6.580681439435016921e-04,7.220510972794180748e-01,7.385126899835467995e-01
2.365249999999928817e-08,-3.428996325449239491e-01,9.932507109921795418e-02,-4.971232320697516194e-02,1.409920484629952231e+00,4.512798494775527303e-02,2.380893576934982381e+00,1.400929330968383318e-03,4.028347805238231718e-04,1.055835613164423942e-03,5.187958653434019242e-04,8.317780497625696379e-01,4.705411020755079221e-02,1.409683497276239983e+00,1.481320178683467326e-01,2.327136093087369240e+00,1.424591906959159692e-03,1.032336642533271398e-03,3.957760163490447580e-04,8.026999991129194932e-04,8.323879876051651916e-01,-4.896548639717246409e-02,1.447949706862027064e+00,-1.978108694624696184e-01,2.358582127563233044e+00,1.415560575038395108e-03,3.196421960202369076e-04,1.043089871333624259e-03,-3.596974959299088694e-04,8.319110188283093121e-01,4.902615607711768853e-02,1.448592562366331826e+00,9.814958548767327429e-02,2.352914245431607654e+00,1.439485006231292505e-03,1.083138486497651175e-03,3.165692132587050720e-04,1.107147220428549928e-03,8.325436306563744893e-01,1.376014566992071839e-03,5.776626837463385731e-04,1.942392191090054621e-03,6.584056087124929907e-04,7.239339401178728206e-01,7.366490975494888183e-01
2.365749999999928722e-08,-3.577328033130441343e-01,9.314597802714974506e-02,-7.915006634086729775e-02,1.411804846658366586e+00,4.171227972838309483e-03,2.377336239380237970e+00,1.439666969153798916e-03,2.468910816760046690e-04,1.300703113377623971e-03,2.332079609809041239e-04,8.327913367635395581e-01,7.665528274439736833e-02,1.411543344223040730e+00,1.428983835753050435e-01,2.328071177195029762e+00,1.465468793701622807e-03,1.276524863962732320e-03,2.405034488778134299e-04,1.047034155459148014e-03,8.334521468210246420e-01,-3.307442675078076100e-02,1.447142974808967697e+00,-1.938611072385745260e-01,2.361190249578219991e+00,1.411082679390135214e-03,4.253805757458404852e-04,9.419008287554706807e-04,-4.280387527435151949e-04,8.317866749724702746e-01,3.313731075429870998e-02,1.447813159397390415e+00,8.942192005314542058e-02,2.354619856775223674e+00,1.434778374746676233e-03,9.811161641308165527e-04,4.246762142418864091e-04,9.990192238062880342e-04,8.324154796943090684e-01,1.433062299195489268e-03,5.201526982339865421e-04,1.942059117880988494e-03,6.582809965779437772e-04,7.258697772940791992e-01,7.347598832757784582e-01
2.366249999999928627e-08,-3.520767469569516805e-01,8.326418778097499640e-02,-1.059532850500215506e-01,1.415013611003466121e+00,-4.123498761962718362e-02,2.371862098611308145e+00,1.479578570254844270e-03,1.383247792420708795e-04,1.485255078534497911e-03,-3.342884133023833878e-05,8.338086318479666081e-01,1.037600651524719364e-01,1.414770717023751345e+00,1.379422780387971059e-01,2.326885773235711330e+00,1.507769842711710042e-03,1.465938694827219162e-03,1.336671925548320436e-04,1.259314530451439811e-03,8.345250501419843037e-01,-1.719767185738008131e-02,1.446391475986010366e+00,-1.882986855748987054e-01,2.363683609757337045e+00,1.410429376560563266e-03,5.438852105426518089e-04,8.329943451563389355e-04,-5.169708722218316040e-04,8.317658460024480727e-01,1.726157886779233763e-02,1.447074246029194988e+00,7.625286948480214377e-02,2.355843932897837334e+00,1.434127307667134059e-03,8.701661863615791801e-04,5.463957870890691348e-04,8.595834610991402334e-04,8.323955349331153553e-01,1.479435346650596114e-03,4.705394719256669636e-04,1.940356462104637393e-03,6.577394386149157217e-04,7.278237256216784079e-01,7.328826115344000414e-01
2.366749999999928532e-08,-3.129316152655539085e-01,6.920357608641403147e-02,-1.274173421684490215e-01,1.418912415597914700e+00,-8.558619511391851731e-02,2.365387483417944026e+00,1.511709905828269133e-03,7.707610434832595162e-05,1.585042306288230287e-03,-2.288960344098857195e-04,8.345974366502433295e-01,1.257088314066170387e-01,1.418733586166847527e+00,1.338746092000948629e-01,2.323569513130013142e+00,1.542200821725108612e-03,1.577739842897182051e-03,7.370521927222857517e-05,1.407986140860311439e-03,8.353669528249579868e-01,-1.532000372767461371e-03,1.445725175932834450e+00,-1.809612401933304859e-01,2.365937783749649803e+00,1.413008610134079213e-03,6.692703853107078403e-04,7.208446995645916922e-04,-6.222810687865319452e-04,8.318333188173507864e-01,1.593972084860340033e-03,1.446406616266038503e+00,5.827333139998192024e-02,2.356449793182251895e+00,1.436881763642999408e-03,7.549118790037991468e-04,6.754008889889618087e-04,6.878538876346942509e-04,8.324674132943290505e-01,1.516565805142859385e-03,4.277468067413781896e-04,1.937542277869160837e-03,6.568713273983155503e-04,7.297667327058083853e-01,7.310466646980977590e-01
2.367249999999928437e-08,-2.369095588839462696e-01,5.074588841324301214e-02,-1.400986997011450796e-01,1.422663080530027768e+00,-1.241991063570329068e-01,2.359372445855101752e+00,1.525059756449089615e-03,4.885097365578764257e-05,1.592614805242737949e-03,-3.308123992441388780e-04,8.348933419125709188e-01,1.390895941613785602e-01,1.422574791046353537e+00,1.313801942272299073e-01,2.319351313620550137e+00,1.557213026121308458e-03,1.604074321090340118e-03,4.591959856388222791e-05,1.490192855319741891e-03,8.357008926439488672e-01,1.374304629540157308e-02,1.445178026644331259e+00,-1.715029665877603193e-01,2.367795183745615706e+00,1.418318106397908939e-03,7.956573198484380612e-04,6.104963138123359031e-04,-7.353144607957365700e-04,8.319756412479695218e-01,-1.368532140741884895e-02,1.445847667384481117e+00,3.550528226333904414e-02,2.356385393995356736e+00,1.442504291808386534e-03,6.407140810742908543e-04,8.054355030104144242e-04,4.834737356500684200e-04,8.326168759660940166e-01,1.545835812038109458e-03,3.911997008129949362e-04,1.934055868686622914e-03,6.558132849314899596e-04,7.316747492973880718e-01,7.292743341688792125e-01
2.367749999999928343e-08,-1.361207553892775923e-01,2.801368442348506349e-02,-1.414791223314530999e-01,1.425464282766689461e+00,-1.546055827525565363e-01,2.355324908887661994e+00,1.512519660398199597e-03,3.947314442574805334e-05,1.523362542615568473e-03,-3.630331240192738733e-04,8.345320443855743786e-01,1.413310788970458809e-01,1.425463231833038913e+00,1.303225097542739519e-01,2.316043578394288538e+00,1.545021814757404277e-03,1.556183928336830197e-03,3.619814986293162925e-05,1.518071546366592988e-03,8.353493306613273273e-01,2.842413124110065858e-02,1.444789306742821022e+00,-1.594364880238061666e-01,2.369055028724379675e+00,1.425909785339049595e-03,9.174474758765493749e-04,5.068911304758762877e-04,-8.448562909493241525e-04,8.321800435839795673e-01,-2.837029033355142893e-02,1.445441759640984980e+00,8.401341759971536760e-03,2.355676102358541080e+00,1.450524180310008805e-03,5.328793212051491672e-04,9.305701907148009695e-04,2.485733685517190709e-04,8.328305932897124286e-01,1.569046695422037820e-03,3.606734231933058591e-04,1.930590994351798857e-03,6.547606335577559533e-04,7.335281392896868535e-01,7.275808873202058713e-01
2.368249999999928248e-08,-2.952190166879842259e-02,1.572700672847648917e-03,-1.311702890013073386e-01,1.426788623149973123e+00,-1.763306659941292764e-01,2.354069938818526886e+00,1.475184500407801611e-03,4.361501983901611276e-05,1.404321165939055724e-03,-3.609069159368380160e-04,8.335363704683270702e-01,1.318943628803834756e-01,1.426850785246918996e+00,1.296816983267357060e-01,2.314768760721477303e+00,1.506383108198276971e-03,1.456366484523464707e-03,3.890658337703841173e-05,1.501352669825339794e-03,8.343294345888166985e-01,4.228695294401463300e-02,1.444601108296500236e+00,-1.445357120831292086e-01,2.369484678732366234e+00,1.435253859826720940e-03,1.029671481881021429e-03,4.141526556160962311e-04,-9.396848645033638444e-04,8.324311225125065050e-01,-4.223197445399784478e-02,1.445236104463743843e+00,-2.207305955334293301e-02,2.354371789786207536e+00,1.460383582606892628e-03,4.359183835566784798e-04,1.045545523026714975e-03,-4.364931088841471785e-06,8.330925312566699326e-01,1.588339927544953414e-03,3.359889665335492773e-04,1.927980754762184537e-03,6.539438313120736869e-04,7.353113031014724132e-01,7.259733250169466690e-01
2.368749999999928153e-08,6.847033014751380264e-02,-2.733122667356591151e-02,-1.108600758737439129e-01,1.426508080483084973e+00,-1.898978153736559094e-01,2.355646589837675720e+00,1.421484703627025770e-03,6.612467136503368144e-05,1.260142621747162989e-03,-3.490841068632976100e-04,8.320994681846003438e-01,1.123238644829442912e-01,1.426599655895965713e+00,1.282018606637547187e-01,2.315688483857001323e+00,1.449987246854478719e-03,1.326991716229960344e-03,5.804077739358168427e-05,1.444746229541314349e-03,8.328395774042737232e-01,5.513937531397483660e-02,1.444651735969058048e+00,-1.276413549769155331e-01,2.368888631253742716e+00,1.445696366094856907e-03,1.128699594436805920e-03,3.347837568159181586e-04,-1.011178818890356729e-03,8.327103445233439150e-01,-5.507169319309990208e-02,1.445271849388734875e+00,-5.418953143125948557e-02,2.352484030124728953e+00,1.471384021707269505e-03,3.527136027613359025e-04,1.146539716047727427e-03,-2.413007147291348822e-04,8.333832594649555059e-01,1.605383325053018296e-03,3.168500431468868647e-04,1.926856942227898580e-03,6.535447010969023651e-04,7.370119157101953089e-01,7.244499272859452610e-01
2.369249999999928058e-08,1.518238895889825191e-01,-5.653138799688539606e-02,-8.344356748586334582e-02,1.424925539130391439e+00,-1.962779708141577650e-01,2.359543563438682767e+00,1.363765308936059966e-03,1.245137344115489143e-04,1.104214974501939060e-03,-3.440397021553865450e-04,8.305218569646436455e-01,8.546436442720661830e-02,1.425008088714275090e+00,1.247160013289438929e-01,2.318366393549729843e+00,1.388831566989854683e-03,1.181553317057583213e-03,1.104060179192386702e-04,1.352126317085651074e-03,8.311932163546261743e-01,6.692024294161091902e-02,1.444957747029290918e+00,-1.110620524265852893e-01,2.367298757306800283e+00,1.456532289888317526e-03,1.213095905857107179e-03,2.690120766092958982e-04,-1.055911804732419679e-03,8.329983464196122345e-01,-6.682296406946242051e-02,1.445562875735105557e+00,-8.530916505141927786e-02,2.350000565890297821e+00,1.482760356389467050e-03,2.837638678321120268e-04,1.232139990288822666e-03,-4.128845232790703292e-04,8.336822987004528507e-01,1.620614105496889041e-03,3.029299613469334956e-04,1.927351016787065769e-03,6.536115636181325395e-04,7.386193011577313339e-01,7.230032340298919724e-01
2.369749999999927964e-08,2.198707596332023506e-01,-8.324965681700513542e-02,-5.209749729310164668e-02,1.422686599048130773e+00,-1.966258373931739634e-01,2.364939088904058018e+00,1.314906061765330932e-03,2.455373160032526354e-04,9.358579661119241933e-04,-3.620857736520329538e-04,8.291486339260606409e-01,5.453205354646861736e-02,1.422733473412673089e+00,1.179553426859798471e-01,2.322032198519774049e+00,1.336788571350975424e-03,1.019083222974481815e-03,2.265316831732902677e-04,1.224353304836422020e-03,8.297562140326235625e-01,7.777547414682861593e-02,1.445483439669820402e+00,-9.742610301202647705e-02,2.365179370375684265e+00,1.467083512331044228e-03,1.283796625997279213e-03,2.149576177895601184e-04,-1.077252229883020286e-03,8.332768873673839227e-01,-7.763461575944807791e-02,1.446065128073012129e+00,-1.125140488276725748e-01,2.347031922785861369e+00,1.493786738999587638e-03,2.272221055497330034e-04,1.303608523170467605e-03,-4.918159291375066725e-04,8.339705850567705747e-01,1.633093057325111412e-03,2.940964198918278889e-04,1.929048613683346592e-03,6.540353295596061352e-04,7.401223522226998419e-01,7.216267270338658779e-01
2.370249999999927869e-08,2.734127057153492579e-01,-1.051716557381809913e-01,-1.951936107226548422e-02,1.420578344882441613e+00,-1.921130867757834260e-01,2.370962341282710995e+00,1.284376577748936200e-03,4.378857603042210565e-04,7.503176095702677626e-04,-4.228505350871557961e-04,8.282690800799130670e-01,2.226499026086603550e-02,1.420599824300846414e+00,1.060974465655517562e-01,2.325712350233433146e+00,1.304579255559969175e-03,8.308887421381513927e-04,4.249081051213220660e-04,1.055784583609702815e-03,8.288428584743865457e-01,8.796147717954005962e-02,1.446142962281603772e+00,-8.803887178581026873e-02,2.363205137109130050e+00,1.476791743063758395e-03,1.342798793145418348e-03,1.702248678996940226e-04,-1.084498351784686379e-03,8.335315340580474741e-01,-8.777570457841332718e-02,1.446686380028904040e+00,-1.338988859015493027e-01,2.343889453078386254e+00,1.503909005029971336e-03,1.804934940707298525e-04,1.363392948944010556e-03,-4.942944461961821558e-04,8.342337472563770007e-01,1.640748771029529535e-03,2.906587017151092043e-04,1.931178035725862781e-03,6.545971977117048986e-04,7.415082862250823581e-01,7.203218286416972482e-01
2.370749999999927774e-08,3.136973840539050151e-01,-1.214087826745062770e-01,1.264910404060248794e-02,1.419246793653313965e+00,-1.840028696343076753e-01,2.376867642343710507e+00,1.274709829976942163e-03,6.734788609797741615e-04,5.559381888203383413e-04,-5.427382444789772848e-04,8.279868810704545945e-01,-9.748127437656073369e-03,1.419280931725148243e+00,8.687485519904658560e-02,2.328338806881090406e+00,1.295116867174177537e-03,6.216721762805281319e-04,6.783037532266272297e-04,8.407339456220153454e-04,8.285638117588540741e-01,9.761546896821848840e-02,1.446849688012329604e+00,-8.274878626596304798e-02,2.361772169662630372e+00,1.485353631265593638e-03,1.391332880208534213e-03,1.334247008597962126e-04,-1.088887195532186334e-03,8.337555875315237897e-01,-9.739709013344444166e-02,1.447341616637291217e+00,-1.492534910961644812e-01,2.340931275394067868e+00,1.512854982209726855e-03,1.419695602193287538e-04,1.412895142639614262e-03,-4.556622153633837721e-04,8.344654714582311339e-01,1.640615693527401739e-03,2.936535360512059758e-04,1.932881662393057297e-03,6.550494632714425796e-04,7.427625490888742910e-01,7.191010500886758638e-01
2.371249999999927679e-08,3.427351199209749399e-01,-1.324900875113947940e-01,4.376781560614295685e-02,1.419062258250057607e+00,-1.738059504987665704e-01,2.381975386339204359e+00,1.282925248106936119e-03,9.152563473920998210e-04,3.747968894641620944e-04,-7.197175597107964085e-04,8.282245886168990712e-01,-4.091335556752007108e-02,1.419125818862262634e+00,5.898565022952961812e-02,2.329054931285960972e+00,1.304594510706851224e-03,4.174204607111700041e-04,9.394751823287364727e-04,5.883522249296015225e-04,8.288263530618539265e-01,1.066481077080181361e-01,1.447546895238568165e+00,-8.079583101525678046e-02,2.360915572858559575e+00,1.492695679032692751e-03,1.429510867487705957e-03,1.040129318638262221e-04,-1.099422609161782288e-03,8.339486973686217608e-01,-1.064156509309439613e-01,1.447978601932874199e+00,-1.596406695797440989e-01,2.338389820415031295e+00,1.520541313826907857e-03,1.110414759058796284e-04,1.452018031795828572e-03,-4.041517887648237470e-04,8.346650119780556487e-01,1.628957391047185623e-03,3.051276307190518367e-04,1.933356387382465305e-03,6.551519838830986665e-04,7.438681446323833768e-01,7.179875103356465615e-01
2.371749999999927584e-08,3.613912043165978805e-01,-1.396962896707312218e-01,7.353868161399979009e-02,1.420190078414092394e+00,-1.630874993603899092e-01,2.385499375082241080e+00,1.304679327589658303e-03,1.136037073995409090e-03,2.282672136428229033e-04,-9.251529799354031624e-04,8.288483351251956233e-01,-7.090006389285585797e-02,1.420287323665385015e+00,2.382702569734451714e-02,2.327596146051517767e+00,1.328201867483957055e-03,2.485483084502794439e-04,1.173512736295837921e-03,3.277549551852552523e-04,8.294882670543962666e-01,1.147961523728389110e-01,1.448201833913115522e+00,-8.138970200217432449e-02,2.360512015347241643e+00,1.498795030246936281e-03,1.457190487422538230e-03,8.149048668180742443e-05,-1.120809707868471910e-03,8.341114915468641478e-01,-1.145675374819297154e-01,1.448566369571671286e+00,-1.665999610182002932e-01,2.336345297329336823e+00,1.526898350337981556e-03,8.725686348410407642e-05,1.480346032927536571e-03,-3.550969568389649974e-04,8.348320325905912442e-01,1.601587558287971861e-03,3.281803467509464972e-04,1.931911257670648188e-03,6.546802349742890902e-04,7.448032245632569825e-01,7.170140827348854273e-01
2.372249999999927490e-08,3.639822575555157202e-01,-1.444248266134158243e-01,1.011513446192675580e-01,1.422505040953510491e+00,-1.530236157570916689e-01,2.386684129444615277e+00,1.335361903403811364e-03,1.313763295765891723e-03,1.272022595310719597e-04,-1.117390038947408022e-03,8.297187003554380436e-01,-9.887236365972773555e-02,1.422647986935066999e+00,-1.463589940162179914e-02,2.324299290159300924e+00,1.361133530194317751e-03,1.328860647247126243e-04,1.353900295815855647e-03,9.500738751937876222e-05,8.304039355384491561e-01,1.216930260890392024e-01,1.448794920709143952e+00,-8.387975650766454905e-02,2.360417663613193717e+00,1.503608160487694776e-03,1.474536490155723117e-03,6.508989712623572583e-05,-1.153494397017860128e-03,8.342439192248046753e-01,-1.214840508047994039e-01,1.449084440548599861e+00,-1.715698340104809816e-01,2.334782048555152034e+00,1.531842546141413183e-03,6.989445513808115954e-05,1.497920447514544109e-03,-3.145793926571206290e-04,8.349656808566513488e-01,1.554805119726133987e-03,3.665238506062022824e-04,1.928202100417567661e-03,6.535003194635770124e-04,7.455384228533665780e-01,7.162226810030238866e-01
2.372749999999927395e-08,3.379068310152547605e-01,-1.478360190392993267e-01,1.245810929279773660e-01,1.425403729840349465e+00,-1.443294627279647635e-01,2.385375492929164842e+00,1.368699702055094312e-03,1.429081003223578320e-03,6.887994673342516495e-05,-1.264261702846926523e-03,8.306591108461527373e-01,-1.228215611931506857e-01,1.425587819553209457e+00,-5.176110875653217036e-02,2.319918729675397806e+00,1.396252777585006754e-03,6.860533157684428054e-05,1.461564848596948619e-03,-8.274933447464630665e-05,8.313781526142319800e-01,1.269106767208041386e-01,1.449310565305803156e+00,-8.773925791204684188e-02,2.360526312114876291e+00,1.507099401336242260e-03,1.482034622779972253e-03,5.389735125017592704e-05,-1.194906088034123964e-03,8.343459088629293641e-01,-1.267357060929354962e-01,1.449515237180954319e+00,-1.756258859498269764e-01,2.333650048294940937e+00,1.535317594929237403e-03,5.805002277826450563e-05,1.505217471813829425e-03,-2.837842618593432154e-04,8.350654622718682862e-01,1.486750403873206804e-03,4.234902384450084747e-04,1.922545661244402663e-03,6.516772268984425548e-04,7.460365725997502029e-01,7.156613797258191134e-01
2.373249999999927300e-08,2.748945062370971026e-01,-1.507319509595790308e-01,1.406852128241982136e-01,1.427919432165366098e+00,-1.374397373431910374e-01,2.382453873640272946e+00,1.396615162841744352e-03,1.470907034990031302e-03,4.052449897464563264e-05,-1.354636970598132890e-03,8.314555080482509686e-01,-1.396204521940767052e-01,1.428108730306744789e+00,-8.403857152929816721e-02,2.315522769883080922e+00,1.424561933090070891e-03,3.910160935763377303e-05,1.492195907201347227e-03,-1.963002409426980316e-04,8.321785708016131711e-01,1.299980161974134685e-01,1.449729234704918657e+00,-9.251517596820857392e-02,2.360779156779232224e+00,1.509231593509467468e-03,1.480347992782112291e-03,4.710781031056704638e-05,-1.240787207379010805e-03,8.344167104204596175e-01,-1.298700762229638705e-01,1.449837964640233734e+00,-1.794271848958821636e-01,2.332901969181479185e+00,1.537284127022910292e-03,5.090827814758569421e-05,1.502944545851394014e-03,-2.618283585637592786e-04,8.351306113703128586e-01,1.398442276766346777e-03,5.006680613559703376e-04,1.915972239127310128e-03,6.495043151655889059e-04,7.462566285064546889e-01,7.153780411647574500e-01
2.373749999999927205e-08,1.815730411726341753e-01,-1.535645326639278885e-01,1.464609065897541917e-01,1.429130376866432961e+00,-1.323612237721554230e-01,2.379407695188287875e+00,1.411832061456397931e-03,1.443764708027548858e-03,2.913454568663385194e-05,-1.393592635269715876e-03,8.319184797010213961e-01,-1.462129369335423146e-01,1.429276460003268578e+00,-1.098273872479702540e-01,2.312188037346077252e+00,1.438668485600656192e-03,2.799613609265388782e-05,1.458458081734065629e-03,-2.554089067676640931e-04,8.326138336487904912e-01,1.305394243618442918e-01,1.450023875592970413e+00,-9.778428056401100577e-02,2.361159523673083349e+00,1.509931909009841955e-03,1.470220541786404099e-03,4.424094660850362874e-05,-1.286160769264072965e-03,8.344537813216713618e-01,-1.304695120837704447e-01,1.450026507735466375e+00,-1.832649191799355926e-01,2.332509482888970531e+00,1.537684838891077580e-03,4.798630880168580534e-05,1.491910863719741716e-03,-2.472614426969280826e-04,8.351589752833343816e-01,1.293940373400633264e-03,5.967593723420719799e-04,1.909902077123144023e-03,6.474165773571730802e-04,7.461616860805357909e-01,7.154115936674170229e-01
2.374249999999927110e-08,7.567206938885462364e-02,-1.564993035042401281e-01,1.405672878052377506e-01,1.428492483177738803e+00,-1.285601151824109500e-01,2.377438019184030971e+00,1.410897040405816212e-03,1.366437165976815702e-03,2.799442871723399867e-05,-1.391233294679452030e-03,8.319530039972018454e-01,-1.411420814726349615e-01,1.428569566482025710e+00,-1.290496901405253638e-01,2.310577810941399690e+00,1.435750131225052703e-03,2.742844332295774616e-05,1.382194614745694454e-03,-2.790590637993185428e-04,8.326013466454704748e-01,1.282293153498910154e-01,1.450163126328757546e+00,-1.031323451627077503e-01,2.361677944608368218e+00,1.509108045848463154e-03,1.452430806772609870e-03,4.532898552830100675e-05,-1.326097976892155099e-03,8.344532990023891816e-01,-1.282254525680175394e-01,1.450053223809080638e+00,-1.871500119058500111e-01,2.332462966948515515e+00,1.536459592234525528e-03,4.934283247754315437e-05,1.472946716532231486e-03,-2.387337324662889898e-04,8.351475005710421451e-01,1.179493415839607531e-03,7.074090210156293301e-04,1.905612234790705862e-03,6.458296819807355553e-04,7.457285062684908539e-01,7.157837390900441132e-01
2.374749999999927016e-08,-2.594747402619290710e-02,-1.594967276822250035e-01,1.238744556847719558e-01,1.425963580225711791e+00,-1.252073269369629038e-01,2.377051940690630083e+00,1.395509322398258987e-03,1.262338210840052233e-03,3.790882375570208887e-05,-1.356549418432858754e-03,8.315941897085499246e-01,-1.251609574771916922e-01,1.425971074979633713e+00,-1.424313294229735405e-01,2.310808856544293910e+00,1.418206546620357248e-03,3.837960183280266196e-05,1.284138372694198192e-03,-2.850026312542810179e-04,8.321900062060750836e-01,1.229407428026845217e-01,1.450119736402894821e+00,-1.081485670777571073e-01,2.362354777180976750e+00,1.506733542369513351e-03,1.427681435178547150e-03,5.112753267818202042e-05,-1.356294668342911906e-03,8.344126309011212772e-01,-1.230073534230771148e-01,1.449896757163825711e+00,-1.909103229859483442e-01,2.332761752536841371e+00,1.533628318893567356e-03,5.580305832994662048e-05,1.446745499458293666e-03,-2.353384431696458939e-04,8.350946358544394377e-01,1.062018091655554967e-03,8.261840531462706855e-04,1.903785396988341358e-03,6.449903095042281440e-04,7.449546610990505080e-01,7.164941151934745012e-01
2.375249999999926921e-08,-1.143382019304575170e-01,-1.623943481392084998e-01,9.886111501246430677e-02,1.422001673524846632e+00,-1.214090805246694771e-01,2.378168909581837021e+00,1.372070731794271638e-03,1.148795873780661305e-03,6.980293101769324457e-05,-1.296266637656008202e-03,8.310029154825737674e-01,-1.006941014389237665e-01,1.421952882204834623e+00,-1.509050278098476028e-01,2.312599032455598724e+00,1.393070200144553650e-03,7.270106113227076182e-05,1.176181627234697226e-03,-2.874118930061455419e-04,8.315539441421813116e-01,1.147638853825156957e-01,1.449881051492124762e+00,-1.124278476367766011e-01,2.363202692817943706e+00,1.502967651521356848e-03,1.396328020450807780e-03,6.341004456732155805e-05,-1.373424139461997548e-03,8.343337812224739247e-01,-1.149015467784810784e-01,1.449550973403769483e+00,-1.942820143800410015e-01,2.333401817289677993e+00,1.529407275461545273e-03,6.924897143289881487e-05,1.413547053653952182e-03,-2.368381056956082560e-04,8.350036977302717212e-01,9.476586305730098090e-04,9.460992458882717081e-04,1.904361962887776054e-03,6.449143918353895596e-04,7.438606046286520002e-01,7.175205389534453637e-01
2.375749999999926826e-08,-1.875409974293205106e-01,-1.649803741086826037e-01,6.865825046694951084e-02,1.417437703726920351e+00,-1.161162680508738276e-01,2.380307385009350796e+00,1.350265655325039909e-03,1.028995723463051832e-03,1.515574698943583133e-04,-1.212393920467713746e-03,8.304350815079063475e-01,-7.088512345747588483e-02,1.417359917281551862e+00,-1.553013282098416603e-01,2.315456512278259105e+00,1.370679327268165774e-03,1.583284796727051265e-04,1.055412473659728990e-03,-3.011311338982720280e-04,8.309639592713140566e-01,1.040025513737146134e-01,1.449457916923100997e+00,-1.155619960586404815e-01,2.364213160954690807e+00,1.498260453247087388e-03,1.357952552160869271e-03,8.530151473195594013e-05,-1.375018307827526477e-03,8.342264388881163173e-01,-1.042079263454618321e-01,1.449032120486058339e+00,-1.969826997790220524e-01,2.334366097316795674e+00,1.524308213144230607e-03,9.289803140288245499e-05,1.372714247164875728e-03,-2.439712995507808805e-04,8.348858105449584732e-01,8.409614948123969895e-04,1.060911307596556835e-03,1.906688577885490028e-03,6.454232577929514859e-04,7.424865905874444838e-01,7.188235606658543997e-01
2.376249999999926731e-08,-2.462818923555798456e-01,-1.670514781212699695e-01,3.627196004836097387e-02,1.413292894079772211e+00,-1.076546378446994190e-01,2.382692683257918276e+00,1.340712274390303427e-03,8.906851824848561116e-04,3.199380946973685164e-04,-1.097814078079529729e-03,8.301809812827364299e-01,-3.876466176376514028e-02,1.413210282872293888e+00,-1.562250625726813169e-01,2.318831322522092453e+00,1.361699923963923453e-03,3.257448409823673939e-04,9.068598683158268867e-04,-3.472626709860694239e-04,8.307155783469091226e-01,9.113138783102869844e-02,1.448888414502055522e+00,-1.171081154825013293e-01,2.365346245754106569e+00,1.493387045545823072e-03,1.310967363298018527e-03,1.213516873066381141e-04,-1.358897722820376656e-03,8.341091913436526895e-01,-9.139696559950882815e-02,1.448381338439422183e+00,-1.987584568679334751e-01,2.335619582726731203e+00,1.519160601700290155e-03,1.312279712067846002e-04,1.322444625978968407e-03,-2.587836065177743779e-04,8.347609171210477186e-01,7.446729839059404877e-04,1.165829136720470619e-03,1.909800145980988925e-03,6.462310627423097607e-04,7.408863523841033860e-01,7.203530830777598037e-01
2.376749999999926637e-08,-2.916251939894022316e-01,-1.684505548601702429e-01,3.816521453295917965e-03,1.410484487910460771e+00,-9.331638031749722728e-02,2.384312094372504909e+00,1.349566209605792318e-03,7.218804101167254584e-04,5.726595091966089164e-04,-9.372634211294345215e-04,8.304134417114724664e-01,-6.456504485509162450e-03,1.410372178691707390e+00,-1.542155943306240395e-01,2.322215927684305292e+00,1.371314682959478464e-03,5.666347049240802588e-04,7.246126520883611937e-04,-4.517380543705967603e-04,8.309667852671123178e-01,7.672147976486298759e-02,1.448232671711278119e+00,-1.165320754499381550e-01,2.366523897769811313e+00,1.489379442753187505e-03,1.252662628906727567e-03,1.766832585325886094e-04,-1.322377507232296977e-03,8.340084032881029952e-01,-7.703535953282147908e-02,1.447659271002105896e+00,-1.994061062374239413e-01,2.337109767514830239e+00,1.515023720222028174e-03,1.889428314434693252e-04,1.260055031935356645e-03,-2.849043400862402513e-04,8.346562659115472904e-01,6.599474092319899043e-04,1.257793333755672944e-03,1.912751723232051148e-03,6.470548792852508268e-04,7.391198914158385591e-01,7.220549768293280657e-01
2.377249999999926542e-08,-3.251448133760949100e-01,-1.690860288648501353e-01,-2.781168743041217972e-02,1.409442933539323040e+00,-7.007642247342671382e-02,2.384125818874432312e+00,1.374427794357174770e-03,5.329339268212336667e-04,8.576074496530474659e-04,-7.209716261535885524e-04,8.310724239167003313e-01,2.513547593204057407e-02,1.409262010418186550e+00,-1.501277342203688470e-01,2.325128893058471924e+00,1.396960759393333414e-03,8.389125032447487503e-04,5.276269905721687851e-04,-6.288619950567223308e-04,8.316521284591741336e-01,6.134338163446484415e-02,1.447557502639884364e+00,-1.131559551114298401e-01,2.367626195620286644e+00,1.487250224928446602e-03,1.180157773090299497e-03,2.548189654320782201e-04,-1.261889680571945784e-03,8.339510840084620735e-01,-6.169038934887294268e-02,1.446931934453826951e+00,-1.987844118643633529e-01,2.338771127525673066e+00,1.512900668960879495e-03,2.688829735798847526e-04,1.183148394755928435e-03,-3.273379732056086846e-04,8.345989597284683148e-01,5.867324537133356390e-04,1.335585879153099956e-03,1.914888065985533667e-03,6.476978385444032149e-04,7.372469845945381905e-01,7.238764650557034663e-01
2.377749999999926447e-08,-3.485178398996230387e-01,-1.689349183024599910e-01,-5.834933468286007674e-02,1.410154023791136968e+00,-3.681067476688593132e-02,2.381589073054948269e+00,1.409173362226553983e-03,3.531294707422155937e-04,1.129389591201783883e-03,-4.606357802004131018e-04,8.319914910142156561e-01,5.575742637548231073e-02,1.409921162518135151e+00,-1.451085480270664085e-01,2.327007964881696367e+00,1.433311288220626232e-03,1.105586772991516697e-03,3.460124009258920205e-04,-8.588926358729831630e-04,8.326132944040417483e-01,4.547405448579544540e-02,1.446917744636002423e+00,-1.061644380508917074e-01,2.368496592524180322e+00,1.487521111557794365e-03,1.092072081743819100e-03,3.554038334629584924e-04,-1.173442124139232549e-03,8.339519618884624341e-01,-4.583889522700324015e-02,1.446254402816647744e+00,-1.968217139022123696e-01,2.340529977638579062e+00,1.513291838787810635e-03,3.702579814926940604e-04,1.091150823771040463e-03,-3.912943156452132931e-04,8.346032780027003994e-01,5.241352884493287760e-04,1.399688264088248075e-03,1.915876287156694857e-03,6.480461673225114188e-04,7.353221688094331299e-01,7.257697351245437911e-01
2.378249999999926352e-08,-3.588340444445203836e-01,-1.680215812837233536e-01,-8.729812317743967931e-02,1.412433373858962504e+00,4.246761416249356103e-03,2.376907278163288062e+00,1.449043296005170364e-03,2.095413855974305776e-04,1.360196158967311034e-03,-1.887415409539513664e-04,8.330292234106059235e-01,8.490936150069661181e-02,1.412186740181886169e+00,-1.400052126521051932e-01,2.327204108880798650e+00,1.475427875010711749e-03,1.337168464058639079e-03,2.035893444145846394e-04,-1.093239775361454919e-03,8.337039005521496016e-01,2.945248825295876394e-02,1.446347716209058554e+00,-9.472548362336263850e-02,2.368967269905874140e+00,1.490032655860972378e-03,9.897777484413484549e-04,4.740701665147721783e-04,-1.053734796179199573e-03,8.340085174289055825e-01,-2.982285995243305621e-02,1.445662968810129678e+00,-1.935024668121632097e-01,2.342306451692618197e+00,1.516032148773201280e-03,4.888635978784061512e-04,9.860612176902944920e-04,-4.797727509449613791e-04,8.346661563698541952e-01,4.707811493819417437e-04,1.451674680810524512e-03,1.915625139060889116e-03,6.480480840939228243e-04,7.333916375619000672e-01,7.276937292887073472e-01
2.378749999999926257e-08,-3.448143339252475181e-01,-1.663557189923929869e-01,-1.130324240147289050e-01,1.415849311622389806e+00,4.846681917539674700e-02,2.370757432838728640e+00,1.487920765775498132e-03,1.152193381228670761e-04,1.522857369981703768e-03,5.257645027403838448e-05,8.340121667346069856e-01,1.109892256820645962e-01,1.415629833375316116e+00,-1.351540264444888173e-01,2.325258590836448924e+00,1.516687223931040013e-03,1.506503982853159718e-03,1.110335769393400580e-04,-1.285311875470721227e-03,8.347424464410242440e-01,1.350522283369626209e-02,1.445867540987402444e+00,-7.820888693269889558e-02,2.368907421628029031e+00,1.494295777586718841e-03,8.772769768158739231e-04,6.044097627574256679e-04,-9.008047738732896182e-04,8.341098953073181610e-01,-1.387226856652623574e-02,1.445178603836808851e+00,-1.887982044066776055e-01,2.344011660939500086e+00,1.520625371329635718e-03,6.187584793342045583e-04,8.719979947167915812e-04,-5.909528586237561363e-04,8.347760668374359927e-01,4.252860667812826865e-04,1.493399923518189728e-03,1.914275946065281241e-03,6.477325365307470611e-04,7.314922140238597770e-01,7.296144278121499127e-01
2.379249999999926163e-08,-2.947548613937922557e-01,-1.638317416024102080e-01,-1.324940605707334296e-01,1.419692293501321867e+00,9.065831098267418398e-02,2.364206616265366989e+00,1.515865367281704103e-03,6.512727755335965109e-05,1.596156438051123854e-03,2.233962988673894958e-04,8.346889218386887022e-01,1.309891067720263536e-01,1.419539937917682959e+00,-1.309324097585484736e-01,2.321504557100555921e+00,1.546806969975537786e-03,1.593912960633693966e-03,6.201871202412134602e-05,-1.411979084518406435e-03,8.354693442200431530e-01,-2.186778388254539962e-03,1.445494349879600016e+00,-5.637924924223325363e-02,2.368267782731164672e+00,1.499905184244483764e-03,7.601138686256976064e-04,7.397174096839699954e-04,-7.133056050597697722e-04,8.342466952389330226e-01,1.830455791731022686e-03,1.444815430054991356e+00,-1.825429000687157632e-01,2.345537724475811991e+00,1.526638100615005994e-03,7.536250003891839739e-04,7.542666269485889287e-04,-7.173771494699378911e-04,8.349227994300458811e-01,3.866842517531450638e-04,1.526558579975253712e-03,1.912208256683964975e-03,6.472139958733748658e-04,7.296517837199762990e-01,7.315041881156028047e-01
2.379749999999926068e-08,-2.098557317691922552e-01,-1.601305131479398014e-01,-1.422520561781717152e-01,1.423143201876065689e+00,1.267265590862569624e-01,2.358696029210979539e+00,1.522374681926950838e-03,4.352544525182916137e-05,1.579158543304004427e-03,3.129789160725162897e-04,8.348108199667265694e-01,1.414924510441506467e-01,1.423076255035061077e+00,-1.278237571816656093e-01,2.317370991433884697e+00,1.554671937163404696e-03,1.596922621828457184e-03,4.065056859639484702e-05,-1.474702994653778656e-03,8.356224435152532770e-01,-1.742737118502502014e-02,1.445249994787900283e+00,-2.943586130283248892e-02,2.367084717693355600e+00,1.506601593791758375e-03,6.443152423238721364e-04,8.735297913819763940e-04,-4.893039341456532606e-04,8.344121987376190708e-01,1.709027361388604227e-02,1.444589323820924420e+00,-1.743169263077395392e-01,2.346738704472779879e+00,1.533780036341996248e-03,8.872693290959751808e-04,6.385823753520346703e-04,-8.477166242198632849e-04,8.350990076969023734e-01,3.545037252829114104e-04,1.552830277285867496e-03,1.910027124845120909e-03,6.466728118501304618e-04,7.278898045420301166e-01,7.333408810929686883e-01
2.380249999999925973e-08,-1.055129505340894891e-01,-1.546987003362962909e-01,-1.402651236795582346e-01,1.425493332395533219e+00,1.546936077044991364e-01,2.355471541342951003e+00,1.502456486042399357e-03,3.822150328272457627e-05,1.492367943967230857e-03,3.439638989056027036e-04,8.342625667893864838e-01,1.403740628425758086e-01,1.425504114762443653e+00,-1.257632026199737574e-01,2.314543252966941189e+00,1.534662252068963147e-03,1.531170771508611221e-03,3.477413255774781481e-05,-1.486296758233475587e-03,8.350746224837151122e-01,-3.197840760562642437e-02,1.445166122483708016e+00,2.036222063542147964e-03,2.365439418188882925e+00,1.514109025023220286e-03,5.356331130637842323e-04,9.997544031700058946e-04,-2.290838054322991320e-04,8.345984969917847884e-01,3.167186976355984562e-02,1.444525214185747863e+00,-1.634845063833614276e-01,2.347409657934778959e+00,1.541755902136145205e-03,1.013808678609619826e-03,5.304124987119532069e-04,-9.694321886205368305e-04,8.352964215458466013e-01,3.285033249865312388e-04,1.574166824633696938e-03,1.908504082916009014e-03,6.463292541596108495e-04,7.262167463047282112e-01,7.351073035192610128e-01
2.380749999999925878e-08,-2.812628804558237050e-04,-1.469263015591275590e-01,-1.268047001883507718e-01,1.426330342337466917e+00,1.743478530251514336e-01,2.355045370192373255e+00,1.459556846678069326e-03,4.656965738828487483e-05,1.363838300072574457e-03,3.455700367266001274e-04,8.331203609572406243e-01,1.277488612322850159e-01,1.426393781907660863e+00,-1.240202205618814446e-01,2.313905080957462612e+00,1.490038374932087933e-03,1.420480021026122473e-03,4.128518170740404203e-05,-1.457233602751996588e-03,8.338994076986125936e-01,-4.557475982642023027e-02,1.445286052328744741e+00,3.692585169305795390e-02,2.363397708271607556e+00,1.522009770563231010e-03,4.388031519636207030e-04,1.113087724855531951e-03,5.227730511113540040e-05,8.347939868340368275e-01,4.531306702438930856e-02,1.444660718602705618e+00,-1.496218602163383871e-01,2.347287004589787784e+00,1.550134987979725045e-03,1.128082427654179083e-03,4.342367270090075277e-04,-1.070952628488181435e-03,8.355031487451152206e-01,3.083676073599847176e-04,1.592556628798687127e-03,1.908375377831285705e-03,6.463919445180258154e-04,7.246329764564618525e-01,7.367906754506754474e-01
2.381249999999925783e-08,9.382149562494368489e-02,-1.366391336316468141e-01,-1.040531790351415520e-01,1.425648262306267622e+00,1.863403465233619549e-01,2.357235603202571639e+00,1.403617375504527011e-03,7.664454950124988846e-05,1.215946221731013408e-03,3.393055122184894436e-04,8.316157062941021971e-01,1.056789868982714875e-01,1.425730285654102314e+00,-1.215822483045592151e-01,2.315441240561361358e+00,1.431138191415445111e-03,1.285776959572516908e-03,6.724856063985264816e-05,-1.393265571069324943e-03,8.323360205766853204e-01,-5.799156769067792538e-02,1.445656688623660369e+00,7.312352092035512285e-02,2.360966941403948027e+00,1.529763756392651594e-03,3.566486257007863672e-04,1.209896998104240118e-03,3.092148588744399228e-04,8.349845375936293390e-01,5.778938189048998808e-02,1.445040958633618589e+00,-1.334009257265997839e-01,2.346124935823494795e+00,1.558366963120198442e-03,1.226495839543273198e-03,3.526840337254295941e-04,-1.143767077148825266e-03,8.357047378795733339e-01,2.936232346365092957e-04,1.609301604785905865e-03,1.910044159684455610e-03,6.469810103128151952e-04,7.231294959672043277e-01,7.383816903932762798e-01
2.381749999999925689e-08,1.727583971523973805e-01,-1.246781737836539783e-01,-7.511240181147282868e-02,1.423854100680840506e+00,1.916691009877107277e-01,2.361407168006718127e+00,1.347503481612403716e-03,1.498309939032110556e-04,1.057833266588787714e-03,3.417398735212461968e-04,8.300696873325827951e-01,7.724417104776404308e-02,1.423918259743267800e+00,-1.173200259129378864e-01,2.318594034541710425e+00,1.371562875693834718e-03,1.136669904756698254e-03,1.338821089894029958e-04,-1.297293607077620956e-03,8.307205349523193449e-01,-6.917643028498843272e-02,1.446293687776127435e+00,1.073484259125443430e-01,2.358157578407067856e+00,1.536810869977315230e-03,2.891882836310595128e-04,1.289340007383376827e-03,4.814309228209633388e-04,8.351563175816023588e-01,6.904048597758061234e-02,1.445689004108063447e+00,-1.170562227787921294e-01,2.343936279844472281e+00,1.565887676991289815e-03,1.308060797475884803e-03,2.857288530927997025e-04,-1.184970559249323317e-03,8.358870649942600206e-01,2.838045626647425659e-04,1.624460563300676817e-03,1.913376457274143516e-03,6.480649198483660499e-04,7.216930565236765460e-01,7.398728296637520074e-01
2.382249999999925594e-08,2.365666219100925893e-01,-1.128183268024023356e-01,-4.312121297109783313e-02,1.421648408231497740e+00,1.914339630589179109e-01,2.366704919987834721e+00,1.303579590476321073e-03,2.917454569363613537e-04,8.856788408432296651e-04,3.709179720074197158e-04,8.288251745878810750e-01,4.563500134111420081e-02,1.421677114510582429e+00,-1.097440327537473337e-01,2.322506123535923006e+00,1.324783291524507609e-03,9.682526830034260184e-04,2.726294926921569105e-04,-1.166785712758644684e-03,8.294188431883035006e-01,-7.934743136293231913e-02,1.447133902286997564e+00,1.362659959624412664e-01,2.355142965456417770e+00,1.542680864013876120e-03,2.338408356971136940e-04,1.353590628803320395e-03,5.474383626824573350e-04,8.352981596100965689e-01,7.927026687925131654e-02,1.446555878971531595e+00,-1.032056557007128283e-01,2.341249827066826938e+00,1.572211156090757731e-03,1.374593449578387014e-03,2.308631265788925382e-04,-1.198979201580038442e-03,8.360384993708080970e-01,2.787250483619776835e-04,1.636769543391944012e-03,1.917711374385125444e-03,6.494518857592049147e-04,7.203153997496638539e-01,7.412563263150377946e-01
2.382749999999925499e-08,2.861623365887089321e-01,-1.028181907522460747e-01,-1.052706856040996897e-02,1.419794410023133224e+00,1.867419423925982258e-01,2.372289884368060875e+00,1.279517756419195490e-03,5.004111775743330355e-04,6.967159751256049235e-04,4.471129235641120125e-04,8.281282915623446872e-01,1.331619773886338898e-02,1.419810182571470403e+00,-9.669593820708710652e-02,2.326140347689184651e+00,1.299632740986641187e-03,7.731532396593944912e-04,4.905741225777123264e-04,-9.932678215559774797e-04,8.286998572067846291e-01,-8.884342583283344474e-02,1.448056120756278098e+00,1.581476412753231031e-01,2.352229993525834839e+00,1.547135755247839358e-03,1.876508223682247676e-04,1.405877620170936995e-03,5.361288693572973871e-04,8.354046034689481814e-01,8.881369499801028411e-02,1.447524859957058707e+00,-9.322842683662457830e-02,2.338855052307554416e+00,1.577046171475683179e-03,1.428987806952758139e-03,1.851346518861792803e-04,-1.196425396036502296e-03,8.361527383036864158e-01,2.787672163091240644e-04,1.643865367931590139e-03,1.922122658917566410e-03,6.508693632625649856e-04,7.190011238352651546e-01,7.425226316909789848e-01
2.383249999999925404e-08,3.230020988424714412e-01,-9.560963023086532786e-02,2.135075712922951396e-02,1.418844258571378303e+00,1.788320863501815516e-01,2.377451294216962552e+00,1.275796745169753858e-03,7.411415514729723878e-04,5.040518094873908984e-04,5.831490412577387990e-04,8.280192185626081836e-01,-1.846135734184772836e-02,1.418883777941789770e+00,-7.586328596579283712e-02,2.328439620035229751e+00,1.296548076350226720e-03,5.625030477682959424e-04,7.494781855596556767e-04,-7.727591402108621591e-04,8.286025278855121412e-01,-9.783947729077291378e-02,1.448953089806851224e+00,1.732590539402654173e-01,2.349661686271858230e+00,1.550165616263485171e-03,1.491241740149918055e-04,1.447943545144034661e-03,4.876983583817836188e-04,8.354755947764773705e-01,9.784995268998897266e-02,1.448481437484320455e+00,-8.714998813618901607e-02,2.337250621007488594e+00,1.580342609435443722e-03,1.472923071108614120e-03,1.470140453011085935e-04,-1.189969305384296766e-03,8.362293117565350320e-01,2.851915998202035033e-04,1.642563587037305581e-03,1.925778243712601267e-03,6.520839507281950883e-04,7.177688803258450712e-01,7.436595915936003998e-01
2.383749999999925310e-08,3.491760832766677147e-01,-9.131061302063914198e-02,5.205491790162830590e-02,1.419086247726062400e+00,1.691642834671585049e-01,2.381498953553310205e+00,1.288576826314994555e-03,9.791717509314253661e-04,3.310986747272958927e-04,7.691949822280733529e-04,8.283883031513278317e-01,-4.926169840038219228e-02,1.419157633310665467e+00,-4.650522256163602819e-02,2.328706863840769081e+00,1.310792916785503710e-03,3.658017916490595824e-04,1.004146387735402844e-03,-5.198609136922092673e-04,8.290009626432623957e-01,-1.062486010693370897e-01,1.449760287245106305e+00,1.830563075507778414e-01,2.347559341454966031e+00,1.551722799534863617e-03,1.178726648394738647e-04,1.479798637190371264e-03,4.297259787209778479e-04,8.355097006288233485e-01,1.062924346814162480e-01,1.449355019221571617e+00,-8.438079334675485654e-02,2.336512561417990241e+00,1.582066478612126088e-03,1.506505189583411900e-03,1.161100298902004879e-04,-1.189817498288925661e-03,8.362671434731935305e-01,3.003697145557664822e-04,1.629076068810128087e-03,1.928079447417768060e-03,6.529355106361870841e-04,7.166485048947408565e-01,7.446513135980832310e-01
2.384249999999925215e-08,3.642228048443935107e-01,-8.961136054803242601e-02,8.123821093963701223e-02,1.420611331087504148e+00,1.591596650886231146e-01,2.383664452548389434e+00,1.313431869759210287e-03,1.189562175135480682e-03,1.968318541893266792e-04,9.711350247296055482e-04,8.290983914030283231e-01,-7.869965959511038278e-02,1.420718969893929540e+00,-1.078457850951375363e-02,2.326901209492337586e+00,1.337655663762327097e-03,2.111007989103846872e-04,1.223389621807765507e-03,-2.669300992141959619e-04,8.297523548056418008e-01,-1.137932366620613145e-01,1.450449566201342355e+00,1.893091207525077202e-01,2.345959513287470877e+00,1.551544079381917459e-03,9.363758695494151711e-05,1.500970878942041236e-03,3.762727003719881389e-04,8.354998163404234734e-01,1.138629665621784248e-01,1.450115778254905008e+00,-8.421808141837106021e-02,2.336479347547002483e+00,1.581973637306639509e-03,1.529322136408959708e-03,9.214962036525415007e-05,-1.201263533704350185e-03,8.362594393545930149e-01,3.276988569815842941e-04,1.599428791677643324e-03,1.928654954347526701e-03,6.533144025784381418e-04,7.156789640199190394e-01,7.454760083186202646e-01
2.384749999999925120e-08,3.599596909299163094e-01,-9.005419355951849170e-02,1.078146372966386490e-01,1.423168344076011227e+00,1.498801284846815740e-01,2.383378326243485112e+00,1.345451641072829916e-03,1.351118596597887522e-03,1.083903365379373533e-04,1.149243464340071264e-03,8.300040516539918256e-01,-1.056777945260423124e-01,1.423319202195980626e+00,2.705022347396868199e-02,2.323502634394470689e+00,1.371873595975919239e-03,1.109367961371143194e-04,1.383014809153025300e-03,-4.806432488690834349e-05,8.307017575610922133e-01,-1.200881250016812007e-01,1.451015610622231833e+00,1.935620975350054174e-01,2.344850820722418128e+00,1.549221478825803374e-03,7.584212086727331269e-05,1.511192219200130230e-03,3.326869908216348684e-04,8.354354027757144863e-01,1.201761191127224127e-01,1.450759620262171534e+00,-8.602927396353488021e-02,2.336933265834351126e+00,1.579653890936751331e-03,1.541116284524350838e-03,7.454335818966154634e-05,-1.224748851655186373e-03,8.361955747658357252e-01,3.709986130216218420e-04,1.550420084447950205e-03,1.927506367638251710e-03,6.532009774663581191e-04,7.149067145595253692e-01,7.461040471447699662e-01
2.385249999999925025e-08,3.235799010589204272e-01,-9.215575399613484819e-02,1.294031912076727409e-01,1.426035174935263772e+00,1.420714305675621070e-01,2.380845408072385538e+00,1.377861160016606058e-03,1.446175649359543198e-03,5.965107023612663620e-05,1.278383735706208968e-03,8.309188085688070657e-01,-1.278364339866220334e-01,1.426214659818597408e+00,6.267182005841975823e-02,2.319319799353133149e+00,1.405700352259406935e-03,5.823176237871201851e-05,1.467970858175130866e-03,1.142570349188394541e-04,8.316425220368500737e-01,-1.246919671950204034e-01,1.451459178134923311e+00,1.969141693441800456e-01,2.344208930710186767e+00,1.544341590207265729e-03,6.368607065803600828e-05,1.510472992377849717e-03,2.997335225921765080e-04,8.353060156239260348e-01,1.247914183830574064e-01,1.451289513635436013e+00,-8.927099708609587125e-02,2.337701624214980178e+00,1.574675984894025049e-03,1.541898225518534716e-03,6.248392292401101018e-05,-1.257335342760053246e-03,8.360646994403270194e-01,4.333735215576264865e-04,1.480831653679094738e-03,1.925183284700681232e-03,6.527285629748417551e-04,7.143817385240711637e-01,7.464985974636084709e-01
2.385749999999924930e-08,2.505524303192470104e-01,-9.544213318996863649e-02,1.427572918324031548e-01,1.428238514929907943e+00,1.361646783155747720e-01,2.377250812596474638e+00,1.402640866788662684e-03,1.467635390641556983e-03,3.691579448300142920e-05,1.353743519581665587e-03,8.316325948006114688e-01,-1.419266642988654681e-01,1.428405592151573256e+00,9.312034682937486707e-02,2.315375951495320717e+00,1.430387704757561098e-03,3.511688603969142608e-05,1.479072902613495560e-03,2.150536077893247717e-04,8.323502076556765772e-01,-1.271529700447096012e-01,1.451774552034530652e+00,1.999932886480708660e-01,2.344016599271752099e+00,1.536586082724337738e-03,5.642576081441292408e-05,1.499068937275113526e-03,2.762693518111792495e-04,8.351035375752451362e-01,1.272584319123604146e-01,1.451701097629953807e+00,-9.345962015170972137e-02,2.338685272019870975e+00,1.566694985637339960e-03,1.531909887202104886e-03,5.522400094063922756e-05,-1.294182608539415965e-03,8.358581143250247703e-01,5.158226893043270323e-04,1.392223834863253341e-03,1.922706988131481307e-03,6.521759482077346161e-04,7.141505015976132853e-01,7.466203823835075859e-01
2.386249999999924836e-08,1.516619777825465309e-01,-9.945005707509180226e-02,1.452292611000196576e-01,1.428960355285821660e+00,1.320028813157558822e-01,2.374122615195561892e+00,1.413464360731622868e-03,1.424605928498453048e-03,2.866798853590440103e-05,1.382632963620655884e-03,8.319798269711623506e-01,-1.452248000247591264e-01,1.429073549249219255e+00,1.171698603224498036e-01,2.312595733745942184e+00,1.439764107604172595e-03,2.736177021235117082e-05,1.432379192904053959e-03,2.657032925332289777e-04,8.326626121230322752e-01,-1.270699719839094577e-01,1.451945327062190483e+00,2.030261497748480082e-01,2.344270744892107405e+00,1.525815778037759680e-03,5.363600331347557842e-05,1.477500335467128115e-03,2.606196524977760992e-04,8.348240815677877569e-01,1.271773044263271313e-01,1.451977011553454044e+00,-9.813624623243644152e-02,2.339852631665166882e+00,1.555543810364738364e-03,1.511631111925815880e-03,5.232805394790072338e-05,-1.329665664508290464e-03,8.355713146554215598e-01,6.162820014932803318e-04,1.288910928564747111e-03,1.921216297524424481e-03,6.518738421325716553e-04,7.142474532160747458e-01,7.464359568867462436e-01
2.386749999999924741e-08,4.556092063856809204e-02,-1.037221552895353227e-01,1.361135642346984476e-01,1.427798307174762860e+00,1.288679914433030760e-01,2.372502678569361922e+00,1.408303050685640219e-03,1.338187479828494009e-03,3.028610619852330739e-05,1.374233879758031060e-03,8.319007707020988907e-01,-1.369052115663542679e-01,1.427842204395258108e+00,1.348929648596293163e-01,2.311477284756801254e+00,1.432512499318410988e-03,2.967999797349138728e-05,1.349935138192891399e-03,2.845588146260452449e-04,8.325338744683483672e-01,-1.241647147696034459e-01,1.451948387355434855e+00,2.059438879044335202e-01,2.344976294370981762e+00,1.512165966997409440e-03,5.543009092479850926e-05,1.446564980032000874e-03,2.512597267974881745e-04,8.344703145589266180e-01,1.242704827150988844e-01,1.452090365971929309e+00,-1.028487750915552112e-01,2.341214580166066206e+00,1.541337091170480065e-03,1.481807928476136385e-03,5.388733748516965331e-05,-1.358264710042907586e-03,8.352065226109174345e-01,7.297668473616612719e-04,1.177046232264911249e-03,1.921524924814409924e-03,6.520721789371130249e-04,7.146878902879076900e-01,7.459265977279474491e-01
2.387249999999924646e-08,-5.280255298174374445e-02,-1.078096967612109935e-01,1.168305893999215250e-01,1.424851891534938408e+00,1.258209575696453975e-01,2.372703003436242852e+00,1.390236641100848179e-03,1.230886738817015642e-03,4.503334101711198333e-05,1.335813036084087038e-03,8.314666269556211242e-01,-1.182864615918586271e-01,1.424831039455588755e+00,1.469976299997979297e-01,2.312045534542406688e+00,1.412374677974656328e-03,4.574390775102013643e-05,1.250276247589798741e-03,2.885840089045251617e-04,8.320484759969385413e-01,-1.183441234080317983e-01,1.451762630697610579e+00,2.084984357356587381e-01,2.346133593940170847e+00,1.496119621075481590e-03,6.268642460107936936e-05,1.407203240747547865e-03,2.471149671078719679e-04,8.340533476015653536e-01,1.184449739354658249e-01,1.452014200172712766e+00,-1.071490707584263902e-01,2.342796476689054330e+00,1.524556327809203438e-03,1.443361376141276756e-03,6.074375915908473462e-05,-1.375297122760678727e-03,8.347748332860680520e-01,8.495716223594736638e-04,1.063174356334216537e-03,1.923829733598272137e-03,6.528418324960430551e-04,7.154648277310668991e-01,7.450942147333825538e-01
2.387749999999924551e-08,-1.368393139629038302e-01,-1.112828660972895456e-01,9.012868497013482028e-02,1.420691692633519576e+00,1.218744624437460011e-01,2.374475580548015330e+00,1.366682515594415609e-03,1.116476892768870910e-03,8.808470604828806444e-05,1.272061208011368008e-03,8.308669319051649182e-01,-9.208519787859126282e-02,1.420622898733010731e+00,1.543526604566349825e-01,2.313999369211523494e+00,1.387407527792099094e-03,9.170889673508088162e-05,1.141223902294805732e-03,2.923975107233892654e-04,8.314096309566987308e-01,-1.097305053471033798e-01,1.451378986580067032e+00,2.103708349672679390e-01,2.347725291395939440e+00,1.478527999986004038e-03,7.730588667727793890e-05,1.360141929499839118e-03,2.478188940517048124e-04,8.335935947785706457e-01,1.098231186994484965e-01,1.451733076805248546e+00,-1.106007229643961587e-01,2.344613071229781909e+00,1.506079143173381799e-03,1.397077133460520020e-03,7.476337492093674674e-05,-1.377374278669113612e-03,8.342972692966390547e-01,9.688108851080097419e-04,9.529364151693905504e-04,1.927700048852168694e-03,6.540608267227782709e-04,7.165508395612529835e-01,7.439622411408250979e-01
2.388249999999924456e-08,-2.057887162951477222e-01,-1.137392923778199894e-01,5.916105004413396706e-02,1.416212260640035581e+00,1.157587604475129872e-01,2.377207372882174319e+00,1.347843428562137428e-03,9.931711393541184634e-04,1.922589103130771439e-04,1.181894312260338637e-03,8.303741957676049612e-01,-6.147649775932118033e-02,1.416124439723975170e+00,1.577229415527057199e-01,2.316874542032201667e+00,1.368382933157438275e-03,1.991716334862836607e-04,1.015225453553879808e-03,3.129659323771450102e-04,8.309036638600454383e-01,-9.865059680452992197e-02,1.450808270735781225e+00,2.112549575048343620e-01,2.349708043994984230e+00,1.460569527338078473e-03,1.024019845006103726e-04,1.305414220473337253e-03,2.539542978561163734e-04,8.331203120581468502e-01,9.873242441006735426e-02,1.451252716534671805e+00,-1.127796484469363314e-01,2.346651880989464090e+00,1.487143010938035432e-03,1.343123403549207825e-03,9.908082755074638795e-05,-1.362340403311858164e-03,8.338044020254794519e-01,1.081600062430259366e-03,8.503677471280295672e-04,1.932282893636861352e-03,6.554731995274881229e-04,7.179036096071147455e-01,7.425718886759413717e-01
2.388749999999924362e-08,-2.605703222728650292e-01,-1.147968990149772495e-01,2.673166910760360615e-02,1.412431573951534514e+00,1.053824919997405907e-01,2.380025498270321727e+00,1.343624612071620244e-03,8.464803498261957212e-04,3.881950913504223768e-04,1.054494480062921928e-03,8.302608020984976189e-01,-2.928386988831155335e-02,1.412336502167266028e+00,1.576861534710944923e-01,2.320181361489735306e+00,1.364903608264807656e-03,3.908527815243338730e-04,8.573287916525609712e-04,3.740394455385372173e-04,8.308017293190288477e-01,-8.558749196905379719e-02,1.450083777844118460e+00,2.109045125252100306e-01,2.352011086862217937e+00,1.443651768793848900e-03,1.420788251101678707e-04,1.242053905252894471e-03,2.673334869478939777e-04,8.326699116241585985e-01,8.565809640195021224e-02,1.450603706342059152e+00,-1.132550951123212357e-01,2.348863069907554557e+00,1.469247186687372289e-03,1.280652970239356050e-03,1.379875729607447454e-04,-1.328678574410143602e-03,8.333346227280297169e-01,1.183657731843080129e-03,7.577798772783640854e-04,1.936596763415976549e-03,6.567823602244023508e-04,7.194728654583388838e-01,7.409757413659698866e-01
2.389249999999924267e-08,-3.023261724991855859e-01,-1.140642300180187974e-01,-5.426033902279581156e-03,1.410147867552793199e+00,8.770570920778730795e-02,2.381859157682110872e+00,1.357706003167038870e-03,6.695208018422545409e-04,6.555453442692264071e-04,8.738210442621415809e-04,8.306321993656530234e-01,2.749029469846453466e-03,1.410006144287117014e+00,1.548739791201252380e-01,2.323471058914017284e+00,1.379694970027732287e-03,6.447347922453498326e-04,6.686291178034242536e-04,5.012078051501887496e-04,8.311935020204369584e-01,-7.110445700505874100e-02,1.449255824721429553e+00,2.091479262971258635e-01,2.354541756966887167e+00,1.429249051250693200e-03,2.003217085587145180e-04,1.168383017818896367e-03,2.911079167325487894e-04,8.322825197417909049e-01,7.116626271901616008e-02,1.449836192302528026e+00,-1.115476249775753104e-01,2.351154138023703766e+00,1.453983395227119099e-03,1.207919722187535691e-03,1.959079044806272425e-04,-1.274706446188169978e-03,8.329304617885350259e-01,1.272527256835863201e-03,6.760377881323614488e-04,1.939859672550671345e-03,6.577585823371346089e-04,7.212066894967934516e-01,7.392308536398282115e-01
2.389749999999924172e-08,-3.328385941442273399e-01,-1.110988847238107979e-01,-3.668328410772381254e-02,1.409637005418258759e+00,6.007015623258116221e-02,2.381706081530758912e+00,1.385876471342143779e-03,4.799695726255413970e-04,9.394242595464057533e-04,6.348166588708582239e-04,8.313786450046998233e-01,3.399328978006921353e-02,1.409423231368990503e+00,1.502951228411024687e-01,2.326259554808625118e+00,1.408839862781012271e-03,9.180341556675342823e-04,4.735360252157621371e-04,7.012659132625970182e-04,8.319704241061161021e-01,-5.575256197236888589e-02,1.448379392711457214e+00,2.058890915836562030e-01,2.357195118569444414e+00,1.418568386581672966e-03,2.791179075304743313e-04,1.083060153254115183e-03,3.294884309465779160e-04,8.319924228718452719e-01,5.580975617832284463e-02,1.449006273173059522e+00,-1.070883464883691794e-01,2.353386001996673471e+00,1.442669963332718222e-03,1.123212511973611678e-03,2.753735951884815972e-04,-1.198157750285482439e-03,8.326283506212012187e-01,1.347587781839496490e-03,6.049662367755741579e-04,1.941680281253010346e-03,6.582929606010872728e-04,7.230560344517589222e-01,7.373927676662386244e-01
2.390249999999924077e-08,-3.531059259707897136e-01,-1.053847669187337743e-01,-6.678287911573987934e-02,1.410840331678308246e+00,2.249791986885574246e-02,2.379137026017928314e+00,1.422391600310230842e-03,3.083652598941774743e-04,1.201618496664773545e-03,3.557056605714122369e-04,8.323406102186524658e-01,6.420349089536570020e-02,1.410584364351391118e+00,1.450867900918502151e-01,2.327909324656398660e+00,1.447217735779365811e-03,1.177107598858769802e-03,3.014435032979894194e-04,9.435911900719811838e-04,8.329786420486892107e-01,-3.998833707999049913e-02,1.447502376755279485e+00,2.011044370585559626e-01,2.359862790820129952e+00,1.412135636680234918e-03,3.771257747948931929e-04,9.863148164411489165e-04,3.866759836107889624e-04,8.318155054668440185e-01,4.004400522092321779e-02,1.448162279314051837e+00,-9.922352718275684325e-02,2.355375395983704045e+00,1.435885556644432180e-03,1.026232266832544744e-03,3.753023495323893526e-04,-1.096478743526028846e-03,8.324451246567701190e-01,1.409707092880512370e-03,5.436652687673447851e-04,1.941978234909118870e-03,6.583616919623085182e-04,7.249771939603966153e-01,7.355111070839548404e-01
2.390749999999923983e-08,-3.578741126150734031e-01,-9.636425076993537786e-02,-9.495405599665174279e-02,1.413543781384238640e+00,-2.164988454963312492e-02,2.374402777273211917e+00,1.462650993936812213e-03,1.784758275829919781e-04,1.415332181489571683e-03,7.461714978132280942e-05,8.333798117362466451e-01,9.261286582607519691e-02,1.413287224911800921e+00,1.399588265851980928e-01,2.327689925071811494e+00,1.489809786843932166e-03,1.393164999778533086e-03,1.730687534150695801e-04,1.175020247223971690e-03,8.340722269048427284e-01,-2.413700737393797979e-02,1.446662840932602778e+00,1.948177785281197671e-01,2.362435052084642439e+00,1.409745001542004597e-03,4.901142847659080556e-04,8.804450673520868974e-04,4.649682423323099373e-04,8.317475186203369120e-01,2.419108208132270121e-02,1.447341355148942688e+00,-8.730642885526718189e-02,2.356916201345606865e+00,1.433398326788926005e-03,9.189324860745236388e-04,4.912547689953838601e-04,-9.675696225534017800e-04,8.323759949558393600e-01,1.460465323844975342e-03,4.908296109749428655e-04,1.940839022007941452e-03,6.579901282904942290e-04,7.269326553641555222e-01,7.336271769354199002e-01
2.391249999999923888e-08,-3.344092448631953429e-01,-8.353702316083477797e-02,-1.191131343460802849e-01,1.417244629261302791e+00,-6.710622281186751081e-02,2.368210921573876693e+00,1.499459466204272097e-03,9.820715420138401922e-05,1.553611196561885356e-03,-1.568107745257434115e-04,8.342999059353712887e-01,1.171717020748330729e-01,1.417033504526141297e+00,1.354138659648413956e-01,2.325211456145036770e+00,1.529002474111736641e-03,1.540224554015097664e-03,9.439157110891062223e-05,1.352721638101474742e-03,8.350476726326484522e-01,-8.416411380910426843e-03,1.445894621839288963e+00,1.870204456911661595e-01,2.364793667827009838e+00,1.410843343057173764e-03,6.124980248291843387e-04,7.693709348065711417e-04,5.626693870460776044e-04,8.317745069000844760e-01,8.466277329551186170e-03,1.446576949748075380e+00,-7.086437550313418043e-02,2.357826903166594157e+00,1.434594290836701484e-03,8.052565137908087971e-04,6.172139400447036739e-04,-8.101524568344085908e-04,8.324058084640109101e-01,1.501400633340819633e-03,4.452203628026338246e-04,1.938466451451316451e-03,6.572501370861665937e-04,7.288908677101995082e-01,7.317737023890500403e-01
2.391749999999923793e-08,-2.735515297204234031e-01,-6.658920976069682141e-02,-1.359590835616515392e-01,1.421166313606453402e+00,-1.086089803326659720e-01,2.361800985852924750e+00,1.522104963949281759e-03,5.793622835790069296e-05,1.600017849713739277e-03,-2.979380748958020499e-04,8.348361600872152843e-01,1.346246487270075232e-01,1.421038101334541004e+00,1.321997289954941479e-01,2.321160624781286597e+00,1.553668872572849064e-03,1.602809608263903833e-03,5.491504548892705645e-05,1.462222764614636147e-03,8.356302087428904013e-01,7.001785391816728321e-03,1.445233604395668836e+00,1.775435669015754669e-01,2.366798967855312075e+00,1.414898611015870432e-03,7.384696415366085115e-04,6.578528976309628348e-04,6.732170778168122816e-04,8.318825213693701315e-01,-6.958918975750183478e-03,1.445906962183335143e+00,-4.975768587597473314e-02,2.358003155002296403e+00,1.438896050666179640e-03,6.902451793709602802e-04,7.469734672266592230e-04,-6.233826118348029981e-04,8.325196675993710160e-01,1.533856404916126561e-03,4.060486433074266964e-04,1.935211370828179194e-03,6.562576787455412595e-04,7.308254475231263925e-01,7.299758900196717804e-01
2.392249999999923698e-08,-1.811364392857546246e-01,-4.549345950029470842e-02,-1.423664597364500128e-01,1.424459065519492640e+00,-1.426679116442044482e-01,2.356763475853963286e+00,1.521036609204149933e-03,4.172241860712817976e-05,1.560659735350890471e-03,-3.553704136634152429e-04,8.347651903903088311e-01,1.418380304219750698e-01,1.424422783953995797e+00,1.306170104689701184e-01,2.317267543755873405e+00,1.553583848302651305e-03,1.584353535017449547e-03,3.870088599677235294e-05,1.511766085312416311e-03,8.355823966974368355e-01,2.193549611610157157e-02,1.444719577893427420e+00,1.659776088575672937e-01,2.368278289964020900e+00,1.421469347334441014e-03,8.623767989604662386e-04,5.508290948551760897e-04,7.861906987188773321e-04,8.320592770736782162e-01,-2.190033035703708997e-02,1.445375536228941105e+00,-2.425045830170713401e-02,2.357437507426929368e+00,1.445837128127711079e-03,5.792065909452354241e-04,8.745490244130223493e-04,-4.069156207289044641e-04,8.327046884193584075e-01,1.559412842665529189e-03,3.729772860430937017e-04,1.931656802212845326e-03,6.551822403739402919e-04,7.327144810005181697e-01,7.282521311727181423e-01
2.392749999999923603e-08,-7.481858443423261562e-02,-2.058151994998480561e-02,-1.369658730218501486e-01,1.426457110387114646e+00,-1.680760915064429817e-01,2.354271049522665749e+00,1.493650225527815836e-03,4.009241246975860638e-05,1.459534814643598201e-03,-3.641599698730633929e-04,8.340262472246946501e-01,1.373257907328515603e-01,1.426495977133060755e+00,1.299545960542358713e-01,2.315056881812335821e+00,1.525604242000597579e-03,1.503816249307548180e-03,3.617614124988047209e-05,1.513410320246016310e-03,8.348337305836218691e-01,3.617237686657359674e-02,1.444394227495805039e+00,1.518432176810002865e-01,2.369026538038075280e+00,1.430077633117919937e-03,9.789394941270182331e-04,4.528006070593794375e-04,8.895265404086578941e-04,8.322908643640798410e-01,-3.614162589907210510e-02,1.445029896027398397e+00,4.957428551497944369e-03,2.356187478336871699e+00,1.454917277991199086e-03,4.770275035273864920e-04,9.943720912364275785e-04,-1.650279150354557627e-04,8.329464216169277790e-01,1.580133103643897126e-03,3.458410283928134888e-04,1.928606679657108398e-03,6.542458925929404458e-04,7.345401987608168870e-01,7.266132229623443184e-01
2.393249999999923509e-08,2.805827475410249683e-02,7.300329105997871437e-03,-1.206349711943999203e-01,1.426851831314242203e+00,-1.850301514137746572e-01,2.354674343690456695e+00,1.445599089016482439e-03,5.339468111464955530e-05,1.323696097631253633e-03,-3.541613159169905651e-04,8.327463532016010639e-01,1.218036382795133488e-01,1.426935446823099252e+00,1.289871664305319854e-01,2.315066317204993673e+00,1.475390277669588312e-03,1.384768161553007063e-03,4.707507249169336547e-05,1.473430199061764433e-03,8.335119914937673125e-01,4.949910260849477162e-02,1.444297155924795018e+00,1.352201369794232555e-01,2.368839629766021027e+00,1.440108856595932914e-03,1.083817144592712093e-03,3.671091324427391877e-04,9.719680163829976351e-04,8.325596497300729038e-01,-4.946386210093134395e-02,1.444914585617563807e+00,3.656714396519200605e-02,2.354309950165172083e+00,1.465489159584701514e-03,3.874082698637191006e-04,1.101877810657337069e-03,8.267483349738539728e-05,8.332265191291235995e-01,1.598004974022000082e-03,3.243956149742990781e-04,1.926822569529119088e-03,6.536623835952501318e-04,7.362885446598033123e-01,7.250612106487446251e-01
2.393749999999923414e-08,1.179639663908826908e-01,3.649688197950640145e-02,-9.587460174623196885e-02,1.425765057677871983e+00,-1.943478500366397910e-01,2.357669084806289561e+00,1.387982613011694418e-03,9.333030790324261844e-05,1.172144467502359488e-03,-3.443597964041273524e-04,8.311878055722121683e-01,9.767786654919952127e-02,1.425856061705306432e+00,1.265035378861067983e-01,2.317072996315791666e+00,1.414557129259493397e-03,1.245462817717728947e-03,8.207860987014391099e-05,1.395864058547668148e-03,8.318894261611229357e-01,6.178032837108782260e-02,1.444457858654890847e+00,1.175483212265340249e-01,2.367629317591007698e+00,1.450851490145308635e-03,1.174531345758581631e-03,2.951875287887082192e-04,1.025575573007139491e-03,8.328459084999351170e-01,-6.172589960584584645e-02,1.445060244061344923e+00,6.838184645753742075e-02,2.351817893572670126e+00,1.476793009783033657e-03,3.120401419007880770e-04,1.194485241620278594e-03,2.939965143968555506e-04,8.335242872395109970e-01,1.614047454825484314e-03,3.083018094305616679e-04,1.926669240357191610e-03,6.535432836098019034e-04,7.379479529471777433e-01,7.235905703877232309e-01
2.394249999999923319e-08,1.924998536018140971e-01,6.445976339282610823e-02,-6.583891631966420910e-02,1.423713586422420185e+00,-1.971328574401094436e-01,2.362534507660337901e+00,1.333858305757371293e-03,1.844449851184503265e-04,1.009914923689639744e-03,-3.502503564559474709e-04,8.296848727809398305e-01,6.810925809385248719e-02,1.423777129548052134e+00,1.213326668492085147e-01,2.320426876407598371e+00,1.356990779738204101e-03,1.091337881403836151e-03,1.668056523336778653e-04,1.283503029671407766e-03,8.303174849481573805e-01,7.305961284761375296e-02,1.444872049455531382e+00,1.014154154633382099e-01,2.365648479371885493e+00,1.461602597948218280e-03,1.251118976392251621e-03,2.361635141217945978e-04,1.048324106420241977e-03,8.331306501818952492e-01,-7.297003237421262334e-02,1.445456881046674358e+00,9.741890352466286984e-02,2.348753837279095258e+00,1.488071417342161145e-03,2.501350646609552092e-04,1.272320420847578536e-03,4.249238701720696649e-04,8.338197309005140889e-01,1.627894719426158793e-03,2.973114970569967720e-04,1.927953816312574656e-03,6.538446429238238761e-04,7.395072959715989214e-01,7.221932926508918271e-01
2.394749999999923224e-08,2.521381757969107795e-01,8.844356374464723558e-02,-3.351930284973247964e-02,1.421455355481560101e+00,-1.945562715642195073e-01,2.368390610842391109e+00,1.294709396916429636e-03,3.476721959408728352e-04,8.318193752788721317e-04,-3.901894969295732155e-04,8.285675990123121393e-01,3.614539263919902545e-02,1.421483690100838082e+00,1.119330061178502866e-01,2.324231897796926738e+00,1.315384068882386077e-03,9.149172870132290560e-04,3.303132845090044024e-04,1.133468829590963739e-03,8.291509866693317354e-01,8.356171648359045356e-02,1.445477516024602060e+00,8.894104133543745405e-02,2.363534141016149004e+00,1.471749049212483758e-03,1.315439984826196132e-03,1.876600084180500593e-04,1.046263436394295884e-03,8.333976490958830974e-01,-8.342877625666367258e-02,1.446032745894779481e+00,1.209984260081440333e-01,2.345342658840223748e+00,1.498681389305603134e-03,1.992232042478679405e-04,1.337512590751500354e-03,4.675492511265002290e-04,8.340961252893558386e-01,1.637927345754504630e-03,2.915097548688733728e-04,1.930024662554007120e-03,6.543851534393393087e-04,7.409541383826718786e-01,7.208662642755085947e-01
2.395249999999923130e-08,2.979013833415523615e-01,1.067134126541673389e-01,-1.049809921163769033e-03,1.419729709788708050e+00,-1.878168353483951059e-01,2.374429483325009471e+00,1.276229349333187846e-03,5.695501666865098031e-04,6.390907596024881501e-04,-4.834616668555133802e-04,8.280302679791381459e-01,3.908253598871702650e-03,1.419754256694056416e+00,9.613814905201767402e-02,2.327438750286676239e+00,1.296357356637453228e-03,7.126276553232562374e-04,5.659002927828153933e-04,9.384717903962300949e-04,8.286020968558641675e-01,9.350097525201328530e-02,1.446178597337345995e+00,8.070639211709451644e-02,2.361871420487380302e+00,1.480875831280442688e-03,1.369187871844361037e-03,1.476359386451349441e-04,1.032175915742750052e-03,8.336367609966710557e-01,-9.332975470121573913e-02,1.446688388613704301e+00,1.380192065020411363e-01,2.341969056120654979e+00,1.508220677719383004e-03,1.571156926720848807e-04,1.392008231525871526e-03,4.499647092727714461e-04,8.343435072620071224e-01,1.641544655588654316e-03,2.915804082083969318e-04,1.932030067036977911e-03,6.549202541542478023e-04,7.422743931515629612e-01,7.196166906660159679e-01
2.395749999999923035e-08,3.314828525365547396e-01,1.191433974069004975e-01,3.055460036184687311e-02,1.419022000768369374e+00,-1.783141711330253898e-01,2.379966371229258026e+00,1.277291347695174361e-03,8.125345882813890530e-04,4.493102617435478625e-04,-6.379222336670703616e-04,8.280604764915918681e-01,-2.765684856666816849e-02,1.419072762375493291e+00,7.198533079130164936e-02,2.329047621957237801e+00,1.298337814183784730e-03,5.022991500991126059e-04,8.288393795252079702e-04,6.996196413232467440e-04,8.286497643663047752e-01,1.028859592452979754e-01,1.446895633144134941e+00,7.621157259355904046e-02,2.360844961700352851e+00,1.488820002374581508e-03,1.412717575539253591e-03,1.151778938463486748e-04,1.019691853822863627e-03,8.338452270209993911e-01,-1.026916602338279194e-01,1.447348072811948327e+00,1.491089842789685704e-01,2.338971522348464394e+00,1.516536793130590470e-03,1.228413575090706587e-04,1.436180528982827602e-03,4.058998729396883463e-04,8.345591110328254292e-01,1.635323509325056898e-03,2.991095664255228985e-04,1.933134298445910110e-03,6.552049865095148622e-04,7.434523019904966112e-01,7.184631232060647577e-01
2.396249999999922940e-08,3.548010516710885520e-01,1.268125738212546594e-01,6.095154359675980515e-02,1.419579910125145839e+00,-1.676425813606075010e-01,2.384272192938884150e+00,1.293756300248076691e-03,1.045145682543830411e-03,2.858899670199863303e-04,-8.359709535670338271e-04,8.285348099593572435e-01,-5.820236031749970174e-02,1.419661319534780919e+00,3.958513255337425818e-02,2.328511175260654209e+00,1.316408307760071148e-03,3.151028799113856087e-04,1.078020964896546190e-03,4.381495237389820699e-04,8.291568001017421974e-01,1.115118251658693271e-01,1.447579828636889498e+00,7.466095668915961880e-02,2.360359540392515942e+00,1.495536847150349870e-03,1.445704182223696765e-03,8.982989008907679479e-05,1.018078449917117186e-03,8.340232568647643063e-01,-1.113126120704612809e-01,1.447967211829288114e+00,1.558339429604940207e-01,2.336517427307267081e+00,1.523554813851350559e-03,9.598061879561937189e-05,1.469547314910143402e-03,3.575675485022235538e-04,8.347424213103806778e-01,1.615197473657621879e-03,3.167662442770315546e-04,1.932582788778808508e-03,6.550038259505761929e-04,7.444687394801379199e-01,7.174343825833016108e-01
2.396749999999922845e-08,3.655984997941071901e-01,1.312455337575144654e-01,8.965760263229216598e-02,1.421429429854982995e+00,-1.571870489171582896e-01,2.386529334718310302e+00,1.321238480228901103e-03,1.243910509651050510e-03,1.648499330241327604e-04,-1.038789101944208315e-03,8.293178901545901205e-01,-8.720623698597429474e-02,1.421551699003302804e+00,1.967711989041109888e-03,2.325932548820346391e+00,1.346034093805719995e-03,1.756329655890429150e-04,1.284343021830296108e-03,1.893701570754493927e-04,8.299837384886050717e-01,1.190423202785733103e-01,1.448204079110236409e+00,7.534540595385719186e-02,2.360246505621174329e+00,1.500972906452783650e-03,1.468066418017672852e-03,7.096040616193360624e-05,1.030976327867631987e-03,8.341705780527319813e-01,-1.188550400266887852e-01,1.448519468481174854e+00,1.598984162202778947e-01,2.334626506473453933e+00,1.529177739732568656e-03,7.594417912077042481e-05,1.491910939191911029e-03,3.153923464592807034e-04,8.348922769003924715e-01,1.577104533984954740e-03,3.480888494681926514e-04,1.929843104570689661e-03,6.541306883409258709e-04,7.452982086654496019e-01,7.165687701390133224e-01
2.397249999999922750e-08,3.534187395585668412e-01,1.338672518708952097e-01,1.152212726097869844e-01,1.424181492241165969e+00,-1.478359953890220346e-01,2.386243913566428176e+00,1.354346767220300507e-03,1.388053004070064151e-03,8.935555247553880200e-05,-1.207754826199272094e-03,8.302530541357501237e-01,-1.132171179613348233e-01,1.424350584920778928e+00,-3.625152728597491603e-02,2.321901200836749446e+00,1.381260221441481294e-03,9.078226609018116540e-05,1.424762456316201612e-03,-1.426737365748013769e-05,8.309603797121599689e-01,1.250673049060468944e-01,1.448752006090718414e+00,7.771431933735684083e-02,2.360363469328971675e+00,1.505078030187691727e-03,1.480164217030618913e-03,5.769520674473478520e-05,1.057800568318815852e-03,8.342868903119989854e-01,-1.249069950682515362e-01,1.448986914843801932e+00,1.627097280426457182e-01,2.333245458758589130e+00,1.533326683598547130e-03,6.186174441504940151e-05,1.503616643276212833e-03,2.826425619160530711e-04,8.350077876272532507e-01,1.518235522340437554e-03,3.967248806752039238e-04,1.924923455542994427e-03,6.525561797957303784e-04,7.459071008782249823e-01,7.159123126095368050e-01
2.397749999999922656e-08,3.063677383868921300e-01,1.357653461264591854e-01,1.348832898593921303e-01,1.426985622410420707e+00,-1.401395252967665428e-01,2.383846763912959243e+00,1.385602868289248328e-03,1.461846700182272557e-03,4.995436327251817621e-05,-1.322443606981818509e-03,8.311377395445294081e-01,-1.335005140915537236e-01,1.427178884832750683e+00,-7.091691312570258532e-02,2.317370149355657993e+00,1.413577303564600603e-03,4.870667260154434988e-05,1.487783669135741074e-03,-1.551426018726030122e-04,8.318632560207597226e-01,1.291388890499776121e-01,1.449208037171577867e+00,8.133674096854104363e-02,2.360620961806933593e+00,1.507821505952092406e-03,1.482635784241004978e-03,4.915121580745380033e-05,1.095563384196618448e-03,8.343719296162840360e-01,-1.290188746726164126e-01,1.449352156166310301e+00,1.652444747804748815e-01,2.332304024764393358e+00,1.535961248971435015e-03,5.282788259462551148e-05,1.505343426800148524e-03,2.592408942920026928e-04,8.350885046492732000e-01,1.438298974189336152e-03,4.651809740508948345e-04,1.918569664715382957e-03,6.504808025833172351e-04,7.462556151822989925e-01,7.155138806762200154e-01
2.398249999999922561e-08,2.242761246456776991e-01,1.376490011008386638e-01,1.453770350353229546e-01,1.428848953366935959e+00,-1.343203006212876360e-01,2.380673109093706774e+00,1.406968524980845448e-03,1.462647926036309562e-03,3.253966618461463556e-05,-1.382278411180387070e-03,8.317623144242879407e-01,-1.447705293229388790e-01,1.429018576533232832e+00,-9.957000378112601524e-02,2.313467978262391256e+00,1.434428691706606885e-03,3.122013157428907103e-05,1.479246437834406134e-03,-2.355136741104431591e-04,8.324727188370005804e-01,1.308190721197077799e-01,1.449550964581730383e+00,8.584394963110764110e-02,2.360978710101040878e+00,1.509157254230756142e-03,1.476238486551145236e-03,4.468199198094568374e-05,1.140035736273108417e-03,8.344242239121975047e-01,-1.307505468784075919e-01,1.449593764265857398e+00,1.680652063398060392e-01,2.331743630233551468e+00,1.537044009278831606e-03,4.817557431073486566e-05,1.497916093783348453e-03,2.439533917653610240e-04,8.351331870864452389e-01,1.340098417535548524e-03,5.534891041255337154e-04,1.912095926055793621e-03,6.482965996626745796e-04,7.463041515379014168e-01,7.154172122866049310e-01
2.398749999999922466e-08,1.214211825853270810e-01,1.398944530093335636e-01,1.445084139887335972e-01,1.429039649623092822e+00,-1.300624975876667477e-01,2.378138860850188774e+00,1.413065917046165808e-03,1.403999370193623111e-03,2.735338771748787651e-05,-1.396423840642684955e-03,8.319843689545749488e-01,-1.447378022755438920e-01,1.429147486551887170e+00,-1.215468012080633819e-01,2.311074132283859051e+00,1.438823323547949815e-03,2.651486327681697535e-05,1.418435699080433741e-03,-2.719818746584248674e-04,8.326542349640523311e-01,1.297484723327706480e-01,1.449753957508447044e+00,9.088373989872611247e-02,2.361432350959669524e+00,1.509008871456535891e-03,1.461778162155303673e-03,4.407717484611036672e-05,1.186389526848015451e-03,8.344406645293656055e-01,-1.297396325584303511e-01,1.449687346230666973e+00,1.713929576699388946e-01,2.331525555218249668e+00,1.536524658206554414e-03,4.769936435167506343e-05,1.482207231385552137e-03,2.353814245825745582e-04,8.351393563578264345e-01,1.229104950658970775e-03,6.585483116828755919e-04,1.906909226768220555e-03,6.464493183111863321e-04,7.460226118640644888e-01,7.156520540795698881e-01
2.399249999999922371e-08,1.635947996202347099e-02,1.426155752698288204e-01,1.322181445238792552e-01,1.427293733855744318e+00,-1.266245632140647892e-01,2.377054111008600756e+00,1.403348177295543923e-03,1.308712754484603986e-03,3.189971500613087520e-05,-1.374628179106166448e-03,8.317815486748437737e-01,-1.332181320969514360e-01,1.427330148740025839e+00,-1.373200031808692323e-01,2.310531634222656727e+00,1.426948779107652674e-03,3.182409867384420693e-05,1.327623305131503829e-03,-2.836276468889151019e-04,8.323997137322108886e-01,1.257200988949502829e-01,1.449790688049117149e+00,9.609021158509811755e-02,2.361996478761752449e+00,1.507324202107209214e-03,1.440036124906708031e-03,4.775350476056941680e-05,1.229601209937464636e-03,8.344181356876801958e-01,-1.257755278730026127e-01,1.449611607587997453e+00,1.751891912956944353e-01,2.331626664644074420e+00,1.534392605285054591e-03,5.186252782955875319e-05,1.459025316799363080e-03,2.324055594307430038e-04,8.351048721361505889e-01,1.112145241970253877e-03,7.746463181981650108e-04,1.903986824616946431e-03,6.452723546029126914e-04,7.453990034397575126e-01,7.162275301415681472e-01
2.399749999999922276e-08,-7.825697510943041557e-02,1.457356452474569686e-01,1.104113529384609382e-01,1.423863273545415087e+00,-1.231291113609347398e-01,2.377565042731868417e+00,1.382341142550497053e-03,1.197882398040930234e-03,5.209490942826937830e-05,-1.324719678921171262e-03,8.312635466030048326e-01,-1.120301568215593679e-01,1.423836130777580866e+00,-1.477854336821331493e-01,2.311704567088525231e+00,1.403965904697423170e-03,5.370729429282859724e-05,1.223324885715858972e-03,-2.859231263080103222e-04,8.318318454873844248e-01,1.187325998755184298e-01,1.449644705937968681e+00,1.010678470431525255e-01,2.362688056753627031e+00,1.504182197714332711e-03,1.411571242670363975e-03,5.701015219584364016e-05,1.264827800433322540e-03,8.343565959972484292e-01,-1.188530919373573802e-01,1.449356516277837903e+00,1.792360842276692345e-01,2.332030282164411439e+00,1.530780823219009918e-03,6.205876250455239916e-05,1.428865879962773087e-03,2.344045717159380876e-04,8.350309364408323720e-01,9.958330877146343886e-04,8.948529687965578591e-04,1.903583777111422879e-03,6.448812523665199692e-04,7.444438611910160208e-01,7.171301758208168398e-01
2.400249999999922182e-08,-1.579430895528857182e-01,1.490550110292976349e-01,8.204546649042288031e-02,1.419439586369532158e+00,-1.186320243992358137e-01,2.379343430668940940e+00,1.358514705056323556e-03,1.081512650916600753e-03,1.077945378450227828e-04,-1.251222402666560870e-03,8.306499630950120450e-01,-8.411979348967091319e-02,1.419370113107428111e+00,-1.538423673038833428e-01,2.314170260621740471e+00,1.379009997129485585e-03,1.129227179198723550e-04,1.109481428425405664e-03,-2.926589495165594023e-04,8.311847045766804776e-01,1.090045114869033771e-01,1.449318609248365419e+00,1.053806552340939007e-01,2.363512918919131955e+00,1.499908415325222014e-03,1.376346812512864361e-03,7.435992523421691670e-05,1.287667175898901282e-03,8.342624289827649253e-01,-1.091872719294917360e-01,1.448930726185495788e+00,1.832101166190467367e-01,2.332718318777011302e+00,1.526076611686642001e-03,8.091797864108845315e-05,1.391511614584740745e-03,2.415285639025307313e-04,8.349253504097883249e-01,8.854531739663679167e-04,1.012488382873792322e-03,1.905270810028877665e-03,6.451718851110475449e-04,7.431892635027648186e-01,7.183269004097356802e-01
2.400749999999922087e-08,-2.227567390816058701e-01,1.523132807814229217e-01,5.026995083447771684e-02,1.414987561457144327e+00,-1.117996992844734194e-01,2.381732890758335053e+00,1.342528655591467349e-03,9.532423870033796248e-04,2.356310444723868540e-04,-1.151394589381877966e-03,8.302286103141561791e-01,-5.266346417827194593e-02,1.414906409959703737e+00,-1.561935948516870454e-01,2.317387584608279649e+00,1.363177318861487049e-03,2.431258097048109455e-04,9.747662120667442221e-04,-3.217953348830670146e-04,8.307579820564853224e-01,9.694671695965162428e-02,1.448839758987523263e+00,1.085350135553113660e-01,2.364454759553115348e+00,1.495141605455832350e-03,1.333285658832315552e-03,1.037744242934284753e-04,1.294149984797942276e-03,8.341504431222861449e-01,-9.718541797043767083e-02,1.448365752850937049e+00,1.867466587162160963e-01,2.333666097400631578e+00,1.520979221294826425e-03,1.124515560603728346e-04,1.345639178058366916e-03,2.550316834054063399e-04,8.348043625014244240e-01,7.845137880309040147e-04,1.122089134528621258e-03,1.908176791992829318e-03,6.458913485675510163e-04,7.416836726480862119e-01,7.197710489275510604e-01
2.401249999999921992e-08,-2.736992377962342848e-01,1.552430869995813367e-01,1.767121704072716071e-02,1.411518127663237143e+00,-1.003752508791850850e-01,2.383813650046680443e+00,1.343278987963290871e-03,7.979094235098863064e-04,4.566561676464820372e-04,-1.012552530656090147e-03,8.302460258628524548e-01,-2.026133149473974271e-02,1.411424871432291450e+00,-1.553635770322188137e-01,2.320824262414348471e+00,1.364728795329710025e-03,4.567025324716584189e-04,8.061346972568285722e-04,-3.981980212073176926e-04,8.307906672127073344e-01,8.310029507145655359e-02,1.448259066920648985e+00,1.099446925083213955e-01,2.365465750038002302e+00,1.490814838833682881e-03,1.280068546899949030e-03,1.503137390360841021e-04,1.280366112349555670e-03,8.340439049328802756e-01,-8.338487878530731479e-02,1.447714028672816511e+00,1.894891806079224139e-01,2.334840117006862226e+00,1.516463677895457012e-03,1.614968937806182691e-04,1.288800402376110181e-03,2.776290617279021894e-04,8.346923870091695896e-01,6.948077420027443801e-04,1.219833149515049458e-03,1.911304452007147594e-03,6.467408983504577486e-04,7.399849337676089878e-01,7.214092528491216072e-01
2.401749999999921897e-08,-3.120463986270330947e-01,1.576107279928100624e-01,-1.435923472711087001e-02,1.409701881859714234e+00,-8.126610204276873972e-02,2.384508589129502809e+00,1.361987966879237314e-03,6.146859688143838747e-04,7.347892929808119353e-04,-8.202701106831975300e-04,8.307409512810969288e-01,1.168457105507014759e-02,1.409551845846592544e+00,-1.520340391461179053e-01,2.323998823670463398e+00,1.384119532415338224e-03,7.207601126488412955e-04,6.119231760858122749e-04,-5.441878246116766977e-04,8.313077199206068135e-01,6.804752474131747775e-02,1.447639958847749098e+00,1.088863846057939178e-01,2.366458489045983882e+00,1.487987414876859073e-03,1.213675043161505833e-03,2.184839088435987697e-04,1.242037784256724538e-03,8.339706250829832523e-01,-6.836462338569582187e-02,1.447038338256314560e+00,1.911240559485047896e-01,2.336198437543919759e+00,1.513594332031947993e-03,2.319952561995527063e-04,1.218224887705551167e-03,3.135169022535925424e-04,8.346176656230349655e-01,6.167507818226030791e-04,1.303706897150937053e-03,1.913852557791960365e-03,6.474811292777245828e-04,7.381534154292284100e-01,7.231874673956664168e-01
2.402249999999921803e-08,-3.397105997438218949e-01,1.592395246392670494e-01,-4.538970244017459521e-02,1.409674336202701106e+00,-5.223453931280896967e-02,2.382993395910047330e+00,1.393152599048165172e-03,4.271253915000588130e-04,1.016099124502732251e-03,-5.758598214648479301e-04,8.315672795188406852e-01,4.274704037484555741e-02,1.409459143340220821e+00,-1.472779894776565790e-01,2.326395506461956586e+00,1.416482297776946054e-03,9.936055735675311962e-04,4.202373879770976688e-04,-7.563161612507215839e-04,8.321690349898976935e-01,5.231300626240664720e-02,1.447039996000039075e+00,1.044851429587434488e-01,2.367304397745489730e+00,1.487426462737527792e-03,1.131852013578562135e-03,3.097228945622914980e-04,1.174565213705924946e-03,8.339515431585444727e-01,-5.264838967513907342e-02,1.446395419159531404e+00,1.914033762053151122e-01,2.337692960348310756e+00,1.513115578414310578e-03,3.248134187480952490e-04,1.132351130286337248e-03,3.676168707654367779e-04,8.346008249854348637e-01,5.497703455019858432e-04,1.373506665223408509e-03,1.915357852193897824e-03,6.479662318613861388e-04,7.362463440559821048e-01,7.250553946935043292e-01
2.402749999999921708e-08,-3.565022124266444825e-01,1.600088178647980364e-01,-7.513176637842078343e-02,1.411312909478746658e+00,-1.405999371491706285e-02,2.379166331555464087e+00,1.431365192732543664e-03,2.654555504144695890e-04,1.267652708822603015e-03,-3.041875210945096442e-04,8.325707370527848372e-01,7.264116339205628492e-02,1.411067677334783665e+00,-1.421465754256954206e-01,2.327388714166283457e+00,1.456744799696207526e-03,1.243672037102167179e-03,2.588191841094601296e-04,-9.952940494034848585e-04,8.332219908172766587e-01,3.629500398228535651e-02,1.446496864581055863e+00,9.579333925887878465e-02,2.367849374272688934e+00,1.489226845769179262e-03,1.034730002145202400e-03,4.211511103401848312e-04,1.073808209264160568e-03,8.339904917342456647e-01,-3.663712461523815911e-02,1.445823843463402980e+00,1.901490706555284405e-01,2.339270467282427823e+00,1.515106761189339863e-03,4.370020329071475757e-04,1.032068775670358807e-03,4.436552681475735833e-04,8.346451252210592697e-01,4.926490532530300838e-04,1.430436334084845282e-03,1.915630219394495824e-03,6.481168510782705887e-04,7.343138369478006133e-01,7.269690581811489860e-01
2.403249999999921613e-08,-3.546149058202814341e-01,1.598164270910089613e-01,-1.025367197358841853e-01,1.414311478941633116e+00,2.943473758852421795e-02,2.373539336845387204e+00,1.471650251904652214e-03,1.495764705176740636e-04,1.462771567362313244e-03,-4.435579882214980363e-05,8.336034487161191331e-01,1.003252044325320114e-01,1.414075004394154345e+00,-1.371579241186329234e-01,2.326380865476457060e+00,1.499390352945290583e-03,1.442712161576061632e-03,1.446712211947735413e-04,-1.209882805312250710e-03,8.343098453970543282e-01,2.026384031662287200e-02,1.446029565818441220e+00,8.198857008354432097e-02,2.367954815595224360e+00,1.492955197824525878e-03,9.253458915975837926e-04,5.468749250807342739e-04,9.369286541676233489e-04,8.340780330704828938e-01,-2.060523932021451898e-02,1.445344062063144808e+00,1.872119781358607682e-01,2.340868139453712526e+00,1.519130556811771650e-03,5.630627148708837590e-04,9.207590399640444958e-04,5.416406779889636073e-04,8.347405074746666598e-01,4.439445271810452272e-04,1.476317546678607108e-03,1.914709086024765335e-03,6.479245540136981162e-04,7.323969575718989322e-01,7.288917067902358493e-01
2.403749999999921518e-08,-3.208666249056447706e-01,1.584989778727554643e-01,-1.251187796897301752e-01,1.418068214294749385e+00,7.308519254570455814e-02,2.366997779166208016e+00,1.505657370347770769e-03,8.217297464761368639e-05,1.575909409710565074e-03,1.603252300817878851e-04,8.344449974721280805e-01,1.233573763128870127e-01,1.417883186384693461e+00,-1.326004321205154213e-01,2.323284966770416293e+00,1.535718133936242024e-03,1.566707989636204447e-03,7.871456848238482908e-05,-1.365623576908757582e-03,8.352052774509052258e-01,4.418209183828736286e-03,1.445650626626923563e+00,6.260861282722673948e-02,2.367547093094727551e+00,1.498119232107700694e-03,8.088534890013649023e-04,6.801043022698627372e-04,7.621752390626870995e-04,8.342029010535508826e-01,-4.753614201320699451e-03,1.444967370674625773e+00,1.823713554966057693e-01,2.342399996108845528e+00,1.524675321897676341e-03,6.966261552093430936e-04,8.034507071814820343e-04,6.563355716300308231e-04,8.348749249706097775e-01,4.024771896511990309e-04,1.512929686913040217e-03,1.912874265698045768e-03,6.474693579066731746e-04,7.305275603775569504e-01,7.307934863195550967e-01
2.404249999999921423e-08,-2.497390408512756288e-01,1.557327542838344847e-01,-1.394031293579989228e-01,1.421784459588050886e+00,1.121426508097513874e-01,2.360857898976608915e+00,1.522422502258550126e-03,5.031229350372807825e-05,1.596190472982092230e-03,2.834095714167642033e-04,8.348294903486632723e-01,1.383014303398883982e-01,1.421680371849829427e+00,-1.289765723805529340e-01,2.319091143350417106e+00,1.554276368720649117e-03,1.604920441115324304e-03,4.742810579488585291e-05,-1.454439953994601494e-03,8.356308240804359855e-01,-1.104669130908630947e-02,1.445377432855731392e+00,3.767268146429181286e-02,2.366637683736044107e+00,1.504398323768976363e-03,6.913442512539314921e-04,8.141837393235290543e-04,5.476526713291515920e-04,8.343572575291757776e-01,1.072360738247790657e-02,1.444706449855235331e+00,1.752112393784703848e-01,2.343735387992353481e+00,1.531388114149336748e-03,8.313038875096346106e-04,6.859191843049503197e-04,7.780145990823910578e-04,8.350398053601605364e-01,3.675799028459626901e-04,1.541919227212429962e-03,1.910639981890319052e-03,6.469073360073310675e-04,7.287288202167307993e-01,7.326505408706629474e-01
2.404749999999921329e-08,-1.513776652099576570e-01,1.509772639002320282e-01,-1.425614945294049196e-01,1.424676802911727602e+00,1.436841859602417948e-01,2.356539900525674192e+00,1.513924898731470363e-03,3.891854760465003642e-05,1.536030926451640525e-03,3.357427590489298693e-04,8.345708850738471352e-01,1.422922177255774301e-01,1.424656478031932849e+00,-1.265233605204270084e-01,2.315533134040576257e+00,1.546366415559756935e-03,1.565997292000454594e-03,3.583111270721455632e-05,-1.486349646723418398e-03,8.353868569751131679e-01,-2.589799750463916972e-02,1.445239017047105445e+00,7.667012716842336317e-03,2.365294888336669565e+00,1.511544403124646377e-03,5.789272991234606152e-04,9.427953963593884140e-04,2.925144334321847406e-04,8.345341883532203520e-01,2.559698496991447136e-02,1.444583894720306461e+00,1.650947040851886705e-01,2.344677738934355382e+00,1.538996275623247039e-03,9.609516642110378778e-04,5.739570093571777325e-04,8.946872763856387892e-04,8.352277694115365358e-01,3.389540016292145932e-04,1.565114139002385168e-03,1.908725945227490251e-03,6.464477110128463364e-04,7.270150685863234763e-01,7.344442173793199746e-01
2.405249999999921234e-08,-4.456238165081627400e-02,1.435802237640824153e-01,-1.338508821452799591e-01,1.426188509330202692e+00,1.668532569858034442e-01,2.354897551621183638e+00,1.479988785160824818e-03,4.109401873323959258e-05,1.422157745565151782e-03,3.468334040154480544e-04,8.336632045534611013e-01,1.344502304248289537e-01,1.426233004711046970e+00,-1.247586665421760443e-01,2.313910567692502696e+00,1.511388394710612513e-03,1.471678372519696866e-03,3.680531061814688989e-05,-1.473830689410664816e-03,8.344601058678656758e-01,-3.986673128085072015e-02,1.445278687136146267e+00,-2.637612242744635793e-02,2.363583288700472629e+00,1.519211893144566464e-03,4.769426731195796081e-04,1.060269739559579561e-03,7.046505029847938140e-06,8.347239281625935536e-01,3.960129774622478394e-02,1.444636851355312945e+00,1.514722783765281022e-01,2.344959460573354804e+00,1.547140006661071668e-03,1.079992800956951042e-03,4.726235549964307890e-04,9.943401105402761755e-04,8.354287577214851712e-01,3.163417950998842466e-04,1.584564045278311810e-03,1.907922216154598173e-03,6.463141454948477700e-04,7.253906649711672205e-01,7.361604898501474814e-01
2.405749999999921139e-08,5.519966488348893030e-02,1.331996274446423101e-01,-1.147411837766920684e-01,1.426130839441876352e+00,1.820216660382865115e-01,2.356017658130497239e+00,1.428184121687671101e-03,6.004981094596996958e-05,1.280608465673621328e-03,3.417967451887453509e-04,8.322790035775247119e-01,1.160967889395518871e-01,1.426209404654700030e+00,-1.227486028545969887e-01,2.314554551457721931e+00,1.457080923374271496e-03,1.345319443946305918e-03,5.277023771084488215e-05,-1.424334132204559122e-03,8.330268076306004410e-01,-5.270144218878702880e-02,1.445548678190409664e+00,-6.245599897427744907e-02,2.361502227727123593e+00,1.526908355847566038e-03,3.890575461604369703e-04,1.162422155264874286e-03,-2.693905301230306993e-04,8.349133591674285926e-01,5.248611627479182751e-02,1.444914492889553426e+00,1.347140482559781027e-01,2.344289488557026679e+00,1.555318758454198513e-03,1.184172700312971721e-03,3.853660195785055340e-04,1.067061662386614750e-03,8.356293786119162181e-01,2.993297337582862070e-04,1.601957618176135705e-03,1.908809822366850425e-03,6.466743465173174126e-04,7.238497242125101483e-01,7.377891325129819489e-01
2.406249999999921044e-08,1.407584430038024692e-01,1.204548094246349343e-01,-8.806216669442279432e-02,1.424741289942216937e+00,1.900759902615445363e-01,2.359432394218318407e+00,1.370538985170273189e-03,1.113152611149873124e-04,1.126777559211648372e-03,3.385095753000138120e-04,8.307084924512178059e-01,8.999545174586609519e-02,1.424816971630649354e+00,-1.194206952828347212e-01,2.317101152541778841e+00,1.396080822916937999e-03,1.202225026534425390e-03,9.831164011789875158e-05,-1.342021179162837226e-03,8.313891322074565826e-01,-6.429001901774555883e-02,1.446083255497855546e+00,-9.724533048941097491e-02,2.359010057477381572e+00,1.534076890738077584e-03,3.162560368323838250e-04,1.247773700095855184e-03,-4.720294820435411544e-04,8.350885493104855950e-01,6.413226325935839078e-02,1.445456676181529954e+00,1.168736618811636596e-01,2.342546258798489767e+00,1.562974823633323396e-03,1.271677970277829356e-03,3.130905706165733327e-04,1.107455853230256224e-03,8.358154520302077950e-01,2.874215743984564770e-04,1.617912424356035767e-03,1.911489472918956540e-03,6.475636597849520216e-04,7.223796411468081935e-01,7.393221877919293750e-01
2.406749999999920949e-08,2.109584838860703027e-01,1.071066986824527056e-01,-5.702962645172182654e-02,1.422616177076095667e+00,1.920948806841922263e-01,2.364351482947022465e+00,1.320078327802173997e-03,2.215711848487832765e-04,9.615454844390655328e-04,3.537685236645489169e-04,8.292954653994741854e-01,5.939074170065605784e-02,1.422659798999609926e+00,-1.134903588931450713e-01,2.320802352975114502e+00,1.342343800096971497e-03,1.043391147526227629e-03,2.026968851090454762e-04,-1.227157581019311426e-03,8.299103948277731790e-01,-7.479232884180975205e-02,1.446847652170705878e+00,-1.269643783045939500e-01,2.356203489870197565e+00,1.540224284166862977e-03,2.565234788432350661e-04,1.318080944463871813e-03,-5.627583723824768590e-04,8.352377105157902104e-01,7.468499434371023149e-02,1.446243812481074364e+00,1.009004808897264738e-01,2.340100307810236480e+00,1.569606062032288677e-03,1.343751350386590635e-03,2.538474035244099830e-04,1.116678275509395968e-03,8.359748031406868396e-01,2.802837621710348756e-04,1.631691308521581981e-03,1.915491691144532516e-03,6.488483532562417961e-04,7.209696021392877352e-01,7.407519045729566987e-01
2.407249999999920855e-08,2.665184136560181383e-01,9.521462510917322319e-02,-2.446945123930732713e-02,1.420527121052668651e+00,1.891784354565677617e-01,2.369904947654553506e+00,1.287024927467349559e-03,4.045381492473842759e-04,7.792812666031390285e-04,4.074448053561953312e-04,8.283457130363720555e-01,2.715678256857367856e-02,1.420543374080962318e+00,-1.030939148911165226e-01,2.324687686697541444e+00,1.307353027474082718e-03,8.598406838406622184e-04,3.890585911625819545e-04,-1.073255847864610290e-03,8.289217991320855239e-01,-8.456022115692962693e-02,1.447734097988511159e+00,-1.492949008851569559e-01,2.353377814150984015e+00,1.545071425089880688e-03,2.066728283830120366e-04,1.376588686377471123e-03,-5.617696002760061424e-04,8.353542581272758172e-01,8.449284549762614560e-02,1.447176192130724237e+00,8.873318935591045786e-02,2.337743376666045592e+00,1.574879001310192355e-03,1.403364766479234292e-03,2.044456256510373919e-04,1.103210718805908760e-03,8.360999477913664268e-01,2.780259569941438648e-04,1.641346077306868496e-03,1.919948642493027845e-03,6.502718846804078244e-04,7.196197974490337046e-01,7.420690447088000852e-01
2.407749999999920760e-08,3.085970247768269337e-01,8.607549806902303757e-02,7.804052337020417340e-03,1.419141619840959656e+00,1.824855494276964585e-01,2.375328522561751754e+00,1.274904089420285510e-03,6.363576142202770087e-04,5.856056117621470181e-04,5.173802573175043367e-04,8.279922180611475335e-01,-4.932790789407226484e-03,1.419168132959528705e+00,-8.583435819462037486e-02,2.327676039029817012e+00,1.295230738716958560e-03,6.529828119881356686e-04,6.365466560527516075e-04,-8.724787459612999910e-04,8.285674791055310795e-01,-9.384185354888430197e-02,1.448628164606796442e+00,-1.642335616046501912e-01,2.350818953648038612e+00,1.548589093054131846e-03,1.647388295042755374e-04,1.425125716324912757e-03,-5.128672158594797803e-04,8.354375646849708792e-01,9.381227835212602173e-02,1.448131722280684208e+00,8.070267045996981636e-02,2.336100407377311061e+00,1.578703549194253970e-03,1.452571150696070580e-03,1.628629406403151239e-04,1.080673955277959694e-03,8.361895386520175055e-01,2.814972954515192801e-04,1.644022336193362186e-03,1.923965818188133701e-03,6.515781187561053064e-04,7.183445229863896220e-01,7.432621799296361687e-01
2.408249999999920665e-08,3.391122617698651975e-01,8.000881364341783097e-02,3.903783850091713248e-02,1.418849792127721887e+00,1.733901445596028879e-01,2.379945444244796704e+00,1.281151112589452856e-03,8.789847223723997165e-04,4.013798041056109746e-04,6.849697239546267231e-04,8.281730659705776043e-01,-3.618203479738424377e-02,1.418907694732140179e+00,-6.005062396825522342e-02,2.328860723955880729e+00,1.302668381012661841e-03,4.463562499656151760e-04,8.974964083370086431e-04,-6.303317560676348569e-04,8.287715068282703879e-01,-1.026178536491171300e-01,1.449451788459928503e+00,-1.733091687282133364e-01,2.348678830770542625e+00,1.550765061758311745e-03,1.301863998300949394e-04,1.463467773314402727e-03,-4.496149462742610246e-04,8.354872405761668563e-01,1.026249154029252875e-01,1.449023093042272503e+00,7.626776953937097758e-02,2.335337626138073830e+00,1.581070629344119962e-03,1.491543451893542023e-03,1.285868674067027308e-04,1.062493488376401026e-03,8.362434334273658454e-01,2.925747897612028135e-04,1.636190996597422682e-03,1.926868370904431501e-03,6.525872373236061251e-04,7.171696108073688514e-01,7.443171181125147751e-01
2.408749999999920570e-08,3.594049155835304932e-01,7.676281455834033096e-02,6.894129992408193353e-02,1.419830630986455677e+00,1.633795440720087200e-01,2.383013903958682178e+00,1.301361659944057746e-03,1.103902142202965253e-03,2.488997128315626741e-04,8.851476481927027197e-04,8.287533842278546059e-01,-6.627626330324587478e-02,1.419921425750461097e+00,-2.662430052244912915e-02,2.327911650108271502e+00,1.324658431060672876e-03,2.710421625519562547e-04,1.135155585585359604e-03,-3.729794559759253198e-04,8.293883658100497103e-01,-1.106543211858606046e-01,1.450164265351628679e+00,-1.784915082653619756e-01,2.347008887997297677e+00,1.551381010708557419e-03,1.028684232868683299e-04,1.490803633798188591e-03,-3.898673095612126683e-04,8.354974282442063638e-01,1.106930229020113288e-01,1.449806222160264335e+00,7.468549208401764616e-02,2.335320179947256491e+00,1.581791421538923919e-03,1.519693573714041681e-03,1.014923218263037621e-04,1.057262688174020592e-03,8.362562514449601858e-01,3.142508591395353065e-04,1.613899159069888357e-03,1.928194389762906890e-03,6.531724211889789172e-04,7.161300041595057841e-01,7.452150977275648902e-01
2.409249999999920476e-08,3.650161609095504689e-01,7.588676029407892543e-02,9.684660175708148522e-02,1.422008594505366208e+00,1.536862523245257073e-01,2.383815954880751597e+00,1.331011468054094397e-03,1.288860702589095589e-03,1.408230268825639273e-04,1.077700139836845674e-03,8.295953536423025243e-01,-9.451842614444672108e-02,1.422140950135320381e+00,1.086647907863191875e-02,2.325117628737384035e+00,1.356518373253228372e-03,1.472533061863582444e-04,1.322896324196601477e-03,-1.359145366672162819e-04,8.302751389525556691e-01,-1.175955544395645980e-01,1.450753425717878242e+00,-1.815343932389938963e-01,2.345804330307824870e+00,1.550037000492868102e-03,8.235139108760319100e-05,1.506693490473977543e-03,-3.406757328098285252e-04,8.354577212972073008e-01,1.176585865061188230e-01,1.450469822606889947e+00,7.529125861468122238e-02,2.335818447578980717e+00,1.580474783955996589e-03,1.536626079051333325e-03,8.113959423841255619e-05,1.067730467555700995e-03,8.362176771354647986e-01,3.502688602013635235e-04,1.573473574878065653e-03,1.927757237704352290e-03,6.532656839146320539e-04,7.152687526010688135e-01,7.459302656219937155e-01
2.409749999999920381e-08,3.438453112231661946e-01,7.690637194906235763e-02,1.209533029545528660e-01,1.424858779630827410e+00,1.451721857508738722e-01,2.382157233206028568e+00,1.364221889677354454e-03,1.414180247201289944e-03,7.651797063800229155e-05,1.229514160180327246e-03,8.305320645544881364e-01,-1.191193965623202899e-01,1.425029665312726568e+00,4.789337431976603554e-02,2.321156920499212184e+00,1.391609286597292588e-03,7.611727139999892690e-05,1.440864366884883835e-03,5.234345548387270221e-05,8.312480366779135821e-01,-1.230200065946467358e-01,1.451219889930686513e+00,-1.837256852985142963e-01,2.345043660983968437e+00,1.546290465177385404e-03,6.786831609400444066e-05,1.511133762791553887e-03,-3.033642059464106188e-04,8.353569236567092160e-01,1.230996909070085632e-01,1.451017377087282512e+00,7.754403492957218091e-02,2.336635061721666240e+00,1.576667200671374612e-03,1.542297108436223091e-03,6.674954283502311449e-05,1.092413131662287387e-03,8.361162262255994460e-01,4.042022470073953762e-04,1.512705804468391898e-03,1.925854616371025247e-03,6.529273585211631476e-04,7.146345457250535826e-01,7.464287878349722405e-01
2.410249999999920286e-08,2.861164210843512024e-01,7.937749840375962762e-02,1.382499895051869654e-01,1.427466543950895783e+00,1.384309523003253162e-01,2.378831852555622017e+00,1.393233595236643843e-03,1.467122641432622035e-03,4.434649320401769115e-05,1.327484021620481749e-03,8.313569775028719633e-01,-1.370855328641082949e-01,1.427645039920387493e+00,8.080438616708462973e-02,2.316984056674244563e+00,1.421215069473834216e-03,4.250369221368371458e-05,1.482481141004010671e-03,1.789267586990448203e-04,8.320813548475815002e-01,-1.264773176092075513e-01,1.451562548578079870e+00,-1.858611325233407996e-01,2.344709497896713568e+00,1.539770156990555522e-03,5.859380799453881592e-05,1.504420945040696109e-03,-2.768098026001347212e-04,8.351856751262271006e-01,1.265670979319388767e-01,1.451450262000273828e+00,8.099748522245686644e-02,2.337645558302810400e+00,1.569973155961864415e-03,1.536925579008147167e-03,5.748726515788832905e-05,1.127419114929636718e-03,8.359419994900475492e-01,4.781112760044959817e-04,1.431906263808780310e-03,1.923327120293307282e-03,6.523779220384757268e-04,7.142759805915099847e-01,7.466717345287614549e-01
2.410749999999920191e-08,1.962107175193701369e-01,8.288614781759928718e-02,1.456224165286281735e-01,1.428902749479028511e+00,1.335850458145957376e-01,2.375336851522150017e+00,1.410597958179823658e-03,1.449702782982699488e-03,3.087634761475041404e-05,1.375141270984606796e-03,8.318764388523163245e-01,-1.452589986844863290e-01,1.429042796558094075e+00,1.076475086213282140e-01,2.313615204775179457e+00,1.437641670513415976e-03,2.932899994549151206e-05,1.458010895643125672e-03,2.489717885262192126e-04,8.325768727254774237e-01,-1.275391788043211960e-01,1.451770862182878430e+00,-1.883113338159136951e-01,2.344797120094676224e+00,1.530254252400931525e-03,5.392354656746804130e-05,1.487097963257843656e-03,-2.591971666503707140e-04,8.349381497956318565e-01,1.276339738755152275e-01,1.451758489677674513e+00,8.525161589077079327e-02,2.338798348882141998e+00,1.560142316456491476e-03,1.520949727965431163e-03,5.273830963154914190e-05,1.167637260422005373e-03,8.356885423843161131e-01,5.712994750268063490e-04,1.334263526712202528e-03,1.921312001558148899e-03,6.519393626710364657e-04,7.142333580439259588e-01,7.466220926268736235e-01
2.411249999999920096e-08,9.096618614033968875e-02,8.703097054369735019e-02,1.414292979856450749e-01,1.428569019067684964e+00,1.301223583558930308e-01,2.372992856408481011e+00,1.412227492054807330e-03,1.378990866326336700e-03,2.834194240965969770e-05,1.381752874579699223e-03,8.319796994130549406e-01,-1.418900427520464191e-01,1.428643015587407472e+00,1.280193691798756639e-01,2.311756337551305940e+00,1.437366574524905983e-03,2.740182487499318105e-05,1.388271496544769010e-03,2.791861546424675663e-04,8.326350751142592710e-01,-1.258679842066063870e-01,1.451825956041153276e+00,-1.911163864464167084e-01,2.345311152615115802e+00,1.517759055785654993e-03,5.370935064581880799e-05,1.459969585922674942e-03,-2.487761485015518533e-04,8.346141755068162693e-01,1.259639485147243665e-01,1.451920823881833744e+00,8.991714573983511372e-02,2.340092200372336340e+00,1.547165454726199922e-03,1.495057963179568811e-03,5.233634864067573841e-05,1.207449099817240823e-03,8.353551281812768847e-01,6.799382349356230875e-04,1.225298210458909513e-03,1.920809182638234065e-03,6.519111146573436507e-04,7.145305450760686128e-01,7.462538478826623578e-01
2.411749999999920002e-08,-1.201186796439768223e-02,9.140734450039067482e-02,1.262373941202297178e-01,1.426345180001836521e+00,1.271588912729715304e-01,2.372416499565275672e+00,1.399020462618172020e-03,1.278276926594897880e-03,3.643070497006126510e-05,1.355478505744590325e-03,8.316811455928374563e-01,-1.274274632791192463e-01,1.426350883901279509e+00,1.424286275983113192e-01,2.311623258081207943e+00,1.422006043961336272e-03,3.644161128293892527e-05,1.294288964972908863e-03,2.876957858443863385e-04,8.322843939756798814e-01,-1.212868953581744957e-01,1.451707502354836699e+00,-1.940844573260402939e-01,2.346255364850586389e+00,1.502624888173035916e-03,5.847051562333333111e-05,1.424038438177524296e-03,-2.442093505022910425e-04,8.342213863585051792e-01,1.213807075240918021e-01,1.451911969299432226e+00,9.459177847081923218e-02,2.341549947460073611e+00,1.531371834753506456e-03,1.460163638750021191e-03,5.676890374425037743e-05,1.241283139655025101e-03,8.349491655323827421e-01,7.978738210358386502e-04,1.111567440654229405e-03,1.922298197016974368e-03,6.524478665794774569e-04,7.151698420817962365e-01,7.455595508014316586e-01
2.412249999999919907e-08,-1.025337578173768360e-01,9.560078834369667433e-02,1.023468131734255326e-01,1.422612384317735401e+00,1.237309167521307707e-01,2.373572657179440881e+00,1.376692476391224102e-03,1.166152072716360871e-03,6.432518857844507368e-05,1.302313513295641056e-03,8.311229108807165478e-01,-1.041070728895348019e-01,1.422561275234676570e+00,1.517169367961908044e-01,2.313033617374627759e+00,1.397897874968608576e-03,6.645439004295175111e-05,1.189290296088640984e-03,2.897787421448290196e-04,8.316799498018844217e-01,-1.138261151730517451e-01,1.451403060465557449e+00,-1.968893604847852252e-01,2.347621142022134677e+00,1.485558542466375309e-03,6.964279538367653278e-05,1.380237835035343910e-03,-2.447404767244796262e-04,8.337764958551994177e-01,1.139146307515230827e-01,1.451713174032289722e+00,9.885358272913835620e-02,2.343193619899126112e+00,1.513481633675055468e-03,1.417190205138651538e-03,6.743118595862769972e-05,1.264137335618945642e-03,8.344876917792780624e-01,9.181243973118819422e-04,9.992222798603663490e-04,1.925601996379937416e-03,6.535065374579928114e-04,7.161317168187759652e-01,7.445534501269164274e-01
2.412749999999919812e-08,-1.778863823839036407e-01,9.918853516072401177e-02,7.283297165083402191e-02,1.418146927672940816e+00,1.187479995432947355e-01,2.375986540707411443e+00,1.354473865249251723e-03,1.048012396754271656e-03,1.371971260972196694e-04,1.224240564204996879e-03,8.305473394913529539e-01,-7.500943151597949665e-02,1.418063559049232092e+00,1.567168747884539748e-01,2.315574675609619604e+00,1.374927355284719143e-03,1.430221598192902893e-04,1.072461166786640952e-03,3.006317744507010941e-04,8.310787639956555006e-01,-1.037298141312168465e-01,1.450916476979135172e+00,-1.991597335128663104e-01,2.349379278190778741e+00,1.467617358465701620e-03,8.982475552325689815e-05,1.328973300037770673e-03,-2.504498210245123470e-04,8.333053979927487198e-01,1.038103520331314922e-01,1.451322450906147754e+00,1.022586605232467249e-01,2.345027688562358659e+00,1.494596684516634293e-03,1.366637539482942667e-03,8.690557589455094178e-05,1.271925721923157244e-03,8.339976127954742413e-01,1.034273339446884496e-03,8.930302893530188196e-04,1.930016776205283535e-03,6.548788651628876340e-04,7.173790415108460827e-01,7.432695736038914536e-01
2.413249999999919717e-08,-2.386336641174719997e-01,1.017396922834468143e-01,4.074424061597636815e-02,1.413944220246155847e+00,1.105376440220551260e-01,2.378890312955637576e+00,1.342991045206183174e-03,9.133357131494273520e-04,2.922306893141646527e-04,1.114833666330897980e-03,8.302435704943508243e-01,-4.320897316712946079e-02,1.413854267709397705e+00,1.580782477233446670e-01,2.318753412969921879e+00,1.363906138740962528e-03,2.981998813901508283e-04,9.296863320054832075e-04,3.409070069488758761e-04,8.307775657314785400e-01,-9.142269708647376980e-02,1.450272557012802999e+00,-2.005498850891913598e-01,2.351477072414240865e+00,1.450131014761322275e-03,1.227999419748433023e-04,1.269692325754764308e-03,-2.625239482412868356e-04,8.328418602618514743e-01,9.149412528566447378e-02,1.450760702891645604e+00,1.043342513810281424e-01,2.347027970571478050e+00,1.476123939729830602e-03,1.308099757144179452e-03,1.190710337542629063e-04,1.261435684974516764e-03,8.335143982677408747e-01,1.141311019978874563e-03,7.960244724547696363e-04,1.934576627009971204e-03,6.562726484381983805e-04,7.188637489055840213e-01,7.417562177517040833e-01
2.413749999999919622e-08,-2.858189588099153688e-01,1.028027568671112668e-01,8.340717291599464289e-03,1.410949581148556176e+00,9.641105859545806567e-02,2.381285909118959321e+00,1.349323535891885917e-03,7.487949875215152993e-04,5.350398108701852990e-04,9.588396015897018409e-04,8.304091156750028624e-01,-1.097679296246978353e-02,1.410834298350216676e+00,1.563595150943402068e-01,2.322104124663092684e+00,1.371025703153610099e-03,5.304577849493050112e-04,7.524081518744632924e-04,4.369936236574591668e-04,8.309609612802716372e-01,-7.744455378590298089e-02,1.449515168428136658e+00,-2.007810213748260075e-01,2.353840266871731757e+00,1.434574059366853322e-03,1.728532779336471189e-04,1.200874837465362678e-03,-2.835279328732026745e-04,8.324251610399326928e-01,7.750840669296543695e-02,1.450070467857137446e+00,1.045543575479372933e-01,2.349134642375572124e+00,1.459645795452427100e-03,1.240106199712458527e-03,1.685364687066665782e-04,1.229863172065293747e-03,8.330795999164527510e-01,1.235985716471002744e-03,7.096402507343882102e-04,1.938375695389101113e-03,6.574171957153988411e-04,7.205336348008843927e-01,7.400690763279627049e-01
2.414249999999919528e-08,-3.209090763918041045e-01,1.018786754451843635e-01,-2.333623344276847256e-02,1.409671752963557623e+00,7.327242078122209179e-02,2.382084364798264353e+00,1.372199291898751209e-03,5.611645338353814542e-04,8.179131801775289031e-04,7.442204316347705417e-04,8.310147467338586669e-01,2.063715670975851957e-02,1.409487763961151163e+00,1.523924675482275504e-01,2.325175022258622715e+00,1.394641998253953741e-03,8.001099214480518864e-04,5.563060562017548482e-04,6.070582229388757486e-04,8.315913837775776862e-01,-6.236278000215356165e-02,1.448697588796413971e+00,-1.996553422150570967e-01,2.356379231239850824e+00,1.422318772963640683e-03,2.431165480302352954e-04,1.120795077252147338e-03,-3.173113282078204303e-04,8.320936434824174333e-01,6.242307036959049427e-02,1.449305667733207903e+00,1.023081202413078650e-01,2.351245668995723292e+00,1.446654326909967321e-03,1.160711844546191479e-03,2.389678549435529415e-04,1.174299126990060570e-03,8.327339330573862997e-01,1.316904212730639779e-03,6.341022684963602309e-04,1.940849227378735548e-03,6.581515955368215116e-04,7.223377440091476309e-01,7.382647864828077999e-01
2.414749999999919433e-08,-3.457460978447389754e-01,9.839773821382413743e-02,-5.397624944118506463e-02,1.410152141428461681e+00,3.975459862510843934e-02,2.380558237016217049e+00,1.405684327703022631e-03,3.782409088413945684e-04,1.092821912129365424e-03,4.787390277348697919e-04,8.319006715616635850e-01,5.133423013060856022e-02,1.409909216843041824e+00,1.473335474975119297e-01,2.327402728122808462e+00,1.429607917785170185e-03,1.068904200624177072e-03,3.711357210342359288e-04,8.370802210855431309e-04,8.325171360171708113e-01,-4.668203682334115534e-02,1.447869564982849688e+00,-1.970501993328808155e-01,2.358996454534505904e+00,1.414212630109653451e-03,3.337616025338245021e-04,1.028822318156892525e-03,-3.682652811492490626e-04,8.318720007943481987e-01,4.674296713871806119e-02,1.448516881485923724e+00,9.689234536107615980e-02,2.353213684562456720e+00,1.438081214544217586e-03,1.068806354652232331e-03,3.309642168350140261e-04,1.091667791345224316e-03,8.325036591870280667e-01,1.384368816622792578e-03,5.687884820523715201e-04,1.941803760700908273e-03,6.584221664841529396e-04,7.242297041994461004e-01,7.363958089321740452e-01
2.415249999999919338e-08,-3.584521259412567495e-01,9.173509048334693716e-02,-8.314455367336504032e-02,1.412250953663112707e+00,-2.129448641964515332e-03,2.376692037406327174e+00,1.444961123767562420e-03,2.283573250107059254e-04,1.330769116819702875e-03,1.928858892149683214e-04,8.329253029330793145e-01,8.068366789117797921e-02,1.411989378546951501e+00,1.421132017397099823e-01,2.328070094973591075e+00,1.471087955409682620e-03,1.306912925719832521e-03,2.221992644498552616e-04,1.079694053066367673e-03,8.335937496770973176e-01,-3.078551473660096072e-02,1.447070099123813236e+00,-1.928935528108408626e-01,2.361591037156309802e+00,1.410322040757663615e-03,4.416113935311739673e-04,9.263557785243386545e-04,-4.396060957648332298e-04,8.317634666727325987e-01,3.084870637218029010e-02,1.447742660707707074e+00,8.757547304071611194e-02,2.354856919964475104e+00,1.433999011416683825e-03,9.653356200066578845e-04,4.413289175544283247e-04,9.792630067254385305e-04,8.323920680552822082e-01,1.439763604486183702e-03,5.125182452682657680e-04,1.941264842372099429e-03,6.582343323530424938e-04,7.261692255885858760e-01,7.345071165519505563e-01
2.415749999999919243e-08,-3.487940935743164550e-01,8.129097879749203059e-02,-1.093852081370874085e-01,1.415602222670390820e+00,-4.770343370687912810e-02,2.371008633313697267e+00,1.484399892329706181e-03,1.269723621929020165e-04,1.504529343087657352e-03,-6.657063635118879211e-05,8.339262194836069009e-01,1.072484942488856063e-01,1.415365892334687903e+00,1.372373831868700655e-01,2.326557319158626846e+00,1.512922873901567525e-03,1.486443475851565452e-03,1.225489446568073064e-04,1.284084648400430793e-03,8.346504310626882139e-01,-1.493504337472595367e-02,1.446330117121127135e+00,-1.871047414206956638e-01,2.364054633737151967e+00,1.410168805887027955e-03,5.613931112890108675e-04,8.167586956670662727e-04,-5.311966610578120612e-04,8.317562556791084916e-01,1.499890399359382620e-02,1.447013162028253142e+00,7.374550071499808013e-02,2.355995784544858918e+00,1.433875899279841168e-03,8.535290155170822003e-04,5.644066643908615981e-04,8.353147701771191074e-04,8.323863094674530672e-01,1.484709129965288386e-03,4.639611670444759471e-04,1.939385454790917883e-03,6.576398284189172421e-04,7.281223221329859996e-01,7.326350257485041428e-01
2.416249999999919149e-08,-3.042648239645848740e-01,6.661923991325169325e-02,-1.298123066932255210e-01,1.419531690392811019e+00,-9.146527479106447700e-02,2.364501347421558819e+00,1.514512733775290939e-03,7.144667240365374576e-05,1.591136274280287007e-03,-2.488142575650705967e-04,8.346604262935030105e-01,1.281898084984254282e-01,1.419364885669461618e+00,1.333617444986043843e-01,2.323011497324643848e+00,1.545285294708061965e-03,1.586132913591315093e-03,6.819028872078622080e-05,1.422881740752532853e-03,8.354364756399788039e-01,6.786052136711351324e-04,1.445679831242967506e+00,-1.794977169060074651e-01,2.366259081159920896e+00,1.413166406349075253e-03,6.871949297989587676e-04,7.046286518989494305e-04,-6.381223764281717011e-04,8.318352212555563119e-01,-6.170867083448161594e-04,1.446359803109938724e+00,5.508419692901700415e-02,2.356504575922437450e+00,1.437069989731798924e-03,7.381684666981323806e-04,6.938506155403487054e-04,6.589338101026804683e-04,8.324701090964059524e-01,1.520605387969954951e-03,4.221079019027576258e-04,1.936443953323091190e-03,6.567351598870487840e-04,7.300607272548935711e-01,7.308078302989473585e-01
2.416749999999919054e-08,-2.237162796836200673e-01,4.754615964120700866e-02,-1.410058199876216278e-01,1.423190967124051021e+00,-1.289930357330315580e-01,2.358684586602431743e+00,1.524458913865572862e-03,4.659087246657976232e-05,1.586449573600287686e-03,-3.386471806833428791e-04,8.348693546464592830e-01,1.401115483788064608e-01,1.423115915474503002e+00,1.311059966862111459e-01,2.318818569946752284e+00,1.556745668856317124e-03,1.600889828490994430e-03,4.366245272934222494e-05,1.496544740795754860e-03,8.356801336316769246e-01,1.587398039448051357e-02,1.445153900523859392e+00,-1.696973728569495243e-01,2.368040951856668741e+00,1.418827713230487800e-03,8.131694388685434824e-04,5.950313629940108149e-04,-7.512221099094685281e-04,8.319872050992441759e-01,-1.581685418266487453e-02,1.445821008688459308e+00,3.167381531505775172e-02,2.356344116063342931e+00,1.443061955658517205e-03,6.246471678155801014e-04,8.234452904294194608e-04,4.499213273897022529e-04,8.326295734669206805e-01,1.548868936707759872e-03,3.864495939392776692e-04,1.932913137567743951e-03,6.556645992210786023e-04,7.319610732055963354e-01,7.290468368291973533e-01
2.417249999999918959e-08,-1.209927253120024471e-01,2.425005069318908468e-02,-1.407040478708379005e-01,1.425806025363844265e+00,-1.581534627628826684e-01,2.355003602848624311e+00,1.508149041151975135e-03,3.922166927319785916e-05,1.508460465082685567e-03,-3.640122110535933680e-04,8.344124659110518927e-01,1.406826384155501763e-01,1.425815708136828119e+00,1.301818500343974172e-01,2.315756897572516237e+00,1.540557913262830935e-03,1.544200284168429152e-03,3.582636796803433744e-05,1.517675138786549541e-03,8.352282568849166422e-01,3.044347876197717184e-02,1.444792197652175370e+00,-1.572197870912455109e-01,2.369193444944510674e+00,1.426700962406904100e-03,9.337845661428986234e-04,4.928329049189337455e-04,-8.591327300792953861e-04,8.321992413579418768e-01,-3.038983956230079109e-02,1.445441833161229983e+00,4.032849869942456422e-03,2.355547081496918160e+00,1.451377549734297369e-03,5.181994255103272804e-04,9.473327357187465072e-04,2.112963711295286705e-04,8.328511824927614660e-01,1.571374747093740119e-03,3.567859269084567610e-04,1.929519938626662705e-03,6.546314266192839815e-04,7.338043486708993868e-01,7.273662076656373099e-01
2.417749999999918864e-08,-1.495605688099721498e-02,-2.621954703450057877e-03,-1.288438397241931099e-01,1.426900745664383852e+00,-1.786689419622762287e-01,2.354162619523026745e+00,1.467872506861424417e-03,4.540556560480266156e-05,1.384594659601929992e-03,-3.592926389936593515e-04,8.333396361936519225e-01,1.296826273478410840e-01,1.426969268713226491e+00,1.294976847680806564e-01,2.314801341089008702e+00,1.498753207961276692e-03,1.438997930018782057e-03,4.036862110010702509e-05,1.495085069285067214e-03,8.341266139591724249e-01,4.416326483980959061e-02,1.444636802351764171e+00,-1.419434675968993531e-01,2.369483123842037742e+00,1.436238347400617659e-03,1.044218559481875294e-03,4.019676807055976107e-04,-9.508516468299250783e-04,8.324554299149850012e-01,-4.410724461045778533e-02,1.445269309505641253e+00,-2.678012723892164715e-02,2.354160573028200254e+00,1.461439055122014082e-03,4.231487784768432452e-04,1.060410707413696326e-03,-4.186418574020096123e-05,8.331183763058052083e-01,1.590254902123044165e-03,3.329255162659681012e-04,1.927092071877276524e-03,6.538652193231937228e-04,7.355755045135359271e-01,7.257716605840356383e-01
2.418249999999918769e-08,8.114213452634966295e-02,-3.169740453494584997e-02,-1.073434917400073463e-01,1.426408609672377814e+00,-1.911478306696916540e-01,2.356108052059898483e+00,1.412826610427295355e-03,7.157169087002443399e-05,1.238329403875432482e-03,-3.475186041944989591e-04,8.318630836864826517e-01,1.088965874382457066e-01,1.426501201268096652e+00,1.278034065667053021e-01,2.316006048749869706e+00,1.440861934223056215e-03,1.306879623576651193e-03,6.279757964128545190e-05,1.433195265303529101e-03,8.325939464466953766e-01,5.685385333572878785e-02,1.444724452375531154e+00,-1.249303395815930529e-01,2.368732625910271672e+00,1.446773595826400744e-03,1.141116735860357419e-03,3.246369671434914321e-04,-1.018359482904169925e-03,8.327369720630182215e-01,-5.678289571274808267e-02,1.445342401819051270e+00,-5.890019110784372458e-02,2.352187992898712388e+00,1.472532979574026849e-03,3.420679303619723476e-04,1.159155707048541498e-03,-2.720787737285298470e-04,8.334114170366044849e-01,1.607035292297786383e-03,3.145578815719270887e-04,1.926203518911413217e-03,6.535330168282633707e-04,7.372625795408493943e-01,7.242603739153219422e-01
2.418749999999918675e-08,1.622972295033604517e-01,-6.067923309851463998e-02,-7.918764567090486040e-02,1.424688741931583680e+00,-1.966007794330044689e-01,2.360269536850234662e+00,1.355623963223843162e-03,1.371405040088673340e-04,1.081023316410355999e-03,-3.446625463735176922e-04,8.302933806643404413e-01,8.127360525046123385e-02,1.424767223698945484e+00,1.239416869633562790e-01,2.318875325976231139e+00,1.380189844127483389e-03,1.159491359414803382e-03,1.220908603130844083e-04,1.335743677670873540e-03,8.309547487415330780e-01,6.848242545554850125e-02,1.445065944385136802e+00,-1.086447422021765696e-01,2.367029287517439684e+00,1.457602170092151418e-03,1.223409399198345559e-03,2.607189409572021905e-04,-1.059140039037799550e-03,8.330245802963658353e-01,-6.837940984806367695e-02,1.445668246316707206e+00,-8.958270678390922725e-02,2.349623820475656544e+00,1.483894071307780569e-03,2.750784307903210565e-04,1.242563321646255768e-03,-4.305325169645905108e-04,8.337099026707811555e-01,1.621952446627763274e-03,3.013696867294097278e-04,1.926904773565978318e-03,6.536605572310353208e-04,7.388549561015740341e-01,7.228245670116124622e-01
2.419249999999918580e-08,2.282287263341582495e-01,-8.677935018430771308e-02,-4.752898312491393717e-02,1.422421108156960656e+00,-1.961903285733281876e-01,2.365803227946578602e+00,1.308924855338104752e-03,2.685050173933486344e-04,9.104578464216302007e-04,-3.674796405590930555e-04,8.289754134085823845e-01,5.001334262347922888e-02,1.422462708686154764e+00,1.165919239318413680e-01,2.322605274434098810e+00,1.330447516658104113e-03,9.939251899604474322e-04,2.494956180533191583e-04,1.202754942023559308e-03,8.295758231132510652e-01,7.922243517381843958e-02,1.445616658705524582e+00,-9.559731269368754170e-02,2.364895444862391560e+00,1.468055700312108228e-03,1.292299216114221796e-03,2.081371672750566022e-04,-1.077549125634479727e-03,8.333003263924672055e-01,-7.907475943970188048e-02,1.446193550237842018e+00,-1.159771910374969295e-01,2.346608899593621178e+00,1.494812045595347470e-03,2.200969460062336908e-04,1.312199616915561608e-03,-4.962566096855786481e-04,8.339951892401571421e-01,1.633888941379730685e-03,2.932761353525479924e-04,1.928715455486409340e-03,6.541188631744504012e-04,7.403413243206431460e-01,7.214585059695257652e-01
2.419749999999918485e-08,2.798000170725369884e-01,-1.078523204005321645e-01,-1.494121871352116493e-02,1.420390103645146951e+00,-1.910896714653396167e-01,2.371849801896106946e+00,1.281360499961023370e-03,4.691959856821085214e-04,7.228237978129875910e-04,-4.357826387914982770e-04,8.281789857255605902e-01,1.771963655211350464e-02,1.420411014547096507e+00,1.038381524061096073e-01,2.326200559008203772e+00,1.301483106739758722e-03,8.020214054490566909e-04,4.582113761035302448e-04,1.027884614101647097e-03,8.287510991822426565e-01,8.932654427126673902e-02,1.446287202489776824e+00,-8.684414614429858403e-02,2.362990202797833117e+00,1.477604774810304875e-03,1.349758570039702888e-03,1.645896761432553230e-04,-1.083473241448938262e-03,8.335506775770777921e-01,-8.913508547323978348e-02,1.446823629090046248e+00,-1.364149406187151747e-01,2.343475141916441906e+00,1.504769286292992119e-03,1.746034814187836983e-04,1.370470414154265288e-03,-4.904200119337358841e-04,8.342539227343033215e-01,1.640637079093227322e-03,2.906704003620592947e-04,1.930836437332225999e-03,6.546803679252764406e-04,7.417086495842273308e-01,7.201651336431795780e-01
2.420249999999918390e-08,3.183570128901952456e-01,-1.232429899290736763e-01,1.709644758756612148e-02,1.419203812990929459e+00,-1.825904642069273720e-01,2.377682744039559815e+00,1.274467301065519134e-03,7.076200389829432344e-04,5.289075215041660330e-04,-5.643884676833775711e-04,8.279774374954632643e-01,-1.419056192517031967e-02,1.419241806623081192e+00,8.343446099921836279e-02,2.328598824808961965e+00,1.295002450263599584e-03,5.916747924452111628e-04,7.153123030256918445e-04,8.066266214882846213e-04,8.285568144755189879e-01,9.890012502516265513e-02,1.446994598246913455e+00,-8.208968733143828800e-02,2.361649037752457048e+00,1.485986161758228244e-03,1.396823775892326461e-03,1.288615183264526663e-04,-1.088066672466468958e-03,8.337701013280903739e-01,-9.867863830834378014e-02,1.447478049221099905e+00,-1.509189388890677108e-01,2.340569831369645026e+00,1.513531045748634949e-03,1.371807519953381085e-04,1.418520499985627707e-03,-4.484237701914494485e-04,8.344808882297787278e-01,1.639117786100339818e-03,2.947159720757533603e-04,1.932414152645149479e-03,6.550978809745845082e-04,7.429421338945330078e-01,7.189585375168430215e-01
2.420749999999918296e-08,3.459704905157749977e-01,-1.336379185759071220e-01,4.804092141390592374e-02,1.419198860139791796e+00,-1.722327628960789170e-01,2.382615800219372915e+00,1.284850434958829295e-03,9.478164780983823695e-04,3.515967417472786426e-04,-7.475624531216839555e-04,8.282777184046463681e-01,-4.520815710336067994e-02,1.419266609824293868e+00,5.437754240554504293e-02,2.329008653561506659e+00,1.306738541338078527e-03,3.908062043273765771e-04,9.743921814522231786e-04,5.510776031089194369e-04,8.288839864883503772e-01,1.078234772430175514e-01,1.447686403755343854e+00,-8.054669717602536139e-02,2.360870871277020111e+00,1.493144572653300065e-03,1.433507917540596333e-03,1.004609881074412027e-04,-1.099796651428622089e-03,8.339586903517557381e-01,-1.075906794628298524e-01,1.448108647690079298e+00,-1.606706223471081607e-01,2.338101519348546375e+00,1.521024301657790271e-03,1.072958565471601261e-04,1.456121468697350136e-03,-3.965707164014795950e-04,8.346756524198144511e-01,1.625503082691657055e-03,3.076129950560339030e-04,1.932656445010105632e-03,6.551323557488616858e-04,7.440243051857584611e-01,7.178632287138164703e-01
2.421249999999918201e-08,3.629113358862153804e-01,-1.403686884256103440e-01,7.757441431220146733e-02,1.420510743757120053e+00,-1.615505739569313981e-01,2.385847746803335667e+00,1.308155654514956421e-03,1.163753459056105204e-03,2.111614863170228049e-04,-9.535824640452417048e-04,8.289450377810827497e-01,-7.497818348565177260e-02,1.420613769430066009e+00,1.848942459040836539e-02,2.327259815182991964e+00,1.331976104294697351e-03,2.288192677389704586e-04,1.202298624792892635e-03,2.923897607704316727e-04,8.295911251962312383e-01,1.158151668626139497e-01,1.448332434599583385e+00,-8.144327673575446624e-02,2.360523144950328778e+00,1.499055180949809395e-03,1.459695853719799501e-03,7.885753599933845398e-05,-1.122714594859533293e-03,8.341169818172334827e-01,-1.155886197817470595e-01,1.448686548977540678e+00,-1.672232264359103660e-01,2.336131852689321775e+00,1.527176275982814390e-03,8.447070832897449080e-05,1.482901628478625273e-03,-3.485301358448778257e-04,8.348377787006712181e-01,1.595604953895482384e-03,3.325847417081804688e-04,1.930902252158782969e-03,6.545656985192583504e-04,7.449324190683941360e-01,7.169133894372772264e-01
2.421749999999918106e-08,3.622623934733959494e-01,-1.448137308133201628e-01,1.047470981864149220e-01,1.422954578266718340e+00,-1.516461967646076658e-01,2.386667742722707430e+00,1.339633311629644195e-03,1.333703952201104308e-03,1.166203862932347094e-04,-1.140859798586712310e-03,8.298370269457320259e-01,-1.025313895269548414e-01,1.423104322873968375e+00,-2.003929808728077688e-02,2.323756836755266342e+00,1.365701608771534032e-03,1.210041248334638468e-04,1.373277406366148418e-03,6.617253173018443563e-05,8.305281208964633288e-01,1.224982092542452605e-01,1.448914314043868057e+00,-8.415122845546729735e-02,2.360465519187279426e+00,1.503674609806846061e-03,1.475606467536202861e-03,6.324905472757880935e-05,-1.156746562266610170e-03,8.342449145276369382e-01,-1.222934382039033707e-01,1.449192211516709072e+00,-1.719725889761369864e-01,2.334636695598820921e+00,1.531906383649956835e-03,6.794445806510667743e-05,1.498978200062451183e-03,-3.094242024337738291e-04,8.349664568024752764e-01,1.545900309512754627e-03,3.733596821676346371e-04,1.926884347339641876e-03,6.532863256884559062e-04,7.456359712288314068e-01,7.161520185422647344e-01
2.422249999999918011e-08,3.311940428013744331e-01,-1.480848761664876889e-01,1.273428076645113372e-01,1.425859923962302656e+00,-1.431885934482988176e-01,2.385056299943768998e+00,1.372701634537481412e-03,1.438991430515999511e-03,6.342288694972548764e-05,-1.279903720708845455e-03,8.307702547917781288e-01,-1.256713602584000888e-01,1.426047582630929123e+00,-5.663828772289480895e-02,2.319305791662691796e+00,1.400397928892177209e-03,6.279859105375902714e-05,1.469893561779286829e-03,-1.025559918357157814e-04,8.314917870545990297e-01,1.274391004971966446e-01,1.449416413360387290e+00,-8.815949874452400081e-02,2.360598683595248382e+00,1.506969604875353511e-03,1.481760545599620105e-03,5.272240060261067571e-05,-1.199016759456366949e-03,8.343424114201278829e-01,-1.272702653089894387e-01,1.449608006177407926e+00,-1.759342971541393297e-01,2.333564528851972852e+00,1.535163519163653669e-03,5.680908624380542307e-05,1.504872838442700015e-03,-2.799944042802024577e-04,8.350612454902839321e-01,1.474889650632281619e-03,4.331079286452164012e-04,1.921025517889344506e-03,6.513922810537740990e-04,7.460969318343169121e-01,7.156275875689981358e-01
2.422749999999917916e-08,2.631771815288823646e-01,-1.509313346835878811e-01,1.421442965570853811e-01,1.428240295228185186e+00,-1.365679323625954567e-01,2.382026577104445764e+00,1.399197927579947992e-03,1.470425249806095762e-03,3.813797707997153508e-05,-1.362454209910488869e-03,8.315295102674680194e-01,-1.411897456120414507e-01,1.428426137461039414e+00,-8.804470237291761592e-02,2.315001441001653504e+00,1.427059726094492527e-03,3.671664645173514514e-05,1.490357958376889664e-03,-2.074574249856141401e-04,8.322502488846678093e-01,1.301881249191132461e-01,1.449818285136485363e+00,-9.302314480254825213e-02,2.360870582127292838e+00,1.508900057229992965e-03,1.478836385550926337e-03,4.650676330290049181e-05,-1.245121085070741542e-03,8.344085291549470096e-01,-1.300680056581924315e-01,1.449912457832928769e+00,-1.797102751888708383e-01,2.332870156318284316e+00,1.536907941572218097e-03,5.028297676627311322e-05,1.501312995823023740e-03,-2.592094065792643876e-04,8.351212445289558639e-01,1.384034219258658887e-03,5.130640778559559818e-04,1.914437645843114835e-03,6.492044461779042071e-04,7.462743077608990916e-01,7.153872181583245116e-01
2.423249999999917822e-08,1.669449862613987534e-01,-1.537594144309917255e-01,1.463056299332130550e-01,1.429212546633246372e+00,-1.317121868167352439e-01,2.379076066749424179e+00,1.412232703097659765e-03,1.434878087727300576e-03,2.842808398102520431e-05,-1.394953082005812072e-03,8.319350762666946064e-01,-1.461761299651087587e-01,1.429349683618080569e+00,-1.128760044819356878e-01,2.311883717487437817e+00,1.438815907245866079e-03,2.735851550284916619e-05,1.449270113991615741e-03,-2.603593153686597811e-04,8.326245104190981294e-01,1.303409040691911880e-01,1.450092001831179367e+00,-9.832259445405044929e-02,2.361269486919519878e+00,1.509387962885776376e-03,1.467585183058277721e-03,4.418386039885828693e-05,-1.290055576913646650e-03,8.344404687973514534e-01,-1.302801098435322213e-01,1.450078957331513596e+00,-1.835461081036915409e-01,2.332528190391314205e+00,1.537079632526413197e-03,4.794826236605244970e-05,1.489115391472338543e-03,-2.456027822894522763e-04,8.351441011130017467e-01,1.277773749570555424e-03,6.114818181630123648e-04,1.908553813937139809e-03,6.471654426974025008e-04,7.461325790752031395e-01,7.154678344109008936e-01
2.423749999999917727e-08,6.080480226727957849e-02,-1.567003750770052939e-01,1.387948255217517080e-01,1.428299494337940567e+00,-1.280267702950412811e-01,2.377315386911368567e+00,1.409047161922512585e-03,1.352444640159741144e-03,2.861374653287739820e-05,-1.387538319583548436e-03,8.319091455849354499e-01,-1.394784051467714558e-01,1.428366396885174971e+00,-1.312147051327667846e-01,2.310537514930459224e+00,1.433585678761559352e-03,2.815161934543487787e-05,1.368855991586388071e-03,-2.805413895231638152e-04,8.325500339611440204e-01,1.276136483076302230e-01,1.450206252190405110e+00,-1.036451932197852699e-01,2.361808467352149776e+00,1.508344004227720608e-03,1.448783405473270773e-03,4.587401590648142874e-05,-1.328947114726995076e-03,8.344343947106372950e-01,-1.276197090075101848e-01,1.450080281458138831e+00,-1.874207858119296688e-01,2.332530989130070509e+00,1.535623596861201371e-03,4.995717116776754414e-05,1.469102789381984816e-03,-2.378747844301007700e-04,8.351267971563950399e-01,1.162546499551992850e-03,7.236352686162941718e-04,1.904588619704953396e-03,6.456746140847149885e-04,7.456511172761344231e-01,7.158881921915634106e-01
2.424249999999917632e-08,-3.926956348914645289e-02,-1.596922894498820078e-01,1.207617952126538441e-01,1.425532231663448890e+00,-1.246654566503813122e-01,2.377156769637675637e+00,1.392061354077413866e-03,1.246266336605166480e-03,4.065249153395966258e-05,-1.348924217995906743e-03,8.315055991062301199e-01,-1.221350718483671383e-01,1.425530681669383348e+00,-1.438438773887700250e-01,2.311011432977103652e+00,1.414470223589506638e-03,4.135313762917888205e-05,1.269013743790753639e-03,-2.851884893603206790e-04,8.320942252737830724e-01,1.219087806997949386e-01,1.450135261500593575e+00,-1.085815551924280697e-01,2.362507787562690531e+00,1.505760405398965784e-03,1.423104469032469670e-03,5.245684729436805659e-05,-1.357609436430511378e-03,8.343881124166889762e-01,-1.219855672711949168e-01,1.449896741456950355e+00,-1.911437469658814337e-01,2.332878107510583554e+00,1.532580170707493247e-03,5.726532820261179751e-05,1.441926479685205244e-03,-2.351980979442656471e-04,8.350682566109873806e-01,1.045232156662892400e-03,8.429237554824162973e-04,1.903120761980525016e-03,6.449472562159159865e-04,7.448307194512864271e-01,7.166447153650667978e-01
2.424749999999917537e-08,-1.255154184363309611e-01,-1.625612422964164416e-01,9.483106484957604110e-02,1.421430705064824718e+00,-1.207279979314264118e-01,2.378453419959678072e+00,1.368228204396120884e-03,1.132085106490433131e-03,7.741503479380071068e-05,-1.285384178054498972e-03,8.309007300107298377e-01,-9.672751039796367856e-02,1.421375850199760649e+00,-1.516949957995157305e-01,2.312983391277360745e+00,1.389059782266454952e-03,8.081820912532148183e-05,1.159849118151670862e-03,-2.882046039423132814e-04,8.314468762163864657e-01,1.133478027538494803e-01,1.449869256052894961e+00,-1.127271168840477955e-01,2.363377925945690183e+00,1.501832072489531125e-03,1.390821877070684510e-03,6.587654621998389342e-05,-1.372838097751203105e-03,8.343045574473919590e-01,-1.134953385902124356e-01,1.449525023360930920e+00,-1.944439370037081005e-01,2.333564209472327011e+00,1.528202312704631492e-03,7.192806294275734958e-05,1.407727798833009183e-03,-2.374553847684766786e-04,8.349727515028440017e-01,9.317795965578692767e-04,9.624051146618218654e-04,1.903993362106680886e-03,6.449680137244638350e-04,7.436948967416190381e-01,7.177124464164050810e-01
2.425249999999917442e-08,-1.966096433938970822e-01,-1.650929120747623990e-01,6.415870961143910201e-02,1.416864031084702713e+00,-1.151126509168212131e-01,2.380678473959877195e+00,1.347545960745796844e-03,1.010714264358269663e-03,1.693539732775289539e-04,-1.197901691311271380e-03,8.303603083672463914e-01,-6.642994347041319969e-02,1.416784763896932198e+00,-1.555694168044761128e-01,2.315945353730517464e+00,1.367980036289694968e-03,1.765238644753886973e-04,1.036204532248259993e-03,-3.050291181492591577e-04,8.308884113745068634e-01,1.022618460104154359e-01,1.449422855218212680e+00,-1.156709839083327473e-01,2.364406541605444723e+00,1.497054286873777170e-03,1.351371701329135908e-03,8.946546283220849704e-05,-1.372232315795213903e-03,8.341946348436642955e-01,-1.024762199163742338e-01,1.448984870590627638e+00,-1.970397078433094862e-01,2.334569973306050095e+00,1.523046796129996034e-03,9.735808642894139492e-05,1.365714958986069668e-03,-2.455462287045497342e-04,8.348526256997027550e-01,8.264791335335780476e-04,1.076014815569090481e-03,1.906491053179885367e-03,6.455372467405017921e-04,7.422861960905879908e-01,7.190500360428320192e-01
2.425749999999917348e-08,-2.533897741720469998e-01,-1.670876846431292861e-01,3.167111598603300493e-02,1.412860790760498642e+00,-1.060129807672680613e-01,2.383020517847323383e+00,1.340401257457204389e-03,8.685522514656236889e-04,3.511941657030264808e-04,-1.077894133117247941e-03,8.301693599126852563e-01,-3.419085072518734947e-02,1.412776829883912511e+00,-1.560443353899718666e-01,2.319349251000785372e+00,1.361502172169861379e-03,3.559331444493652927e-04,8.827890559880201358e-04,-3.577951764285220728e-04,8.307061432923219524e-01,8.914399503969816507e-02,1.448837757622598144e+00,-1.169604139822113531e-01,2.365548848223677503e+00,1.492244520942289949e-03,1.302989430839325644e-03,1.279312655282830282e-04,-1.353569782369949855e-03,8.340781525748942604e-01,-8.941707974978574391e-02,1.448320666441257121e+00,-1.986819247619795448e-01,2.335857965296538108e+00,1.517982849117261931e-03,1.381510999845803609e-04,1.313926542845933985e-03,-2.617280990696926879e-04,8.347290020103809161e-01,7.318320387100849108e-04,1.179197323821823840e-03,1.909631333069607443e-03,6.463627219506417818e-04,7.406596270564602680e-01,7.206064642542557852e-01
2.426249999999917253e-08,-2.969508238577980297e-01,-1.683956947622760048e-01,-6.923398378244627338e-04,1.410289142579830290e+00,-9.059435908981061658e-02,2.384443069721850605e+00,1.351820518343578017e-03,6.957225079195170645e-04,6.119423966223986374e-04,-9.097927827158890438e-04,8.304701189366987535e-01,-1.959044880036842073e-03,1.410168562870277587e+00,-1.536813018355611682e-01,2.322695724028888797e+00,1.373653452257052408e-03,6.038525136996980049e-04,6.968842809429218578e-04,-4.721661740213247403e-04,8.310264359980066295e-01,7.457103881214255381e-02,1.448176075389310480e+00,-1.160428328572993273e-01,2.366721200042293027e+00,1.488453773419207192e-03,1.242863645070093129e-03,1.863205041013049341e-04,-1.314038748297199606e-03,8.339821645814573525e-01,-7.489036401769610940e-02,1.447594742414552105e+00,-1.991740666889199041e-01,2.337373750900849423e+00,1.514083420769206639e-03,1.988823941267324957e-04,1.249633791028285186e-03,-2.898474179743662504e-04,8.346297151741611797e-01,6.487974821811001713e-04,1.269150181111449978e-03,1.912498486592448515e-03,6.471704488050676260e-04,7.388754838812965353e-01,7.223275332298435547e-01
2.426749999999917158e-08,-3.289719675630455864e-01,-1.689339805155629648e-01,-3.217331081204566345e-02,1.409500336149714705e+00,-6.594890675440590044e-02,2.383941243797548459e+00,1.378415167596721246e-03,5.062059461145811253e-04,8.970682607857101898e-04,-6.861048096924374359e-04,8.311754286152625015e-01,2.950213188145145438e-02,1.409310031352038362e+00,-1.493942337458937786e-01,2.325498578661396643e+00,1.401108358598859025e-03,8.771956499088529643e-04,5.003439765120417911e-04,-6.587427822339543982e-04,8.317599638035445553e-01,5.910492833862890372e-02,1.447503872065215802e+00,-1.122179161855672014e-01,2.367798109755384850e+00,1.486652664731657070e-03,1.168223488486531091e-03,2.677121812995423016e-04,-1.249957435084536649e-03,8.339326988177270250e-01,-5.945509490666456287e-02,1.446872370856570944e+00,-1.983829289251874961e-01,2.339050634082890490e+00,1.512305727970533059e-03,2.819475598409470953e-04,1.170613853686569387e-03,-3.350318663637623720e-04,8.345807805068408136e-01,5.771844029421206506e-04,1.344913054213658183e-03,1.914486449649677267e-03,6.477771994564290089e-04,7.369930336656480563e-01,7.241610187926508235e-01
2.427249999999917063e-08,-3.508577589521761908e-01,-1.686870079306874715e-01,-6.252832809013431081e-02,1.410446101113722595e+00,-3.139257333542788686e-02,2.381076389722801778e+00,1.414132014468815271e-03,3.301777532474252288e-04,1.164555720212234963e-03,-4.219577888802636704e-04,8.321191223617535604e-01,5.995833563417529710e-02,1.410209139907914189e+00,-1.443272365301409010e-01,2.327179006244859405e+00,1.438555765926283984e-03,1.140562613534893376e-03,3.231167333444430337e-04,-8.925064474019863857e-04,8.327478626856065214e-01,4.320398157452554067e-02,1.446873155419597268e+00,-1.046578566418250311e-01,2.368619571269772628e+00,1.487264285360199957e-03,1.078030951692173639e-03,3.711262775889146337e-04,-1.157362078416046981e-03,8.339419713687334923e-01,-4.356999072500733483e-02,1.446206078610771772e+00,-1.962451841215999693e-01,2.340814216987902263e+00,1.513052929516284662e-03,3.860095383799583822e-04,1.076642706122541782e-03,-4.023365907938699260e-04,8.345939329951693741e-01,5.160092706441901092e-04,1.407167443352279335e-03,1.915300340765758481e-03,6.480782141266424809e-04,7.350657486546858799e-01,7.260600163201995638e-01
2.427749999999916969e-08,-3.585910205457062405e-01,-1.676806295595447693e-01,-9.115176035929484222e-02,1.412917802404515921e+00,1.040280796406278796e-02,2.376140872050991781e+00,1.454301410663925249e-03,1.931851258216154567e-04,1.387352890071539592e-03,-1.518001516055218953e-04,8.331613093228084077e-01,8.880242399951354670e-02,1.412672439146290371e+00,-1.392460178579821850e-01,2.327090202351174142e+00,1.481011388769343717e-03,1.364867656524459006e-03,1.874903993889957344e-04,-1.123194612065187481e-03,8.338436638093262854e-01,2.718827595329909030e-02,1.446315551763648344e+00,-9.254513629896310434e-02,2.369020042684049976e+00,1.490053089849417917e-03,9.740696264481458946e-04,4.917711647218228838e-04,-1.033127354447135491e-03,8.340055531393000265e-01,-2.755837044640374600e-02,1.445629536469831722e+00,-1.927478307258954082e-01,2.342583788168048464e+00,1.516085581317849675e-03,5.065117242021896071e-04,9.700663527063337630e-04,-4.942111593298975170e-04,8.346641926167938097e-01,4.638660382673844939e-04,1.457572147534125836e-03,1.914880665341608511e-03,6.480315556524362565e-04,7.331384977082420207e-01,7.279844935439858666e-01
2.428249999999916874e-08,-3.400715626638758371e-01,-1.659137190030692821e-01,-1.162106127914577236e-01,1.416440723472981000e+00,5.462274698458768896e-02,2.369861192678948569e+00,1.492302667297601545e-03,1.058124425680236064e-04,1.538355079005833490e-03,8.157076937588157370e-05,8.341176330151552909e-01,1.142307006615488341e-01,1.416228639274148104e+00,-1.344535229252388220e-01,2.324844449203304464e+00,1.521389445691240586e-03,1.523523305011579513e-03,1.018353744520811890e-04,-1.306728266998328667e-03,8.348554402777240702e-01,1.127364291681209885e-02,1.445850106924398304e+00,-7.529666972128667979e-02,2.368878379417515667e+00,1.494523781018240738e-03,8.606299698202746684e-04,6.231264434377342286e-04,-8.754531069382054647e-04,8.341123767123558297e-01,-1.163933390144866742e-02,1.445162175980161390e+00,-1.878500670057001720e-01,2.344268652649818208e+00,1.520898536300000197e-03,6.374042033058823810e-04,8.552234329410820807e-04,-6.080205569900443878e-04,8.347797901083925387e-01,4.194103902088431538e-04,1.497970810333945505e-03,1.913402454066454820e-03,6.476787547663240404e-04,7.312467828745683462e-01,7.299014020598373342e-01
2.428749999999916779e-08,-2.846979508070031084e-01,-1.632546720281031760e-01,-1.345020678066286557e-01,1.420277109186299347e+00,9.613806626988230519e-02,2.363367659198354787e+00,1.517802410278100075e-03,6.073553945834473522e-05,1.598456275875061346e-03,2.405803010175799526e-04,8.347297301116664014e-01,1.330899820284394686e-01,1.420136354643689147e+00,-1.303653358342384827e-01,2.320932353341235377e+00,1.548990691877312476e-03,1.598745277969781031e-03,5.770821880240376391e-05,-1.423813942215739576e-03,8.355158790332296581e-01,-4.359773048085546776e-03,1.445494219883979969e+00,-5.273990731530497911e-02,2.368158429445988311e+00,1.500296554816799412e-03,7.433747869560509850e-04,7.585141192463618716e-04,-6.829528669336651717e-04,8.342535484403281743e-01,4.005886861541796407e-03,1.444817846513039683e+00,-1.813545288770388453e-01,2.345756900762137942e+00,1.527081904990000485e-03,7.723758478277856828e-04,7.375143407043776743e-04,-7.356157226586406209e-04,8.349310285301729806e-01,3.817519525528213949e-04,1.530035417617431207e-03,1.911277902707622916e-03,6.471448919973185609e-04,7.294172741227185064e-01,7.317839428277297387e-01
2.429249999999916684e-08,-1.959595317832114603e-01,-1.593490427041808211e-01,-1.426882485867047023e-01,1.423610180502280942e+00,1.311210934415689700e-01,2.358118066263750201e+00,1.520720004674688298e-03,4.195480571283612885e-05,1.570108569504671901e-03,3.200684851922338961e-04,8.347603763100495122e-01,1.420461474315417583e-01,1.423555157796059900e+00,-1.274267719275830046e-01,2.316893000416523574e+00,1.553092887563561116e-03,1.590867569402914291e-03,3.905485741868423887e-05,-1.478512487288450878e-03,8.355739786611643405e-01,-1.951058619817014339e-02,1.445270840830396253e+00,-2.513045208284170329e-02,2.366905973904930960e+00,1.507121263683708920e-03,6.283284645956423858e-04,8.915183010410538452e-04,-4.536752668624508206e-04,8.344224455603326263e-01,1.917732483757772499e-02,1.444613298452702033e+00,-1.728024928981550801e-01,2.346895375511324211e+00,1.534355931465162214e-03,9.052694693642964483e-04,6.226541567336737202e-04,-8.653508054071399344e-04,8.351106997550050703e-01,3.504719264121327021e-04,1.555472266939398338e-03,1.909141257376411683e-03,6.466177827797591360e-04,7.276682136030536707e-01,7.336107263812556845e-01
2.429749999999916589e-08,-9.048630808396262992e-02,-1.536187083146827170e-01,-1.390286156319744393e-01,1.425764086519424989e+00,1.578929932262713720e-01,2.355274506216519015e+00,1.497200075381840923e-03,3.849288461722029289e-05,1.475835531067619995e-03,3.452857006594854802e-04,8.341202507057239313e-01,1.392599781611663090e-01,1.425784022818497476e+00,-1.254663218789544565e-01,2.314344436227377066e+00,1.529249242951845377e-03,1.517374456992085169e-03,3.488457605528609361e-05,-1.483912113082926911e-03,8.349294914747398266e-01,-3.393504503766653357e-02,1.445213258855507998e+00,6.888814572395762781e-03,2.365203508572279567e+00,1.514706667663385728e-03,5.211413293419290844e-04,1.016128302041835159e-03,-1.890197877490679221e-04,8.346107121380362814e-01,3.363418425384967492e-02,1.444575151754006637e+00,-1.615514428573967542e-01,2.347469935534026497e+00,1.542411517087341304e-03,1.030275997018356964e-03,5.160128258824394146e-04,-9.847170313905776080e-04,8.353101104622194795e-01,3.253339220968927891e-04,1.576268255834963267e-03,1.907774716273922437e-03,6.463199161999340792e-04,7.260086956045912476e-01,7.353652222737754318e-01
2.430249999999916495e-08,1.367998924595270616e-02,-1.454799154241768200e-01,-1.241095719977345357e-01,1.426378659029734930e+00,1.764129510771468290e-01,2.355238847944601588e+00,1.451789557874930050e-03,4.910791308299265420e-05,1.343541658431511099e-03,3.446699420793371510e-04,8.329108526672930335e-01,1.251596939622299232e-01,1.426446897362831923e+00,-1.236905670090515663e-01,2.314028555505437623e+00,1.481908339543695991e-03,1.402286725476723601e-03,4.341720562602654923e-05,-1.449703160472611647e-03,8.336828476408987276e-01,-4.736849333255821470e-02,1.445366164694163125e+00,4.209729730228506384e-02,2.363109683208867384e+00,1.522614000063249578e-03,4.263309467189208609e-04,1.127219660237914738e-03,9.227078361850638314e-05,8.348062560072424532e-01,4.711460501066810913e-02,1.444742722251496136e+00,-1.472764373792876391e-01,2.347212249291235509e+00,1.550797255953959442e-03,1.142401769130991021e-03,4.218574141084193048e-04,-1.082444511465879312e-03,8.355168759287180391e-01,3.059986443768484090e-04,1.594361766526535039e-03,1.907885299289155314e-03,6.464522311860493049e-04,7.244376419011946400e-01,7.370352244540818720e-01
2.430749999999916400e-08,1.057430578161311363e-01,-1.348756749730117832e-01,-1.003028007212569683e-01,1.425508292442290825e+00,1.874012222683694162e-01,2.357751877807483964e+00,1.395045754429694636e-03,8.358990490470855398e-05,1.194077370161666929e-03,3.386514776668156411e-04,8.313799961407845052e-01,1.020088360876818534e-01,1.425589856907389263e+00,-1.210705320392251316e-01,2.315833219644241936e+00,1.422084368534332934e-03,1.265380411883523359e-03,7.339244447366139931e-05,-1.381196368334848415e-03,8.320907044271326214e-01,-5.960169731187603404e-02,1.445774947710741998e+00,7.820577196864064717e-02,2.360624513163779525e+00,1.530294573732852428e-03,3.463662610773154439e-04,1.221495514386368095e-03,3.403340338381490504e-04,8.349948397045390269e-01,5.940895658556866188e-02,1.445160596510006723e+00,-1.308755292800265480e-01,2.345894497228825148e+00,1.558954956001628537e-03,1.238367811851426347e-03,3.424783227776948815e-04,-1.150659946965604512e-03,8.357164389199530641e-01,2.919798669604823987e-04,1.610902343911608386e-03,1.909808562408643129e-03,6.471164361294488420e-04,7.229450324091777347e-01,7.386118016490683669e-01
2.431249999999916305e-08,1.825127459537223551e-01,-1.228099073026660548e-01,-7.076113004864503786e-02,1.423610469354738672e+00,1.918815900823376275e-01,2.362133371455596098e+00,1.339966655699338519e-03,1.650274020064621807e-04,1.034483780714147080e-03,3.436419529738276159e-04,8.298562410555836433e-01,7.295187884215881269e-02,1.423669918655487088e+00,-1.164504842461200340e-01,2.319148187113355242e+00,1.363553383231584908e-03,1.114207803059688714e-03,1.482038943606471364e-04,-1.280768736416633673e-03,8.304976491824027640e-01,-7.061887367376229463e-02,1.446446264258500092e+00,1.118252166318853824e-01,2.357772613164499820e+00,1.537194495149071674e-03,2.808360387953692263e-04,1.298572882509618342e-03,4.971449717928355834e-04,8.351628779433546423e-01,7.049203928791669682e-02,1.445844369350414604e+00,-1.147472052296882872e-01,2.343593653342732175e+00,1.566327056828373341e-03,1.317612571839132159e-03,2.774450416054703413e-04,-1.187425000966765495e-03,8.358949216530521253e-01,2.828343442607074887e-04,1.625757920918160333e-03,1.913330215755661579e-03,6.482572208307336471e-04,7.215177312976794877e-01,7.400875216985982608e-01
2.431749999999916210e-08,2.442654576572003133e-01,-1.111228030498754293e-01,-3.856780993462938234e-02,1.421410588329998337e+00,1.909548147891375613e-01,2.367517610138449413e+00,1.298525645833549427e-03,3.172847627896452295e-04,8.599498276855941509e-04,3.781601427094133491e-04,8.286775031301402139e-01,4.112696531781434572e-02,1.421435203057308083e+00,-1.082590753000447492e-01,2.323085996204982795e+00,1.319448027247031212e-03,9.423483972400408535e-04,2.986261181864526730e-04,-1.144893412853975525e-03,8.292655681440936899e-01,-8.067109090163415708e-02,1.447305223804541185e+00,1.397639571580726603e-01,2.354755343761248731e+00,1.542868134628069083e-03,2.269431913007162471e-04,1.360939629794212470e-03,5.495671227101350679e-04,8.352998242237843485e-01,8.060125210714086386e-02,1.446732967840646644e+00,-1.014045911834831060e-01,2.340906146430262957e+00,1.572447312788220275e-03,1.382249755338980923e-03,2.240330123922832186e-04,-1.198178391147354570e-03,8.360412544265046764e-01,2.784375348741887539e-04,1.637493828394930408e-03,1.917731207093332710e-03,6.496645952730237912e-04,7.201489615455951565e-01,7.414544394174487074e-01
2.432249999999916115e-08,2.919666989525504519e-01,-1.014844304304172162e-01,-6.025111846605701871e-03,1.419656645787403804e+00,1.857343296044438041e-01,2.373082029271539106e+00,1.277427686999088943e-03,5.327625758520053954e-04,6.693705691109137464e-04,4.622494152748776080e-04,8.280650488786964747e-01,8.839818073618443961e-03,1.419673953470939942e+00,-9.425680715153905709e-02,2.326593487982952180e+00,1.297541627990040324e-03,7.439291438305471347e-04,5.251846561008465496e-04,-9.648407799836366096e-04,8.286365040898007184e-01,-9.008907782267394637e-02,1.448228555732925749e+00,1.605947949677846154e-01,2.351881699049592989e+00,1.547116840587098915e-03,1.818854304099052103e-04,1.411728186015640506e-03,5.306706288699505935e-04,8.354011638238427739e-01,9.006538063038882491e-02,1.447705416743222617e+00,-9.200185766505253326e-02,2.338608183055320477e+00,1.577060881332725253e-03,1.435107762107605675e-03,1.794299669535332951e-04,-1.194142197782569002e-03,8.361500743489078680e-01,2.792757504132634822e-04,1.643618125113266871e-03,1.922079565189273353e-03,6.510652081680869769e-04,7.188453938577221702e-01,7.427026876257605270e-01
2.432749999999916021e-08,3.271868730883821241e-01,-9.469238274408420253e-02,2.569984051313656259e-02,1.418860124639660825e+00,1.774899761722998903e-01,2.378129495729727427e+00,1.276277394937225425e-03,7.748469758024388934e-04,4.780947264475853345e-04,6.064272541669047398e-04,8.280308644519024375e-01,-2.281333180192346433e-02,1.418904126403127020e+00,-7.222962372275842924e-02,2.328637114165324817e+00,1.297191617816806451e-03,5.333486505457968145e-04,7.857817929866520818e-04,-7.385294604490462173e-04,8.286173605876975268e-01,-9.901037003832580119e-02,1.449114784681529766e+00,1.748142499198430677e-01,2.349376572915028660e+00,1.549943684487979124e-03,1.443895687358787345e-04,1.452382450206318948e-03,4.795423728172669778e-04,8.354671141436308401e-01,9.902593740627696484e-02,1.448652428885069288e+00,-8.643132870828917902e-02,2.337133493179648358e+00,1.580138279489172069e-03,1.477603793770976325e-03,1.423317226080090907e-04,-1.187882237406402827e-03,8.362213105812114078e-01,2.867541935097579265e-04,1.640851538665067440e-03,1.925575217453711621e-03,6.522368239219190206e-04,7.176274263925472852e-01,7.438196936953365146e-01
2.433249999999915926e-08,3.519723463925807927e-01,-9.078009914351659049e-02,5.621571040142714359e-02,1.419280777554833950e+00,1.676985536558817103e-01,2.381959604362354987e+00,1.291000156240945142e-03,1.010306072343157167e-03,3.096885098504578802e-04,7.970350832192093843e-04,8.284555951792188511e-01,-5.344973646058082117e-02,1.419356628831719203e+00,-4.180187145215796818e-02,2.328602873068271961e+00,1.313457022788609187e-03,3.411520824993712151e-04,1.037076460066741271e-03,-4.835563335689844490e-04,8.290732560051932154e-01,-1.073151595480490439e-01,1.449905212646632524e+00,1.839700927642220485e-01,2.347346867797965864e+00,1.551274740267814334e-03,1.141391651151685396e-04,1.482766657774211997e-03,4.216048537631440145e-04,8.354955249745323886e-01,1.073630044996620736e-01,1.449509939848836471e+00,-8.406645018163327876e-02,2.336511102595102862e+00,1.581623781986730894e-03,1.509700367182815290e-03,1.124196670488235078e-04,-1.189008199016648292e-03,8.362532168417675660e-01,3.034015956348344958e-04,1.625346981028745605e-03,1.927650824565987258e-03,6.530273247554052194e-04,7.165262320864718149e-01,7.447889078282314834e-01
2.433749999999915831e-08,3.650393638380131645e-01,-8.940481192576399394e-02,8.512346352746313904e-02,1.420975311430249466e+00,1.577430155519756738e-01,2.383804929574467657e+00,1.317173097685215210e-03,1.215063372293263009e-03,1.817314906285518632e-04,9.977911196671564349e-04,8.292023268155954696e-01,-8.263209704327856286e-02,1.421088809690025379e+00,-5.523570721462256472e-03,2.326538000169556586e+00,1.341702222221451482e-03,1.937960438943394021e-04,1.249274111690067439e-03,-2.335922058707647672e-04,8.298625376600113901e-01,-1.147065964066493748e-01,1.450575988267789773e+00,1.898248979109422585e-01,2.345819756285148827e+00,1.550819099990463114e-03,9.084485026915300446e-05,1.502417482623528196e-03,3.693676220431143945e-04,8.354785992634222724e-01,1.147792280122623687e-01,1.450252904679776078e+00,-8.420998061513040867e-02,2.336561882101182874e+00,1.581242737042604530e-03,1.530984409747956475e-03,8.938852236133043843e-05,-1.202077961303955889e-03,8.362382527335491256e-01,3.327213377810580761e-04,1.593170491927479527e-03,1.927974483741541449e-03,6.533355935651761820e-04,7.155819176501647672e-01,7.455875504459252845e-01
2.434249999999915736e-08,3.570452430850995507e-01,-9.010156222445253604e-02,1.111762404079310596e-01,1.423627969305838903e+00,1.486315296455256174e-01,2.383169201038159102e+00,1.349693366765205562e-03,1.368240061866017685e-03,9.948233899696238528e-05,1.170032809314931147e-03,8.301214210616770783e-01,-1.091082553854292314e-01,1.423784393783640079e+00,3.222625206606233306e-02,2.322975349654805122e+00,1.376375570878833349e-03,1.011005737076204231e-04,1.399065917903177412e-03,-2.170000232086603245e-05,8.308241905367118596e-01,-1.207893372260466780e-01,1.451123692517884756e+00,1.938678736632986066e-01,2.344780120858484196e+00,1.548161017239051704e-03,7.388467293218107417e-05,1.511107877293762190e-03,3.273109059464138432e-04,8.354056441967214752e-01,1.208791638075348285e-01,1.450879411277116393e+00,-8.624383938965962670e-02,2.337070621571706752e+00,1.578574622621994016e-03,1.541236427746975508e-03,7.260492516590076931e-05,-1.226962886753917101e-03,8.361655893917873117e-01,3.785096392072783800e-04,1.541328627342584577e-03,1.926617018801113487e-03,6.531603721742151262e-04,7.148417097924859576e-01,7.461848864067284204e-01
2.434749999999915642e-08,3.154903665622129649e-01,-9.238854196714774147e-02,1.318164158963377464e-01,1.426460284865488148e+00,1.410751058754868836e-01,2.380400055386588942e+00,1.381508186582129346e-03,1.453107332856278053e-03,5.523873268744899001e-05,1.291524355179595211e-03,8.310205029578824343e-01,-1.303432096707586307e-01,1.426640987200741950e+00,6.725008929085518616e-02,2.318762894013383313e+00,1.409423565847540841e-03,5.364100316463498699e-05,1.473266117837362032e-03,1.318515218243173129e-04,8.317453152029365970e-01,-1.251179607105135094e-01,1.451548840047723665e+00,1.971304230397947777e-01,2.344203610156194717e+00,1.542896026148579810e-03,6.245057912908461321e-05,1.508883845548852215e-03,2.957961192456077170e-04,8.352664473358363262e-01,1.252183738831840198e-01,1.451392158691388268e+00,-8.963676699845235518e-02,2.337874358599639990e+00,1.573195439446430088e-03,1.540501846926352076e-03,6.125422228443327130e-05,-1.260387279391984774e-03,8.360245742336527286e-01,4.436575829498136630e-04,1.468959732486740466e-03,1.924205101729773056e-03,6.526577027858306793e-04,7.143555468850539825e-01,7.465433819711966290e-01
2.435249999999915547e-08,2.379243907947892200e-01,-9.579486140373916214e-02,1.437802512432191371e-01,1.428497884926690720e+00,1.354385720381792169e-01,2.376784334399250298e+00,1.404640937495664184e-03,1.464674980631160703e-03,3.507579891956573551e-05,1.359816053375350166e-03,8.316912782919130276e-01,-1.430617655321149151e-01,1.428659503209652071e+00,9.683181631828619018e-02,2.314933636750977186e+00,1.432245349824586792e-03,3.332597230977714950e-05,1.475102261107168276e-03,2.246578289117334834e-04,8.324053806315531157e-01,-1.272440485150092560e-01,1.451844300067088422e+00,2.001790391831397287e-01,2.344074818271424387e+00,1.534726014573724101e-03,5.582912939269996132e-05,1.496035153314988686e-03,2.735489667211420247e-04,8.350533685884368174e-01,1.273498004584778798e-01,1.451785132158337266e+00,-9.391161346338749993e-02,2.338884599326832792e+00,1.564779937074431805e-03,1.529053282139250817e-03,5.461914231001441288e-05,-1.297351190826823066e-03,8.358069732729461743e-01,5.287736482640653267e-04,1.378030374742663256e-03,1.921801560798911757e-03,6.521206336296658367e-04,7.141686981043733340e-01,7.466240484683133172e-01
2.435749999999915452e-08,1.369287491430823955e-01,-9.985946719261962201e-02,1.446317070006151173e-01,1.428970644032909743e+00,1.314729671875580763e-01,2.373822072713293263e+00,1.413245495229150045e-03,1.414208584454592493e-03,2.830929689613536171e-05,1.382985231515105251e-03,8.319799129392198012e-01,-1.447424650460251705e-01,1.429074491254322732e+00,1.199648376079220924e-01,2.312367320043436703e+00,1.439268473863821070e-03,2.708759387731585116e-05,1.422126656996977774e-03,2.697351044574891046e-04,8.326562514511980373e-01,-1.267795098685287059e-01,1.451992394940722075e+00,2.031928254655626098e-01,2.344392322175021803e+00,1.523544712729793960e-03,5.365885772658841754e-05,1.473121422483812670e-03,2.588831226859463711e-04,8.347633024901794929e-01,1.268866216333359720e-01,1.452039302856029668e+00,-9.861248337856842738e-02,2.340077421080219100e+00,1.553194342540774970e-03,1.507406707207639869e-03,5.232637600291859296e-05,-1.332203904872121796e-03,8.355090723332877500e-01,6.313505897990512100e-04,1.273182728574866760e-03,1.920524958324308857e-03,6.518764913183361853e-04,7.143132765146897878e-01,7.463950131999108617e-01
2.436249999999915357e-08,3.121657190439330876e-02,-1.041268732940765496e-01,1.339804676791525040e-01,1.427543367904662075e+00,1.284086651696139114e-01,2.372452708870329996e+00,1.405998147350381346e-03,1.323675956752860166e-03,3.135246301686175669e-05,1.370018525192115465e-03,8.318443337987189157e-01,-1.348736093141673642e-01,1.427577698165004572e+00,1.368484632287638725e-01,2.311491691595962905e+00,1.429898104719559606e-03,3.087412289723479085e-05,1.336385315899823924e-03,2.855836918665462655e-04,8.324700315283785068e-01,-1.234689674160869277e-01,1.451969742740013114e+00,2.060712091056253747e-01,2.345161153127491183e+00,1.509532654664472217e-03,5.614562519104531493e-05,1.440972335297748767e-03,2.503286196322683662e-04,8.344000059625332755e-01,1.235740522776187511e-01,1.452127160681002893e+00,-1.032885527230447131e-01,2.341467470343278734e+00,1.538600545124728337e-03,1.476341502033951241e-03,5.455778650467649709e-05,-1.359503700515740871e-03,8.351342297370895063e-01,7.460783413781181105e-04,1.160712235626541224e-03,1.921114506876758039e-03,6.521544862275641292e-04,7.148015298601064771e-01,7.458401890562620373e-01
2.436749999999915262e-08,-6.535284817657105449e-02,-1.081509997987315508e-01,1.134895285852679514e-01,1.424386028924523817e+00,1.252981579066752005e-01,2.372896701873906444e+00,1.386653212421048043e-03,1.214901670926957873e-03,4.874828753618765098e-05,1.327890074112285509e-03,8.313736680164380832e-01,-1.150242184684449054e-01,1.424357193617629136e+00,1.482352774525876882e-01,2.312275844561130889e+00,1.408533764852718711e-03,4.974655102921741388e-05,1.235312230720379779e-03,2.887169947411596742e-04,8.319489252433353021e-01,-1.172486100385796703e-01,1.451756369896064713e+00,2.085501806571907757e-01,2.346379869714041000e+00,1.493223907002723264e-03,6.429516019105778620e-05,1.400523423236425596e-03,2.468910453580509248e-04,8.339758574222506660e-01,1.173483228287672819e-01,1.452022697406733176e+00,-1.074935473881479808e-01,2.343079923536692366e+00,1.521534593639583838e-03,1.436782581305856262e-03,6.228130543415959491e-05,-1.374724325023207044e-03,8.346948850056402636e-01,8.661406899870156004e-04,1.047099861242012288e-03,1.923673933182084433e-03,6.529973998587932076e-04,7.156234030435777438e-01,7.449645485387190735e-01
2.437249999999915168e-08,-1.472520484029686827e-01,-1.115058462106008896e-01,8.601207088780582488e-02,1.420124026710536835e+00,1.211399748738868354e-01,2.374845494827432457e+00,1.363113458951689151e-03,1.099797100289307255e-03,9.791190029908189928e-05,1.260750727130480761e-03,8.307713450918611242e-01,-8.802581348111870874e-02,1.420050680840374113e+00,1.549916410805591838e-01,2.314386839464394718e+00,1.383726090389664773e-03,1.020746376968141898e-04,1.124747700454808031e-03,2.937108966190350723e-04,8.313103411061000259e-01,-1.082708371238660927e-01,1.451345615130284816e+00,2.103076922444753194e-01,2.348027826323035416e+00,1.475518901927433662e-03,8.016959080394479961e-05,1.352432490041927809e-03,2.483253179715122711e-04,8.335125619178711531e-01,1.083619154981232402e-01,1.451712967786864983e+00,-1.107931459539641672e-01,2.344926610478864859e+00,1.502927665068569483e-03,1.389458976578012350e-03,7.752771452194815111e-05,-1.374650823678312669e-03,8.342134489481778381e-01,9.847387823326832039e-04,9.377871633540529796e-04,1.927698776126289797e-03,6.542600843971382992e-04,7.167490138577170544e-01,7.437942940472128672e-01
2.437749999999915073e-08,-2.141618487254985936e-01,-1.137925959127294995e-01,5.469669112921349274e-02,1.415682290506292240e+00,1.145849780621204239e-01,2.377646253353519867e+00,1.345787754054108849e-03,9.742732797374429547e-04,2.136078308967857451e-04,1.166332757548027305e-03,8.303168323562944986e-01,-5.705170136000692338e-02,1.415593814051380850e+00,1.578551680768680576e-01,2.317349623176962581e+00,1.366391434357521958e-03,2.206018162685301556e-04,9.951745877553022559e-04,3.183045045997858857e-04,8.308466628916708618e-01,-9.688765384642405998e-02,1.450751419301195444e+00,2.110429496130277194e-01,2.350057878941387735e+00,1.457633882578876147e-03,1.070472857475689377e-04,1.296602270718196989e-03,2.553647462687962198e-04,8.330404754899692898e-01,9.696777327974714922e-02,1.451207106943845249e+00,-1.127637991805601203e-01,2.346990372597034025e+00,1.484059652177851466e-03,1.334413812771254818e-03,1.036123067960672937e-04,-1.357244677696043886e-03,8.337216897945212146e-01,1.096190513543514712e-03,8.365621841923292536e-04,1.932299843696864495e-03,6.556749045885279688e-04,7.181345363977011953e-01,7.423726084863442320e-01
2.438249999999914978e-08,-2.670510455864010257e-01,-1.146295342397833927e-01,2.223624054603701161e-02,1.412072728992260107e+00,1.033963879853754264e-01,2.380394358254887877e+00,1.344092557055935958e-03,8.233762035936802301e-04,4.220069926944749594e-04,1.032516336625605895e-03,8.302699498221343122e-01,-2.481163979970713029e-02,1.411974324976302597e+00,1.573883999247152055e-01,2.320679181358138443e+00,1.365477074646026263e-03,4.231457676197122484e-04,8.324022791615122560e-04,3.871123654235856539e-04,8.308133195743829802e-01,-8.359813102000202001e-02,1.450009928600922482e+00,2.105182261938005617e-01,2.352395903636878671e+00,1.440996297865652876e-03,1.491010661895792431e-04,1.231932999417976798e-03,2.700093191765359324e-04,8.325967863044853035e-01,8.366724565553496085e-02,1.450538925280310920e+00,-1.129701107678462435e-01,2.349215865131748071e+00,1.466453928209878691e-03,1.270650893455385535e-03,1.449280932006143867e-04,-1.320994528579258085e-03,8.332588545042058925e-01,1.196462965240280632e-03,7.455105272018736377e-04,1.936504585032339546e-03,6.569484276804099391e-04,7.197291478207532567e-01,7.407530668138821994e-01
2.438749999999914883e-08,-3.071196858782244687e-01,-1.136198017038840824e-01,-9.811663607515175300e-03,1.410030474523318089e+00,8.446866153230558893e-02,2.382004483520547389e+00,1.360488379676281058e-03,6.431576476568617298e-04,6.947669879934502716e-04,8.436763487130571459e-04,8.307030305790504832e-01,7.126295109614266821e-03,1.409878814715547879e+00,1.542623130436546752e-01,2.323929567891334536e+00,1.382566987670267190e-03,6.820680932824659285e-04,6.410906454285888057e-04,5.246601937385457493e-04,8.312676022449425606e-01,-6.896912470811145113e-02,1.449172865041089109e+00,2.085710518224517251e-01,2.354947144422144589e+00,1.427066302360816561e-03,2.101494059215282934e-04,1.156720190335559133e-03,2.955808500430449448e-04,8.322215134474334475e-01,6.903001962634669475e-02,1.449760258480214503e+00,-1.109214305647636678e-01,2.351504472131590529e+00,1.451689724077206544e-03,1.196358141365340888e-03,2.057632066977428534e-04,-1.264137216230008321e-03,8.328673799156461888e-01,1.283360871976902242e-03,6.653283429306968300e-04,1.939580304879662091e-03,6.578668515443246434e-04,7.214811339125222212e-01,7.389928050723972852e-01
2.439249999999914788e-08,-3.362288552428169819e-01,-1.103105215070008249e-01,-4.092096638093112304e-02,1.409763976827014265e+00,5.538649061117295602e-02,2.381525085675740172e+00,1.390105616396228967e-03,4.543413401898365660e-04,9.773228770526712437e-04,5.975896822838790666e-04,8.314879436122961653e-01,3.823937033523572282e-02,1.409541943708376932e+00,1.495343142765745981e-01,2.326600894667985919e+00,1.413268404025357951e-03,9.551108316802954957e-04,4.476233195278394835e-04,7.331373296820762600e-04,8.320851773918863659e-01,-5.354239340618072163e-02,1.448294703960987251e+00,2.051143368855594673e-01,2.357605941927680693e+00,1.416975849091027745e-03,2.917553383641438200e-04,1.069779905790815052e-03,3.363702712063540933e-04,8.319469935979723063e-01,5.359927780963014143e-02,1.448926713323859472e+00,-1.060345571548721999e-01,2.353710779098538097e+00,1.441005092810462634e-03,1.109944406802654574e-03,2.882092304362504761e-04,-1.184327378687565022e-03,8.325816312729834578e-01,1.356502101689151989e-03,5.957230088963929963e-04,1.941188509543404156e-03,6.583364658598850989e-04,7.233421106034645387e-01,7.371467333809433864e-01
2.439749999999914694e-08,-3.548617294677052225e-01,-1.041759465884748437e-01,-7.081751876592767836e-02,1.411192372184145061e+00,1.665611319917248423e-02,2.378629627002213809e+00,1.427415381586123180e-03,2.874508950471526799e-04,1.234328859143647749e-03,3.156805006189008665e-04,8.324691277406256473e-01,6.826358196113568866e-02,1.410933898717581902e+00,1.443073011925335436e-01,2.328033042623670834e+00,1.452542798260789744e-03,1.209831635788587764e-03,2.806775168441572716e-04,9.771064594815174423e-04,8.331143103983600362e-01,-3.775672268629581829e-02,1.447421814028363229e+00,2.001323103844985241e-01,2.360263983810913402e+00,1.411138669738182813e-03,3.921053874829421768e-04,9.716276758532471462e-04,3.964287925603987052e-04,8.317860269076345903e-01,3.781229526538498753e-02,1.448084884902581582e+00,-9.764901363783140553e-02,2.355646711671202098e+00,1.434855196174140589e-03,1.011402149010363731e-03,3.906460941406273953e-04,-1.079030466380482547e-03,8.324151409853097761e-01,1.416905783353642357e-03,5.357165640640489329e-04,1.941278678157647500e-03,6.583413739291749545e-04,7.252692343811919518e-01,7.352633866804214602e-01
2.440249999999914599e-08,-3.565333184320996773e-01,-9.465926295271165358e-02,-9.858610818067292669e-02,1.414070028774075505e+00,-2.798860008372150432e-02,2.373642335029447104e+00,1.467706412825188359e-03,1.644317153940156315e-04,1.439059515253596211e-03,3.830379445654888936e-05,8.335053765237052659e-01,9.629001519787938612e-02,1.413817043160160658e+00,1.392257746125777906e-01,2.327506889212949126e+00,1.495190007270663212e-03,1.417683559269407789e-03,1.592761123457228645e-04,1.202986336391804675e-03,8.342054408503208895e-01,-2.191961842152423401e-02,1.446591185516067135e+00,1.936492115559307337e-01,2.362811054900232577e+00,1.409272805805808189e-03,5.066866497705080222e-04,8.648300610851028221e-04,4.776032166146884270e-04,8.317322627605950869e-01,2.197334986258625555e-02,1.447270768761709903e+00,-8.513172372189981019e-02,2.357106584915356962e+00,1.432923517945183496e-03,9.030019497732116396e-04,5.083010175135260680e-04,-9.462570237344233252e-04,8.323608598851954810e-01,1.466181681181152928e-03,4.839831503716549650e-04,1.939953576027131062e-03,6.579133549150485098e-04,7.272258753627340866e-01,7.333828283052941099e-01
2.440749999999914504e-08,-3.281643785147877468e-01,-8.127883004326097449e-02,-1.219369794591242950e-01,1.417850560766433565e+00,-7.316784830325850919e-02,2.367334653715571502e+00,1.503215681532341433e-03,9.061718525460633628e-05,1.565098231910398013e-03,-1.820968075350932916e-04,8.343884257678136906e-01,1.200670874452982595e-01,1.417649287190145602e+00,1.348191812507391063e-01,2.324739649097832928e+00,1.533064336744740597e-03,1.553531510941719412e-03,8.696551321748365265e-05,1.371346072543982173e-03,8.351433256926247273e-01,-6.238571570838846725e-03,1.445836601133247745e+00,1.856408631387487240e-01,2.365126807986336566e+00,1.410812503119330272e-03,6.298394005705286632e-04,7.534677657176336828e-04,5.775189855292376002e-04,8.317713379977524912e-01,6.287661914580189304e-03,1.446518032180038826e+00,-6.804898883280818822e-02,2.357917145549468962e+00,1.434583610008158478e-03,7.888949039976363500e-04,6.350779285090305719e-04,-7.848262429523791047e-04,8.324032256842783806e-01,1.505832351489563717e-03,4.393311565794401677e-04,1.937433973087222469e-03,6.571304616590723175e-04,7.291812743985668366e-01,7.315366455472760432e-01
2.441249999999914409e-08,-2.622510929878894004e-01,-6.375626543855617001e-02,-1.374925107170605898e-01,1.421733102387813030e+00,-1.137748027504024151e-01,2.361023108123177394e+00,1.523029070025040200e-03,5.458198109892442384e-05,1.598713323470093896e-03,-3.100923465031931478e-04,8.348510966287779889e-01,1.362596677904022169e-01,1.421617803842552430e+00,1.318352182333519806e-01,2.320598975047380552e+00,1.554796082999573142e-03,1.604223162760508737e-03,5.160614277789309892e-05,1.471703059920736545e-03,8.356498865616575067e-01,9.115988011239695155e-03,1.445194447648841862e+00,1.759056851151274969e-01,2.367067532503988048e+00,1.415241362312677281e-03,7.557709073725091698e-04,6.423581617034892404e-04,6.889801181617745884e-04,8.318896241681530412e-01,-9.074160361893790494e-03,1.445865446845840285e+00,-4.631576457350927711e-02,2.357987686933816107e+00,1.439277277338967204e-03,6.741990894139453239e-04,7.647962630134053129e-04,-5.939166088739336906e-04,8.325277213527079168e-01,1.537201629523606613e-03,4.010438617520332462e-04,1.934097434836481348e-03,6.561151090677644522e-04,7.311097240057371494e-01,7.297490676848985558e-01
2.441749999999914315e-08,-1.667763943960114403e-01,-4.211005252685007250e-02,-1.422943714899200796e-01,1.424878596204941950e+00,-1.466498912048641579e-01,2.356288072628691665e+00,1.518277142882840059e-03,4.073339684275033621e-05,1.549186608894858068e-03,-3.585774611856397593e-04,8.346868750572957740e-01,1.418878454073371209e-01,1.424854136957155015e+00,1.304403958216271420e-01,2.316870282739850406e+00,1.550831823323239140e-03,1.575843349142991160e-03,3.764987596395936591e-05,1.513981200524328226e-03,8.355046497268867611e-01,2.395785293502283864e-02,1.444704916609521606e+00,1.640056365769648750e-01,2.368455614923574704e+00,1.422122471971352681e-03,8.788680986124937020e-04,5.364118563676223070e-04,8.011968316190471763e-04,8.320748477738065807e-01,-2.392354317420219978e-02,1.445357801114504959e+00,-2.025434444402529621e-02,2.357322761146698475e+00,1.446544039722145623e-03,5.641995482289645413e-04,8.915179388727168582e-04,-3.734541909867782105e-04,8.327215005918655599e-01,1.561936889621901850e-03,3.688275017064276073e-04,1.930563168635078064e-03,6.550451311157547965e-04,7.329899221741076332e-01,7.280374937714386707e-01
2.442249999999914220e-08,-6.006989254146888335e-02,-1.673161492734553946e-02,-1.352854623294048597e-01,1.426663571934146724e+00,-1.708464442259995941e-01,2.354193943731948124e+00,1.487549993192723062e-03,4.092215158321788689e-05,1.441788747419775864e-03,-3.632927066362155017e-04,8.338620215343119924e-01,1.357650430736541125e-01,1.426710569370576831e+00,1.298098866195744883e-01,2.314957706109308511e+00,1.519279618217807357e-03,1.488643618705863666e-03,3.678491265757435062e-05,1.509599167867810938e-03,8.346653329649239561e-01,3.807179288457929189e-02,1.444409646479493547e+00,1.494931750323660324e-01,2.369083089240024531e+00,1.430962500729033356e-03,9.939440230068317603e-04,4.400083258008509034e-04,9.020842425384364288e-04,8.323126338784199163e-01,-3.804101684959793062e-02,1.445042310865564117e+00,9.365620519904638286e-03,2.355983726534899070e+00,1.455867382598436885e-03,4.636602577089243122e-04,1.009774516415262724e-03,-1.291396509828451151e-04,8.329696357792614192e-01,1.582140091070381163e-03,3.425168831644751573e-04,1.927649761794743635e-03,6.541464465265788225e-04,7.348046712998572705e-01,7.264115397226134085e-01
2.442749999999914125e-08,4.135655349702083150e-02,1.143717713002168068e-02,-1.176202351730974982e-01,1.426836615140205655e+00,-1.866796580604708211e-01,2.354985319919118414e+00,1.437461082822920951e-03,5.690786535316811256e-05,1.302976641825286238e-03,-3.523731471244658854e-04,8.325260957001089368e-01,1.188875605206991537e-01,1.426923520110819243e+00,1.287003686969518945e-01,2.315268986796640505e+00,1.466845261851250793e-03,1.365978381003499697e-03,5.007947117552709489e-05,1.464199811412499920e-03,8.332837687972208807e-01,5.124995347766070353e-02,1.444347523867586913e+00,1.326017394195453392e-01,2.368752730684473118e+00,1.441128631935874576e-03,1.096866648071617364e-03,3.562598963227824262e-04,9.807015060982111378e-04,8.325849032294714291e-01,-5.121294287917765864e-02,1.444962485458219259e+00,4.113515318888216754e-02,2.354021886273020669e+00,1.466579719036428895e-03,3.760427444557818397e-04,1.115222967689376461e-03,1.162728816582711848e-04,8.332532980542612933e-01,1.599712275055100536e-03,3.218498541206235943e-04,1.926082498503433596e-03,6.536239364804434168e-04,7.365403688806571036e-01,7.248720415398843819e-01
2.443249999999914030e-08,1.291505529387402262e-01,4.060636665576744520e-02,-9.194511540124539195e-02,1.425578963825219869e+00,-1.950213841968500006e-01,2.358286745016596075e+00,1.379571307730150832e-03,1.022163851730947251e-04,1.150038045410261417e-03,-3.438078584771855624e-04,8.309547996059379882e-01,9.382128434629932734e-02,1.425667869611717098e+00,1.259172155911629787e-01,2.317506627967373944e+00,1.405652329516129083e-03,1.224702541740419273e-03,9.007803416532458201e-05,1.381775637823625747e-03,8.316465820036992307e-01,6.337692159364927136e-02,1.444545200147125508e+00,1.149866289552061716e-01,2.367409782812951669e+00,1.451905276089026286e-03,1.185495643826246608e-03,2.862799981088139296e-04,1.029777853901214443e-03,8.328719013829982698e-01,-6.331839283367735050e-02,1.445145270310939756e+00,7.271888986621277695e-02,2.351446134233744711e+00,1.477915387789882021e-03,3.026976450385303395e-04,1.205643690873132090e-03,3.182400325630671675e-04,8.335517386304012177e-01,1.615489353188084365e-03,3.064864673509012710e-04,1.926152074560383244e-03,6.535692415138297717e-04,7.381856449537489429e-01,7.234127472367588574e-01
2.443749999999913935e-08,2.015638849878582661e-01,6.813701100375846309e-02,-6.143542750451724821e-02,1.423452052418083369e+00,-1.969951971831136461e-01,2.363339797526018859e+00,1.326943721677533838e-03,2.025302819762487205e-04,9.860462140941629421e-04,-3.532251668954759891e-04,8.294873406106332281e-01,6.376005767414305581e-02,1.423510202719401097e+00,1.202688148932193890e-01,2.320979084381205482e+00,1.349641263340996961e-03,1.068159808098610979e-03,1.842819872396626391e-04,1.264598736386212015e-03,8.301112839718060021e-01,7.452627718442483840e-02,1.444991015403952250e+00,9.927911143064838129e-02,2.365369667311752799e+00,1.462597797819392524e-03,1.260207109672921086e-03,2.288999081531450973e-04,1.048315104656279053e-03,8.331549014955836885e-01,-7.443080343511332408e-02,1.445572363685757367e+00,1.010910946204703897e-01,2.348316671382234766e+00,1.489126571832165074e-03,2.425130766552308830e-04,1.281531568303319801e-03,4.359528696736334310e-04,8.338452622902272626e-01,1.628916701488729302e-03,2.962105178056480617e-04,1.927591316533408409e-03,6.539167360064083176e-04,7.397292649867595049e-01,7.220258968049071413e-01
2.444249999999913841e-08,2.592058517779902704e-01,9.135641197908084266e-02,-2.900087259960892894e-02,1.421228531635690517e+00,-1.937711629499960786e-01,2.369263293619882305e+00,1.290497984611142009e-03,3.755191438904458305e-04,8.055575440910647768e-04,-3.994561853968458436e-04,8.284435431708881969e-01,3.166750155837227965e-02,1.421253817609789749e+00,1.101280751980628914e-01,2.324764389783038787e+00,1.310972824148766251e-03,8.880572798177838916e-04,3.592905771316040196e-04,1.108838425158165629e-03,8.290229302333497197e-01,8.493606947871912283e-02,1.445615249134197366e+00,8.740389507018342385e-02,2.363295185513077268e+00,1.472613328502972007e-03,1.322961197800360394e-03,1.816827037110553696e-04,1.043519542165447650e-03,8.334182946710153583e-01,-8.479718083371312609e-02,1.446164753229698618e+00,1.237354688359291188e-01,2.344888832187699279e+00,1.499596728649851352e-03,1.929418444978270232e-04,1.345129053766502131e-03,4.678472207133849820e-04,8.341178704068553662e-01,1.638225193843796581e-03,2.911730332454714109e-04,1.929704278877745734e-03,6.544713293870044364e-04,7.411585559835891512e-01,7.207095998109109836e-01
2.444749999999913746e-08,3.031595458636421325e-01,1.087476796414894586e-01,3.380712125143459090e-03,1.419621833457708426e+00,-1.865633328039839611e-01,2.375269609916541569e+00,1.274908265671325378e-03,6.025304291539827425e-04,6.119554893638086629e-04,-5.011417838783244249e-04,8.279894538976354523e-01,-5.050549797613879122e-04,1.419648950429202472e+00,9.327512589643349727e-02,2.327802981288837891e+00,1.295094663587833227e-03,6.831621246957650688e-04,6.015367620938968408e-04,9.074114087575552590e-04,8.285623338280332373e-01,9.479937960949680331e-02,1.446321949963958353e+00,7.973702390615589053e-02,2.361723550075532696e+00,1.481572669797181054e-03,1.375280821733803173e-03,1.427481780030710192e-04,1.028708249075878985e-03,8.336530210486924330e-01,-9.462394884512037585e-02,1.446824017081470792e+00,1.398188739172576689e-01,2.341554059466529836e+00,1.508962930876301583e-03,1.519622495239818867e-04,1.398187809051862785e-03,4.446443516249764844e-04,8.343607238306601781e-01,1.640695381490773607e-03,2.921642526472660942e-04,1.931632797630760887e-03,6.549860529921239065e-04,7.424592346900624751e-01,7.194726685203314265e-01
2.445249999999913651e-08,3.352311497718467592e-01,1.203973173163657151e-01,3.482692705891410334e-02,1.419078358295865261e+00,-1.768074212960581981e-01,2.380680414048339522e+00,1.278357128097066522e-03,8.456071262854405026e-04,4.245618499229610607e-04,-6.632368113966937481e-04,8.280890834622334218e-01,-3.194016893663187417e-02,1.419133253207710998e+00,6.791864226927435411e-02,2.329132461064769011e+00,1.299586259814215859e-03,4.742199346198253335e-04,8.645550016166652762e-04,6.637968734425727432e-04,8.286820310799496436e-01,1.040910057964090640e-01,1.447035899497249201e+00,7.569742357526632048e-02,2.360785245633402862e+00,1.489340410874091499e-03,1.417354479943759224e-03,1.113056205279599001e-04,1.017136465903430717e-03,8.338570750885114791e-01,-1.038950603521113791e-01,1.447479386221244502e+00,1.501584684897285804e-01,2.338629925117675867e+00,1.517095120073428186e-03,1.187426844491103808e-04,1.440878755286994226e-03,3.989373780654604813e-04,8.345717089386560650e-01,1.632800931815586070e-03,3.009145466568368212e-04,1.932550641404972430e-03,6.552173407572190302e-04,7.436152461516263301e-01,7.183351335139154248e-01
2.445749999999913556e-08,3.571166509743491924e-01,1.274916868735203046e-01,6.502693837099515761e-02,1.419819605435116427e+00,-1.660972913402520845e-01,2.384748714927837021e+00,1.296601060564993432e-03,1.074768524280152312e-03,2.663625959556338227e-04,-8.644135653303884788e-04,8.286140257640419726e-01,-6.231109714979177205e-02,1.419905840208496972e+00,3.457318840233902790e-02,2.328294388187066133e+00,1.319514542021224058e-03,2.925497400544660258e-04,1.109314511760800537e-03,4.019684974641797104e-04,8.292414678321363697e-01,1.125829243174958361e-01,1.447712075337534099e+00,7.448898473930309905e-02,2.360364786011690530e+00,1.495875020125658327e-03,1.448851087922618320e-03,8.690039734450485823e-05,1.017269700536237859e-03,8.340306985040385479e-01,-1.123845712496478466e-01,1.448089609727343241e+00,1.563805279193735132e-01,2.336259059251232451e+00,1.523917124717852865e-03,9.287116496084118274e-05,1.472707752949163488e-03,3.510549169280588748e-04,8.347502749901237751e-01,1.610423885840554055e-03,3.202359562007893782e-04,1.931720822309038622e-03,6.549323009457817465e-04,7.446067861594767301e-01,7.173271462547710087e-01
2.446249999999913462e-08,3.655381405651890736e-01,1.315661447213982704e-01,9.340967144609013673e-02,1.421827991184944739e+00,-1.557544730703277480e-01,2.386667088720749064e+00,1.325214002934926730e-03,1.267105488870659156e-03,1.517861559432115773e-04,-1.064472930481639990e-03,8.294283094975306581e-01,-9.101114666256426844e-02,1.421956852949764150e+00,-3.395645087948651053e-03,2.325471791582566006e+00,1.350318976592317088e-03,1.607338612229129520e-04,1.307661998523360677e-03,1.578297687712477883e-04,8.301004054085542316e-01,1.199262947150214753e-01,1.448325575671693066e+00,7.542613559363919862e-02,2.360293332249722376e+00,1.501121483220004601e-03,1.469753976909294419e-03,6.886179518521260193e-05,1.032043462221165706e-03,8.341735644334408173e-01,-1.197420914635545230e-01,1.448630112675988846e+00,1.601648320072088794e-01,2.334446265408853360e+00,1.529331598487372384e-03,7.371483782990341581e-05,1.493557045365760802e-03,3.101147909546333927e-04,8.348952342092187395e-01,1.569594036052414420e-03,3.537379108284297870e-04,1.928665563396992667e-03,6.539596349441704473e-04,7.454072977806498468e-01,7.164882075448566479e-01
2.446749999999913367e-08,3.491485909144251831e-01,1.340062055519379847e-01,1.183450770274918629e-01,1.424645309017944061e+00,-1.466065325364565020e-01,2.386038873730829124e+00,1.358542507771831435e-03,1.402230443383643138e-03,8.207983679251899594e-05,-1.226565396249140044e-03,8.303692905109575362e-01,-1.164161254739350948e-01,1.424819836795521155e+00,-4.132448469942406888e-02,2.321308544153747988e+00,1.385678304530584990e-03,8.284204618295338033e-05,1.437685169762027530e-03,-3.767671410802788810e-05,8.310808289729260112e-01,1.257040012351580138e-01,1.448860734621541191e+00,7.797932145673147630e-02,2.360435652932500350e+00,1.505033409446561530e-03,1.480473749577773277e-03,5.629872660969426258e-05,1.060444329310362846e-03,8.342854310374915316e-01,-1.255487370870307373e-01,1.449083508450658808e+00,1.628610865500172977e-01,2.333133172920578424e+00,1.533266126612535486e-03,6.038150836170983442e-05,1.503833018333185874e-03,2.787233444561853981e-04,8.350058093494483469e-01,1.507786108311841376e-03,4.049903480823644018e-04,1.923490245762322307e-03,6.522995128037436521e-04,7.459821227239384900e-01,7.158650802651898015e-01
2.447249999999913272e-08,2.969328984238261970e-01,1.358457490676685531e-01,1.369298431545729056e-01,1.427375882227882364e+00,-1.391685027383511297e-01,2.383443537345279584e+00,1.388875063097151554e-03,1.465727042008806158e-03,4.652974809201176676e-05,-1.333313336465823335e-03,8.312296756749482096e-01,-1.356462738163346504e-01,1.427568968354448575e+00,-7.524684824852423404e-02,2.316799038854833626e+00,1.416864500191294734e-03,4.519028898082120546e-05,1.490093388477760870e-03,-1.695593574810767574e-04,8.319549879601628728e-01,1.294665223348292482e-01,1.449301509183637648e+00,8.173098396330358284e-02,2.360709687598678386e+00,1.507580854362952465e-03,1.481671975804600694e-03,4.834875993035030786e-05,1.099271526011808952e-03,8.343659557453044773e-01,-1.293532523837492842e-01,1.449432055476561843e+00,1.653849743636932601e-01,2.332249971745212314e+00,1.535683720927850547e-03,5.198501192054985181e-05,1.504243036894432764e-03,2.565419780626206352e-04,8.350815320944069420e-01,1.425123964863253675e-03,4.762284084129089420e-04,1.917037515489049574e-03,6.501837595344154294e-04,7.462910388669603545e-01,7.155064198301119838e-01
2.447749999999913177e-08,2.109213274915278102e-01,1.377437726984953592e-01,1.459483531879890439e-01,1.429042412064621903e+00,-1.335982215695117326e-01,2.380284616629755767e+00,1.408354909499447442e-03,1.457224272670624163e-03,3.122385963395600094e-05,-1.386198748167489928e-03,8.318048572939826801e-01,-1.454560617146625212e-01,1.429205175747441769e+00,-1.029713152526303688e-01,2.313064345138414524e+00,1.435627352243634518e-03,2.995759522642864648e-05,1.473039858290824686e-03,-2.426657495955829064e-04,8.325107814706268483e-01,1.307826172123589537e-01,1.449625796224259355e+00,8.631822508121222981e-02,2.361081212048395273e+00,1.508713240182594150e-03,1.474114612806974763e-03,4.441551150980867202e-05,1.144196782284085268e-03,8.344134260917279722e-01,-1.307221658705735035e-01,1.449653755754657602e+00,1.682470005736180774e-01,2.331740769231357646e+00,1.536544941438148506e-03,4.791073591908511132e-05,1.495622109659718426e-03,2.422757200311857100e-04,8.351209778550665597e-01,1.324828099881552364e-03,5.670648872873701408e-04,1.910666110794055888e-03,6.480213928653315563e-04,7.462952051817459687e-01,7.154545118000903425e-01
2.448249999999913082e-08,1.067476348730727054e-01,1.400360265666158455e-01,1.434631712580676233e-01,1.428970753414994910e+00,-1.295052353248649091e-01,2.377919725346363755e+00,1.412188177688653273e-03,1.392122830923480173e-03,2.735711342130377446e-05,-1.394845824274208593e-03,8.319667457306673120e-01,-1.438049073465639260e-01,1.429068805272787790e+00,-1.240386436937677139e-01,2.310918564372801853e+00,1.437653724239404450e-03,2.660084598991644241e-05,1.406849894672382350e-03,-2.746121947978681904e-04,8.326297758488551137e-01,1.293100648689993193e-01,1.449806414148040234e+00,9.138979204830555148e-02,2.361549473133949473e+00,1.508352839193530335e-03,1.458609234470028279e-03,4.436425901578209332e-05,1.190359178244732767e-03,8.344245954905469276e-01,-1.293101442136652679e-01,1.449724256531826239e+00,1.716280355860386742e-01,2.331569445292271503e+00,1.535800433564246713e-03,4.803385067101079760e-05,1.478841694976828743e-03,2.345472486459070484e-04,8.351215820912832877e-01,1.212647037576708962e-03,6.739817762277816333e-04,1.905751351019627877e-03,6.462518351180628409e-04,7.459666006539831251e-01,7.157365373210278214e-01
2.448749999999912988e-08,2.595612715859507702e-03,1.428064004336073722e-01,1.297216823179054845e-01,1.426967509931216238e+00,-1.261140547463064365e-01,2.377059519446549807e+00,1.400550101859364231e-03,1.293643138464288782e-03,3.346857812314443477e-05,-1.368773666919031063e-03,8.317113216991379732e-01,-1.308164401411093802e-01,1.426994449231266948e+00,-1.390165212897871427e-01,2.310629126919502951e+00,1.423848171005841342e-03,3.354650606215432679e-05,1.313450172545603534e-03,-2.841260899670259590e-04,8.323221482801291815e-01,1.248680948089848641e-01,1.449817866393428911e+00,9.657753445661931835e-02,2.362130303591423619e+00,1.506458834778919400e-03,1.435921122769266050e-03,4.871714393614081241e-05,1.232746974459613537e-03,8.343965774877555308e-01,-1.249327541440972134e-01,1.449623375301234862e+00,1.754609980038859263e-01,2.331714271614713674e+00,1.533452849983673325e-03,5.292962371060817937e-05,1.454684677419601025e-03,2.322981966230393605e-04,8.350814752165443000e-01,1.095463454050030075e-03,7.910088619354926518e-04,1.903180299961293193e-03,6.451823666582991038e-04,7.452962147568786833e-01,7.163584828378273262e-01
2.449249999999912893e-08,-9.006579874282416576e-02,1.459580056852356478e-01,1.068317456428211631e-01,1.423352598387518153e+00,-1.225423223986803478e-01,2.377773122463916255e+00,1.378590895775783044e-03,1.181837499204187571e-03,5.693092031535177105e-05,-1.315485338745129955e-03,8.311651835817274181e-01,-1.085219352232940082e-01,1.423318029758068093e+00,-1.488191905775835266e-01,2.312009116127450081e+00,1.399988898001171701e-03,5.891049260300365906e-05,1.207999673022546079e-03,-2.861796293273017634e-04,8.317274733274576670e-01,1.174859780230559370e-01,1.449645891420791255e+00,1.014820001705052377e-01,2.362839735828119458e+00,1.503137977835919967e-03,1.406551552565892156e-03,5.892087896914497785e-05,1.266569382785973433e-03,8.343300367677886076e-01,-1.176154866311802660e-01,1.449343321676469287e+00,1.795101298371224452e-01,2.332158696479353921e+00,1.529664331017872424e-03,6.414496649279110077e-05,1.423573240141266273e-03,2.349970907444272989e-04,8.350025952469491974e-01,9.797545283133529161e-04,9.111754975939491885e-04,1.903104715031251736e-03,6.448960825128036102e-04,7.442977276012689991e-01,7.173039000409071608e-01
2.449749999999912798e-08,-1.676492711896238053e-01,1.492798606511160919e-01,7.782080990819739696e-02,1.418864968916030644e+00,-1.178214563102346624e-01,2.379680763361410101e+00,1.355196677095896847e-03,1.064621944060930529e-03,1.200885287140080463e-04,-1.238791123523825220e-03,8.305602409477189640e-01,-7.994606772910328729e-02,1.418792125111992375e+00,-1.543267838467663466e-01,2.314610658330331638e+00,1.375631159015832609e-03,1.257775617223536480e-04,1.092291718226942555e-03,-2.947538014634774276e-04,8.310923887633899776e-01,1.074113000427376896e-01,1.449296331339307686e+00,1.056610074630053298e-01,2.363681097383539154e+00,1.498756868157384483e-03,1.370344502059290094e-03,7.768124241538221881e-05,1.287481967804638772e-03,8.342324504256304341e-01,-1.076023630680194021e-01,1.448895805826698080e+00,1.834431498033919361e-01,2.332883865511511168e+00,1.524863676392739127e-03,8.449997652163077500e-05,1.385156404869697247e-03,2.429276392932721153e-04,8.348938504735939903e-01,8.705689473102941767e-04,1.027931155244127823e-03,1.905017938793613762e-03,6.452632394549745985e-04,7.430058329984294829e-01,7.185374349351352219e-01
2.450249999999912703e-08,-2.304886654759186193e-01,1.525079015124113369e-01,4.580669315777008421e-02,1.414491716966240986e+00,-1.105218703873420694e-01,2.382087736797042332e+00,1.341098564158664215e-03,9.335434282760795340e-04,2.604738254320495866e-04,-1.134600853683264852e-03,8.301875653098518271e-01,-4.823386838276921829e-02,1.414410260468265346e+00,-1.562089932907619882e-01,2.317887605793631955e+00,1.361839805543716255e-03,2.676800300139456053e-04,9.534798149000032943e-04,-3.287581031288261835e-04,8.307181554920864963e-01,9.507711710342903189e-02,1.448800090583102662e+00,1.086105987783865245e-01,2.364634225751339969e+00,1.493997593948486911e-03,1.326051757401298980e-03,1.091626926894524919e-04,1.291535149818916076e-03,8.341198293845059064e-01,-9.532289026748208549e-02,1.448315540591939232e+00,1.868938476379984337e-01,2.333863916133258165e+00,1.519792070701364095e-03,1.181741197025939848e-04,1.337942443485987684e-03,2.575258853221454401e-04,8.347726737496552474e-01,7.711631960612100756e-04,1.136026171078737814e-03,1.908012217482702149e-03,6.460181176570425768e-04,7.414706852250452229e-01,7.200111234895452128e-01
2.450749999999912608e-08,-2.796061023259268641e-01,1.553770470291264694e-01,1.323692747128113467e-02,1.411222394676411529e+00,-9.823973054588330811e-02,2.384042848686434013e+00,1.344444572593793104e-03,7.739210323269640280e-04,4.925259682301015140e-04,-9.891940029966776564e-04,8.302737844146536039e-01,-1.584458132978672218e-02,1.411124123889720305e+00,-1.549862052612152041e-01,2.321315374394683495e+00,1.365987541146396504e-03,4.907342259739286370e-04,7.803062936623471856e-04,-4.136265122695785361e-04,8.308210153417274757e-01,8.103565173976412517e-02,1.448210674171536372e+00,1.097275441542073793e-01,2.365646324323489313e+00,1.489824549981886475e-03,1.271204590449778868e-03,1.584726342534230803e-04,1.274766004160157121e-03,8.340164263223052155e-01,-8.132554935986568978e-02,1.447657193417046351e+00,1.895090054630328424e-01,2.335064141907999602e+00,1.515451490428843927e-03,1.700026274764463070e-04,1.279371820030725465e-03,2.817211528927202622e-04,8.346643876159117736e-01,6.831153564736268564e-04,1.231883334435274202e-03,1.911100191371255860e-03,6.468647323774859466e-04,7.397508263780696591e-01,7.216712003045449020e-01
2.451249999999912514e-08,-3.163630881571717346e-01,1.576597027893837932e-01,-1.866477266228283582e-02,1.409653181363917707e+00,-7.786345084126011784e-02,2.384471226038451075e+00,1.365239247129014163e-03,5.883857597795183513e-04,7.737827698321464746e-04,-7.892462828203347094e-04,8.308244620614203546e-01,1.598775612746727859e-02,1.409493174733597254e+00,-1.513910413979671077e-01,2.324414965827393598e+00,1.387476089012204409e-03,7.581100350116256421e-04,5.846725136661112213e-04,-5.696537014796624861e-04,8.313949368494241154e-01,6.586651232438400783e-02,1.447591786645472833e+00,1.082662626983301735e-01,2.366624300427529803e+00,1.487284650480484539e-03,1.202789538765178636e-03,2.298326323409949324e-04,1.232815188803239705e-03,8.339498853982060256e-01,-6.618685178509764455e-02,1.446983660033172026e+00,1.909816255692207143e-01,2.336441738126500134e+00,1.512888558549107133e-03,2.436115406472731486e-04,1.206747690272463956e-03,3.198716177455240600e-04,8.345969493722283916e-01,6.066824889871744175e-04,1.313745544307693813e-03,1.913525094798357654e-03,6.475768086177126868e-04,7.379064551595808652e-01,7.234639412715295759e-01
2.451749999999912419e-08,-3.426719684582925085e-01,1.591863740258889770e-01,-4.953797549892091645e-02,1.409863928573617198e+00,-4.746743576499490302e-02,2.382628606764577661e+00,1.397630630100137180e-03,4.027755321904749760e-04,1.052512033823940849e-03,-5.392823974779966745e-04,8.316831065923715460e-01,4.690966055815692926e-02,1.409642350706386882e+00,-1.465309776942653741e-01,2.326657371318301415e+00,1.421193399118836787e-03,1.029479638006357625e-03,3.957477587629096576e-04,-7.883102806340566487e-04,8.322908737731131712e-01,5.007928115603443864e-02,1.446998715159374171e+00,1.033336287983570578e-01,2.367434845671139598e+00,1.487065034151471886e-03,1.118805716908813624e-03,3.240937826420632064e-04,1.161072313557041632e-03,8.339391222722379871e-01,-5.041601672059448092e-02,1.446349573954631706e+00,1.910721125635057582e-01,2.337948102789024318e+00,1.512766674870318724e-03,3.393270322801943042e-04,1.118800429120379294e-03,3.768633435208629191e-04,8.345888937645863370e-01,5.411828205950669100e-04,1.381637809106463916e-03,1.914867111202246631e-03,6.480193675860443977e-04,7.359939765384420074e-01,7.253398317878732016e-01
2.452249999999912324e-08,-3.575903815895774551e-01,1.598405003527569868e-01,-7.904611308390019353e-02,1.411712961113288145e+00,-8.305487490820606666e-03,2.378516726958276983e+00,1.436456639774575566e-03,2.465840063163598659e-04,1.297905586588784729e-03,-2.668450232283014817e-04,8.327003361609007781e-01,7.658585335533985017e-02,1.411466592370021367e+00,-1.414012378448208374e-01,2.327406316923271490e+00,1.462144056284577333e-03,1.274123917451907249e-03,2.401503095527155829e-04,-1.026730885421863436e-03,8.333588615269797995e-01,3.405280548548428321e-02,1.446466057642572522e+00,9.398509708436764143e-02,2.367923409430036763e+00,1.489165439970726711e-03,1.019792871499264949e-03,4.378345866419985520e-04,1.055532269570695928e-03,8.339855642491987853e-01,-3.439496690839516368e-02,1.445790649262041150e+00,1.896081263391704574e-01,2.339529343385318150e+00,1.515072659334676169e-03,4.537412242631774372e-04,1.016793176500671711e-03,4.560409834318707189e-04,8.346410708886867758e-01,4.853404353772124299e-04,1.436899013719634315e-03,1.914967941709591441e-03,6.481214447139901176e-04,7.340623023503753952e-01,7.272558921188632119e-01
2.452749999999912229e-08,-3.521065225209129013e-01,1.595151111483801287e-01,-1.059688308039594684e-01,1.414856197548327366e+00,3.550582306500693619e-02,2.372704396983512876e+00,1.476459262617857860e-03,1.376378931589491679e-04,1.483111611236471224e-03,-1.214824540459290693e-05,8.337217462402963797e-01,1.038077759243138942e-01,1.414624359938368325e+00,-1.364512775873256700e-01,2.326097925656697818e+00,1.504518003609515292e-03,1.464085825804022339e-03,1.329774503389042674e-04,-1.234637009890582728e-03,8.344356714301431888e-01,1.804339895960760387e-02,1.446011070188391034e+00,7.943528939843691461e-02,2.367958103747892729e+00,1.493117575619216757e-03,9.091479319232958177e-04,5.649298746908798779e-04,9.135449623968768928e-04,8.340788821948675880e-01,-1.838401202708395132e-02,1.445325391008131843e+00,1.864355485032134219e-01,2.341120627509821084e+00,1.519333578390845516e-03,5.811523986276018834e-04,9.043928398022441952e-04,5.567209523785725126e-04,8.347425124948477659e-01,4.377222851972720837e-04,1.481373085436028065e-03,1.913899514791456147e-03,6.478863309479694112e-04,7.321511838565994967e-01,7.291763819863179563e-01
2.453249999999912135e-08,-3.132236549671496562e-01,1.580285019807412539e-01,-1.276235010069100007e-01,1.418654940332038317e+00,7.876167852775006750e-02,2.366132426977507031e+00,1.508745089110021366e-03,7.609088115209811651e-05,1.583648103120383760e-03,1.820701561633328584e-04,8.345160010138652495e-01,1.259399276117372235e-01,1.418479902742389331e+00,-1.319900859958771377e-01,2.322767914451991267e+00,1.539088289919308267e-03,1.576523181509142816e-03,7.276396822203925411e-05,-1.381088236888115828e-03,8.352828650024519686e-01,2.245708683212610524e-03,1.445646362918256322e+00,5.928543194061974830e-02,2.367477258626078829e+00,1.498448938573390113e-03,7.922180734961087453e-04,6.985807645223798346e-04,7.334082369186843871e-04,8.342082021462187136e-01,-2.579552645493254914e-03,1.444964652016465179e+00,1.813113908294710086e-01,2.342631289756323287e+00,1.525054664230125626e-03,7.151621822324953507e-04,7.867771677087451176e-04,6.729424806346556058e-04,8.348815506052460478e-01,3.972138745571999270e-04,1.516812214954206322e-03,1.911974527796044812e-03,6.474057405358803240e-04,7.302912300174158045e-01,7.310723514671466639e-01
2.453749999999912040e-08,-2.374643665799649472e-01,1.550266798938291224e-01,-1.405140479920345964e-01,1.422300215298042403e+00,1.168970405264362356e-01,2.360166072170972296e+00,1.522377198462877097e-03,4.779928151199986253e-05,1.591696452409509677e-03,2.940418479404431607e-04,8.348200013383313411e-01,1.395184379054978940e-01,1.422208047124226438e+00,-1.285280074720578369e-01,2.318557869530414983e+00,1.554387095542247898e-03,1.603251431622780250e-03,4.493389270951276231e-05,-1.461283874727449831e-03,8.356250348622258350e-01,-1.314128974879613665e-02,1.445390592421731846e+00,3.362152752231528652e-02,2.366502963170298734e+00,1.504859572312494589e-03,6.751405828339463247e-04,8.321764633610379165e-04,5.131800242665058133e-04,8.343660682813431873e-01,1.282090577367367423e-02,1.444722019378497979e+00,1.737847513241903563e-01,2.343922677820303946e+00,1.531903772893826021e-03,8.494090352140136425e-04,6.697610992852393724e-04,7.945270776627829474e-04,8.350500272120064960e-01,3.632149188627063503e-04,1.544867109727554848e-03,1.909738164169999660e-03,6.468444598811396145e-04,7.285044130843467691e-01,7.329207241155113461e-01
2.454249999999911945e-08,-1.368381503325390991e-01,1.499413045261714927e-01,-1.420388482893171211e-01,1.425028654784279425e+00,1.472936163628144612e-01,2.356183210611970225e+00,1.510217327991390671e-03,3.844772255158335043e-05,1.522512188258220598e-03,3.389376353975981815e-04,8.344685895573457080e-01,1.418900233695161717e-01,1.425018675259974277e+00,-1.262120672655591136e-01,2.315211060548149735e+00,1.542605292107560640e-03,1.555329943715866780e-03,3.526776270544062678e-05,-1.486460557696589642e-03,8.352838447985566628e-01,-2.787860443105660835e-02,1.445274710435494825e+00,2.995079886591422991e-03,2.365106800779574137e+00,1.512096694510742202e-03,5.639600053886715657e-04,9.594659464178253517e-04,2.527391033567477283e-04,8.345453538611860012e-01,2.758197507034809703e-02,1.444621935478043406e+00,1.632019490458556099e-01,2.344788048096792643e+00,1.539605267261708954e-03,9.778058362593319581e-04,5.590773666490437546e-04,9.093635684823667045e-04,8.352403856116507042e-01,3.354520172046230068e-04,1.567407392860560751e-03,1.907931337347631246e-03,6.464166743026503095e-04,7.268037465677590347e-01,7.347035398739585332e-01
2.454749999999911850e-08,-3.027455897438380283e-02,1.421310677133171829e-01,-1.317815764671619316e-01,1.426327263385054334e+00,1.693210845747969984e-01,2.354929126553187313e+00,1.473268082534152923e-03,4.248791039425365803e-05,1.403521487541929810e-03,3.465536408316877777e-04,8.334824281409869418e-01,1.324933341374778806e-01,1.426378376026750772e+00,-1.244729500144252654e-01,2.313899507791470356e+00,1.504391437115269649e-03,1.455381136029730614e-03,3.792310086772650714e-05,-1.468548802842228754e-03,8.342740637531290693e-01,-4.169537607878148755e-02,1.445343856537053995e+00,-3.145756024995716160e-02,2.363346912643901288e+00,1.519794192045378824e-03,4.638355260943707111e-04,1.074930599188050721e-03,-3.453990508165490254e-05,8.347357806110083933e-01,4.143638282488981694e-02,1.444703606596102308e+00,1.490847895547702251e-01,2.344951802088917958e+00,1.547779834121060846e-03,1.094910132257152433e-03,4.596106381093159826e-04,1.005607140871364429e-03,8.354420625881540108e-01,3.136523805483296492e-04,1.586477088034953008e-03,1.907333713783024862e-03,6.463430763027905443e-04,7.251921257089588568e-01,7.364073757901663519e-01
2.455249999999911755e-08,6.776813549633509126e-02,1.313529916083653326e-01,-1.114576731938015097e-01,1.426064629682362028e+00,1.834521113473823739e-01,2.356399733805417895e+00,1.419921079113473355e-03,6.461454175797101912e-05,1.259753263562862248e-03,3.408100219241162613e-04,8.320540853282745175e-01,1.129026521594953536e-01,1.426144986375752488e+00,-1.223471763404928581e-01,2.314835976158232000e+00,1.448384195450406553e-03,1.326152051240700631e-03,5.672622234974781787e-05,-1.414390765671591846e-03,8.327933172627556280e-01,-5.435119299851431940e-02,1.445650103591141100e+00,-6.755286829651341307e-02,2.361211300259832946e+00,1.527444686372521083e-03,3.781140179298791309e-04,1.174696548615093055e-03,-3.043687698648921700e-04,8.349239495439242376e-01,5.414398027186329010e-02,1.445016880442194562e+00,1.320173580117494083e-01,2.344130558178222579e+00,1.555912943319175817e-03,1.196745642897993015e-03,3.745019763680212748e-04,1.073829204206988228e-03,8.356413871289226636e-01,2.973818370162942650e-04,1.603652435816458775e-03,1.908473353903325422e-03,6.467772020382424368e-04,7.236624115468419660e-01,7.380224361565002056e-01
2.455749999999911661e-08,1.512040238740799403e-01,1.184003965421305260e-01,-8.400100282587152911e-02,1.424533821501030584e+00,1.906133975592316787e-01,2.360069870103225664e+00,1.362527900038519721e-03,1.222415120830268721e-04,1.104666639540530151e-03,3.390143148022473161e-04,8.304846485079596663e-01,8.599973674116712097e-02,1.424606311082083465e+00,-1.187482184781338823e-01,2.317589708725269482e+00,1.387584432667622299e-03,1.181245701983278619e-03,1.083013757072444550e-04,-1.327782815682178276e-03,8.311555895494205926e-01,-6.576674178510932833e-02,1.446221061177159761e+00,-1.018067920770957535e-01,2.358664919909220892e+00,1.534492885733796568e-03,3.073386641585861370e-04,1.257748911906181799e-03,-4.919150994150972437e-04,8.350960759480490214e-01,6.561687710983021837e-02,1.445596605251230127e+00,1.142751467754070660e-01,2.342254150799494727e+00,1.563449197633656361e-03,1.281924963001747179e-03,3.042424643324801044e-04,1.109434877633103632e-03,8.358243287422671974e-01,2.861508792340260697e-04,1.619369419894641036e-03,1.911372492563502296e-03,6.477318526549028692e-04,7.222016689340080564e-01,7.395409162722830221e-01
2.456249999999911566e-08,2.193383768586953941e-01,1.051461294355195975e-01,-5.261646484556870007e-02,1.422368070124964134e+00,1.918928355053832746e-01,2.365124209759515317e+00,1.313975876780753031e-03,2.423215260116502116e-04,9.374328359077399239e-04,3.582825108305068241e-04,8.291195290743469393e-01,5.502736080985193290e-02,1.422406638429082104e+00,-1.123357589234208476e-01,2.321375934764179139e+00,1.335864304817603208e-03,1.019647242592314771e-03,2.231459272238867607e-04,-1.208163510768988898e-03,8.297269506838373943e-01,-7.614124707207214904e-02,1.447009718001827761e+00,-1.305313894508044470e-01,2.355836758972864597e+00,1.540466721105786295e-03,2.491718365257521682e-04,1.326214181480111359e-03,-5.672367842405612055e-04,8.352409124718271904e-01,7.604000645083974774e-02,1.446411225237072884e+00,9.876914190172625396e-02,2.339773613123268703e+00,1.569902937030920060e-03,1.352065568396963345e-03,2.465627124556219255e-04,1.114588876866144706e-03,8.359791934749426501e-01,2.796704896573762073e-04,1.632709778243418043e-03,1.915490535642463922e-03,6.490513508758327188e-04,7.208001719686052411e-01,7.409549339964540682e-01
2.456749999999911471e-08,2.729667797279715646e-01,9.359033368660352181e-02,-2.002095897161693117e-02,1.420342203637134260e+00,1.883902392262188918e-01,2.370699793926041465e+00,1.283752847744671754e-03,4.340318584219326906e-04,7.529410622158179195e-04,4.187457052523539561e-04,8.282484605641466935e-01,2.274317169515938097e-02,1.420357377732567539e+00,-1.011504028054299731e-01,2.325201659315253799e+00,1.303966957893546103e-03,8.324105676409135563e-04,4.201156252420882318e-04,-1.048263040007005103e-03,8.288222380160655822e-01,-8.583020404483088228e-02,1.447902849482265664e+00,-1.517312817488440935e-01,2.353035957977561488e+00,1.545125402249346519e-03,2.004950937359044252e-04,1.383284269686868790e-03,-5.567862739101188483e-04,8.353527782746663632e-01,8.576809630083337410e-02,1.447353169228497327e+00,8.719760224370176616e-02,2.337494239304037880e+00,1.574973087849141935e-03,1.410155240477182180e-03,1.983228593127275179e-04,1.098727886743515285e-03,8.360993521354833646e-01,2.781333113803484414e-04,1.641584249745851789e-03,1.919933173250275424e-03,6.504714406403602593e-04,7.194600827164907564e-01,7.422549725111409202e-01
2.457249999999911376e-08,3.133312773555408937e-01,8.488060550075449129e-02,1.213106157194143719e-02,1.419089407048095719e+00,1.812856829440443462e-01,2.376051069728113418e+00,1.274377405797269417e-03,6.693507336256822099e-04,5.591996482237027123e-04,5.369738870363494803e-04,8.279746500204498982e-01,-9.250574071772765805e-03,1.419119770389956514e+00,-8.279177689428607323e-02,2.327987125244275202e+00,1.294813504815111281e-03,6.238743271398671268e-04,6.721293798601834981e-04,-8.411381707992468797e-04,8.285519841747517322e-01,-9.504713076904325320e-02,1.448789986814203123e+00,-1.656905887775992348e-01,2.350531676833440109e+00,1.548459422254607224e-03,1.595910151615829238e-04,1.430455129490296488e-03,-5.041826364660555778e-04,8.354315134788028452e-01,9.502281188811712020e-02,1.448303045536819766e+00,7.971299312218604882e-02,2.335978834497133949e+00,1.578595928896057857e-03,1.457967231820867524e-03,1.577566452150718803e-04,1.075824331511029313e-03,8.361840478341273641e-01,2.825129269289559084e-04,1.643037744399858781e-03,1.923829501115496702e-03,6.517450493691054987e-04,7.181974920896250225e-01,7.434292895351590769e-01
2.457749999999911281e-08,3.424363755923375274e-01,7.922667540323713453e-02,4.319472993068607103e-02,1.418964771968433514e+00,1.719829251261391079e-01,2.380500703723807288e+00,1.282786966488002212e-03,9.109408744953068461e-04,3.782041351438264541e-04,7.109608449412010544e-04,8.282180933398691769e-01,-4.035619254042299708e-02,1.419026948741599181e+00,-5.585439503227584979e-02,2.328883984568138388e+00,1.304508519098306887e-03,4.198670640577859144e-04,9.316370426377622695e-04,-5.950814654906934256e-04,8.288207022390630119e-01,-1.037365172972515293e-01,1.449598688026080495e+00,-1.740594987647003933e-01,2.348458458113842351e+00,1.550435313560522780e-03,1.260455409690346812e-04,1.467319502261960019e-03,-4.406384144351964795e-04,8.354761613950523191e-01,1.037482964258533702e-01,1.449179940259476052e+00,7.571592269689331189e-02,2.335336721659413861e+00,1.580749280370278209e-03,1.495478846272252100e-03,1.244799170676651190e-04,1.058848306235258543e-03,8.362326696584813090e-01,2.948400530595346198e-04,1.633465866324655203e-03,1.926537651134367863e-03,6.527022441760421375e-04,7.170395504987789881e-01,7.444632316349582002e-01
2.458249999999911187e-08,3.611713546472312686e-01,7.633188364061505027e-02,7.287826602999558645e-02,1.420121094032848141e+00,1.619555234904588303e-01,2.383295511363939578e+00,1.304555642188198446e-03,1.131583905001992425e-03,2.313665346371760227e-04,9.124462196239631383e-04,8.288423202489565433e-01,-7.025123849004133447e-02,1.420217037139881677e+00,-2.163282396042731648e-02,2.327655407710170543e+00,1.328130713670773152e-03,2.508295523596311720e-04,1.163860184473848808e-03,-3.385203799818199666e-04,8.294830787850375753e-01,-1.116427534617479012e-01,1.450293069102918997e+00,-1.788061101063767033e-01,2.346856942420819436e+00,1.550804023527324865e-03,9.969854154723167979e-05,1.493089866044525985e-03,-3.821186937037602638e-04,8.354800655557442779e-01,1.116852182911860503e-01,1.449945302134939995e+00,7.446615417945690041e-02,2.335408575918309637e+00,1.581211911705066595e-03,1.522095002789619232e-03,9.834873018584931281e-05,1.055546926106992398e-03,8.362389976063411279e-01,3.182414865821667888e-04,1.608900731985536334e-03,1.927624915282270509e-03,6.532219328722382781e-04,7.160223304873811756e-01,7.453372349535511976e-01
2.458749999999911092e-08,3.639188740956073032e-01,7.573636974224839946e-02,1.003958306765952990e-01,1.422431481941097919e+00,1.523815850512004744e-01,2.383753382206279525e+00,1.335072362443196848e-03,1.309421863728994209e-03,1.296386025451892613e-04,1.100920441037441617e-03,8.297079562827570642e-01,-9.812579206737037651e-02,1.422569865867130634e+00,1.604177241265514198e-02,2.324655956640194976e+00,1.360871491663273288e-03,1.346564693188042575e-04,1.342963898995615116e-03,-1.068124293110943714e-04,8.303935670272796221e-01,-1.183989919289665238e-01,1.450863836069246959e+00,-1.816267759674858873e-01,2.345717792909797872e+00,1.549152271264923322e-03,8.006069842821551959e-05,1.507395626924218400e-03,-3.345965950146516377e-04,8.354325185806412701e-01,1.184646450073183477e-01,1.450591175588918258e+00,7.531802399002529569e-02,2.335963940906097491e+00,1.579576226238614501e-03,1.537472548985134926e-03,7.886626616318563501e-05,1.067955936699678966e-03,8.361923589962870773e-01,3.565014839805372951e-04,1.565796103155382181e-03,1.926958243534880513e-03,6.532492044680251455e-04,7.151898230976936333e-01,7.460243664131367414e-01
2.459249999999910997e-08,3.381110929182993274e-01,7.696981812158965042e-02,1.237623677471253458e-01,1.425306017586798868e+00,1.440835582531292403e-01,2.381798389213648282e+00,1.368180000671707355e-03,1.425309369342115306e-03,7.057248616168327259e-05,1.245619526665163413e-03,8.306418985454810944e-01,-1.220100998580488927e-01,1.425480362568672943e+00,5.267236403544162116e-02,2.320606493674390869e+00,1.395730397531661426e-03,6.976071126553908387e-05,1.450479598182733343e-03,7.330922986416134129e-05,8.313608277247025446e-01,-1.235778887742815524e-01,1.451312213445497878e+00,-1.837391073296990029e-01,2.345019084716243984e+00,1.545042868871885191e-03,6.633947182105174104e-05,1.510283284302726611e-03,-2.988881566312231574e-04,8.353224829082351865e-01,1.236591735943814996e-01,1.451121700962054728e+00,7.774766328247695313e-02,2.336814702002980582e+00,1.575391778117669461e-03,1.541610990085117523e-03,6.522741456885087791e-05,1.094167756866121482e-03,8.360813830298793325e-01,4.130689664474408978e-04,1.502237766078752751e-03,1.924912093382980579e-03,6.528661263274829728e-04,7.145910776721917657e-01,7.464898523552787601e-01
2.459749999999910902e-08,2.754054953386764204e-01,7.959430104783127291e-02,1.398665650653656556e-01,1.427803101064575975e+00,1.376094851482827508e-01,2.378358092380882916e+00,1.395984003668537766e-03,1.468145374090663955e-03,4.166724473644610796e-05,1.336221653296817318e-03,8.314352170815132448e-01,-1.388057793637265114e-01,1.427978916063761927e+00,8.481687753594924217e-02,2.316488249917659559e+00,1.423911872229115467e-03,3.981738837612129714e-05,1.482136088621502498e-03,1.914625023349124269e-04,8.321579667420871962e-01,-1.267290882962586185e-01,1.451636093442904230e+00,-1.858748950092521390e-01,2.344744889188427273e+00,1.538121412270871237e-03,5.772425331600348662e-05,1.502083752481570738e-03,-2.737020765282021403e-04,8.351410013287345890e-01,1.268196418497877787e-01,1.451537087901561440e+00,8.131948766609964352e-02,2.337847359905889988e+00,1.568278881804025188e-03,1.534759838467404571e-03,5.661278508553956029e-05,1.130080597057862672e-03,8.358965546758374554e-01,4.896878390433938343e-04,1.418927406397988344e-03,1.922387679961611766e-03,6.523122838613031136e-04,7.142740351369079033e-01,7.466945591723086473e-01
2.460249999999910808e-08,1.823069099043403973e-01,8.320023774783580350e-02,1.457110726989596650e-01,1.429023043611185262e+00,1.329951018864132806e-01,2.374957710891167029e+00,1.411336186961378034e-03,1.442226565305509229e-03,2.998199280216244756e-05,1.377696846105541401e-03,8.319018792882892921e-01,-1.454613685947911961e-01,1.429155000162625644e+00,1.107620682605747753e-01,2.313295614913654319e+00,1.438151432075972800e-03,2.850884023397934992e-05,1.450195015692243988e-03,2.549446409345867124e-04,8.325969673827424700e-01,-1.274327157571388813e-01,1.451823606207597983e+00,-1.883539706741217401e-01,2.344892145669663641e+00,1.528193518831183484e-03,5.366155539544912711e-05,1.483374525352636588e-03,-2.571970820785457533e-04,8.348828946151127806e-01,1.275276755742456025e-01,1.451825644946773908e+00,8.563843038206675473e-02,2.339019011951143590e+00,1.558014612007712230e-03,1.517389058241091051e-03,5.245778320130061009e-05,1.170495851455630090e-03,8.356320642093071349e-01,5.852294037700998645e-04,1.319423239693791848e-03,1.920529817407078035e-03,6.519144689122492731e-04,7.142771634830136218e-01,7.466024584049415491e-01
2.460749999999910713e-08,7.648371458704761316e-02,8.738817590595893137e-02,1.399411109171462275e-01,1.428427893237783852e+00,1.296559924871223402e-01,2.372836274454679817e+00,1.410779705968225311e-03,1.366094587704344597e-03,2.874055381735565244e-05,1.379385756014998984e-03,8.319466647470195042e-01,-1.405087949715773110e-01,1.428492304716870720e+00,1.302701651674560424e-01,2.311670489784638072e+00,1.435618924728816140e-03,2.789898447192292724e-05,1.376053759736455299e-03,2.811840952094631129e-04,8.325949751524548414e-01,-1.253695890716381989e-01,1.451855222988296834e+00,-1.911795554246786821e-01,2.345465966148850612e+00,1.515315528172414810e-03,5.408177445192110350e-05,1.454993803556946371e-03,-2.476736278766794802e-04,8.345489490505773045e-01,1.254652286908808367e-01,1.451965086650075065e+00,9.031604318361763362e-02,2.340333365868087157e+00,1.544631053086608762e-03,1.490221568803868713e-03,5.267329142573709387e-05,1.209786515611592506e-03,8.352881741520168379e-01,6.954789220258317944e-04,1.209471755833114569e-03,1.920285338634358276e-03,6.519584256815360353e-04,7.146215685784158556e-01,7.461897178371117434e-01
2.461249999999910618e-08,-2.517294221459387416e-02,9.175378086566610136e-02,1.234073208334571792e-01,1.425966859992613855e+00,1.266859545844276624e-01,2.372510253363195876e+00,1.395911938234817642e-03,1.262993983424595245e-03,3.871240360526658327e-05,1.349158260903058314e-03,8.316020173051896780e-01,-1.246845222747881010e-01,1.425963882958273032e+00,1.439235093236388430e-01,2.311765182329883039e+00,1.418612631894802193e-03,3.891720960748389687e-05,1.280084966297056603e-03,2.879780029433691674e-04,8.321982356543052850e-01,-1.203893847661092753e-01,1.451711177367570382e+00,-1.941367392589055108e-01,2.346468974208458569e+00,1.499876471729693099e-03,5.961449347098875777e-05,1.417954732414160920e-03,-2.438613402610219968e-04,8.341479892772434290e-01,1.204824324868056795e-01,1.451930403899962307e+00,9.494895830582850138e-02,2.341814461860465713e+00,1.528509055496881774e-03,1.454189150038711102e-03,5.785511838332986652e-05,1.242439000708439947e-03,8.348735471203319047e-01,8.140800759362491626e-04,1.095650029554185584e-03,1.922045369345430589e-03,6.525729026750273082e-04,7.153064625591456505e-01,7.454517865807834820e-01
2.461749999999910523e-08,-1.136494165678683110e-01,9.588244009171464910e-02,9.857025252532713999e-02,1.422083429375633035e+00,1.231169713664930221e-01,2.373872782577151064e+00,1.373010835137726581e-03,1.150141635788187429e-03,7.080583065553968335e-05,1.292640338378008187e-03,8.310256159975740742e-01,-1.003951302913859145e-01,1.422026160744086942e+00,1.525776548655111142e-01,2.313356427499012380e+00,1.394034419441138014e-03,7.337026675483081380e-05,1.173924914492091879e-03,2.903005684659649564e-04,8.315775578196578088e-01,-1.125521250095660175e-01,1.451380860888545676e+00,-1.968886499295621206e-01,2.347889996596469242e+00,1.482633031097759912e-03,7.184059763072395111e-05,1.373147018445924818e-03,-2.451091189708451933e-04,8.336980050961297906e-01,1.126394790044622507e-01,1.451704637772593287e+00,9.911344539279554056e-02,2.343482683944494216e+00,1.510422616709978854e-03,1.410185629748821881e-03,6.954427304734494425e-05,1.263560619706217058e-03,8.344065858486668930e-01,9.340608020909011962e-04,9.839595829807693071e-04,1.925549110059779356e-03,6.536888924887651088e-04,7.163095868016065015e-01,7.444058162679634272e-01
2.462249999999910428e-08,-1.869440908957737957e-01,9.935113297614162065e-02,6.854313536645273430e-02,1.417594327678692867e+00,1.178137449093843436e-01,2.376403092068261280e+00,1.351650647540830665e-03,1.030698923141499038e-03,1.527157733205731767e-04,1.210944344026448427e-03,8.304703306205436508e-01,-7.076548654625902657e-02,1.417509005244414144e+00,1.570462681170434749e-01,2.316012469386972139e+00,1.372100169809255645e-03,1.589849480745963767e-04,1.054588868128691730e-03,3.037745288481808869e-04,8.310004600236837735e-01,-1.021293216380669833e-01,1.450870853683671857e+00,-1.990636598638477750e-01,2.349696636369281055e+00,1.464684745738424089e-03,9.352776612822180408e-05,1.320865480955797167e-03,-2.516265184300140530e-04,8.332260558821888985e-01,1.022084513211707346e-01,1.451288734494581067e+00,1.023629319316627928e-01,2.345339087835616620e+00,1.491520241687301768e-03,1.358612335954582657e-03,9.050104824395190355e-05,1.269183128278158395e-03,8.339154575646962053e-01,1.049164422348743218e-03,8.789361029585587544e-04,1.930040445131347201e-03,6.550814100221791442e-04,7.175919191758639570e-01,7.430881345664863691e-01
2.462749999999910334e-08,-2.457742613966447109e-01,1.017273361846871005e-01,3.631209266586532536e-02,1.413507498543469909e+00,1.089811425919182675e-01,2.379299803311377026e+00,1.342341187880382626e-03,8.925508639663948295e-04,3.206799380505357777e-04,1.096246559814904008e-03,8.302232265684895696e-01,-3.880623811857719652e-02,1.413416568064172818e+00,1.579527600035595114e-01,2.319239549104737286e+00,1.363363743860381960e-03,3.258552521972082699e-04,9.072253529747934930e-04,3.500352913580601880e-04,8.307591095340324250e-01,-8.956562127880141055e-02,1.450208859730647504e+00,-2.003223280166941400e-01,2.351833069536041876e+00,1.447388663503423401e-03,1.285863615391785373e-04,1.260411845809076767e-03,-2.647790668315385472e-04,8.327668124833227381e-01,8.963572167724498385e-02,1.450706832229452958e+00,1.042191002266581457e-01,2.347355021473465975e+00,1.473240611599797292e-03,1.298914665612926293e-03,1.247562697477022935e-04,1.256161134615014444e-03,8.334366237800820976e-01,1.154611200592281115e-03,7.833764513808682455e-04,1.934542326405224496e-03,6.564547490794474510e-04,7.191044682273823874e-01,7.415484223765265170e-01
2.463249999999910239e-08,-2.912040428669652181e-01,1.025543550013385818e-01,3.976985820482559220e-03,1.410730101222201771e+00,9.380377607913503724e-02,2.381539250708613054e+00,1.351178193970563324e-03,7.239182121948585166e-04,5.723144721237315852e-04,9.327487146887790317e-04,8.304552910671619825e-01,-6.627516883549455784e-03,1.410607386165668053e+00,1.558696187790711285e-01,2.322578388634298996e+00,1.372964788588864086e-03,5.657641708399065248e-04,7.259886742528174263e-04,4.555519143634386456e-04,8.310099016506903302e-01,-7.540974371420827715e-02,1.449440712670150067e+00,-2.003948559074517632e-01,2.354222689450865769e+00,1.432222745526442152e-03,1.812540823187673046e-04,1.190176958395432064e-03,-2.873149325246870207e-04,8.323599329334493424e-01,7.547274844734785937e-02,1.450003774162861081e+00,1.041455572628215975e-01,2.349465410880438476e+00,1.457172811046500210e-03,1.229504431079518406e-03,1.769071093201786068e-04,1.221676928886323860e-03,8.330120663902830236e-01,1.247402536056091546e-03,6.985250706661167005e-04,1.938183026089885901e-03,6.575495709624081062e-04,7.207949504156188070e-01,7.398428201718434405e-01
2.463749999999910144e-08,-3.248015961682251262e-01,1.013235531911633736e-01,-2.756509037945176210e-02,1.409695341274245894e+00,6.927516429553737254e-02,2.382049238131367819e+00,1.375840858412186955e-03,5.351330663788826702e-04,8.562657397629438701e-04,7.102788914923016976e-04,8.311086653951702541e-01,2.486699391982849505e-02,1.409501485841879287e+00,1.516849630373493518e-01,2.325570082079753575e+00,1.398421285968376969e-03,8.371686874533284259e-04,5.296624404332356435e-04,6.354235942120199524e-04,8.316896340303877588e-01,-6.022516616730877459e-02,1.448619876191097999e+00,-1.990921763171407122e-01,2.356774597087532008e+00,1.420512649183668270e-03,2.543430623930774404e-04,1.108508449429545465e-03,-3.232187941569020315e-04,8.320426729843976021e-01,6.028528682606237865e-02,1.449233809553081231e+00,1.015173290110160664e-01,2.351562279014005608e+00,1.444760550815294212e-03,1.148467465591542771e-03,2.503091547095507175e-04,1.162768052980485238e-03,8.326813596609176082e-01,1.326395065753979696e-03,6.244724985937661482e-04,1.940453488735296344e-03,6.582219538790690062e-04,7.226129089838415620e-01,7.380276245827079862e-01
2.464249999999910049e-08,-3.482542453904267088e-01,9.745461022587420530e-02,-5.803804153592517778e-02,1.410406614171012540e+00,3.443912126984693955e-02,2.380190865396613731e+00,1.410350822557232065e-03,3.553134420523026450e-04,1.127576588241908234e-03,4.399202350538173418e-04,8.320209740702247947e-01,5.541391118562843943e-02,1.410158825822493966e+00,1.465622586196344557e-01,2.327628422241427852e+00,1.434538891807606888e-03,1.103369511111014500e-03,3.482212390794171375e-04,8.702761608254678660e-04,8.326439342794658138e-01,-4.450200056436259821e-02,1.447794751660514301e+00,-1.962982739657896936e-01,2.359390965519942540e+00,1.413003301932609906e-03,3.475440303246288536e-04,1.015020021795421746e-03,-3.768277061976415859e-04,8.318369305886472720e-01,4.456321174674937602e-02,1.448446047174597240e+00,9.562088476121122227e-02,2.353492757416060233e+00,1.436823793790624861e-03,1.054920749625352233e-03,3.450320451767069927e-04,1.076354904954301235e-03,8.324677858105633543e-01,1.392084227798671883e-03,5.605035444597009130e-04,1.941199496825221377e-03,6.584286527041439529e-04,7.245127684735073181e-01,7.361543935988137388e-01
2.464749999999909954e-08,-3.587149351686793608e-01,9.031921525903863213e-02,-8.692055762522299389e-02,1.412703915521013487e+00,-8.241623882645043864e-03,2.376038748627339547e+00,1.450041407448843548e-03,2.115419828975370555e-04,1.358358886775023686e-03,1.547030678145729803e-04,8.330534659241802808e-01,8.449489217679939657e-02,1.412443113176579335e+00,1.413628346233068989e-01,2.328026354237534790e+00,1.476482526604147973e-03,1.334917683717091975e-03,2.056173854606848620e-04,1.110224336573859645e-03,8.337293013322678581e-01,-2.860535039092071408e-02,1.447002825087351674e+00,-1.919420154365893971e-01,2.361970540796298756e+00,1.409662801576504285e-03,4.572996300223178311e-04,9.114052941105907054e-04,-4.510191846122754309e-04,8.317432318599197183e-01,2.866879859784332574e-02,1.447677359320253654e+00,8.573035776850534972e-02,2.355073056376320917e+00,1.433325927492769269e-03,9.501365965445412749e-04,4.574338251462151182e-04,9.598263135244631140e-04,8.323717230016277613e-01,1.445932978676579264e-03,5.053896966541944783e-04,1.940466652789570728e-03,6.581813353529751857e-04,7.264551280641260433e-01,7.342669155219891941e-01
2.465249999999909860e-08,-3.449705462832780567e-01,7.933017109160589442e-02,-1.125653855692512195e-01,1.416178830283991052e+00,-5.386832725256862631e-02,2.370173480976515368e+00,1.488842990265708830e-03,1.169835129863003309e-04,1.521313250561573925e-03,-9.682174410916577771e-05,8.340339741566111798e-01,1.104864927756483706e-01,1.415949676701698579e+00,1.365765734315971258e-01,2.326201618551749117e+00,1.517681504046578455e-03,1.504550372329645095e-03,1.127712098962276586e-04,1.306517727620939723e-03,8.347655922833265851e-01,-1.278373987435843517e-02,1.446274414083208004e+00,-1.859324275190750164e-01,2.364403290605245900e+00,1.409974882931465607e-03,5.781811728039205726e-04,8.012427869192314612e-04,-5.450375460149852391e-04,8.317487142455841642e-01,1.284748972558080737e-02,1.446957451786985871e+00,7.126413525139296823e-02,2.356128370344916512e+00,1.433693634666694840e-03,8.376104206194435976e-04,5.816800437770628133e-04,8.115464187029281353e-04,8.323791776722591074e-01,1.489542318630643087e-03,4.578203863479867559e-04,1.938423413904207882e-03,6.575380088225775887e-04,7.284068478940299851e-01,7.324003288234930409e-01
2.465749999999909765e-08,-2.952722663608386977e-01,6.407229435673178486e-02,-1.319320101252243749e-01,1.420121517049056425e+00,-9.697856376822855395e-02,2.363664889901982757e+00,1.516808984247315509e-03,6.662665089563315005e-05,1.595216786834804121e-03,-2.660880996392216147e-04,8.347108029846245225e-01,1.303960606384395593e-01,1.419966654984890386e+00,1.328984934023300646e-01,2.322463774836979411e+00,1.547837392942717685e-03,1.592540941986559863e-03,6.346355841414390341e-05,1.435883844128489758e-03,8.354927864204908516e-01,2.776556848738787053e-03,1.445640064581615647e+00,-1.780592159665390639e-01,2.366557164800567215e+00,1.413362250323944337e-03,7.042647347498538594e-04,6.892325060975739142e-04,-6.533124041993078899e-04,8.318383966489355519e-01,-2.715519222014961542e-03,1.446318444337136855e+00,5.195458659074825292e-02,2.356544107580573311e+00,1.437297191534642454e-03,7.222563397090160219e-04,7.114197822666598961e-04,6.307124611178790844e-04,8.324740893561126676e-01,1.524286602292493570e-03,4.168538853526318260e-04,1.935368951856388225e-03,6.566010556618633942e-04,7.303403959231993259e-01,7.305819106964142051e-01
2.466249999999909670e-08,-2.106756012818931101e-01,4.441584480276228319e-02,-1.416576422777244826e-01,1.423678499085113014e+00,-1.334266989833694517e-01,2.358066656710905207e+00,1.523377828683546284e-03,4.473806264933494290e-05,1.579165136889872046e-03,-3.449431157542031594e-04,8.348337155250311614e-01,1.408761289288553709e-01,1.423615974050421951e+00,1.308657136130104703e-01,2.318330906855377016e+00,1.555765520055818040e-03,1.596491063488636453e-03,4.179851528906466799e-05,1.501631004152792492e-03,8.356470154549618945e-01,1.789159713858801126e-02,1.445135125453081759e+00,-1.679209393958767116e-01,2.368262998265056929e+00,1.419350636814563750e-03,8.297369891258180074e-04,5.804477095642112013e-04,-7.662424685854980809e-04,8.319993562001288812e-01,-1.783503511411832498e-02,1.445799730645527248e+00,2.794198158504324070e-02,2.356293000114037639e+00,1.443632632210253798e-03,6.094837307375206969e-04,8.404795886503399396e-04,4.173250216818949606e-04,8.326428436190426163e-01,1.551625339957621351e-03,3.820405432471902824e-04,1.931809713343877717e-03,6.555224200343042840e-04,7.322330444560039009e-01,7.288320259566278825e-01
2.466749999999909575e-08,-1.064716379221462006e-01,2.059458539235414776e-02,-1.397458420114097155e-01,1.426106330905748010e+00,-1.613896404401500284e-01,2.354749751453447892e+00,1.503507508571776336e-03,3.921602715384325940e-05,1.493354735769892618e-03,-3.644082913126279761e-04,8.342863310620274309e-01,1.398452958125999679e-01,1.426125786076178903e+00,1.300481904792301080e-01,2.315523111152167246e+00,1.535795090483304181e-03,1.531832097551665646e-03,3.568493807089446058e-05,1.516470324643694970e-03,8.351000414332885313e-01,3.234995468040491318e-02,1.444799986066628739e+00,-1.550467843864091755e-01,2.369308546262538506e+00,1.427481932648749221e-03,9.491371661054544403e-04,4.796676472563793803e-04,-8.723741072163246650e-04,8.322183714649225017e-01,-3.229640591860705179e-02,1.445446945358231261e+00,-1.902791915777690690e-04,2.355413455473568618e+00,1.452219173727178946e-03,5.044433557046194404e-04,9.630777117105296034e-04,1.754369961760747954e-04,8.328716648492637820e-01,1.573500442929403904e-03,3.531971392866895768e-04,1.928501517073734307e-03,6.545124232376447982e-04,7.340663704628445085e-01,7.271637544789808505e-01
2.467249999999909481e-08,-1.224321868409372627e-03,-6.661079854298979086e-03,-1.264389108060282041e-01,1.426979992499308736e+00,-1.807585699841665061e-01,2.354303657514572823e+00,1.460594743974984221e-03,4.746429953101991272e-05,1.365327218488139637e-03,-3.576222292649809545e-04,8.331437296854617980e-01,1.273845514271423340e-01,1.427053956813203239e+00,1.292994578587571830e-01,2.314873531184916899e+00,1.491146228066293983e-03,1.421897379736888510e-03,4.207515974881524977e-05,1.488344154032145497e-03,8.339243661250355100e-01,4.592949229700749036e-02,1.444676591494644669e+00,-1.394332502639028526e-01,2.369461136826410907e+00,1.437190710525514592e-03,1.057799891177653049e-03,3.906302277742474804e-04,-9.609630311518765509e-04,8.324790693840811162e-01,-4.587223992361910696e-02,1.445306779389359697e+00,-3.128860738270100583e-02,2.353948597820314070e+00,1.462459525796066346e-03,4.112633287506678383e-04,1.074278731108086523e-03,-7.715359179648833112e-05,8.331434891048623559e-01,1.592017326472005504e-03,3.301177044927014232e-04,1.926259711297151865e-03,6.537980048755549604e-04,7.358258316584784797e-01,7.255815838447272625e-01
2.467749999999909386e-08,9.297475339955796336e-02,-3.585270563418685441e-02,-1.038571645372157182e-01,1.426292174294980342e+00,-1.922147070394895074e-01,2.356591013811761393e+00,1.404500807436792923e-03,7.748659857808211642e-05,1.217286256751727884e-03,-3.461756222401534983e-04,8.316350951919400103e-01,1.054921572174454258e-01,1.426385002282658299e+00,1.273796403594182891e-01,2.316341404277868055e+00,1.432077003206247466e-03,1.287385141193903189e-03,6.799825259043062238e-05,1.421484057429454623e-03,8.323568494914117544e-01,5.846497307459164183e-02,1.444799787770398858e+00,-1.223594387190671817e-01,2.368565016273501911e+00,1.447800697229503037e-03,1.152650168581566530e-03,3.152365368437122679e-04,-1.024611762482211409e-03,8.327624499288455162e-01,-5.839054995843850904e-02,1.445415647761185474e+00,-6.335487915846638174e-02,2.351894638046873265e+00,1.473627666231108616e-03,3.322062079943927972e-04,1.170863537073611998e-03,-2.998892910763428397e-04,8.334383386617704170e-01,1.608552684642716940e-03,3.124804358176698385e-04,1.925597602198768528e-03,6.535304841610572058e-04,7.374997771416633707e-01,7.240817101240493159e-01
2.468249999999909291e-08,1.720279892853764370e-01,-6.456752015075561957e-02,-7.505399066767748373e-02,1.424453777598936544e+00,-1.968020727854424834e-01,2.360989457931419899e+00,1.348033712813523051e-03,1.504608910392643377e-04,1.058606962471536411e-03,-3.457155045947104361e-04,8.300795197000929715e-01,7.719977151011048200e-02,1.424527903932840900e+00,1.231355527865121147e-01,2.319378713703295514e+00,1.372128154575548778e-03,1.138070910319098237e-03,1.345401480689323553e-04,1.319425799901054620e-03,8.307314761243602685e-01,6.995208208621761514e-02,1.445174166805825999e+00,-1.064069094913637770e-01,2.366764829729293584e+00,1.458609028993449169e-03,1.232967831144658266e-03,2.530380104321642730e-04,-1.061699426829791279e-03,8.330493260059582683e-01,-6.984334718071316672e-02,1.445773552795178940e+00,-9.355993305975385255e-02,2.349256177106608057e+00,1.484960124634824392e-03,2.670374757065894339e-04,1.252219109527521112e-03,-4.453833430009006191e-04,8.337359252657653430e-01,1.623150585852396180e-03,2.999891496877000237e-04,1.926488150651365370e-03,6.537137197050027276e-04,7.390776022350582508e-01,7.226561889293445784e-01
2.468749999999909196e-08,2.359532226092422302e-01,-9.003299583264112727e-02,-4.314519705028385665e-02,1.422173624629006206e+00,-1.956875367244630404e-01,2.366639072689173950e+00,1.303566317236163263e-03,2.918060564133774190e-04,8.858322491617386845e-04,-3.734699752217625281e-04,8.288196472153981365e-01,4.567544994514416423e-02,1.422210503164575535e+00,1.151876072209536694e-01,2.323151490938408337e+00,1.324776980092726110e-03,9.693571554214713837e-04,2.730383554236949484e-04,1.181325970733060771e-03,8.294138393000926035e-01,8.058772478472131517e-02,1.445746801625061639e+00,-9.393995416883482719e-02,2.364631475749559009e+00,1.468958478443850319e-03,1.300176038448002920e-03,2.018099136589748984e-04,-1.077503455139489520e-03,8.333221243515195331e-01,-8.043358975370273889e-02,1.446318786626239916e+00,-1.191465302191123676e-01,2.346204178266480866e+00,1.495764155800619055e-03,2.134882557029085131e-04,1.320162874218859788e-03,-4.990167523320654819e-04,8.340180745914261840e-01,1.634528863165584040e-03,2.926089033983229198e-04,1.928392006516728039e-03,6.542008019102406487e-04,7.405477859699167720e-01,7.213001693245812973e-01
2.469249999999909101e-08,2.856640091107480739e-01,-1.102832596484737415e-01,-1.057548638822458642e-02,1.420227787953935561e+00,-1.900480138171358746e-01,2.372694610703454998e+00,1.278861153889840384e-03,4.998167167553326439e-04,6.964053662747452184e-04,-4.492786159061334982e-04,8.281040302938965647e-01,1.338208407180507820e-02,1.420248969414193096e+00,1.015339245687254532e-01,2.326645465580609695e+00,1.298942650326613719e-03,7.740491171146983256e-04,4.909507857266439930e-04,1.000325721680459575e-03,8.286752455247096139e-01,9.061586249559927531e-02,1.446426103489733439e+00,-8.578205425845775167e-02,2.362798589273885419e+00,1.478350198108088764e-03,1.356185457453171032e-03,1.593684369084735753e-04,-1.082386068311822196e-03,8.335682593239762683e-01,-9.041929249664670820e-02,1.446955604629425851e+00,-1.386822221933932120e-01,2.343086049208316979e+00,1.505559154079701319e-03,1.691439959956303073e-04,1.377013559472639505e-03,-4.860117578889359144e-04,8.342724732703349355e-01,1.640353894388900825e-03,2.908184646472296883e-04,1.930489168766951445e-03,6.547574079051069959e-04,7.418970611169755092e-01,7.200180866150684977e-01
2.469749999999909007e-08,3.226094779072079533e-01,-1.248816017712566229e-01,2.132800125422162907e-02,1.419186309135708424e+00,-1.812055344141594304e-01,2.378445940899097000e+00,1.274549569044829741e-03,7.402628765013519619e-04,5.033848749206652718e-04,-5.861226307558522900e-04,8.279776661865443366e-01,-1.842128819129151829e-02,1.419228166725207352e+00,7.998030253583809923e-02,2.328810247555873403e+00,1.295222777581603226e-03,5.631778999201090185e-04,7.506896051644786636e-04,7.733558179450071741e-04,8.285597136248523675e-01,1.001101046728083421e-01,1.447133049094872614e+00,-8.152019726280279599e-02,2.361544426500165272e+00,1.486558133483855066e-03,1.401848254343423519e-03,1.246538534922358847e-04,-1.087342415400068983e-03,8.337832630294168546e-01,-9.988605468040345770e-02,1.447608258252525371e+00,-1.523998493768168316e-01,2.340235394926206247e+00,1.514143476904442499e-03,1.327619898090561001e-04,1.423671528517585650e-03,-4.413416537781918365e-04,8.344948833946802536e-01,1.637439835805204425e-03,2.959078405914900077e-04,1.931931960479009924e-03,6.551373063602652534e-04,7.431103847782756233e-01,7.188255075100140612e-01
2.470249999999908912e-08,3.488782755538926139e-01,-1.346495473218962680e-01,5.210111477608392327e-02,1.419355782710174818e+00,-1.707230403597632673e-01,2.383196804389838608e+00,1.286924648539904343e-03,9.784788101157770521e-04,3.301236946369727086e-04,-7.746017752747018370e-04,8.283352769120264636e-01,-4.929207481309272332e-02,1.419427617015339482e+00,4.984230735763617304e-02,2.328924227916425060e+00,1.309032253777637697e-03,3.661121509685151760e-04,1.007176443535329593e-03,5.153840802152354116e-04,8.289460926216094538e-01,1.089234588599745646e-01,1.447819053920287313e+00,-8.035125056950542799e-02,2.360838098518107664e+00,1.493540631229657752e-03,1.437104826805964434e-03,9.720758040054780589e-05,-1.100291787829552233e-03,8.339675415310826567e-01,-1.086906964919893692e-01,1.448232146130280729e+00,-1.615773378974165730e-01,2.337837979249044906e+00,1.521450753834949470e-03,1.038630372635532777e-04,1.459812728754037153e-03,-3.894294033535677241e-04,8.346850721914919058e-01,1.621877606071066248e-03,3.102239793262303409e-04,1.931939488222877196e-03,6.551025600909232563e-04,7.441697781504201803e-01,7.177482561880748069e-01
2.470749999999908817e-08,3.640605650242303426e-01,-1.409549767318063473e-01,8.139150140255346777e-02,1.420840733896115982e+00,-1.600955794916432140e-01,2.386135339568159708e+00,1.311628478294485844e-03,1.189388468042759488e-03,1.956839045226082250e-04,-9.803734136739712581e-04,8.290417293510967678e-01,-7.883834652435384172e-02,1.420949541540226013e+00,1.333834661739397021e-02,2.326905842734354302e+00,1.335740738610060674e-03,2.109986826722606824e-04,1.228744072872841155e-03,2.592050096847951573e-04,8.296938221046499251e-01,1.167585206569512479e-01,1.448456189625163759e+00,-8.152308185307566291e-02,2.360540613394708664e+00,1.499270326980781240e-03,1.461874894043567203e-03,7.646478930312744710e-05,-1.124669043257345638e-03,8.341215349540302970e-01,-1.165342597220395682e-01,1.448800216183153022e+00,-1.677703816676667792e-01,2.335939089507779620e+00,1.527405510780626037e-03,8.193798577890683895e-05,1.485119603131578123e-03,-3.424521090841929931e-04,8.348425119232401048e-01,1.589497038823907459e-03,3.370990510919811699e-04,1.929884466822364818e-03,6.544429366141790976e-04,7.450515877444119361e-01,7.168217544638142424e-01
2.471249999999908722e-08,3.600646489724824706e-01,-1.451521296096101032e-01,1.081035470326852099e-01,1.423395306506342495e+00,-1.503555581350592973e-01,2.386605597713709059e+00,1.343745000916595714e-03,1.351558938013096116e-03,1.072841286074799967e-04,-1.162351818766096207e-03,8.299510044443226819e-01,-1.059512306069376741e-01,1.423551404029956169e+00,-2.516572607635669812e-02,2.323220692548531918e+00,1.370085108551556685e-03,1.105854620054097043e-04,1.390403208976789774e-03,3.970681756550921838e-05,8.306474295612663594e-01,1.232290758820118182e-01,1.449027058347040153e+00,-8.442815307589013329e-02,2.360515908000685670e+00,1.503704730466983146e-03,1.476427359655024503e-03,6.159398183527497951e-05,-1.159933652629680043e-03,8.342451876790364373e-01,-1.230286002332241502e-01,1.449293680900171077e+00,-1.723300344692519914e-01,2.334507713825943576e+00,1.531930816294517148e-03,6.619150144946990956e-05,1.499778530478865918e-03,-3.047034683380381369e-04,8.349664497745459268e-01,1.536971729486420312e-03,3.802570134946566742e-04,1.925579279911897443e-03,6.530702788618899125e-04,7.457242211913046592e-01,7.160899792549577647e-01
2.471749999999908627e-08,3.240861382307395067e-01,-1.483049397818101411e-01,1.298419748022872078e-01,1.426288119079507366e+00,-1.421318966856484067e-01,2.384724419453443822e+00,1.376400438868273816e-03,1.447085295373462532e-03,5.871516329658234078e-05,-1.293779805770687262e-03,8.308732826242185565e-01,-1.282579188595169839e-01,1.426478437959831647e+00,-6.120051674374860085e-02,2.318722933336478498e+00,1.404205284401779637e-03,5.783169491655108341e-05,1.476432531937105436e-03,-1.202727476067200370e-04,8.315965971738236151e-01,1.278971155621195788e-01,1.449515842349120121e+00,-8.856933403333178134e-02,2.360671294850193114e+00,1.506812386183257416e-03,1.481312996765699313e-03,5.168777647754391896e-05,-1.202945136364572815e-03,8.343383960094070684e-01,-1.277343921164988405e-01,1.449694746179469806e+00,-1.762142453579835788e-01,2.333491580024078083e+00,1.534979974483960006e-03,5.571752865969413466e-05,1.504350035295760023e-03,-2.765537047422684689e-04,8.350564740529801133e-01,1.463164600170578904e-03,4.426865074548077985e-04,1.919548092796924312e-03,6.511144848020403641e-04,7.461489080931662521e-01,7.156016536658811322e-01
2.472249999999908533e-08,2.514536955499671045e-01,-1.511127811468222504e-01,1.433446817895058789e-01,1.428522363926296723e+00,-1.357675397141080431e-01,2.381620527186571579e+00,1.401409600824904313e-03,1.468720625310883116e-03,3.612797373455749861e-05,-1.368997259481083591e-03,8.315936347427187458e-01,-1.424974861693804051e-01,1.428703996000489918e+00,-9.174980779920760554e-02,2.314525888982593926e+00,1.429162634342017162e-03,3.472573715229574444e-05,1.487466501526697564e-03,-2.171458108787667702e-04,8.323115755954137995e-01,1.303153737320861261e-01,1.449901163822026273e+00,-9.350855015311854146e-02,2.360961014525704282e+00,1.508549546332139122e-03,1.477222795905316303e-03,4.601201040220166195e-05,-1.249177157631860659e-03,8.344000071110621031e-01,-1.302029322563320601e-01,1.449981257376539379e+00,-1.799717702863312674e-01,2.332847789863730981e+00,1.536512045196660944e-03,4.977112292161377347e-05,1.499578266137630922e-03,-2.568563319912822523e-04,8.351115305630207875e-01,1.369960164472693422e-03,5.252632797660665301e-04,1.912973605392377392e-03,6.489207848533022367e-04,7.462848658729164253e-01,7.154030234701747037e-01
2.472749999999908438e-08,1.527974428167837573e-01,-1.539399293599688079e-01,1.459441644551862094e-01,1.429257597864349361e+00,-1.311135562471288374e-01,2.378782252314412204e+00,1.412307775953719697e-03,1.425526918857180107e-03,2.791926122806185462e-05,-1.395524321859224802e-03,8.319428695752968395e-01,-1.459276380640304183e-01,1.429385810857925820e+00,-1.156690155091877337e-01,2.311626337124502051e+00,1.438635186742436359e-03,2.691872391647221008e-05,1.439777243460509506e-03,-2.644885983483308495e-04,8.326263361435614074e-01,1.300916334234656357e-01,1.450154337902290980e+00,-9.882932810047817540e-02,2.361377726929068999e+00,1.508833691170194868e-03,1.464914107383573924e-03,4.421106809071651044e-05,-1.293612710799963783e-03,8.344269913148890661e-01,-1.300396952978322140e-01,1.450126220173502789e+00,-1.838065289877683917e-01,2.332553712477797525e+00,1.536464814797878879e-03,4.800032519681781253e-05,1.486285724981357232e-03,-2.441406958319817730e-04,8.351290890175474546e-01,1.262142474829873288e-03,6.258127369317515202e-04,1.907290746725781973e-03,6.469359078539345647e-04,7.460980781466493017e-01,7.155289452119897309e-01
2.473249999999908343e-08,4.673157608074274272e-02,-1.568865861577943832e-01,1.369106612439814352e-01,1.428082178208311959e+00,-1.275230982586288420e-01,2.377228520605963791e+00,1.407017774112894436e-03,1.338655274716576103e-03,2.940370683568878826e-05,-1.383441745593240804e-03,8.318601623090596808e-01,-1.376957932611795332e-01,1.428139405467121037e+00,-1.331787313735253164e-01,2.310532995582156968e+00,1.431254218595069422e-03,2.904996724500151300e-05,1.355772855699167653e-03,-2.816749378432146958e-04,8.324938612861236820e-01,1.269641762395086193e-01,1.450244270919981204e+00,-1.041203420696583670e-01,2.361936579872176090e+00,1.507580136801197875e-03,1.445159165519440932e-03,4.649349323255083449e-05,-1.331439851233093361e-03,8.344155518390224957e-01,-1.269797899858027268e-01,1.450102966741871668e+00,-1.876689308480044005e-01,2.332603380638059942e+00,1.534789934918580432e-03,5.065100493491067515e-05,1.465284772911749217e-03,-2.371604824533276809e-04,8.351062150245414095e-01,1.146300542497567755e-03,7.392766919231880986e-04,1.903646443667003684e-03,6.455408941739814973e-04,7.455705346768823905e-01,7.159952806817773130e-01
2.473749999999908248e-08,-5.172902314469673968e-02,-1.598710096648061629e-01,1.176468477873235940e-01,1.425096942321610216e+00,-1.241375743635244611e-01,2.377284246665985812e+00,1.388635040883950999e-03,1.230790903221264327e-03,4.369343050005867996e-05,-1.341193886814560877e-03,8.314171473451735794e-01,-1.190998748237688254e-01,1.425087021059388670e+00,-1.451065161425901806e-01,2.311232779926979397e+00,1.410778329057285011e-03,4.464273190179506739e-05,1.254419834603098761e-03,-2.853308067846349019e-04,8.319990783003289314e-01,1.208641009858144599e-01,1.450146795714507775e+00,-1.089734691684194345e-01,2.362657416897913976e+00,1.504801259776832045e-03,1.418597872795364151e-03,5.386317125016763384e-05,-1.358588154181809664e-03,8.343639791595750532e-01,-1.209506061731102644e-01,1.449893567137642947e+00,-1.913524606901031433e-01,2.332996331193745387e+00,1.531549462739228550e-03,5.880903781510310528e-05,1.437180047049546041e-03,-2.351682749143254984e-04,8.350423515698683907e-01,1.029252441240380853e-03,8.589240258832232496e-04,1.902518295244916800e-03,6.449201931594083885e-04,7.447061356793240883e-01,7.167954029243379654e-01
2.474249999999908154e-08,-1.359099245423305291e-01,-1.627096430781453940e-01,9.089840512365565672e-02,1.420878209120973512e+00,-1.200480336438594087e-01,2.378742772178413567e+00,1.364611110811448725e-03,1.116017390982528652e-03,8.567172491777665859e-05,-1.274570016951811742e-03,8.308042312192744916e-01,-9.285276768621120169e-02,1.420818113566196139e+00,-1.523777801503487517e-01,2.313368878657914962e+00,1.385304857989154296e-03,8.959017119115519261e-05,1.144003872661597488e-03,-2.891993335655979069e-04,8.313461768641495775e-01,1.119426392397788739e-01,1.449855047620392190e+00,-1.129842863195826830e-01,2.363548388049414584e+00,1.500727904510773232e-03,1.385416785391033884e-03,6.843393496466212891e-05,-1.371964194294407642e-03,8.342761536373674014e-01,-1.120995285835089117e-01,1.449497526129173153e+00,-1.945803816035627243e-01,2.333725810164732017e+00,1.527033179792133778e-03,7.470070271684283131e-05,1.402010459616610588e-03,-2.381672192789322364e-04,8.349427364161737808e-01,9.167470152677287959e-04,9.778767078059786774e-04,1.903660094623601867e-03,6.450295112659967496e-04,7.435312399480322743e-01,7.179018004422739185e-01
2.474749999999908059e-08,-2.050072686667379074e-01,-1.651866921464306692e-01,5.983220959667745475e-02,1.416328262695679685e+00,-1.140925344699605937e-01,2.381035662350921456e+00,1.345200865657679174e-03,9.928690491136818279e-04,1.880720870355416540e-04,-1.183482181654530417e-03,8.302954897921350774e-01,-6.214355050234843247e-02,1.416248041133785218e+00,-1.557639633874945417e-01,2.316420457597157867e+00,1.365675875572559990e-03,1.955094997697502299e-04,1.017293680747200207e-03,-3.093962686267100995e-04,8.308233835962124392e-01,1.005561129689496180e-01,1.449387300799582778e+00,-1.157384884803818181e-01,2.364593343318904584e+00,1.495898900393019320e-03,1.344905160377628467e-03,9.373691351783474009e-05,-1.369218493936293080e-03,8.341641578115787103e-01,-1.007789219883370446e-01,1.448937954655718396e+00,-1.970724189532848669e-01,2.334770282479060377e+00,1.521840989196529591e-03,1.019227625228038008e-04,1.358831424585235041e-03,-2.472169623020359884e-04,8.348208900631894913e-01,8.128278308650548328e-04,1.090252267541334677e-03,1.906302651691805248e-03,6.456508831905870705e-04,7.420904587871544056e-01,7.192714371568786902e-01
2.475249999999907964e-08,-2.599325597930390863e-01,-1.671066422207250213e-01,2.728353020931284512e-02,1.412476909434272621e+00,-1.043307178104693200e-01,2.383317160343335850e+00,1.340454538053703626e-03,8.468142202330042377e-04,3.825571115846988952e-04,-1.057983814871334876e-03,8.301676510827209476e-01,-2.982692204108761125e-02,1.412390961093279884e+00,-1.558198057966349026e-01,2.319843047161515681e+00,1.361662009217845699e-03,3.860480027971093875e-04,8.591672461622612382e-04,-3.689936382986132063e-04,8.307066824288772411e-01,8.721373686537248204e-02,1.448788579127740617e+00,-1.167726710815002455e-01,2.365742755082207438e+00,1.491170660729979188e-03,1.295131879829295937e-03,1.346114569609056680e-04,-1.348072486788323265e-03,8.340489406896477442e-01,-8.749374468705672925e-02,1.448262203436213147e+00,-1.985842637318051551e-01,2.336090039746799185e+00,1.516878144793616049e-03,1.451607221539406227e-04,1.305536974067465078e-03,-2.647823034479590619e-04,8.346990292844740367e-01,7.197669976939372787e-04,1.191724192348737107e-03,1.909453177889068034e-03,6.464880995794014410e-04,7.404398853289984039e-01,7.208525338369888846e-01
2.475749999999907869e-08,-3.018221682995931854e-01,-1.683267870840206015e-01,-4.979607690559051392e-03,1.410137582642943865e+00,-8.782369056186611900e-02,2.384532368859394680e+00,1.354248487513810091e-03,6.704217826912684973e-04,6.498385395924820458e-04,-8.825140498926485394e-04,8.305317173049560076e-01,2.319338756753497321e-03,1.410008360836616070e+00,-1.531360929491438760e-01,2.323144346982805253e+00,1.376162633563484013e-03,6.398123839563816823e-04,6.702137408390337978e-04,-4.930427381087544147e-04,8.310910103353501555e-01,7.249585200269725860e-02,1.448122563362184811e+00,-1.155155936056733168e-01,2.366907570252611226e+00,1.487606359092380004e-03,1.233209696027305104e-03,1.959851439724663016e-04,-1.305588331520949035e-03,8.339580577193188571e-01,-7.282007070813700800e-02,1.447533916823329214e+00,-1.989258854038609137e-01,2.337628911909056306e+00,1.513224542363572102e-03,2.088231712328980486e-04,1.239380109111357098e-03,-2.949116016243996273e-04,8.346053860582209882e-01,6.383448578024581875e-04,1.279737285027237681e-03,1.912228679475060393e-03,6.472771534920929810e-04,7.386399761364363936e-01,7.225909235927396868e-01
2.476249999999907774e-08,-3.324489840332448543e-01,-1.687723688948397083e-01,-3.631688842055647015e-02,1.409588791657739426e+00,-6.182267049121037417e-02,2.383720954561180605e+00,1.382379178934108185e-03,4.809576739331803763e-04,9.343778818376118457e-04,-6.520567137444394524e-04,8.312780422689848292e-01,3.365278527520998431e-02,1.409390073916143571e+00,-1.486809756029270346e-01,2.325831336989470088e+00,1.405243792370746954e-03,9.135372073673170756e-04,4.746765249101662703e-04,-6.881586019866372085e-04,8.318675184875646833e-01,5.695445346400673792e-02,1.447454236228399083e+00,-1.112458334203321186e-01,2.367957106478513207e+00,1.486126827951663549e-03,1.156506859055855168e-03,2.804695454408434119e-04,-1.237987843265638379e-03,8.339163315741162652e-01,-5.730733682212019175e-02,1.446817341293055170e+00,-1.979718808856749668e-01,2.339319169423238698e+00,1.511784487655142787e-03,2.948487526860768841e-04,1.158334838993018518e-03,-3.428246131570783159e-04,8.345646762032686850e-01,5.682443771839987452e-04,1.353573989809536259e-03,1.914069690287696591e-03,6.478474294479103987e-04,7.367494233206719478e-01,7.244349722151921522e-01
2.476749999999907680e-08,-3.528446731615186849e-01,-1.684344706909555178e-01,-6.648785226957465433e-02,1.410755136928526277e+00,-2.608668729942520415e-02,2.380548917959076860e+00,1.418945481854746440e-03,3.090166913760188376e-04,1.197297340906407648e-03,-3.849294321478300535e-04,8.322428615997110590e-01,6.394090377490635468e-02,1.410514957393556035e+00,-1.435824647575203450e-01,2.327309686102038810e+00,1.443651723634015128e-03,1.173216416165841517e-03,3.020541313982123572e-04,-9.245014729620395317e-04,8.328783894719536951e-01,4.102939680658446164e-02,1.446832780596226220e+00,-1.031263377902069678e-01,2.368728601942092116e+00,1.487058676127540327e-03,1.064334800753573155e-03,3.864934383464687295e-04,-1.141357877828511449e-03,8.339335224139667879e-01,-4.139628702891262613e-02,1.446162455224455190e+00,-1.956665435887336990e-01,2.341085750518162811e+00,1.512866505650391647e-03,4.013897866033516704e-04,1.062522545220929374e-03,-4.133781618768418990e-04,8.345861569236285860e-01,5.084019664278893345e-04,1.414093922255578494e-03,1.914715955316218703e-03,6.481024212476959147e-04,7.348206309215312704e-01,7.263386707028605116e-01
2.477249999999907585e-08,-3.578567542319777139e-01,-1.673390373676135745e-01,-9.476649506748535678e-02,1.413401443807714930e+00,1.632103955236674508e-02,2.375384501239132362e+00,1.459279926159484132e-03,1.785224430031141687e-04,1.411924346392814120e-03,-1.172326588715438226e-04,8.332858991050198227e-01,9.245756749247369122e-02,1.413158085845888312e+00,-1.385265612046344685e-01,2.326940693529969018e+00,1.486301683948935233e-03,1.390070638665766734e-03,1.730783119841545873e-04,-1.150857109244223398e-03,8.339756216422812285e-01,2.502341783204653503e-02,1.446287422022880076e+00,-9.035796775211890619e-02,2.369059686754671823e+00,1.490102320685571290e-03,9.588630173383882235e-04,5.089039138606291004e-04,-1.012750256213355632e-03,8.340035943660305540e-01,-2.539307698402315516e-02,1.445600526146314735e+00,-1.919977795315626068e-01,2.342847051853010676e+00,1.516168237048278822e-03,5.235885775576171446e-04,9.546084606826765956e-04,-5.084459721859490959e-04,8.346632325658140950e-01,4.573910448760706046e-04,1.463021151338435169e-03,1.914138557225473786e-03,6.480101347077725765e-04,7.328971900232408299e-01,7.282629678976215715e-01
2.477749999999907490e-08,-3.348062300307909078e-01,-1.654725410482518200e-01,-1.191170878833887059e-01,1.417012275756443618e+00,6.044327102999025314e-02,2.369001886522629441e+00,1.496242994732329117e-03,9.763311996444178737e-05,1.551404004146838406e-03,1.077984350178352445e-04,8.342117585307792238e-01,1.172015091520308694e-01,1.416807997611854608e+00,-1.337979694189255220e-01,2.324417150986546332e+00,1.525630694110089542e-03,1.538173112330401592e-03,9.383852523540848892e-05,-1.325887961535304055e-03,8.349566294502299701e-01,9.143496870342993077e-03,1.445836394493290378e+00,-7.240619326070563133e-02,2.368839263538063733e+00,1.494764079233757131e-03,8.446343733450943463e-04,6.411032582290358828e-04,-8.505013053076312078e-04,8.341154532188240767e-01,-9.507743322449524470e-03,1.445149684855778327e+00,-1.869104312454950012e-01,2.344510423537305321e+00,1.521183252382862176e-03,6.553145766808420166e-04,8.391233640717238275e-04,-6.246061385680480842e-04,8.347840799726963246e-01,4.139129231275475514e-04,1.502182063311056394e-03,1.912544810689865028e-03,6.476241097752810606e-04,7.310133525456374848e-01,7.301757292785227005e-01
2.478249999999907395e-08,-2.744218487454468391e-01,-1.626766624069171385e-01,-1.362235810215453036e-01,1.420826812232796277e+00,1.012405965555558396e-01,2.362591614686868180e+00,1.519207972124202600e-03,5.702561705611213617e-05,1.598941024727651124e-03,2.554516965560654491e-04,8.347574051283809249e-01,1.349043195444890042e-01,1.420697383791143409e+00,-1.298465265854584771e-01,2.320384852820019272e+00,1.550614078124120093e-03,1.601757287268347875e-03,5.406008675234754140e-05,-1.433923867195883387e-03,8.355486229322690583e-01,-6.429902040836710242e-03,1.445497485424648954e+00,-4.915869619593138395e-02,2.368043617729429506e+00,1.500688289063476953e-03,7.274060636850777136e-04,7.764454586757244198e-04,-6.531613826333477254e-04,8.342606797454090728e-01,6.078522411002484915e-03,1.444823683201611919e+00,-1.801750173896867757e-01,2.345959691389558621e+00,1.527524418880633460e-03,7.902694583881737919e-04,7.215446225346093274e-04,-7.530909539625287507e-04,8.349394900302467004e-01,3.771493932588192979e-04,1.533231921989958255e-03,1.910377889321374133e-03,6.470791485100187927e-04,7.291946352535227938e-01,7.320509465535585125e-01
2.478749999999907301e-08,-1.823467246635657180e-01,-1.585630790860257378e-01,-1.428727273554157851e-01,1.424034609721931410e+00,1.351575352402742958e-01,2.357613959660232794e+00,1.518619386360469357e-03,4.073240616256771279e-05,1.560195807838646786e-03,3.258316707623409663e-04,8.346991217294228438e-01,1.423450532051369066e-01,1.423990737638538118e+00,-1.270663701430172488e-01,2.316467370909062851e+00,1.551034913704098239e-03,1.583820922429295813e-03,3.779303152776370545e-05,-1.481217681594773844e-03,8.355139959337648525e-01,-2.148999539907281431e-02,1.445294791333700646e+00,-2.092373304603434292e-02,2.366726599630458949e+00,1.507629935474352409e-03,6.131868130244192121e-04,9.085619804335543339e-04,-4.188311162405307527e-04,8.344326582027910000e-01,2.116063615857544100e-02,1.444640246946619300e+00,-1.712966950212964079e-01,2.347034374715247562e+00,1.534918671042524631e-03,9.223341550843645355e-04,6.075749072358640644e-04,-8.820031012911036701e-04,8.351223025785420306e-01,3.467265703443263465e-04,1.557908076427060419e-03,1.908298737160044490e-03,6.465697337690990256e-04,7.274581027383346665e-01,7.338679281110438435e-01
2.479249999999907206e-08,-7.613956838420721240e-02,-1.525340882986241375e-01,-1.376251872422111777e-01,1.425994305898284242e+00,1.607890682455139775e-01,2.355141560988728067e+00,1.491748102119619390e-03,3.900808470838392628e-05,1.459311290099081504e-03,3.460889973937713985e-04,8.339731700915863355e-01,1.379725149879216239e-01,1.426022457420250911e+00,-1.251851645411741210e-01,2.314198925140601659e+00,1.523616143557809293e-03,1.503394797331983118e-03,3.522063984584607746e-05,-1.480874174401928525e-03,8.347790838558970528e-01,-3.578808663399657419e-02,1.445263205986514032e+00,1.159681813028434760e-02,2.364970732520447427e+00,1.515281175733904258e-03,5.075154581720033161e-04,1.031529647399152512e-03,-1.502618102818879223e-04,8.346225677445954227e-01,3.549294247480427877e-02,1.444627677231955065e+00,-1.596362479331094875e-01,2.347511580050626989e+00,1.543041512008258044e-03,1.045778980327320869e-03,5.024767093720534667e-04,-9.989004831653734272e-04,8.353233777550286288e-01,3.224070508106002798e-04,1.578224120471172134e-03,1.907095384857035274e-03,6.463194033746166032e-04,7.258115112029022153e-01,7.356107773518016923e-01
2.479749999999907111e-08,2.680989124273702728e-02,-1.440418809384684806e-01,-1.213565272659293814e-01,1.426397438570078169e+00,1.782398742980353390e-01,2.355473816310052815e+00,1.444140779823393367e-03,5.196582567660944203e-05,1.323817383409833315e-03,3.437251148489957309e-04,8.327042622675238093e-01,1.225048050162860225e-01,1.426469589095013646e+00,-1.233579704121186005e-01,2.314188136065806312e+00,1.473890618357653762e-03,1.384484189130772737e-03,4.584030141062764584e-05,-1.441840556197245384e-03,8.334690530818957832e-01,-4.906140592590135796e-02,1.445448569630771951e+00,4.706661676716450415e-02,2.362826942097040916e+00,1.523184060909765422e-03,4.146834941872613173e-04,1.140413566557837381e-03,1.299617181539937903e-04,8.348178850085637981e-01,4.881527072767877229e-02,1.444826811495532937e+00,-1.449825983913561878e-01,2.347120053771249104e+00,1.551422664951708280e-03,1.155787583657704332e-03,4.102969819888903119e-04,-1.092839968969060334e-03,8.355298950632916721e-01,3.038281222283898634e-04,1.596055383839046571e-03,1.907441000057211134e-03,6.465202108035077166e-04,7.242524211617824559e-01,7.372678163968391374e-01
2.480249999999907016e-08,1.168696024859758875e-01,-1.331534309515371994e-01,-9.659990466585055557e-02,1.425355846775467006e+00,1.882884764288745849e-01,2.358282197675376501e+00,1.386874985320549940e-03,9.110491983403545141e-05,1.172979786415756943e-03,3.382376580438922926e-04,8.311545544109751882e-01,9.837937968641097264e-02,1.425436263144993276e+00,-1.205423264406721984e-01,2.316237559146063774e+00,1.413444681604696324e-03,1.245617713270574627e-03,8.008906065020935403e-05,-1.369045654179402213e-03,8.318559099763226383e-01,-6.111848983649204037e-02,1.445894057454045090e+00,8.302158193928832475e-02,2.360289791284234884e+00,1.530783812879988118e-03,3.368032694532024744e-04,1.232260719665205246e-03,3.682964500131135775e-04,8.350043275761269701e-01,6.093488704564475889e-02,1.445281079220366305e+00,-1.284579987186691419e-01,2.345654460705063116e+00,1.559498686154551887e-03,1.249403854316192284e-03,3.329866420998690022e-04,-1.156606608444754559e-03,8.357272553378759516e-01,2.904951435498694633e-04,1.612396408819217510e-03,1.909603109917080380e-03,6.472551253798320683e-04,7.227699491584955727e-01,7.388304365860476342e-01
2.480749999999906921e-08,1.915736783285670874e-01,-1.210242824484324409e-01,-6.654180351820460082e-02,1.423372787626385971e+00,1.919791371403416491e-01,2.362847688354753561e+00,1.333016047354195453e-03,1.809480482280914453e-04,1.011853110358932988e-03,3.460177451468344307e-04,8.296586055356354183e-01,6.878687858815446532e-02,1.423427446038959321e+00,-1.155511241384750143e-01,2.319690740845101296e+00,1.356164789151396337e-03,1.092327163528319716e-03,1.633666988384050529e-04,-1.264293218050128835e-03,8.302912749889591604e-01,-7.198044166438499758e-02,1.446596702179893779e+00,1.159959956031810790e-01,2.357401101365184104e+00,1.537534372384774398e-03,2.730597579480582957e-04,1.307128645598609577e-03,5.101105959450226391e-04,8.351685830535057198e-01,7.186212426889726501e-02,1.445997833909240970e+00,-1.125875880853390854e-01,2.343258481881506317e+00,1.566719743959925403e-03,1.326475051159580832e-03,2.697340978534981887e-04,-1.189216489732763124e-03,8.359018479372566368e-01,2.819914938141972606e-04,1.626932901642819422e-03,1.913291456436016494e-03,6.484460851664734880e-04,7.213512589892356885e-01,7.402912473091940448e-01
2.481249999999906827e-08,2.513761269448866464e-01,-1.095353635685261118e-01,-3.419892765162635406e-02,1.421192928199601191e+00,1.904120824450936666e-01,2.368298914261931731e+00,1.294080374520285197e-03,3.429687417412229404e-04,8.349934749595414431e-04,3.860348578894098447e-04,8.285471542146755075e-01,3.679955550590019442e-02,1.421214186715326733e+00,-1.067283033657355773e-01,2.323633157044759034e+00,1.314770454404784461e-03,9.170243311497222344e-04,3.250141402115777969e-04,-1.123101075941082029e-03,8.291305906045493002e-01,-8.192589120313287232e-02,1.447471096796612677e+00,1.429686172230506536e-01,2.354387542255683030e+00,1.543016567754019065e-03,2.205012145851376992e-04,1.367758504894690027e-03,5.502372533254947743e-04,8.353007618443504256e-01,8.186284372282859323e-02,1.446904756835292627e+00,-9.975242870082912106e-02,2.340585922970303212e+00,1.572640785448045945e-03,1.389358166734532040e-03,2.176551313883555471e-04,-1.197060825294670935e-03,8.360431981513416488e-01,2.782572057756757034e-04,1.638072131548739532e-03,1.917737190138865027e-03,6.498675189502204057e-04,7.199911334537394403e-01,7.416421058560616064e-01
2.481749999999906732e-08,2.972930090751165766e-01,-1.002576976444324863e-01,-1.727149556795870566e-03,1.419544256614190481e+00,1.847100783509980637e-01,2.373830704108240042e+00,1.275806168504520222e-03,5.642325059384169358e-04,6.431609418379913203e-04,4.779049579397901784e-04,8.280156335766345466e-01,4.562769962481949548e-03,1.419563757147659810e+00,-9.176844239367909495e-02,2.326999296975819309e+00,1.295950277913263289e-03,7.156948068243383599e-04,5.589591080059443974e-04,-9.367278775310588232e-04,8.285875970473554064e-01,-9.127193632686170233e-02,1.448393517908682426e+00,1.628028436757911201e-01,2.351555869641856589e+00,1.547068570607580684e-03,1.765034322192568592e-04,1.417140526609460358e-03,5.248474182941736564e-04,8.353972321721149230e-01,9.125389090305180417e-02,1.447878371219566862e+00,-9.089575338186417497e-02,2.338388973220607792e+00,1.577042372507924534e-03,1.440773350278502828e-03,1.741048779908686871e-04,-1.191841641116067694e-03,8.361468418893170940e-01,2.798836580987228454e-04,1.643204385096364625e-03,1.922010049239982572e-03,6.512477439280565071e-04,7.186982205728316142e-01,7.428728290816759561e-01
2.482249999999906637e-08,3.310060966638039837e-01,-9.386378969949005224e-02,2.984485969966654828e-02,1.418899383215907140e+00,1.761739504710955195e-01,2.378756140926440388e+00,1.277035326456425843e-03,8.070035949143202110e-04,4.536660444147498487e-04,6.296284797849512668e-04,8.280507472735646468e-01,-2.696475683332422157e-02,1.418947707788722923e+00,-6.858819999333931605e-02,2.328786146451164107e+00,1.298117802621659780e-03,5.057733124781537554e-04,8.203688739036034839e-04,-7.051846666176793269e-04,8.286405749932814757e-01,-1.001192320209520759e-01,1.449268333221176208e+00,1.761977694612570922e-01,2.349113275524635114e+00,1.549699840125776324e-03,1.399894566619124989e-04,1.456438840304005852e-03,4.716147366168018176e-04,8.354583176375193210e-01,1.001395310074275624e-01,1.448814993263687789e+00,-8.579832757548677691e-02,2.337038716017686646e+00,1.579909339711411996e-03,1.481889260821202649e-03,1.379805981560263144e-04,-1.185951426261709716e-03,8.362129392761158408e-01,2.884186774470834315e-04,1.638963146578367074e-03,1.925342156220755108e-03,6.523754510147235751e-04,7.174945223187918497e-01,7.439704231320647398e-01
2.482749999999906542e-08,3.544458796608882523e-01,-9.031435272319843222e-02,6.017388473065810039e-02,1.419492329066245784e+00,1.662905092551518749e-01,2.382363218515735070e+00,1.293536220896810687e-03,1.039567393328735823e-03,2.899412237963638677e-04,8.239038060500104453e-04,8.285262299064901637e-01,-5.743680090107550207e-02,1.419572607194156788e+00,-3.718454767105860981e-02,2.328464325367395560e+00,1.316234328353445022e-03,3.183890586744685266e-04,1.067901720784528640e-03,-4.488658795902879814e-04,8.291489178339642718e-01,-1.083183788093733391e-01,1.450042253290870997e+00,1.847728400907682200e-01,2.347153621933353307e+00,1.550808762332278991e-03,1.106927133933144233e-04,1.485405600086282503e-03,4.139404345947533164e-04,8.354811216681969910e-01,1.083699145281544762e-01,1.449656641024627657e+00,-8.380657981375838617e-02,2.336523371367873025e+00,1.581161315124675684e-03,1.512555229883237292e-03,1.090130812224460269e-04,-1.188386563512428603e-03,8.362390230821961090e-01,3.065390518743239963e-04,1.621452912095378831e-03,1.927195534979730691e-03,6.531055809708780297e-04,7.164124575637944581e-01,7.449176652678035637e-01
2.483249999999906447e-08,3.654423322034043853e-01,-8.923987568466529297e-02,8.879539599966834729e-02,1.421343484611182539e+00,1.564003195130290180e-01,2.383891848836058092e+00,1.320878577886125827e-03,1.238543590120675351e-03,1.681250695997058074e-04,1.022781626077824517e-03,8.293053411346709147e-01,-8.635192716667172697e-02,1.421462742343314378e+00,-4.557144134391677426e-04,2.326161229559811527e+00,1.345702778785332282e-03,1.782527699789999390e-04,1.272913068804830622e-03,-2.023625693281441023e-04,8.299715595780681188e-01,-1.155556145089051689e-01,1.450695261561319560e+00,1.902746244988957613e-01,2.345695808142523209e+00,1.550080099788881706e-03,8.828757465364543244e-05,1.503595606960495250e-03,3.629476762321278771e-04,8.354572481152100494e-01,1.156308686324931667e-01,1.450382548341516920e+00,-8.423121275282596798e-02,2.336650296415851091e+00,1.580496352659157330e-03,1.532367532303586816e-03,8.685993252456885184e-05,-1.203009396464641174e-03,8.362168993338768841e-01,3.378371809529536959e-04,1.586797433545083548e-03,1.927279343070941722e-03,6.533461702247582957e-04,7.154931949384777390e-01,7.456907916334130082e-01
2.483749999999906353e-08,3.536388305106730190e-01,-9.017035640872483881e-02,1.142995006813898318e-01,1.424073286465163513e+00,1.474628227122645185e-01,2.382927528528985484e+00,1.353747188287891768e-03,1.383379592615079307e-03,9.165410371937950736e-05,1.188986515336006239e-03,8.302337232443016690e-01,-1.123005837477539792e-01,1.424234696158374502e+00,3.713370067236310135e-02,2.322457201759418055e+00,1.380661193374244393e-03,9.251881079404950491e-05,1.413039432848551538e-03,2.471705826033888248e-06,8.309409608964563043e-01,-1.214267951127698808e-01,1.451225433799768538e+00,1.941360721723492944e-01,2.344721789791854416e+00,1.547093303932289528e-03,7.211234528985699930e-05,1.510820962965889712e-03,3.223593141808043464e-04,8.353759217446423690e-01,1.215182433073727086e-01,1.450992527014687727e+00,-8.646805760125086948e-02,2.337208318374502269e+00,1.577486822255101152e-03,1.541143841056478178e-03,7.084905360014908467e-05,-1.229177215184191346e-03,8.361356100258494628e-01,3.860644035083714461e-04,1.532225569963581229e-03,1.925733856102248122e-03,6.531147457778205701e-04,7.147846176648995353e-01,7.462580259301374586e-01
2.484249999999906258e-08,3.070912572892838810e-01,-9.262596444045678723e-02,1.339713560508482004e-01,1.426854509988035646e+00,1.401552708160185290e-01,2.379957026153142419e+00,1.384842365442074015e-03,1.458401394005122377e-03,5.144385319947524464e-05,1.303121974759358700e-03,8.311138708968091038e-01,-1.325905966935776448e-01,1.427035534886805124e+00,7.153489928042544577e-02,2.318235916163803090e+00,1.412801404437635279e-03,4.972735672635650268e-05,1.477014130648380370e-03,1.475807601291064073e-04,8.318391213008765606e-01,-1.254834000643034742e-01,1.451632824958994927e+00,1.973239680699800935e-01,2.344207539889622716e+00,1.541454129683117371e-03,6.135670803452269474e-05,1.507161031733243338e-03,2.921981827158776079e-04,8.352271879527158882e-01,1.255846277250594056e-01,1.451488761612520939e+00,-8.999682182592794177e-02,2.338044159086165585e+00,1.571717468890626015e-03,1.538961890555482371e-03,6.016409625614587141e-05,-1.263318494138070125e-03,8.359847308618159056e-01,4.538808717811630851e-04,1.457230414543963723e-03,1.923257250697674257e-03,6.525887151419009456e-04,7.143364838617183299e-01,7.465812621939924565e-01
2.484749999999906163e-08,2.254299954218383917e-01,-9.613867199173453670e-02,1.445604777563023191e-01,1.428719451951289798e+00,1.347729734209401897e-01,2.376349669338336579e+00,1.406289454523774757e-03,1.460723754552600666e-03,3.354290420002186817e-05,1.364812900278752341e-03,8.317405887028854750e-01,-1.439505571498633785e-01,1.428875123552258319e+00,1.002690389713563057e-01,2.314532840747673959e+00,1.433734489152954129e-03,3.184956499572507728e-05,1.470326028424894047e-03,2.329876138142645365e-04,8.324508461915145485e-01,-1.272814123343768422e-01,1.451908897547084187e+00,2.003475387002904284e-01,2.344139508356059665e+00,1.532885331698011179e-03,5.534102405075566757e-05,1.492938801055541422e-03,2.710854715111057781e-04,8.350038982338697791e-01,1.273873630813244784e-01,1.451863571801235153e+00,-9.434593985803774174e-02,2.339079316736262903e+00,1.562883524478323556e-03,1.526124071578571642e-03,5.412111971402012235e-05,-1.300300046537638653e-03,8.357565099423223121e-01,5.415046591697758897e-04,1.364164726109265771e-03,1.920944767509331430e-03,6.520727995478964919e-04,7.141927567180230696e-01,7.466219499487602995e-01
2.485249999999906068e-08,1.227755109775796605e-01,-1.002494541073546408e-01,1.438560150521950298e-01,1.428947911292141715e+00,1.309811094800732434e-01,2.373563363882214450e+00,1.412746833652764756e-03,1.403559483986827148e-03,2.812688217376327032e-05,1.382679488961999084e-03,8.319723612652765166e-01,-1.440760233533282531e-01,1.429042650883973753e+00,1.225293132862543821e-01,2.312178877689428980e+00,1.438496157843555980e-03,2.698884312938171361e-05,1.411754091546114096e-03,2.730744573115612812e-04,8.326423183578418596e-01,-1.264466239402606274e-01,1.452034850159431567e+00,2.033423216736096606e-01,2.344517701507919938e+00,1.521313966284967454e-03,5.376863356121356724e-05,1.468751786835216034e-03,2.573361853467826172e-04,8.347037406041335483e-01,1.265534585436576265e-01,1.452096420994565484e+00,-9.906207467426808577e-02,2.340296682731909605e+00,1.550885091942410827e-03,1.503181552695295915e-03,5.241017653441999100e-05,-1.334461028932202881e-03,8.354480395908476797e-01,6.460103059993669346e-04,1.257965091831542799e-03,1.919887198712741687e-03,6.518885332797290681e-04,7.143831851300159741e-01,7.463498867119802149e-01
2.485749999999905974e-08,1.768943476669426751e-02,-1.045046560848574835e-01,1.317683152509359079e-01,1.427270139329926302e+00,1.279677463729775866e-01,2.372437420895671334e+00,1.403573338160071533e-03,1.309500053811785657e-03,3.260479647337920835e-05,1.365475321170077621e-03,8.317843290646564913e-01,-1.327558170469842480e-01,1.427295455357714848e+00,1.386236935822537930e-01,2.311534718721937942e+00,1.427179407640998855e-03,3.226065245818421384e-05,1.323183522151197842e-03,2.863392732967396607e-04,8.324029533541010828e-01,-1.227466783316375487e-01,1.451987220560721603e+00,2.061794849335356616e-01,2.345347004628616450e+00,1.506965180526298421e-03,5.693839155443580253e-05,1.435457291305180291e-03,2.495360583997606311e-04,8.343315499780106226e-01,1.228510467271353157e-01,1.452159395637558692e+00,-1.036955637488090609e-01,2.341713980749630331e+00,1.535930835526133978e-03,1.470943631180991534e-03,5.530415916956875832e-05,-1.360445555140835268e-03,8.350638050126102385e-01,7.618012937214222857e-04,1.145034920173762343e-03,1.920747620490402541e-03,6.522436128423086347e-04,7.149170518055794066e-01,7.457516087281963468e-01
2.486249999999905879e-08,-7.707166422508060499e-02,-1.084608596773479761e-01,1.101752858531017676e-01,1.423922562821728466e+00,1.247798018835291067e-01,2.373108758719613576e+00,1.383149152063506719e-03,1.199542741320384909e-03,5.282593043295884515e-05,1.319887430832197882e-03,8.312824038690076467e-01,-1.117823159703821290e-01,1.423886428490913403e+00,1.493395438920650520e-01,2.312519184522696225e+00,1.404797063346837488e-03,5.413231398853418430e-05,1.220873522919045879e-03,2.888684235353179415e-04,8.318516136118351278e-01,-1.161462505539914147e-01,1.451747304434355401e+00,2.085815609221501887e-01,2.346624021934193394e+00,1.490422312314106362e-03,6.598279553248184216e-05,1.393979031983209752e-03,2.467732959782207637e-04,8.339009341437966238e-01,1.162448155148851914e-01,1.452027619678496695e+00,-1.078019735277080393e-01,2.343355767718709792e+00,1.518609533767104709e-03,1.430332609647724535e-03,6.389690179011461423e-05,-1.373882502822803241e-03,8.346175526190441341e-01,8.819845938062084592e-04,1.031771554023899144e-03,1.923541308215990456e-03,6.531539505388461600e-04,7.157814101671324813e-01,7.448350225976287931e-01
2.486749999999905784e-08,-1.569295211369885479e-01,-1.116957439687822351e-01,8.201389820840576661e-02,1.419579976286786893e+00,1.203969437265777209e-01,2.375214381723217194e+00,1.359812037917099538e-03,1.083700607538288065e-03,1.084758368546511625e-04,1.249482261585302357e-03,8.306826441867429800e-01,-8.407989281508010393e-02,1.419502858787251354e+00,1.555365515027991030e-01,2.314771802480467322e+00,1.380341317015443400e-03,1.131629670135934662e-04,1.108684616575464051e-03,2.952953839641843381e-04,8.312186141610347079e-01,-1.068262317487098656e-01,1.451310882123351798e+00,2.102248453697064257e-01,2.348324840438902328e+00,1.472631769213742468e-03,8.312189419191207671e-05,1.344899285884536191e-03,2.489221423511187394e-04,8.334348197934293712e-01,1.069158018603200144e-01,1.451690701947769835e+00,-1.109488445856912087e-01,2.345230804462351770e+00,1.499902603833866595e-03,1.382013638970140982e-03,8.038154301273837303e-05,-1.371718582562167412e-03,8.341330088498785100e-01,9.998644406353971413e-04,9.234139105582944446e-04,1.927697632788484506e-03,6.544535100576347360e-04,7.169441378374550311e-01,7.436289006642511357e-01
2.487249999999905689e-08,-2.219090061087867216e-01,-1.138135833677109687e-01,5.041542042322166850e-02,1.415192797278884251e+00,1.133834296939952857e-01,2.378065064207082635e+00,1.344109591213900768e-03,9.557578462274524816e-04,2.357410281864346095e-04,1.150783150083904346e-03,8.302695706460037073e-01,-5.280607617797095088e-02,1.415103863866011835e+00,1.579250197001664802e-01,2.317809645500146676e+00,1.364789665645277546e-03,2.426429966190699842e-04,9.754041749697391376e-04,3.241761327826795671e-04,8.308001777576125013e-01,-9.516183592832594407e-02,1.450694916320269368e+00,2.108142468745590747e-01,2.350398688740927611e+00,1.454844001771178749e-03,1.117865458075903846e-04,1.287990730994579679e-03,2.568664161187658181e-04,8.329645801290669338e-01,9.524032747096922158e-02,1.451161094122303652e+00,-1.127125862124001010e-01,2.347317304318579545e+00,1.481128527575614013e-03,1.325902912359712199e-03,1.082432630622587441e-04,-1.352014608485949902e-03,8.336430505961233139e-01,1.109962066271919087e-03,8.235130866762102641e-04,1.932298213216486612e-03,6.558652495671339362e-04,7.183600937619423199e-01,7.421781891794783093e-01
2.487749999999905594e-08,-2.730095511514876172e-01,-1.144322981130283523e-01,1.795273793253659989e-02,1.411760334688645591e+00,1.013621531920767538e-01,2.380726706966521444e+00,1.344869288366269504e-03,8.007516438211081250e-04,4.554706415005272606e-04,1.010536457514791707e-03,8.302875493999409828e-01,-2.054835164476775944e-02,1.411657808460334840e+00,1.570585252458709391e-01,2.321153202924211900e+00,1.366349686262434892e-03,4.549906108002781460e-04,8.080585664360129565e-04,4.008388386550931120e-04,8.308333403431036324e-01,-8.166595762984485418e-02,1.449938155359989045e+00,2.101203645209870352e-01,2.352768363429618148e+00,1.438502400185942250e-03,1.561917516318985085e-04,1.222033112554051339e-03,2.727862311378366402e-04,8.325280799613484772e-01,8.173371068666446249e-02,1.450475566093776036e+00,-1.126524335651257758e-01,2.349554575003015788e+00,1.463830558168214288e-03,1.260865516722978977e-03,1.519502759812791509e-04,-1.313250055475518891e-03,8.331876733147508540e-01,1.208485556756052530e-03,7.339448522891223528e-04,1.936385220286624981e-03,6.571007902505769790e-04,7.199780408998248671e-01,7.405372851199718554e-01
2.488249999999905500e-08,-3.115004421396826428e-01,-1.131490046157570539e-01,-1.398211252312320241e-02,1.409951947225352997e+00,8.119366989971732451e-02,2.382105585055523278e+00,1.363374919866520074e-03,6.178254630576474711e-04,7.323345898396488697e-04,8.138453275840548239e-04,8.307769238885759355e-01,1.129077965963776187e-02,1.409790448619736125e+00,1.536517509487551614e-01,2.324357350402237898e+00,1.385546025636889399e-03,7.179334008978201752e-04,6.147657436370472040e-04,5.483639311664633342e-04,8.313448248616163161e-01,-6.690713585273266872e-02,1.449093413864819491e+00,2.079894011183975877e-01,2.355337296332016717e+00,1.425046574950923151e-03,2.199584419962075349e-04,1.145318578692558270e-03,3.001612421933953453e-04,8.321650326065272996e-01,6.696725361717903446e-02,1.449687289538414525e+00,-1.102662064899719851e-01,2.351838074096579856e+00,1.449568292205868913e-03,1.185046279609400883e-03,2.156189425373428463e-04,-1.253578828456599747e-03,8.328090065390214569e-01,1.293489381092209102e-03,6.552510734660071815e-04,1.939276138782164774e-03,6.579623500295922250e-04,7.217465362259221084e-01,7.387632968597943606e-01
2.488749999999905405e-08,-3.392901204798712822e-01,-1.095004288648078195e-01,-4.494634836764377361e-02,1.409917372002932101e+00,5.073964589297030869e-02,2.381308820289021799e+00,1.394273940955980578e-03,4.302870324354541795e-04,1.013032872855059363e-03,5.613951545185612638e-04,8.315957842605234962e-01,4.227501188999172044e-02,1.409688150548516150e+00,1.488017415005815636e-01,2.326904883372109989e+00,1.417644757174807901e-03,9.901693648042312560e-04,4.233791169551523632e-04,7.642093565282949115e-04,8.321985256027714106e-01,-5.141673633047028069e-02,1.448214468165078816e+00,2.043428745223510035e-01,2.357999293343893132e+00,1.415528690903867202e-03,3.042210025739158254e-04,1.056837431311352660e-03,3.433355284073983543e-04,8.319056647992216780e-01,5.147338813594859452e-02,1.448851147390983307e+00,-1.049572458874798997e-01,2.354016380639997408e+00,1.439493946980230149e-03,1.096996046111884532e-03,3.008886835037700449e-04,-1.170588767980109161e-03,8.325391757065010445e-01,1.364812465574185077e-03,5.870322335076612590e-04,1.940680557609757379e-03,6.583697809478246486e-04,7.236178695378454595e-01,7.369104544459001982e-01
2.489249999999905310e-08,-3.562554087107797640e-01,-1.029523826740295078e-01,-7.463420819393196126e-02,1.411556902193587426e+00,1.097344541690681297e-02,2.378107932325588703e+00,1.432267657042587527e-03,2.682974958455533877e-04,1.264623549360703939e-03,2.775418386474547226e-04,8.325930183773837534e-01,7.210678924951086088e-02,1.411296747487025716e+00,1.435674689281429828e-01,2.328115714064836084e+00,1.457688719190552984e-03,1.240226492050213814e-03,2.616940499583671198e-04,1.008738484667987510e-03,8.332451410848363826e-01,-3.561604253193961789e-02,1.447346210083515938e+00,1.991719502447395485e-01,2.360646107610282929e+00,1.410255733441228773e-03,4.067287823646539369e-04,9.573855650697502646e-04,4.061795972975483916e-04,8.317598373640102682e-01,3.567152254208827422e-02,1.448012049998415929e+00,-9.606064192629837351e-02,2.355897269845020237e+00,1.433944807426636115e-03,9.969999418948554456e-04,4.056367795432192186e-04,-1.061779031292584517e-03,8.323885615646237079e-01,1.423603181306519559e-03,5.282414508101388254e-04,1.940573928039876625e-03,6.583142072842503240e-04,7.255500343382064177e-01,7.350262135007514797e-01
2.489749999999905215e-08,-3.547179188354920853e-01,-9.295091435380209433e-02,-1.019779945593917159e-01,1.414591123153229546e+00,-3.404667447626819055e-02,2.372892347404775393e+00,1.472451627462570455e-03,1.519322377075568123e-04,1.460290159546327043e-03,4.691083654231816046e-06,8.336227426880932212e-01,9.972788016748612705e-02,1.414342405728077789e+00,1.385387851042776397e-01,2.327290364266476175e+00,1.500245637439378285e-03,1.439788268753019844e-03,1.470131105552849077e-04,1.228599372140758237e-03,8.343301224019797901e-01,-1.979624716520755889e-02,1.446524731230562910e+00,1.924996025925902465e-01,2.363166876912841552e+00,1.408881322836235675e-03,5.227300285114157806e-04,8.497754597187588167e-04,4.900678077742307058e-04,8.317194164032226666e-01,1.984960353810216738e-02,1.447205068480153844e+00,-8.295979336158021411e-02,2.357276437695049687e+00,1.432532858394062678e-03,8.876236036754042973e-04,5.248084115381301601e-04,-9.252712328114240815e-04,8.323481996497802404e-01,1.471486366807277192e-03,4.775423635595381225e-04,1.939074992508872013e-03,6.578336027970164328e-04,7.275072390194865513e-01,7.331494504974993554e-01
2.490249999999905120e-08,-3.215049802290596004e-01,-7.903477763126298683e-02,-1.244949825345780248e-01,1.418432882799312678e+00,-7.886759463466885833e-02,2.366497848736774934e+00,1.506516505317020711e-03,8.404841637469744877e-05,1.574380464289827511e-03,-2.044799516454053057e-04,8.344654177311391363e-01,1.226972187777539691e-01,1.418241669440346797e+00,1.342795242045768944e-01,2.324263284059085333e+00,1.536649372369802919e-03,1.564686855611147065e-03,8.053724398451082248e-05,1.387877530514343427e-03,8.352269431639287589e-01,-4.156170934159542085e-03,1.445783875875045421e+00,1.842842614962201253e-01,2.365438954276105399e+00,1.410834028381067378e-03,6.465122273058670739e-04,7.382267962909148549e-04,5.919647233692587520e-04,8.317698166396015891e-01,4.204475926705475430e-03,1.446464223904265989e+00,-6.526124989250225994e-02,2.357989515315511930e+00,1.434627009413911658e-03,7.731991105626699352e-04,6.522543646404805771e-04,-7.599674188228062533e-04,8.324023200267329781e-01,1.509929961225674709e-03,4.337949202642921664e-04,1.936421430030959212e-03,6.570118506417783584e-04,7.294594675687513519e-01,7.313106856969666669e-01
2.490749999999905026e-08,-2.509059678473672950e-01,-6.096134328572500038e-02,-1.387626717710195301e-01,1.422262379724942294e+00,-1.185631202485972757e-01,2.360309865007532260e+00,1.523456498896967213e-03,5.175929644508246101e-05,1.595954856373831780e-03,-3.202351389529060790e-04,8.348538819023335611e-01,1.376304720489924804e-01,1.422159492704769601e+00,1.315190751106301015e-01,2.320071278175070084e+00,1.555396866019243419e-03,1.604137288607629603e-03,4.881339670914794859e-05,1.479723102694640831e-03,8.356567502236820211e-01,1.113393140431662154e-02,1.445160528782226894e+00,1.742917203589282593e-01,2.367314535914536666e+00,1.415612690303093236e-03,7.723011434319267945e-04,6.275998873890875109e-04,7.040916812807919856e-04,8.318977193475546317e-01,-1.109309759729182332e-02,1.445829133256425481e+00,-4.293331297853564266e-02,2.357959078285541743e+00,1.439687612846753638e-03,6.589039589455023948e-04,7.818231376739703808e-04,-5.650715497974662322e-04,8.325367715600070495e-01,1.540288096119618892e-03,3.963500165700769738e-04,1.933018142319003910e-03,6.559777857838809678e-04,7.313816494856093531e-01,7.295332222883028628e-01
2.491249999999904931e-08,-1.528541078149201482e-01,-3.879431279993816872e-02,-1.420108860805349149e-01,1.425255769011107176e+00,-1.502934415757217756e-01,2.355883115209560508e+00,1.515159917185071028e-03,4.002427390712979437e-05,1.537185686030031551e-03,-3.608726393701222048e-04,8.345999283061064089e-01,1.417219897906112358e-01,1.425242232886095861e+00,1.302876005897997125e-01,2.316525538131777751e+00,1.547691755202686105e-03,1.566653334306896284e-03,3.686534819555261836e-05,1.515280016209549037e-03,8.354176308105839555e-01,2.588368054536793750e-02,1.444695224112431120e+00,1.620608263516984948e-01,2.368611296193901428e+00,1.422781927935649025e-03,8.945254418154397749e-04,5.227675768297157652e-04,8.153499725689260453e-04,8.320907899267516727e-01,-2.585011072462228832e-02,1.445345135576137530e+00,-1.635460754434348019e-02,2.357200381227074537e+00,1.447256744616256087e-03,5.499887132386804172e-04,9.076246355086774707e-04,-3.408633640791178254e-04,8.327386659748298170e-01,1.564275875348726617e-03,3.649495531704472656e-04,1.929518371937622703e-03,6.549171640212629120e-04,7.332530658208327168e-01,7.278334881675838641e-01
2.491749999999904836e-08,-4.607980375064713030e-02,-1.298573944113101675e-02,-1.334865214213283302e-01,1.426832577085764608e+00,-1.733401247441084259e-01,2.354173374044601807e+00,1.481364399135428906e-03,4.198086558167639755e-05,1.424278988733179490e-03,-3.622015879947592569e-04,8.336957290583715263e-01,1.340785864898041968e-01,1.426886770914788993e+00,1.296643710294520524e-01,2.314904196181902130e+00,1.512851665496791741e-03,1.473516675220575868e-03,3.760419041628323327e-05,1.505230796804257970e-03,8.344944854389722000e-01,3.987579595792944964e-02,1.444429490463426724e+00,1.471883881372102465e-01,2.369119216994064470e+00,1.431832093888939878e-03,1.008099520704327460e-03,4.279788929424495022e-04,9.136783079424404437e-04,8.323341782048455650e-01,-3.984480640969256804e-02,1.445059339154066702e+00,1.363445395041207320e-02,2.355777095794155951e+00,1.456800543458685454e-03,4.510850085111588409e-04,1.024299065998589622e-03,-9.464351650800855885e-05,8.329925840116362279e-01,1.584019193546579250e-03,3.394242229096543933e-04,1.926749060572465182e-03,6.540582660814431249e-04,7.350570590580651764e-01,7.262199452496340690e-01
2.492249999999904741e-08,5.381617548700834419e-02,1.542431880109296216e-02,-1.145945028866948157e-01,1.426797151117208839e+00,-1.881192513696046120e-01,2.355328462411851120e+00,1.429539953711146802e-03,6.076771189042981400e-05,1.282941804661315776e-03,-3.507133653543316422e-04,8.323112545549798957e-01,1.159527822354988746e-01,1.426886504342438133e+00,1.283974999220593993e-01,2.315498013007824873e+00,1.458517672136382028e-03,1.347705819216588703e-03,5.340367081653226279e-05,1.454724144160319870e-03,8.330609437492393354e-01,5.290932844556350823e-02,1.444401393100727127e+00,1.300715996409960162e-01,2.368650014774325463e+00,1.442114242945988830e-03,1.109109966425278395e-03,3.461122193764110079e-04,9.884838839205006659e-04,8.326094226363007778e-01,-5.287032102402422495e-02,1.445014059858695576e+00,4.551250026309050511e-02,2.353734379934510734e+00,1.467633264738459759e-03,3.654098512048253996e-04,1.127735909312562682e-03,1.476773918706239790e-04,8.332792799892074775e-01,1.601319199445314567e-03,3.194954446811153247e-04,1.925394245515220544e-03,6.535957217463863765e-04,7.367804354341411788e-01,7.246923013326318497e-01
2.492749999999904647e-08,1.395683505941081037e-01,4.451545696396586038e-02,-8.810254011000551166e-02,1.425386519570758459e+00,-1.955495228795274265e-01,2.358908902772232530e+00,1.371627004481110624e-03,1.116980936789077573e-04,1.128725236973515808e-03,-3.435992360630901244e-04,8.307339238873723275e-01,9.004546989113348943e-02,1.425472789230159298e+00,1.253073885568758428e-01,2.317943653662922099e+00,1.397234236058024926e-03,1.204606444523948676e-03,9.868411059193856686e-05,1.367705980382704148e-03,8.314162552984213361e-01,6.489002408591471038e-02,1.444634339895828790e+00,1.125639783389442705e-01,2.367185931445012770e+00,1.452910925112313543e-03,1.195751949958230673e-03,2.779679861545161779e-04,1.033183253342215930e-03,8.328967916601328625e-01,-6.482725610123329929e-02,1.445232125634763776e+00,7.681460101280546127e-02,2.351079104190070712e+00,1.478985843900043314e-03,2.939792237368163311e-04,1.216074733904603470e-03,3.398226488520702041e-04,8.335780088227754403e-01,1.616831172192926365e-03,3.048266343935331058e-04,1.925671675391766712e-03,6.536013216150698274e-04,7.384119702939269114e-01,7.232437136846436854e-01
2.493249999999904552e-08,2.099652287745181756e-01,7.157809390324487708e-02,-5.719259588241176751e-02,1.423201773017622518e+00,-1.967695915077114499e-01,2.364125093254933141e+00,1.320631757643366076e-03,2.211806251776090291e-04,9.629209492922990955e-04,-3.567275461660019526e-04,8.293063167825358573e-01,5.956738086910196017e-02,1.423254707581956158e+00,1.191738208007993016e-01,2.321512815744251945e+00,1.342934828766882433e-03,1.045572548195136241e-03,2.025002232787342764e-04,1.245853934604548158e-03,8.299224025450288034e-01,7.591993386276119082e-02,1.445109111083719533e+00,9.730195865694968305e-02,2.365102519734310960e+00,1.463536595113273421e-03,1.268708152532692325e-03,2.221130536791478163e-04,1.047807906940575583e-03,8.331778386794906899e-01,-7.581867979752310305e-02,1.445686857960327476e+00,1.044983808217567756e-01,2.347891765387160934e+00,1.490121467378092458e-03,2.353907571399553676e-04,1.290144925724022191e-03,4.448505893923605445e-04,8.338694017679277870e-01,1.629823978159207791e-03,2.952364914176271757e-04,1.927245676428570231e-03,6.539892494799536254e-04,7.399402955135572224e-01,7.218668049298211375e-01
2.493749999999904457e-08,2.657160518154182416e-01,9.403406902752564633e-02,-2.468370591422508475e-02,1.421024643861872327e+00,-1.929485085987008297e-01,2.370098817538075053e+00,1.286853514866112113e-03,4.031271534619721656e-04,7.801943783537916609e-04,-4.093240791669960107e-04,8.283358321366712795e-01,2.738679065854876526e-02,1.421047723525736162e+00,1.082836309587138501e-01,2.325260012237788221e+00,1.307174588473685502e-03,8.619022731263003331e-04,3.882436996714517196e-04,1.084470242183177731e-03,8.289121278846998120e-01,8.624539539462228177e-02,1.445749455390051841e+00,8.600666367796039324e-02,2.363076882337879603e+00,1.473419885041000457e-03,1.329991705735498455e-03,1.760922523509124177e-04,1.040640665472233970e-03,8.334376131916982899e-01,-8.610094032323778457e-02,1.446293164204681680e+00,1.262291879461323596e-01,2.344455706968338937e+00,1.500451318261578851e-03,1.870650021735879821e-04,1.352249972167732196e-03,4.670886112534909087e-04,8.341382252615197057e-01,1.638390579656198243e-03,2.909438363805203387e-04,1.929383089984173551e-03,6.545527523308839824e-04,7.413525120536990087e-01,7.205609460276083400e-01
2.494249999999904362e-08,3.079720559932840329e-01,1.105843496890739353e-01,7.598878649288876019e-03,1.419539574911209634e+00,-1.853189645526089890e-01,2.376062172391897320e+00,1.273986335388952243e-03,6.343176830592219418e-04,5.861286955338944728e-04,-5.191612608998457529e-04,8.279604846488817227e-01,-4.710500466317268931e-03,1.419569636642803001e+00,9.038412447865162846e-02,2.328119856219005968e+00,1.294252101915334538e-03,6.549122933200838322e-04,6.359421683887609604e-04,8.769414058413805809e-04,8.285348393051705784e-01,9.603557934590667422e-02,1.446460128514585719e+00,7.887165424387232449e-02,2.361594635099990569e+00,1.482216642460814542e-03,1.380944311948644051e-03,1.381890824048790777e-04,1.025387130493852703e-03,8.336681087567050508e-01,-9.585642392206095153e-02,1.446954588619705939e+00,1.414294094917361022e-01,2.341164321334207266e+00,1.509649714912827349e-03,1.471527504475328408e-04,1.403932944169028431e-03,4.391288959071102727e-04,8.343767100654756463e-01,1.639700419034446259e-03,2.928461833282988659e-04,1.931223250170810857e-03,6.550436231802110034e-04,7.426341533515041782e-01,7.193364872807097576e-01
2.494749999999904267e-08,3.386395891345849174e-01,1.215083106484433628e-01,3.888946241946333870e-02,1.419157117571054227e+00,-1.753503770468305412e-01,2.381339099199318632e+00,1.279637488860820233e-03,8.769574041812540442e-04,4.014458385663652209e-04,-6.881570816216282978e-04,8.281240656145074652e-01,-3.601648746481789232e-02,1.419215948879007705e+00,6.388555727420675012e-02,2.329173862196687317e+00,1.301051184560732266e-03,4.478873523326249383e-04,8.983479892664845631e-04,6.292185745314119935e-04,8.287207512896771489e-01,1.052335790942096061e-01,1.447170289053464343e+00,7.525276060526131516e-02,2.360738362207275287e+00,1.489814658357142569e-03,1.421614581637169281e-03,1.077129945469696559e-04,1.014849056173153111e-03,8.338679391666899976e-01,-1.050363963508749165e-01,1.447605070766968538e+00,1.510804422909814981e-01,2.338313202437652727e+00,1.517604293896367617e-03,1.149382175322152935e-04,1.445192851259832680e-03,3.922241054808544561e-04,8.345832577731134849e-01,1.630131627991747087e-03,3.028146318782578791e-04,1.931949517780849526e-03,6.552195709530611589e-04,7.437688467792651359e-01,7.182148462501469766e-01
2.495249999999904173e-08,3.590990227763378728e-01,1.280803636549845415e-01,6.889198214401281994e-02,1.420073646710445558e+00,-1.646274051838427788e-01,2.385165156273341580e+00,1.299504541243536471e-03,1.102417845751025270e-03,2.484996924427513112e-04,-8.915664068374746197e-04,8.286950157718885324e-01,-6.621058013927783037e-02,1.420164752211869219e+00,2.969964220098608720e-02,2.328051142156943421e+00,1.322678184690077559e-03,2.719147300340597870e-04,1.138384820497282193e-03,3.677169748746166077e-04,8.293278785728037672e-01,1.135909086999999928e-01,1.447838322583420378e+00,7.435926467851539101e-02,2.360376844646835615e+00,1.496173499281478522e-03,1.451682521097642830e-03,8.419995209114894668e-05,1.016711413450776223e-03,8.340373276983090722e-01,-1.133936815603941994e-01,1.448206303559491648e+00,1.568516903784842320e-01,2.336022118618815924e+00,1.524236524848041757e-03,9.000411775737543908e-05,1.475545516662163121e-03,3.449361807846623110e-04,8.347572491803768591e-01,1.605530125672377430e-03,3.237928999637157933e-04,1.930844641000207043e-03,6.548511023909602078e-04,7.447360824603952434e-01,7.172274329519841007e-01
2.495749999999904078e-08,3.650179387819546539e-01,1.318368582096285380e-01,9.693582740036577050e-02,1.422225416555077171e+00,-1.544066112893918152e-01,2.386751682538974073e+00,1.329097736975294814e-03,1.288234000016507275e-03,1.401237328586115512e-04,-1.088302251859990955e-03,8.295362391590805906e-01,-9.459061202923213507e-02,1.422360684822724597e+00,-8.518352498257719674e-03,2.325006978796662960e+00,1.354495899423010293e-03,1.474893432283222797e-04,1.328698042227990320e-03,1.285821201322056391e-04,8.302142205934281982e-01,1.207476590855827148e-01,1.448441239953843995e+00,7.552872286430512005e-02,2.360342643061517087e+00,1.501237452151703115e-03,1.471194660020910209e-03,6.694186788764862426e-05,1.033266766841215659e-03,8.341759179912839883e-01,-1.205666693629481312e-01,1.448735233876909501e+00,1.603924248596260149e-01,2.334283059686598882e+00,1.529449966160937712e-03,7.167545024829119981e-05,1.494951402425313131e-03,3.052247175018557167e-04,8.348975006372355567e-01,1.562037856563018925e-03,3.594431228780148183e-04,1.927489457354394052e-03,6.537832170732811284e-04,7.455082637693193348e-01,7.164148588025380793e-01
2.496249999999903983e-08,3.443734744622846122e-01,1.341219332990806201e-01,1.212148568017943351e-01,1.425088139572086465e+00,-1.454621322981961562e-01,2.385806638698277915e+00,1.362494160350005310e-03,1.414455205326450079e-03,7.574462650729219709e-05,-1.243512898484953324e-03,8.304789655096078693e-01,-1.193612393824081686e-01,1.425267360031813757e+00,-4.609677472852080626e-02,2.320735947250629483e+00,1.389819735459863403e-03,7.598098763238837544e-05,1.448596922273618498e-03,-5.887514622385085251e-05,8.311940387746438175e-01,1.262806643198381984e-01,1.448963882491522526e+00,7.825091493363967032e-02,2.360507659759658594e+00,1.504963894447862351e-03,1.480606517764678116e-03,5.503643764594582971e-05,1.063126113494011239e-03,8.342835203123366572e-01,-1.261304637249798244e-01,1.449174857367218738e+00,1.629954583236368215e-01,2.333033750128312711e+00,1.533178584382528537e-03,5.904431118237245810e-05,1.503870812547928497e-03,2.751276708805567390e-04,8.350033403962755507e-01,1.497423556108415724e-03,4.132372293246236363e-04,1.922085279389457125e-03,6.520455082403785706e-04,7.460497747342462738e-01,7.158244920450820281e-01
2.496749999999903888e-08,2.872569085978629033e-01,1.359177081474127746e-01,1.387069062434918010e-01,1.427730123011678565e+00,-1.382742019508169662e-01,2.383048889642850110e+00,1.391796917859372106e-03,1.468091559405226929e-03,4.361498874181021383e-05,-1.342709013488677062e-03,8.313123033810024820e-01,-1.375211097587700770e-01,1.427922055768355625e+00,-7.926946668652989914e-02,2.316268214835747408e+00,1.419770233431037624e-03,4.222259644417069473e-05,1.491008617664108925e-03,-1.822624937789954860e-04,8.320367805638460013e-01,1.297397643662119293e-01,1.449389652015808938e+00,8.212004926753646572e-02,2.360796830561988191e+00,1.507322817802276812e-03,1.480599263541811832e-03,4.764515523642617341e-05,1.102904141312953347e-03,8.343596906798583790e-01,-1.296331415147322641e-01,1.449507028562641686e+00,1.655187843878902498e-01,2.332205276328380705e+00,1.535387830341244366e-03,5.124766544711951245e-05,1.503035080145615626e-03,2.540925682458912926e-04,8.350742550831158351e-01,1.412216447166507157e-03,4.871266505063491970e-04,1.915563199028784023e-03,6.498987392863448060e-04,7.463201187634203038e-01,7.155046294053932776e-01
2.497249999999903793e-08,1.977985819538785606e-01,1.378361492701642987e-01,1.462766568185458471e-01,1.429196147783975857e+00,-1.329340551173685547e-01,2.379929565777244349e+00,1.409384499871305660e-03,1.450982996853131691e-03,3.016651379381932765e-05,-1.389130997426605424e-03,8.318378558695797009e-01,-1.458944998203555166e-01,1.429351680670633673e+00,-1.060989716508173863e-01,2.312708898991802542e+00,1.436457036142901314e-03,2.895655003810570136e-05,1.466195817516346717e-03,-2.487638661100871227e-04,8.325390583032376002e-01,1.307014875260348319e-01,1.449695611271009543e+00,8.677809439336359176e-02,2.361181433912736161e+00,1.508259172179429427e-03,1.471946104849983965e-03,4.422301660685568818e-05,1.148188668281880861e-03,8.344024824856411948e-01,-1.306488954506808131e-01,1.449709243520609370e+00,1.684245373320800709e-01,2.331744400628186220e+00,1.536036152004590727e-03,4.772492536958632917e-05,1.493287482026994534e-03,2.407806979400747751e-04,8.351086399114449055e-01,1.310024968100392730e-03,5.803139693416541978e-04,1.909315182116602802e-03,6.477654176389732255e-04,7.462813554015685913e-01,7.154960060506985187e-01
2.497749999999903699e-08,9.270178914602422715e-02,1.401755783405413958e-01,1.422490593551011262e-01,1.428870088664939253e+00,-1.289836112658688805e-01,2.377739293878068594e+00,1.411056222493352460e-03,1.380146247667059668e-03,2.753521042018129250e-05,-1.392689653270065336e-03,8.319421133037947502e-01,-1.426968085378337303e-01,1.428958671664354085e+00,-1.263080141327366235e-01,2.310805034100031019e+00,1.436236056797668805e-03,2.686215776496305842e-05,1.395268520316504798e-03,-2.767335962366579546e-04,8.325984329970652631e-01,1.288413587899257529e-01,1.449854369735304349e+00,9.187419373939498257e-02,2.361663864219058606e+00,1.507695148149881120e-03,1.455454866307219442e-03,4.471094635197887454e-05,1.194092988603495404e-03,8.344085524241795504e-01,-1.288500365176981077e-01,1.449757309759200030e+00,1.718566205859506368e-01,2.331617379357008524e+00,1.535076243889521444e-03,4.843193809782511260e-05,1.475496264147933096e-03,2.338425739213858406e-04,8.351038820677654240e-01,1.196836352316373942e-03,6.888957074213260777e-04,1.904676773519960219e-03,6.460758557124387028e-04,7.459075997921686962e-01,7.158232381884794826e-01
2.498249999999903604e-08,-1.037431293738921845e-02,1.429924620246501021e-01,1.271575620446792065e-01,1.426626633769054520e+00,-1.256206227025340461e-01,2.377094716885612691e+00,1.397676730843075334e-03,1.278985565263458498e-03,3.526686094907225186e-05,-1.362663622996018991e-03,8.316386924561209870e-01,-1.283401058165045683e-01,1.426644662014518339e+00,-1.405424445860026239e-01,2.310753952164619651e+00,1.420689670754139234e-03,3.550960153544976923e-05,1.299675734469755333e-03,-2.844752137443041736e-04,8.322425527274602830e-01,1.240045615837328530e-01,1.449841402357044728e+00,9.703779962372038881e-02,2.362260828121442557e+00,1.505602790131867902e-03,1.431871526452312225e-03,4.973662825785758220e-05,1.235622340535307007e-03,8.343752916850909473e-01,-1.240780443664732946e-01,1.449632259332009010e+00,1.757220323334527379e-01,2.331803648501478587e+00,1.532525380850404025e-03,5.405590862245326130e-05,1.450414903855343132e-03,2.322810892448000071e-04,8.350584277524660815e-01,1.079557812756233928e-03,8.066826243562991638e-04,1.902444246197415633e-03,6.451106508326736244e-04,7.451927570569893966e-01,7.164892921129848435e-01
2.498749999999903509e-08,-1.011059122536164256e-01,1.461717597436633653e-01,1.032860110476203630e-01,1.422848753116864540e+00,-1.219586048890914931e-01,2.377995071915273151e+00,1.374968682731448916e-03,1.166397649178864101e-03,6.224632196428035041e-05,-1.306216976537527292e-03,8.310698457867582434e-01,-1.050416244170921942e-01,1.422807480170234395e+00,-1.497274955915113281e-01,2.312323657406572419e+00,1.396166461288752972e-03,6.461564954489312286e-05,1.193160882830246808e-03,-2.865395667701905015e-04,8.316267119315159384e-01,1.162497705349629928e-01,1.449644701812032643e+00,1.018654269609635676e-01,2.362987249773675469e+00,1.502117505403695969e-03,1.401635046524110119e-03,6.089384074447797143e-05,1.268037636222147735e-03,8.343041011809484431e-01,-1.163878305166012872e-01,1.449328573966969236e+00,1.797690376571670079e-01,2.332286644705112266e+00,1.528575573631676997e-03,6.629568608682209470e-05,1.418387833186872263e-03,2.356560795926213069e-04,8.349749779675041950e-01,9.645173263787084781e-04,9.266916293855782631e-04,1.902672264827007546e-03,6.449221540606131465e-04,7.441534788451489302e-01,7.174749358350560602e-01
2.499249999999903414e-08,-1.766860031870169934e-01,1.494926464778907338e-01,7.371453233858171750e-02,1.418317906158225394e+00,-1.169985168430582867e-01,2.380013727881487462e+00,1.352186466376020498e-03,1.048209048860276101e-03,1.332749640751206639e-04,-1.226395318893758538e-03,8.304785625405204375e-01,-7.588620304136561856e-02,1.418242447273225348e+00,-1.547217664908733248e-01,2.315045091100852659e+00,1.372587618415588686e-03,1.394772733591197298e-04,1.075413844744242979e-03,-2.972082892598215849e-04,8.310087805741019906e-01,1.058517102236786744e-01,1.449273301318327434e+00,1.059085632240743813e-01,2.363843876441113601e+00,1.497646014301185283e-03,1.364467146154246108e-03,8.107686730564350351e-05,1.287047133633300103e-03,8.342035312123643465e-01,-1.060505748640940826e-01,1.448860948637840540e+00,1.836579534716458184e-01,2.333046711415002417e+00,1.523696002401985893e-03,8.815519737841715745e-05,1.378929254008262866e-03,2.443842874827016490e-04,8.348635242344789598e-01,8.565317738514192534e-04,1.042511317782915739e-03,1.904785014435058385e-03,6.453575607354071573e-04,7.428268539247875335e-01,7.187427701378459322e-01
2.499749999999903320e-08,-2.376527892240360984e-01,1.526883520129183047e-01,4.151731660920021660e-02,1.414038457373152369e+00,-1.092082888518093320e-01,2.382420152859433315e+00,1.340053320848598245e-03,9.141349455985629249e-04,2.860267764565667826e-04,-1.117768454318739417e-03,8.301568910840129156e-01,-4.397450339281627762e-02,1.413956607139346788e+00,-1.561640951472869077e-01,2.318369505224221694e+00,1.360892261998379203e-03,2.927410515538110330e-04,9.324330755517086424e-04,-3.363437630183082738e-04,8.306889875775417265e-01,9.326341288356521098e-02,1.448761447561179416e+00,1.086525850089694600e-01,2.364806721761837149e+00,1.492911259234245809e-03,1.318953473045845863e-03,1.146256395676266773e-04,1.288711420228643659e-03,8.340907373797927793e-01,-9.351574028612885670e-02,1.448267097371135348e+00,1.870217255709509807e-01,2.334056839865040978e+00,1.518667020955567380e-03,1.239620352854956659e-04,1.330387584530723236e-03,2.600822134858680568e-04,8.347426205838569535e-01,7.586197706157350512e-04,1.149102655530589816e-03,1.907845343720245435e-03,6.461407809932135857e-04,7.412645232476289259e-01,7.202437052506345250e-01
2.500249999999903225e-08,-2.850453505250332142e-01,1.554965436612563146e-01,8.997153532536605880e-03,1.410971723879196560e+00,-9.604600198241675102e-02,2.384234833157433009e+00,1.345882713684308984e-03,7.504324698602147419e-04,5.277905930997341339e-04,-9.658044712443059586e-04,8.303090580586350855e-01,-1.161965657607044733e-02,1.410867689301361416e+00,-1.545782323087294685e-01,2.321780191705888008e+00,1.367510223345441700e-03,5.241394889679635216e-04,7.551258885528428942e-04,-4.297261212903182958e-04,8.308588529463979411e-01,7.904606370412525784e-02,1.448164890321088638e+00,1.094771520855801761e-01,2.365818113958192193e+00,1.488904132277762840e-03,1.262494782013188002e-03,1.666585466298136275e-04,1.269010193551227666e-03,8.339908352046009332e-01,-7.934077530820116131e-02,1.447603601241879367e+00,1.895107657951897728e-01,2.335281206561879763e+00,1.514512585921573605e-03,1.785140551116412490e-04,1.270114186076593075e-03,2.858823464089195595e-04,8.346383697951773595e-01,6.721607515573751329e-04,1.243124642002355540e-03,1.910881368147541223e-03,6.469804171371411426e-04,7.395255728561909159e-01,7.219237028624976293e-01
2.500749999999903130e-08,-3.203168287688832327e-01,1.576957369931140107e-01,-2.277534553640614412e-02,1.409639854637250167e+00,-7.441754504272601878e-02,2.384393558537508895e+00,1.368558497175883116e-03,5.631721869490931634e-04,8.110800893364595015e-04,-7.585781625555934301e-04,8.309100565864386834e-01,2.009823743376615290e-02,1.409470363476686749e+00,-1.507494351102911523e-01,2.324798554853879651e+00,1.390909057740620297e-03,7.939721530654738095e-04,5.586769793365708526e-04,-5.952355546389203516e-04,8.314843627908280466e-01,6.377489719957241121e-02,1.447547237659037256e+00,1.076152238487444457e-01,2.366779529396567661e+00,1.486651210617079624e-03,1.192113938442978778e-03,2.410769070249010491e-04,1.223509423741769332e-03,8.339310751104506148e-01,-6.409806366132886346e-02,1.446933141166691250e+00,1.908247071420920982e-01,2.336676248392294930e+00,1.512254159931379974e-03,2.550954924932973878e-04,1.195512475898111420e-03,3.262816627649185643e-04,8.345782238990114843e-01,5.972670370611002410e-04,1.323064941908919665e-03,1.913180827592934506e-03,6.476631187527022611e-04,7.376699414468770311e-01,7.237294210116609339e-01
2.501249999999903035e-08,-3.453188591371146865e-01,1.591231553474878879e-01,-5.349262852008185298e-02,1.410076361882957929e+00,-4.273659610919011698e-02,2.382237447173706890e+00,1.402035526002808410e-03,3.799713952147703590e-04,1.086829673064398146e-03,-5.037953480210797521e-04,8.317970639176277547e-01,5.088020407811155721e-02,1.409849392368832000e+00,-1.458083510840522123e-01,2.326881558048667031e+00,1.425837018662717750e-03,1.063395529691518477e-03,3.728761442968454810e-04,-8.193413470746786905e-04,8.324108493342559090e-01,4.794402816034182280e-02,1.446961368515542024e+00,1.021581069163230993e-01,2.367553486277862440e+00,1.486756702826235897e-03,1.106080320093675911e-03,3.381545303421681459e-04,1.147607100045787551e-03,8.339282633007094603e-01,-4.828184949031744111e-02,1.446308137638149693e+00,1.907319012535704239e-01,2.338192903764270802e+00,1.512471990220175429e-03,3.535091490065924986e-04,1.105612466715309803e-03,3.860928880110120432e-04,8.345785541875091473e-01,5.331586251561935700e-04,1.389159121160138399e-03,1.914363593076265704e-03,6.480635920639199639e-04,7.357531823890341993e-01,7.256121359230707224e-01
2.501749999999902940e-08,-3.582837407188053103e-01,1.596653429118863876e-01,-8.275576500649495237e-02,1.412121177796912264e+00,-2.703973854305541380e-03,2.377862987643282189e+00,1.441362442763950572e-03,2.293539953494104077e-04,1.325841267438689379e-03,-2.313402638805713560e-04,8.328248931860402493e-01,8.032685932959937603e-02,1.411874401331435935e+00,-1.406873460757220862e-01,2.327385663741285526e+00,1.467348311061209172e-03,1.302342730737393942e-03,2.231339379831556984e-04,-1.056292750926720453e-03,8.334904639903429890e-01,3.191396691667836016e-02,1.446439008203971976e+00,9.216824489897046391e-02,2.367985844423162067e+00,1.489134128544290694e-03,1.005329188553593647e-03,4.539857306547536711e-04,1.037442821181858588e-03,8.339816523571499385e-01,-3.225604122234737581e-02,1.445761618045748875e+00,1.890645963086896586e-01,2.339776537267400425e+00,1.515069076873679478e-03,4.699393182289142499e-04,1.002029847975771833e-03,4.682489727103172341e-04,8.346380334850914684e-01,4.785114428270178795e-04,1.442859647338285518e-03,1.914301380579894619e-03,6.481191788631553586e-04,7.338230249648594050e-01,7.275298336255842102e-01
2.502249999999902846e-08,-3.491184090319823241e-01,1.592091958268979646e-01,-1.091688533558670127e-01,1.415391781811533356e+00,4.131615832556079226e-02,2.371889373229042697e+00,1.480936979790334557e-03,1.270517160277229401e-04,1.501098216614519263e-03,1.764230288098578617e-05,8.338313755798270055e-01,1.070592510413537202e-01,1.415165171844260605e+00,-1.357790389582933521e-01,2.325788904610385899e+00,1.509300034487869686e-03,1.483190394716505690e-03,1.226159187700936331e-04,-1.257233200898641651e-03,8.345524865878385379e-01,1.592883422290714002e-02,1.445995995414993907e+00,7.690001255248901657e-02,2.367952039287146704e+00,1.493291087128186933e-03,8.935823093141617105e-04,5.822636851215320626e-04,8.905390991846013748e-04,8.340802838901247851e-01,-1.626860482256509144e-02,1.445310412571873204e+00,1.856619762557469855e-01,2.341360116068989417e+00,1.519547123981944067e-03,5.985205250197982076e-04,8.886862551980180677e-04,5.713818573267164923e-04,8.347450438882918489e-01,4.319106042187403926e-04,1.486020438100266790e-03,1.913097465102503924e-03,6.478446942615897998e-04,7.319179669629527485e-01,7.294477322309984579e-01
2.502749999999902751e-08,-3.052598299150512950e-01,1.575537157499447005e-01,-1.298728735107075316e-01,1.419216457202227888e+00,8.411089142703964683e-02,2.365312903477910567e+00,1.511375914213249506e-03,7.084038849806055082e-05,1.589426615902687044e-03,2.014118856667500897e-04,8.345755666613690060e-01,1.282675237268189328e-01,1.419051468033310170e+00,-1.314203439127319406e-01,2.322255397831740176e+00,1.541979162100580751e-03,1.584412519990987221e-03,6.762363082566584613e-05,-1.394713133990540784e-03,8.353484853028995127e-01,1.806316231989235632e-04,1.445645209024399191e+00,5.601696011650147966e-02,2.367402045004017630e+00,1.498776987501475181e-03,7.763493919279992406e-04,7.161951946970346273e-04,7.052149288751090057e-04,8.342137263541695713e-01,-5.128657964639238287e-04,1.444965139559125200e+00,1.802575982011549449e-01,2.342848080214947615e+00,1.525430711501992451e-03,7.328389697050591766e-04,7.708855454232736194e-04,6.888636675339174188e-04,8.348883526674263367e-01,3.923076047116291830e-04,1.520367583515519223e-03,1.911095830736111653e-03,6.473427204706311494e-04,7.300674371706681320e-01,7.313377295913114917e-01
2.503249999999902656e-08,-2.252935045945356762e-01,1.543152348754994740e-01,-1.413833486455609023e-01,1.422780146985503702e+00,1.213165163665856916e-01,2.359537877937667005e+00,1.521878925585232536e-03,4.570184640316261334e-05,1.586056952562723112e-03,3.030427368298795575e-04,8.347995024154237775e-01,1.404921120709838878e-01,1.422699384303961256e+00,-1.281168388537365921e-01,2.318062391375460329e+00,1.554015566604456233e-03,1.600359113812710541e-03,4.284227260831737004e-05,-1.466879067344062110e-03,8.356075897518389084e-01,-1.512744121663600616e-02,1.445406628033065743e+00,2.966814546220764015e-02,2.366367369532305087e+00,1.505308895796570292e-03,6.597958400247851043e-04,8.492140910823009264e-04,4.795164406696444189e-04,8.343748221850135760e-01,1.480982036487010767e-02,1.444740400192061180e+00,1.723672356165004693e-01,2.344093751025329020e+00,1.532405249251401124e-03,8.665624163659389886e-04,6.544675928505435530e-04,8.101279780461878794e-04,8.350601342367505175e-01,3.591624351729845086e-04,1.547562692719269906e-03,1.908870798340183035e-03,6.467859937500289704e-04,7.282922531333204663e-01,7.331774806938866629e-01
2.503749999999902561e-08,-1.228471299988960208e-01,1.489014708662432795e-01,-1.413389194833929441e-01,1.425342545729933796e+00,1.506066784641757472e-01,2.355888867496106265e+00,1.506234165470652113e-03,3.820685550869583336e-05,1.508737089506048202e-03,3.413609892152843096e-04,8.343596483178192802e-01,1.413055275701602387e-01,1.425342098535824054e+00,-1.259225171274334087e-01,2.314938718667525208e+00,1.538541614213496944e-03,1.544239063678821099e-03,3.492139575821844640e-05,-1.485833530255947213e-03,8.351736205325241968e-01,-2.975073084899193532e-02,1.445313078434577125e+00,-1.530552525471851055e-03,2.364921505477322938e+00,1.512626403180254145e-03,5.498903026284292965e-04,9.751400409625932261e-04,2.142389395283394093e-04,8.345561730841190018e-01,2.945853666646258695e-02,1.444662478577974696e+00,1.613283111836207873e-01,2.344880626467405804e+00,1.540189094042241193e-03,9.936650446109719474e-04,5.450940112778010493e-04,9.229883060979671974e-04,8.352525910108012930e-01,3.322195059339714466e-04,1.569515106629611450e-03,1.907180841310573581e-03,6.463927067124277011e-04,7.266041457300147499e-01,7.349496775460029330e-01
2.504249999999902467e-08,-1.678114490126270120e-02,1.406907926098681649e-01,-1.296337416674824272e-01,1.426434794316115084e+00,1.715498809162867566e-01,2.355005932711102368e+00,1.466552844853485438e-03,4.410495948292510795e-05,1.385298214552978984e-03,3.460584082652431721e-04,8.333018041509260287e-01,1.304506607735331780e-01,1.426491699622041587e+00,-1.241916848622808267e-01,2.313927988347441733e+00,1.497387497888058453e-03,1.439312741622737713e-03,3.924434645326279231e-05,-1.462881423078913126e-03,8.340879004530270535e-01,-4.341774363557382443e-02,1.445411341438280095e+00,-3.633368775986234311e-02,2.363115235419501747e+00,1.520343329751882655e-03,4.516022370242919076e-04,1.088615853096405392e-03,-7.391588515729525209e-05,8.347470129132310568e-01,4.316515761850570065e-02,1.444772494512134298e+00,1.467485288087821971e-01,2.344926439356555647e+00,1.548383761200629186e-03,1.108848095219459656e-03,4.474661043968255906e-04,1.015797871216898894e-03,8.354546779230135334e-01,3.111883847271752507e-04,1.588251433730453839e-03,1.906790280932939242e-03,6.463793584315937445e-04,7.250046086161334724e-01,7.366414567172074879e-01
2.504749999999902372e-08,7.951750465632234643e-02,1.295480312525572053e-01,-1.082009233720180319e-01,1.425981162251571899e+00,1.847040678850238038e-01,2.356802613382080303e+00,1.411948073685134926e-03,6.955804330583146905e-05,1.239649058062176814e-03,3.399229291533607399e-04,8.318364896124968988e-01,1.097281226750279615e-01,1.426062581103553217e+00,-1.219375551750676578e-01,2.315136580849186387e+00,1.439983260783873811e-03,1.307585662689595037e-03,6.103676421108542125e-05,-1.404338893120563383e-03,8.325672400265374806e-01,-5.590114301006710029e-02,1.445752770418012201e+00,-7.237604932559138504e-02,2.360926450215567129e+00,1.527939897418980567e-03,3.679533406581371891e-04,1.186088373635762160e-03,-3.361049338357117132e-04,8.349337285656966978e-01,5.570177327501846243e-02,1.445120493191944799e+00,1.294307120648037213e-01,2.343959201677599857e+00,1.556463297947394738e-03,1.208423066958177420e-03,3.644150909827275774e-04,1.079632049244670915e-03,8.356525125958004230e-01,2.956170813722425205e-04,1.605227883841083740e-03,1.908171783007512083e-03,6.468845588497886250e-04,7.234853799390177365e-01,7.382434025139619216e-01
2.505249999999902277e-08,1.609189443697429667e-01,1.164338546891308113e-01,-8.005699055276682685e-02,1.424326322141914680e+00,1.910296050019359981e-01,2.360702745065030417e+00,1.355022286281581554e-03,1.337674795061710384e-04,1.083338496650402324e-03,3.398376695725434664e-04,8.302741336275172301e-01,8.211583935102773069e-02,1.424395275866383592e+00,-1.180578890691958982e-01,2.318074847505861236e+00,1.379618249967882538e-03,1.160926871401377547e-03,1.189336737748914786e-04,-1.313626022232730877e-03,8.309358708760417045e-01,-6.715557099783597828e-02,1.446357513094213676e+00,-1.060455563552507030e-01,2.358330639915395821e+00,1.534864628879696082e-03,2.990616607260668919e-04,1.266993120944884211e-03,-5.086559067451167093e-04,8.351027259027675731e-01,6.701302797302077785e-02,1.445735441012936384e+00,1.118399515982226866e-01,2.341964698993409755e+00,1.563876431589172238e-03,1.291418895251145258e-03,2.960313154535294399e-04,1.110694095239771542e-03,8.358322531383731713e-01,2.850271157977212182e-04,1.620703192192832643e-03,1.911271369497234869e-03,6.478989704301811418e-04,7.220333811301824500e-01,7.397478172571891886e-01
2.505749999999902182e-08,2.270938335479106840e-01,1.033076788210189889e-01,-4.838351033629573195e-02,1.422135360808256532e+00,1.916202804573661211e-01,2.365871427958313955e+00,1.308463029511255362e-03,2.634288908305841169e-04,9.140784274277333156e-04,3.632883180424185412e-04,8.289600070350507943e-01,5.084045347896548606e-02,1.422169288686321753e+00,-1.111517108764576989e-01,2.321925343154119137e+00,1.330017957335880019e-03,9.965006904000745565e-04,2.441639577453291027e-04,-1.189332004354521277e-03,8.295607902851019899e-01,-7.741535169788793525e-02,1.447167018617267598e+00,-1.337819907419741661e-01,2.355488113629573554e+00,1.540668542895658579e-03,2.423253312617599880e-04,1.333767040487638007e-03,-5.698667214392367283e-04,8.352433317526249956e-01,7.731972391906016817e-02,1.446574095417276329e+00,9.681071016440334631e-02,2.339467569187685392e+00,1.570155253563090174e-03,1.359777531972265231e-03,2.397791692910403562e-04,1.112129396908405777e-03,8.359827133856974068e-01,2.791768424557405969e-04,1.633589605270495144e-03,1.915484207669175976e-03,6.492469937328760677e-04,7.206400928713829757e-01,7.411466665682469035e-01
2.506249999999902087e-08,2.788961758503136767e-01,9.209305185070881805e-02,-1.578233000256679119e-02,1.420180881773687842e+00,1.875769342783981664e-01,2.371455543018564427e+00,1.280984209748852387e-03,4.629414736900265732e-04,7.276031055454034238e-04,4.305391869124463146e-04,8.281658963336879786e-01,1.853521822804027330e-02,1.420195796510104636e+00,-9.917002003119801401e-02,2.325675258623320918e+00,1.301124060633799271e-03,8.058095443238002219e-04,4.507367547694301991e-04,-1.023561805772227025e-03,8.287381451066493376e-01,-8.703311453289019894e-02,1.448064355662945557e+00,-1.539091879788525574e-01,2.352716285138973351e+00,1.545147552074275588e-03,1.947368828529317251e-04,1.389493251135194129e-03,-5.512562957032496151e-04,8.353507320706187178e-01,8.697602474270338391e-02,1.447522784252759598e+00,8.580744389310046571e-02,2.337273015968909462e+00,1.575030908269715131e-03,1.416447317589891383e-03,1.926150049406118419e-04,1.094242876959888432e-03,8.360981036281380785e-01,2.783433207118851779e-04,1.641669002852733355e-03,1.919898030630756355e-03,6.506594948746526963e-04,7.193095873251760253e-01,7.424301628894127703e-01
2.506749999999901993e-08,3.176580717880174154e-01,8.379484687148597288e-02,1.624367267398230119e-02,1.419060733731893453e+00,1.801029558720688151e-01,2.376726442386112303e+00,1.274171315494038387e-03,7.009284794017085112e-04,5.342109813945675233e-04,5.566634836370085810e-04,8.279666335760973439e-01,-1.335798445375036003e-02,1.419095023269487665e+00,-7.973536678432635583e-02,2.328251761727661240e+00,1.294728644033454369e-03,5.961548054188821940e-04,7.061912365125855599e-04,-8.105144513748522347e-04,8.285462906998276589e-01,-9.618706122517206580e-02,1.448943467178070765e+00,-1.669657545812648358e-01,2.350266605238319428e+00,1.548305649639274487e-03,1.548096919490197306e-04,1.435349647900954284e-03,-4.957064716880735288e-04,8.354250837685832654e-01,9.616772189279965133e-02,1.448465682348998751e+00,7.883017708042672211e-02,2.335880921573345592e+00,1.578460921329063234e-03,1.462925588537866564e-03,1.530137006208682538e-04,1.071232723768335933e-03,8.361781149563443094e-01,2.836240508491338300e-04,1.641893888428367504e-03,1.923668257149924307e-03,6.518991774529220946e-04,7.180595995637837348e-01,7.435862586950043873e-01
2.507249999999901898e-08,3.454425736235605671e-01,7.852749649235368778e-02,4.714103469692476622e-02,1.419098654266038873e+00,1.706277728546097272e-01,2.381003109749989299e+00,1.284570031447757879e-03,9.410712972169449873e-04,3.566866401649980986e-04,7.362450516839527540e-04,8.282675021415800698e-01,-4.432188163280104121e-02,1.419164890471544149e+00,-5.171983698817506081e-02,2.328869784980520663e+00,1.306495342127503376e-03,3.952041396172954464e-04,9.637393170218119288e-04,-5.612433425957388941e-04,8.288743021025882785e-01,-1.047889399646371178e-01,1.449737209395386639e+00,-1.746973704853673759e-01,2.348257979214759317e+00,1.550085704634281136e-03,1.222232258658736644e-04,1.470788464513123929e-03,-4.321740069333562459e-04,8.354648003805201784e-01,1.048051100023710269e-01,1.449327991207606692e+00,7.523548006470726079e-02,2.335350568557002848e+00,1.580405972738660458e-03,1.499031251142942658e-03,1.206890016853505313e-04,1.055548191214171136e-03,8.362215800648425956e-01,2.971975437426164373e-04,1.630592090588421465e-03,1.926183388856791533e-03,6.528047430144974690e-04,7.169184967121282614e-01,7.445998255622499062e-01
2.507749999999901803e-08,3.625990457966351554e-01,7.595803068607187569e-02,7.660225077355531376e-02,1.420420892274330438e+00,1.606043952489484283e-01,2.383523917627504485e+00,1.307751106124757862e-03,1.157260903478671884e-03,2.154301514411432247e-04,9.382438795858766365e-04,8.289313810665983606e-01,-7.401394457041088337e-02,1.420521940301098685e+00,-1.680890030221826592e-02,2.327380788244675536e+00,1.331599311387419906e-03,2.324794745133343951e-04,1.190327725199180143e-03,-3.060767148990519186e-04,8.295777929644040372e-01,-1.125642006560345632e-01,1.450414129611941938e+00,-1.790597263312587728e-01,2.346721514960933952e+00,1.550210888625000189e-03,9.679398851273460550e-05,1.495059007899463173e-03,-3.749306617218998126e-04,8.354625090785842145e-01,1.126101056393293831e-01,1.450076229700193231e+00,7.428993717222320825e-02,2.335503022186916411e+00,1.580614749313144236e-03,1.524177960275990926e-03,9.546819214230582446e-05,1.054121644025012884e-03,8.362215159521053653e-01,3.223113510679240104e-04,1.603795048884140532e-03,1.927040097701606444e-03,6.532608408570866670e-04,7.159234168424690736e-01,7.454504862729511849e-01
2.508249999999901708e-08,3.623708715755579179e-01,7.562061461867575218e-02,1.037154397270036998e-01,1.422847339166186220e+00,1.511582899521903833e-01,2.383651106912749285e+00,1.338990262194009531e-03,1.327962841636741009e-03,1.197155155078636523e-04,1.122279242665474852e-03,8.298166533579014459e-01,-1.015036704869243245e-01,1.422991391011389828e+00,2.096045303309956864e-02,2.324197580929153517e+00,1.365059963923751429e-03,1.235423769408702853e-04,1.360855734479306158e-03,-7.995862472085264066e-05,8.305076250021367068e-01,-1.191362568885256934e-01,1.450967364969258266e+00,-1.816908601547555513e-01,2.345644298226937430e+00,1.548257904510396419e-03,7.798055375900660830e-05,1.507855299326719446e-03,-3.290128461234125999e-04,8.354072869642910071e-01,1.192042621341051767e-01,1.450705259679065939e+00,7.536616427128661755e-02,2.336109182193248479e+00,1.578666812240154746e-03,1.538072883656041922e-03,7.680136930356236608e-05,1.068346380529477252e-03,8.361669821745478792e-01,3.627712755309487106e-04,1.558099909904840782e-03,1.926160628189670966e-03,6.532264557265106972e-04,7.151192033234017309e-01,7.461102644665000838e-01
2.508749999999901613e-08,3.319589635830560992e-01,7.704944539444102958e-02,1.263188006356865678e-01,1.425727892577228317e+00,1.430766218606582818e-01,2.381430025702868214e+00,1.371858622442698617e-03,1.434635868410033847e-03,6.541685542860013226e-05,1.260021426255804365e-03,8.307442368394756249e-01,-1.246476837223320366e-01,1.425904932025277239e+00,5.715202433027588569e-02,2.320080652045621417e+00,1.399539208198558862e-03,6.429381977849307024e-05,1.458309507990730291e-03,9.221027256197671823e-05,8.314654476225304958e-01,-1.240728432975473083e-01,1.451398456203953025e+00,-1.837414978067073434e-01,2.345004324887567382e+00,1.543796474520949718e-03,6.497158894267025179e-05,1.509268563012715466e-03,-2.948085276328401162e-04,8.352882865247549526e-01,1.241555288527995682e-01,1.451219550899097044e+00,7.795606331379456577e-02,2.336990257203136245e+00,1.574116539942420822e-03,1.540754575513149371e-03,6.386449503184189074e-05,1.095945161311160689e-03,8.360467578656630705e-01,4.218827152265834136e-04,1.491891260775966540e-03,1.923993213689163080e-03,6.528048169472691576e-04,7.145551412610073871e-01,7.465435492254326455e-01
2.509249999999901519e-08,2.646117633575741923e-01,7.981246295766064591e-02,1.412282422380217728e-01,1.428102925138439172e+00,1.368584706496021042e-01,2.377908062507443798e+00,1.398380806737766066e-03,1.467890515147010893e-03,3.939699432077411404e-05,1.343695182879381779e-03,8.315040523358224744e-01,-1.402687680712868534e-01,1.428275323591859047e+00,8.853548946267908448e-02,2.316032453064245544e+00,1.426229844228770220e-03,3.756122220412916926e-05,1.480672621123248689e-03,2.024567935721718437e-04,8.322246670044508576e-01,-1.269245279065629450e-01,1.451704223333196264e+00,-1.858839954179982712e-01,2.344787193095017486e+00,1.536489417546658531e-03,5.697557330173097425e-05,1.499661658469091325e-03,-2.708938764970409319e-04,8.350969598696307283e-01,1.270157220357170935e-01,1.451618051119737407e+00,8.163339413252801435e-02,2.338043136130624866e+00,1.566600674403643197e-03,1.532500924507938745e-03,5.585776118535430121e-05,1.132636679839326994e-03,8.358517219555423594e-01,5.010662330825290701e-04,1.406248809112986813e-03,1.921491877027125617e-03,6.522525076311014086e-04,7.142783966434249621e-01,7.467111455322639202e-01
2.509749999999901424e-08,1.687890318248372878e-01,8.350398037627870806e-02,1.455872513150857639e-01,1.429106664503427382e+00,1.324541887585146682e-01,2.374620213763128707e+00,1.411749476420062158e-03,1.434186625865605923e-03,2.930002247028090263e-05,1.379435760752979962e-03,8.319185658690739782e-01,-1.454464154942973764e-01,1.429230462910056065e+00,1.136202754229640455e-01,2.313019542862520872e+00,1.438330978302898794e-03,2.790040151613361493e-05,1.441978395496651280e-03,2.599957836117289516e-04,8.326082051519941851e-01,-1.272807233945214556e-01,1.451871567600060642e+00,-1.883916229912361295e-01,2.344991329516515677e+00,1.526170086903751427e-03,5.349146267675860687e-05,1.479645402546858396e-03,-2.554152605888062233e-04,8.348287828477847228e-01,1.273757649935816083e-01,1.451887469375130468e+00,8.600724181810637248e-02,2.339232710625308798e+00,1.555924103529034500e-03,1.513812814077425926e-03,5.226804005864019707e-05,1.173150893554894764e-03,8.355767209911620919e-01,5.987768185324337557e-04,1.305071697281554423e-03,1.919800747043746026e-03,6.518986150376261191e-04,7.143255467807279047e-01,7.465781278517145125e-01
2.510249999999901329e-08,6.271611550702393956e-02,8.772609267493125529e-02,1.383252778038257524e-01,1.428260759525197932e+00,1.292164709725320826e-01,2.372720048275563265e+00,1.409133402582876237e-03,1.353294964381678359e-03,2.930648092170314009e-05,1.376556009259954482e-03,8.319080415377864135e-01,-1.389932514115490569e-01,1.428316016050692250e+00,1.323145257936495511e-01,2.311620187891292311e+00,1.433682993006498135e-03,2.856519472983294801e-05,1.363995140533880114e-03,2.827573414922316449e-04,8.325495010099829285e-01,-1.248410432775233225e-01,1.451880469506200422e+00,-1.912342580972903328e-01,2.345622109706876124e+00,1.512934441854592478e-03,5.452830624508335299e-05,1.450088526293438285e-03,-2.467262180238173250e-04,8.344854923508148170e-01,1.249363079346412775e-01,1.452004660438306560e+00,9.068953621747555260e-02,2.340566922758226198e+00,1.542159973889342629e-03,1.485445441830837493e-03,5.308340037603638805e-05,1.211861079031544171e-03,8.352230021449567055e-01,7.104488222287903961e-04,1.194297193864261863e-03,1.919809564120707364e-03,6.520137256096091884e-04,7.147149810607067444e-01,7.461228725458775024e-01
2.510749999999901234e-08,-3.752421200338340590e-02,9.207461268610162008e-02,1.205524673710749450e-01,1.425580954225568853e+00,1.262229231627234327e-01,2.372630911907732454e+00,1.392790718982719802e-03,1.248223728817327146e-03,4.125765957234655678e-05,1.342650730924610687e-03,8.315221389227214210e-01,-1.219100841806490809e-01,1.425569887406091141e+00,1.452613305646401898e-01,2.311928362907109236e+00,1.415226667403502153e-03,4.167056086420331919e-05,1.266339159422922786e-03,2.881706720879812704e-04,8.321117630719112590e-01,-1.194812004837459973e-01,1.451711866715624355e+00,-1.941766498255130813e-01,2.346680852207705392e+00,1.497218531494308230e-03,6.082531894538430542e-05,1.412008947153482134e-03,-2.436234155098908393e-04,8.340770672422839205e-01,1.195734592267294616e-01,1.451945081639347990e+00,9.527577992922253713e-02,2.342070501425302709e+00,1.525739050331768615e-03,1.448343854801035667e-03,5.900754303455909812e-05,1.243315789169744355e-03,8.348004464552677417e-01,8.295604095965533088e-04,1.080495892456397522e-03,1.921823387526524129e-03,6.527010967673660359e-04,7.154429730015845479e-01,7.453436357459464201e-01
2.511249999999901140e-08,-1.240172038966367296e-01,9.613476047280311576e-02,9.486525124673250708e-02,1.421568001348179067e+00,1.224997374049050514e-01,2.374181254194981605e+00,1.369511710059370365e-03,1.134734731333505997e-03,7.785012876413213712e-05,1.282953798920621153e-03,8.309328477828102910e-01,-9.674930868583375698e-02,1.421505303606392934e+00,1.533242468025823868e-01,2.313684677432576553e+00,1.390381170590171108e-03,8.086430057966302414e-05,1.159015961195592956e-03,2.909873082662904620e-04,8.314803146643384713e-01,-1.112896792194983941e-01,1.451357041335788356e+00,-1.968731386397855054e-01,2.348153814035452314e+00,1.479826152512019564e-03,7.410619560196015081e-05,1.366246199054580541e-03,-2.455600115592376440e-04,8.336227134847296050e-01,1.113758786938860990e-01,1.451693660702052302e+00,9.934037213102131503e-02,2.343761991617423490e+00,1.507486310787485746e-03,1.403365379555353461e-03,7.172553504926462752e-05,1.262729055927870603e-03,8.343287599852227121e-01,9.491724404527493312e-04,9.695108900256476162e-04,1.925504404395729985e-03,6.538677601023823276e-04,7.164847478954938786e-01,7.442602912112681324e-01
2.511749999999901045e-08,-1.953582912108473568e-01,9.948313086589433141e-02,6.440028837047484522e-02,1.417074246887659594e+00,1.168594052181877174e-01,2.376808690483233288e+00,1.349163723007034896e-03,1.013811500730053871e-03,1.691198899897059199e-04,1.197657749797699598e-03,8.304022033941301784e-01,-6.666438746776659485e-02,1.416987539902165860e+00,1.572960371043934380e-01,2.316441770388987464e+00,1.369631524936320600e-03,1.757368103591583700e-04,1.036988923114929087e-03,3.073447304007379151e-04,8.309316171762506364e-01,-1.005633880395067070e-01,1.450825251736831856e+00,-1.989528224171883686e-01,2.350005532763684180e+00,1.461895523602042314e-03,9.729966690343459421e-05,1.312982078358884567e-03,-2.528738005813853406e-04,8.331505742015882232e-01,1.006411626547738525e-01,1.451254236565331368e+00,1.024339131209139886e-01,2.345639011599613966e+00,1.488593207517706872e-03,1.350808772458984581e-03,9.416885115895605777e-05,1.266240470191090563e-03,8.338372848527739745e-01,1.063193793152256367e-03,8.656520741336879701e-04,1.930051306330302172e-03,6.552742382005315256e-04,7.177995978257625254e-01,7.429112556325543348e-01
2.512249999999900950e-08,-2.523718232551697138e-01,1.016852334318048001e-01,3.207041141645006199e-02,1.413114760927100644e+00,1.073815611277408877e-01,2.379680515334305024e+00,1.342047209010386330e-03,8.720992301219365750e-04,3.494421506282345958e-04,1.077603486081634906e-03,8.302125219522890065e-01,-3.459064336556827435e-02,1.413022386670512720e+00,1.577772645408654917e-01,2.319706998807592235e+00,1.363174218281407689e-03,3.536383745059345422e-04,8.851058282935969765e-04,3.598125786349696815e-04,8.307504176673141671e-01,-8.776477180990416294e-02,1.450146911776476699e+00,-2.000826630733105738e-01,2.352177275950392499e+00,1.444807482258914436e-03,1.344228129870713622e-04,1.251380394633882934e-03,-2.671049611986366849e-04,8.326961409022074490e-01,8.783364738587673415e-02,1.450653987775644582e+00,1.040721403860223049e-01,2.347668556040948040e+00,1.470526339643775555e-03,1.289975760318652284e-03,1.305011159316213885e-04,1.250757893688261976e-03,8.333633854808371044e-01,1.167068884604944689e-03,7.714944852864690601e-04,1.934482161665478052e-03,6.566233820343133146e-04,7.193377682106687487e-01,7.413474081707964736e-01
2.512749999999900855e-08,-2.961494136433295843e-01,1.022787735615779958e-01,-1.845134270446191493e-04,1.410552613264126176e+00,9.114311733080260325e-02,2.381751008181165030e+00,1.353230190253590631e-03,6.997390294735169464e-04,6.085088256599983881e-04,9.067248333391418613e-04,8.305069848780605168e-01,-2.478001063478840749e-03,1.410421960419413701e+00,1.553613890995126923e-01,2.323026579200335284e+00,1.375095975000049020e-03,6.000685165568932222e-04,7.004366031624800586e-04,4.746520694950416065e-04,8.310643474956955767e-01,-7.344947136984947278e-02,1.449369532957852202e+00,-2.000014721887124480e-01,2.354590337618093443e+00,1.430038603132627187e-03,1.896357027125443321e-04,1.179763017080758371e-03,-2.911737865809103628e-04,8.322993095506314720e-01,7.351175365794104799e-02,1.449939744553788490e+00,1.037080533548775385e-01,2.349780439508348806e+00,1.454876145621611253e-03,1.219178924804695079e-03,1.852749938393950324e-04,1.213441758522265830e-03,8.329493203618603125e-01,1.258042058876503080e-03,6.881076776235565268e-04,1.937962705619432130e-03,6.576682147696342930e-04,7.210469902267269138e-01,7.396252049720686284e-01
2.513249999999900760e-08,-3.283566320655979531e-01,1.007455032268866901e-01,-3.159380717754345369e-02,1.409749799648810864e+00,6.526604040749317548e-02,2.381973309890093482e+00,1.379488713435809456e-03,5.103913011466023513e-04,8.927097818655515713e-04,6.769383609903841534e-04,8.312029879958579004e-01,2.889881756377254973e-02,1.409546917943271582e+00,1.509901101445625393e-01,2.325932229247451133e+00,1.402217301314939235e-03,8.725223786018803480e-04,5.044424089679301788e-04,6.635604509179287517e-04,8.317884074917616388e-01,-5.817562895608707763e-02,1.448546514149767095e+00,-1.985282939668966407e-01,2.357152752081594471e+00,1.418861954793977165e-03,2.654132226252727510e-04,1.096572289415906256e-03,-3.291780372970418774e-04,8.319960499799088360e-01,5.823566941569202626e-02,1.449165791527360581e+00,1.007030948055356312e-01,2.351860985674644411e+00,1.443031148507229518e-03,1.136559030914760645e-03,2.615109029960653001e-04,1.151280023202052661e-03,8.326333093356923509e-01,1.335205135792555051e-03,6.154603321234027469e-04,1.940036713472483368e-03,6.582806608965072453e-04,7.228773360749949362e-01,7.378005322698328872e-01
2.513749999999900666e-08,-3.504386835551599466e-01,9.649535667874031830e-02,-6.189896523997018285e-02,1.410679283180658938e+00,2.921382973310615583e-02,2.379798808093154250e+00,1.414903565940708050e-03,3.340241320982226454e-04,1.160125847599143565e-03,4.024984876609043281e-04,8.321382527316144584e-01,5.929408937785529687e-02,1.410427579737565162e+00,1.458215923771071232e-01,2.327815436497871371e+00,1.439355847618387389e-03,1.135736891996881777e-03,3.269901260759355919e-04,9.021102445534889174e-04,8.327676168634290388e-01,-4.241854784555276758e-02,1.447724864206255901e+00,-1.955529324706759553e-01,2.359766457673975637e+00,1.411920796618398302e-03,3.609855368287418062e-04,1.001670063450027428e-03,-3.853698116920268408e-04,8.318054759128593600e-01,4.248005315430614104e-02,1.448379700775371592e+00,9.433523550920019929e-02,2.353752320396732323e+00,1.435700164312319867e-03,1.041470938240297373e-03,3.587659239807018847e-04,1.061201927452686163e-03,8.324356629587884582e-01,1.399225831297650977e-03,5.527530381473142037e-04,1.940584352676927131e-03,6.584265204411553826e-04,7.247840132988465633e-01,7.359240332522027916e-01
2.514249999999900571e-08,-3.585331506930189427e-01,8.889837129202060595e-02,-9.047906069099909132e-02,1.413159181446539847e+00,-1.414091164961650549e-02,2.375383245377935104e+00,1.454886685228878266e-03,1.963383927635764124e-04,1.383558059085743036e-03,1.187432253881978901e-04,8.331752967031273993e-01,8.808971153806099963e-02,1.412899913191658863e+00,1.406493069554750619e-01,2.327944741514370808e+00,1.481630322049698814e-03,1.360616448592134832e-03,1.906452626232532784e-04,1.138620357709363125e-03,8.338582526378292004e-01,-2.652627008895369620e-02,1.446940697009935661e+00,-1.910039600038597740e-01,2.362329752289923590e+00,1.409095299527491751e-03,4.724596560463283166e-04,8.970262027206097081e-04,-4.622626440752690977e-04,8.317256913335485669e-01,2.658992946758131914e-02,1.447616844579632467e+00,8.388695988144467819e-02,2.355269468366127938e+00,1.432748864812640084e-03,9.354987903830937115e-04,4.730036644756416622e-04,9.406974914412889180e-04,8.323541537732100926e-01,1.451626933558246464e-03,4.987193639271510085e-04,1.939669136995711201e-03,6.581233733263624867e-04,7.267284716658990451e-01,7.340383505440890577e-01
2.514749999999900476e-08,-3.406496340926855604e-01,7.738178856738908706e-02,-1.154977162131920476e-01,1.416739723022638398e+00,-5.971968643050828973e-02,2.369362585398222976e+00,1.492898483437011224e-03,1.082149894464967313e-04,1.535771636753900269e-03,-1.242638781981019391e-04,8.341317196508076792e-01,1.134777230230001877e-01,1.416518220232237724e+00,1.359614334604311026e-01,2.325826315566897673e+00,1.522035527673583789e-03,1.520411042314164483e-03,1.041907149623705879e-04,1.326755770257813686e-03,8.348703385428349888e-01,-1.073565631933459663e-02,1.446223887111058648e+00,-1.847787525435529155e-01,2.364730737684235251e+00,1.409840904826722106e-03,5.942833786392290492e-04,7.864099991019445806e-04,-5.584887695016030589e-04,8.317430189202656976e-01,1.079924638780993540e-02,1.446906679087084591e+00,6.880884334963788262e-02,2.356243146331061133e+00,1.433573486676312150e-03,8.223760393034558773e-04,5.982498675438682571e-04,7.882564287294976327e-04,8.323739304273094497e-01,1.493983966082604265e-03,4.520762763141683636e-04,1.937474440277982702e-03,6.574351644898863891e-04,7.286783680766044657e-01,7.321775138760402424e-01
2.515249999999900381e-08,-2.860314281271223447e-01,6.156208220929171304e-02,-1.337873728341332225e-01,1.420679997757130941e+00,-1.021321366757730331e-01,2.362881298059654522e+00,1.518616992784680830e-03,6.250664696101992739e-05,1.597504290194019664e-03,-2.809824283689687564e-04,8.347490766813403518e-01,1.323381530631291270e-01,1.420536860722425132e+00,1.324830557805989351e-01,2.321933234188287010e+00,1.549875262235847657e-03,1.597165031735236834e-03,5.941782945184350328e-05,1.447180569875582655e-03,8.355363974951890427e-01,4.770211299805815486e-03,1.445605378537632379e+00,-1.766425329766803110e-01,2.366833360234995354e+00,1.413591858410949377e-03,7.205310447672241651e-04,6.746058677668828694e-04,-6.678682938993802656e-04,8.318427050301000492e-01,-4.709665484144087699e-03,1.446282076543845108e+00,4.888321375948390113e-02,2.356569848027100900e+00,1.437558928379641197e-03,7.071261488372681181e-04,7.281607435465361306e-04,6.031561112601894125e-04,8.324792111981267340e-01,1.527653094176688493e-03,4.119489040396948098e-04,1.934320803964100378e-03,6.564699798100370525e-04,7.306068577677777842e-01,7.303678489509626282e-01
2.515749999999900286e-08,-1.978517950309253148e-01,4.135282764110836951e-02,-1.420723401010073328e-01,1.424126095590674712e+00,-1.375166012309003705e-01,2.357517170575829990e+00,1.521864672078877736e-03,4.324003154476197333e-05,1.570962163121109251e-03,-3.499440739053362600e-04,8.347876111102640051e-01,1.414010467877189203e-01,1.424075339783247518e+00,1.306551384455953979e-01,2.317889676898247320e+00,1.554322431385279403e-03,1.591066446972718741e-03,4.027606083299406335e-05,1.505596792722813711e-03,8.356027659549685183e-01,1.980449382669013936e-02,1.445121185314092838e+00,-1.661709465420369014e-01,2.368462851413661419e+00,1.419884289703449761e-03,8.454255495037789770e-04,5.666825881830998748e-04,-7.804211499559625788e-04,8.320120001820598965e-01,-1.974844742378789597e-02,1.445783336161642563e+00,2.430621443719527264e-02,2.356233212397571553e+00,1.444213661972418468e-03,5.951608485093010841e-04,8.566059219389367350e-04,3.856460969664859614e-04,8.326565911461865088e-01,1.554143153844227739e-03,3.779398164617688407e-04,1.930747974605726437e-03,6.553873754832738189e-04,7.324918156714237405e-01,7.286288149394861691e-01
2.516249999999900192e-08,-9.256699581805438726e-02,1.704316832730157216e-02,-1.386250856567954326e-01,1.426367470885716582e+00,-1.643333749498667729e-01,2.354558572261590932e+00,1.498653136843807084e-03,3.943918070436711889e-05,1.478170784329046810e-03,-3.643557984875798929e-04,8.341550471482529483e-01,1.388394829916430595e-01,1.426395768845377443e+00,1.299184615859680925e-01,2.315338876918049849e+00,1.530795026896602943e-03,1.519208883959562639e-03,3.575691080238343892e-05,1.514552420947700914e-03,8.349661664336818223e-01,3.415245657779153454e-02,1.444812136914763734e+00,-1.529160130170708065e-01,2.369402130707727316e+00,1.428251648808536367e-03,9.635823339853339005e-04,4.673229816159331189e-04,-8.846530772565762467e-04,8.322373833065781490e-01,-3.409887828263036269e-02,1.445456563888472212e+00,-4.274357169726350492e-03,2.355275907364531296e+00,1.453048000489051477e-03,4.915374765704816525e-04,9.778848014010276153e-04,1.409563059353854475e-04,8.328919903702165506e-01,1.575454181798433082e-03,3.498766854801052366e-04,1.927535969069082327e-03,6.544036789438766131e-04,7.343153727244835505e-01,7.269724321350941043e-01
2.516749999999900097e-08,1.171558864212896012e-02,-1.055138736706195957e-02,-1.239721549474390727e-01,1.427029626470893264e+00,-1.826178418353272548e-01,2.354487448869371669e+00,1.453395958079402826e-03,4.979251732159280382e-05,1.346559975330992396e-03,-3.559552230886216619e-04,8.329497750216219298e-01,1.250171494210807754e-01,1.427108167281181839e+00,1.290862223521318519e-01,2.314980625186717766e+00,1.483610491431903858e-03,1.405120324099276650e-03,4.402767963716552635e-05,1.481202609238489992e-03,8.337238874433775537e-01,4.759485477985170299e-02,1.444719923169707432e+00,-1.370037529577863289e-01,2.369420898375065754e+00,1.438111730143114319e-03,1.070500333127970142e-03,3.800627233325010678e-04,-9.701120256960953959e-04,8.325020423670302927e-01,-4.753618213124255476e-02,1.445347948162055030e+00,-3.560817834682561411e-02,2.353736133697329258e+00,1.463445855375389510e-03,4.001821214023235356e-04,1.087237600980288117e-03,-1.103107688808990187e-04,8.331678734548479959e-01,1.593649056581842877e-03,3.275378670044253168e-04,1.925481473878574122e-03,6.537415686901639714e-04,7.360634513351396180e-01,7.254020164798009596e-01
2.517249999999900002e-08,1.040330024078177651e-01,-3.980817869197794678e-02,-1.004097142618578520e-01,1.426161907662838235e+00,-1.931141896600365726e-01,2.357090647093836644e+00,1.396525646094543124e-03,8.387271656025252584e-05,1.196987155429058347e-03,-3.450789279739872222e-04,8.314160410221024256e-01,1.021198410416541691e-01,1.426254277061624887e+00,1.269314170403696984e-01,2.316690351949227455e+00,1.423653202834288629e-03,1.268497406209182984e-03,7.365185053665779019e-05,1.409661938566581212e-03,8.321288783573445036e-01,5.998210333820219731e-02,1.444877165832297639e+00,-1.199223723730282742e-01,2.368388360383692604e+00,1.448780405817534731e-03,1.163386581151047835e-03,3.065060531852241378e-04,-1.030036021645255916e-03,8.327868333610864982e-01,-5.990404993218101382e-02,1.445490990389867170e+00,-6.756878279288169864e-02,2.351604207603529062e+00,1.474671042537856582e-03,3.230487316648967340e-04,1.181753252049408051e-03,-3.249505052592201616e-04,8.334640846642205059e-01,1.609951037399116013e-03,3.105933681995458437e-04,1.925035458787903138e-03,6.535360142166826529e-04,7.377246604763225690e-01,7.239129019504757512e-01
2.517749999999899907e-08,1.810796800480281021e-01,-6.821425019434368409e-02,-7.104213230468503504e-02,1.424222633583809738e+00,-1.968941555464454041e-01,2.361700391418054323e+00,1.340982181604804657e-03,1.644242298951827347e-04,1.036916156366993495e-03,-3.472037966933364406e-04,8.298800711352041226e-01,7.324298463462763920e-02,1.424292229988551428e+00,1.222988489018002056e-01,2.319873793567182485e+00,1.364635291024448357e-03,1.117248548321240565e-03,1.477201265292240305e-04,1.303192171523324299e-03,8.305232209762122286e-01,7.133808365721461264e-02,1.445281917986313225e+00,-1.043332182718867962e-01,2.366507084449038345e+00,1.459557424843682368e-03,1.241851004338542092e-03,2.459024984844863731e-04,-1.063681018963708123e-03,8.330726881752077428e-01,-7.122368315944171968e-02,1.445878297945198288e+00,-9.726390683476227039e-02,2.348897881449618197e+00,1.485963503052674470e-03,2.595705715340886478e-04,1.261189810995190725e-03,-4.577950193574067267e-04,8.337604795962814119e-01,1.624221117381435429e-03,2.987675132705394816e-04,1.926097358817649950e-03,6.537698924985765707e-04,7.392883694218457258e-01,7.224971242730868770e-01
2.518249999999899813e-08,2.431009324041297770e-01,-9.303551794997000357e-02,-3.893724626379091447e-02,1.421944301470063676e+00,-1.951263859551177759e-01,2.367445943359380411e+00,1.298789015650691310e-03,3.153068355464066466e-04,8.619575948593042854e-04,-3.800344840320784299e-04,8.286802958892649507e-01,4.150971366328959355e-02,1.421977063353845327e+00,1.137442241949422339e-01,2.323669842392103391e+00,1.319733259784432048e-03,9.453637346632163922e-04,2.970126639642800223e-04,1.160074052500134970e-03,8.292691774372495939e-01,8.187893710533278302e-02,1.445873682214737777e+00,-9.243375094587413798e-02,2.364386676299982337e+00,1.469798104363425695e-03,1.307493284771860456e-03,1.959233978394174980e-04,-1.077177660339630107e-03,8.333424321456647244e-01,-8.171870758428223525e-02,1.446440681062836742e+00,-1.220510608899534333e-01,2.345817226446563097e+00,1.496649806469589530e-03,2.073406206244059289e-04,1.327565319077052709e-03,-5.004112755632814796e-04,8.340394009409506371e-01,1.635025079164877364e-03,2.920771651475228972e-04,1.928075709694928273e-03,6.542803119401694725e-04,7.407428428584796887e-01,7.211507912636532236e-01
2.518749999999899718e-08,2.910559525023180827e-01,-1.124918347579955125e-01,-6.407699423136126171e-03,1.420089766627331995e+00,-1.889940639593863381e-01,2.373497860116331903e+00,1.276825921604591131e-03,5.296745386152700583e-04,6.710469557078444728e-04,-4.632735470193573226e-04,8.280427206442479982e-01,9.238114073228498313e-03,1.420111932267296373e+00,9.918953213517633927e-02,2.327048183725223041e+00,1.296899200266535572e-03,7.469848804400647290e-04,5.230063355655970242e-04,9.731326062522610999e-04,8.286136875510565769e-01,9.183585247028180909e-02,1.446559842888588410e+00,-8.483398465696856405e-02,2.362627778137235346e+00,1.479035288627802069e-03,1.362133773854581073e-03,1.545190654455851651e-04,-1.081261162324401778e-03,8.335844549835541573e-01,-9.163470453014177508e-02,1.447082509018335239e+00,-1.407296334858991749e-01,2.342720420308526563e+00,1.506286155666804009e-03,1.640711442668779392e-04,1.383076150940567347e-03,-4.812352319543421772e-04,8.342895799246258237e-01,1.639912487360497325e-03,2.910880930309524099e-04,1.930135317412599383e-03,6.548279418302136150e-04,7.420745979894460831e-01,7.198797898850242127e-01
2.519249999999899623e-08,3.264985241258600013e-01,-1.263489736580227785e-01,2.536005792714091100e-02,1.419191831649726288e+00,-1.798505722768677373e-01,2.379159290071462429e+00,1.274914791402418464e-03,7.714561359512818158e-04,4.793038227526034479e-04,-6.078477020460891327e-04,8.279863122993951219e-01,-2.245605532336947263e-02,1.419237490561508386e+00,7.652150943335911393e-02,2.328976491134073790e+00,1.295733070299344121e-03,5.361447507771310112e-04,7.844737295981885549e-04,7.409501159410901558e-04,8.285712003733207709e-01,1.012514120251344352e-01,1.447265444567831461e+00,-8.102605279361263513e-02,2.361455758579107833e+00,1.487076742507601780e-03,1.406454548327510908e-03,1.207650168373236902e-04,-1.086706161252273904e-03,8.337952416811600376e-01,-1.010252783223406503e-01,1.447732644432824678e+00,-1.537200056905136947e-01,2.339925413628908046e+00,1.514699648925891748e-03,1.286753579404677087e-04,1.428396336287944936e-03,-4.344591974560572511e-04,8.345076303512648508e-01,1.635596911030119845e-03,2.972159719183936188e-04,1.931435528818756806e-03,6.551677340617026012e-04,7.432683408640148315e-01,7.187010753265790086e-01
2.519749999999899528e-08,3.514832672669814251e-01,-1.355433903394351880e-01,5.596399018079312171e-02,1.419530188336652010e+00,-1.692749607463466255e-01,2.383721474883925495e+00,1.289121269155441268e-03,1.007358922219465155e-03,3.102507486851343210e-04,-8.007888785166662922e-04,8.283964696032727337e-01,-5.318032151700835541e-02,1.419606065490105484e+00,4.538807865730953850e-02,2.328806064145572563e+00,1.311448993187206953e-03,3.432151643165788028e-04,1.037955818360328632e-03,4.812420017037211464e-04,8.290118676561689659e-01,1.099541456530077621e-01,1.447945367549333451e+00,-8.019951645979483956e-02,2.360815289074068346e+00,1.493890563897520146e-03,1.440345706890230806e-03,9.422032518329599671e-05,-1.100881673907051859e-03,8.339754047889860189e-01,-1.097217404206860536e-01,1.448349598790070303e+00,-1.623776475345204418e-01,2.337596470849458985e+00,1.521827683000047697e-03,1.007093888561335325e-04,1.463136859457009765e-03,-3.827060483141264268e-04,8.346934319084096110e-01,1.618098816829613602e-03,3.129473507343401685e-04,1.931207275870622892e-03,6.550629936489558514e-04,7.443055567918304138e-01,7.176417149275082785e-01
2.520249999999899433e-08,3.648507727771116427e-01,-1.414673201472136377e-01,8.500406572035745789e-02,1.421176938358378550e+00,-1.587172264617202622e-01,2.386367015508319867e+00,1.315081898243253278e-03,1.213093476347053756e-03,1.816737421712452032e-04,-1.005587598276700377e-03,8.291379500018920545e-01,-8.249452964283321421e-02,1.421291502522413097e+00,8.372449643828439036e-03,2.326537832534067096e+00,1.339478442572151953e-03,1.949037354302115351e-04,1.253025458059095704e-03,2.280755272355642629e-04,8.297958672954038883e-01,1.176325415307473143e-01,1.448573668948962112e+00,-8.162250620275868229e-02,2.360563179064818051e+00,1.499446716696143820e-03,1.463766520515873484e-03,7.428480344661287900e-05,-1.126644039671796660e-03,8.341252913302306116e-01,-1.174107495617642272e-01,1.448907914980279266e+00,-1.682518715852050484e-01,2.335764529045004423e+00,1.527592704675113109e-03,7.962993860912155717e-05,1.487040179342565124e-03,-3.368172398948603217e-04,8.348463809872550545e-01,1.583284497163290694e-03,3.417085144142854489e-04,1.928860831214252065e-03,6.543127540756210571e-04,7.451616778182403866e-01,7.167383028004410406e-01
2.520749999999899339e-08,3.574294381436963208e-01,-1.454470588282616994e-01,1.112352987578968389e-01,1.423825022068781809e+00,-1.491448708879339335e-01,2.386504097388786327e+00,1.347692405007268985e-03,1.367511152389660209e-03,9.903496635716357507e-05,-1.182027496480002066e-03,8.300605157020721769e-01,-1.091463843060360706e-01,1.423986984555362323e+00,-3.002953256706053509e-02,2.322692937138902014e+00,1.374279357722240453e-03,1.014384940481326183e-04,1.405495873606828466e-03,1.540757273402819610e-05,8.307617469076348238e-01,1.238921631940450574e-01,1.449133728345654015e+00,-8.470646659024394509e-02,2.360568140132818904e+00,1.503704139594809908e-03,1.477031683767194301e-03,6.010273001085398025e-05,-1.163034537803237130e-03,8.342448612112229878e-01,-1.236960513773490700e-01,1.449389398007073115e+00,-1.726478206864427989e-01,2.334393033989929478e+00,1.531921879216983830e-03,6.461240987752993098e-05,1.500355152669220239e-03,-3.003689876136385697e-04,8.349657908608131285e-01,1.528039916760110450e-03,3.871994571168150667e-04,1.924289849287842127e-03,6.528530576947483982e-04,7.458040795431248871e-01,7.160356886424812384e-01
2.521249999999899244e-08,3.166718476083850708e-01,-1.484996676752894373e-01,1.320983298777593795e-01,1.426688580372925896e+00,-1.411515042061588510e-01,2.384385017606617474e+00,1.379809809930710460e-03,1.453577117408621404e-03,5.464116278224495968e-05,-1.306086868605179025e-03,8.309685636048809165e-01,-1.306006680778211138e-01,1.426880690470119450e+00,-6.547249446281888652e-02,2.318169880372614067e+00,1.407691881665219759e-03,5.356874917210731839e-05,1.481419170810004907e-03,-1.361378071630639139e-04,8.316930241467463958e-01,1.282913831211733857e-01,1.449609413471986796e+00,-8.896661684482598531e-02,2.360743829590841170e+00,1.506632521820512952e-03,1.480717644537478828e-03,5.077671219675918479e-05,-1.206682317110474969e-03,8.343339632349796586e-01,-1.281347345728143239e-01,1.449775994989565664e+00,-1.764683111814315808e-01,2.333429552785729388e+00,1.534772111970463936e-03,5.475755818172353689e-05,1.503675637407765131e-03,-2.734204827039012314e-04,8.350512560521707872e-01,1.451589624376089550e-03,4.522105221569827811e-04,1.918114553732283610e-03,6.508442324439109392e-04,7.461933710773747119e-01,7.155827111800525664e-01
2.521749999999899149e-08,2.398173060389621192e-01,-1.512776098327726082e-01,1.443139957559953501e-01,1.428768660616126063e+00,-1.350302753961436508e-01,2.381236587106192459e+00,1.403284312494721157e-03,1.466006337837896930e-03,3.443121566874272806e-05,-1.374439145273455678e-03,8.316487635051360572e-01,-1.435709690329574073e-01,1.428945491113465138e+00,-9.518313325821203819e-02,2.314092798334860035e+00,1.430909953347093717e-03,3.305982309436598341e-05,1.483729019694731777e-03,-2.255750892237410742e-04,8.323635395533706127e-01,1.303863799623945496e-01,1.449978421550034424e+00,-9.397076166565865307e-02,2.361050339128563103e+00,1.508183997111268299e-03,1.475526193472305892e-03,4.561119338412351453e-05,-1.252959653686252150e-03,8.343912250777634210e-01,-1.302814685692628149e-01,1.450044889372590795e+00,-1.802126266711230329e-01,2.332833572027352975e+00,1.536100662201729744e-03,4.935955688668723564e-05,1.497759867790315717e-03,-2.547360193629653142e-04,8.351015557447072357e-01,1.356221109361324586e-03,5.372569895191592728e-04,1.911578097191013199e-03,6.486527689126621614e-04,7.462891253389467572e-01,7.154246220455851013e-01
2.522249999999899054e-08,1.391743714357998041e-01,-1.541063751885634048e-01,1.454091153353833654e-01,1.429270340508392412e+00,-1.305585090181096142e-01,2.378522987508720377e+00,1.412104293225814253e-03,1.415873534953715658e-03,2.757831295517459844e-05,-1.395436040851595009e-03,8.319430782000490909e-01,-1.455000068346687936e-01,1.429389768042287123e+00,-1.182347166420365525e-01,2.311410374065408391e+00,1.438176735485481540e-03,2.664679662402444878e-05,1.430117646985346004e-03,-2.679368883875793525e-04,8.326205988852477535e-01,1.297978865811111326e-01,1.450211429401156993e+00,-9.930505339847117696e-02,2.361484221300730546e+00,1.508272334817643834e-03,1.462219823382634922e-03,4.431359388292666253e-05,-1.296847591769447958e-03,8.344134154833459105e-01,-1.297545481773325626e-01,1.450168809893789268e+00,-1.840465533565076583e-01,2.332585022176288270e+00,1.535843795245910417e-03,4.813290834022883839e-05,1.483434529776249833e-03,-2.428504666568032273e-04,8.351140083161080474e-01,1.247028414793463751e-03,6.397575442052251754e-04,1.906107536375812889e-03,6.467263443010171954e-04,7.460589276206781584e-01,7.155941657168491954e-01
2.522749999999898959e-08,3.343808591175800871e-02,-1.570579729529573143e-01,1.349457889343483874e-01,1.427845868322448641e+00,-1.270449117957799245e-01,2.377172298796112138e+00,1.404855753789598875e-03,1.325153625482149069e-03,3.034966286733099190e-05,-1.379038089639847810e-03,8.318072961894388273e-01,-1.358255751934254185e-01,1.427893938319990452e+00,-1.349661934005843555e-01,2.310558272497660326e+00,1.428803725423576868e-03,3.010950303651919720e-05,1.343008690930957332e-03,-2.825347104584061651e-04,8.324340968866400514e-01,1.262863922481771706e-01,1.450277716308566500e+00,-1.045593196956948745e-01,2.362062288747085237e+00,1.506819068820479217e-03,1.441564335454619591e-03,4.718083901422635270e-05,-1.333599734621596393e-03,8.343968260370256962e-01,-1.263112048148087307e-01,1.450121768430294722e+00,-1.878948789712109324e-01,2.332679327205589459e+00,1.533961261157408117e-03,5.141725930731044574e-05,1.461498736695737710e-03,-2.365729119115960919e-04,8.350858093513813252e-01,1.130716647453136603e-03,7.543580345751771431e-04,1.902778372989441351e-03,6.454261821012452667e-04,7.454873758603195455e-01,7.161043741005761465e-01
2.523249999999898865e-08,-6.337443582471857795e-02,-1.600330987027187568e-01,1.145535114377127517e-01,1.424662164148720045e+00,-1.236220446702276377e-01,2.377429290650573179e+00,1.385263646612186613e-03,1.215924465077612444e-03,4.702194421171544290e-05,-1.333422517054684998e-03,8.313297531478307523e-01,-1.160798469836876734e-01,1.424644527694002072e+00,-1.462391089474719408e-01,2.311467786484001419e+00,1.407163873600440155e-03,4.823818123838477485e-05,1.240360542681217268e-03,-2.854619943303156045e-04,8.319054823825212663e-01,1.198108993008637491e-01,1.450154834057588049e+00,-1.093265219459325088e-01,2.362803697077731080e+00,1.503857967829939609e-03,1.414161909700363583e-03,5.534125888932247319e-05,-1.359257867015224806e-03,8.343402730787097266e-01,-1.199066927086882561e-01,1.449887669074368723e+00,-1.915372510974853171e-01,2.333115804101093982e+00,1.530537937909378417e-03,6.042844225717398915e-05,1.432506133888699447e-03,-2.352366192796822718e-04,8.350169588437954538e-01,1.014022030033103232e-03,8.742296809192272745e-04,1.901970801859957563e-03,6.449067169960787148e-04,7.445813466495661004e-01,7.169457312856579723e-01
2.523749999999898770e-08,-1.455773330515905961e-01,-1.628401067121179047e-01,8.707766737653588329e-02,1.420346686943743109e+00,-1.193693939078124266e-01,2.379033047690735536e+00,1.361230448407757055e-03,1.100562711301747995e-03,9.453822981035159756e-05,-1.263862650676876673e-03,8.307137695441892955e-01,-8.908495544061101334e-02,1.420282122614203502e+00,-1.529690440471385138e-01,2.313751928417810966e+00,1.381814165393833484e-03,9.897164496038140537e-05,1.128624279322621403e-03,-2.904016734655766275e-04,8.312521549346426619e-01,1.105508131015704443e-01,1.449838838219290826e+00,-1.132019899528966533e-01,2.363714160921111862e+00,1.499655956045943929e-03,1.380108031624322634e-03,7.107686356964024415e-05,-1.370828948656017607e-03,8.342485885199825146e-01,-1.107165703078882846e-01,1.449468820979741501e+00,-1.946925308630391704e-01,2.333886203394606618e+00,1.525900420543486275e-03,7.756087696197236955e-05,1.396390151993356877e-03,-2.389649759764405723e-04,8.349136641785048774e-01,9.024920676797257204e-04,9.925757614544757426e-04,1.903356795854379072e-03,6.450969895100984843e-04,7.433698472393222012e-01,7.180883773943635973e-01
2.524249999999898675e-08,-2.127846524058705224e-01,-1.652625979442086113e-01,5.568350195536186931e-02,1.415830281006124736e+00,-1.130581011918083689e-01,2.381376804778316814e+00,1.343210585211864925e-03,9.754481005465051114e-04,2.075430034642313177e-04,-1.169166735551031237e-03,8.302401397046933473e-01,-5.803108783077237653e-02,1.415749471401048787e+00,-1.558974893146349849e-01,2.316880003319662151e+00,1.363741869607033429e-03,2.151049667969600948e-04,9.986999833675419373e-04,-3.142030643286016227e-04,8.307682837037162482e-01,9.888564661214926943e-02,1.449351526949478552e+00,-1.157673192281234442e-01,2.364773744162728342e+00,1.494793636865523545e-03,1.338545274957973069e-03,9.810803278173365683e-05,-1.365999544693014770e-03,8.341349917987552764e-01,-9.911636883708507817e-02,1.448891567001219904e+00,-1.970822890454972942e-01,2.334966832080907828e+00,1.520689743320408679e-03,1.065833336789864929e-04,1.352056311882732448e-03,-2.489770552810335468e-04,8.347905778622457529e-01,7.999332574141727274e-04,1.103696922215555154e-03,1.906120880188170909e-03,6.457631483994070651e-04,7.418993445607702242e-01,7.194877802778214537e-01
2.524749999999898580e-08,-2.659560171592565414e-01,-1.671094311504162100e-01,2.310567592211643095e-02,1.412138073545167849e+00,-1.026146422553968485e-01,2.383582804301357605e+00,1.340820778033916536e-03,8.255303366151383162e-04,4.137358236583748845e-04,-1.038149014054927073e-03,8.301744906336090413e-01,-2.566973462373867143e-02,1.412049462798173227e+00,-1.555621625936978170e-01,2.320312416464470395e+00,1.362126384147354079e-03,4.158450027754052045e-04,8.360819114083394444e-04,-3.807615258656091100e-04,8.307157735119692354e-01,8.533862234229583343e-02,1.448740958670490908e+00,-1.165477236861893751e-01,2.365928284470683707e+00,1.490162800268155299e-03,1.287387079835900774e-03,1.413791244449651727e-04,-1.342423917995789334e-03,8.340214890840172979e-01,-8.562501790731080753e-02,1.448205952292289656e+00,-1.984670224630358248e-01,2.336315857916736238e+00,1.515843353269441486e-03,1.522431774276620121e-04,1.297269054718621327e-03,-2.679394740406461708e-04,8.346709205082095684e-01,7.084032996056965079e-04,1.203488876661758765e-03,1.909266349155726425e-03,6.466071592246785786e-04,7.402268453041225271e-01,7.210915436757827646e-01
2.525249999999898486e-08,-3.062799033501191204e-01,-1.682449307611353362e-01,-9.052460124632011329e-03,1.410024793925865882e+00,-8.502041698350693011e-02,2.384583410293036110e+00,1.356797894271409392e-03,6.460575739073695558e-04,6.862157477392420539e-04,-8.555509071764427504e-04,8.305968265798517880e-01,6.385567123523783195e-03,1.409886794456177483e+00,-1.525886153005608925e-01,2.323562590219945712e+00,1.378792583806626735e-03,6.744073345592140143e-04,6.446676003857176223e-04,-5.141815932535915993e-04,8.311591125274999659e-01,7.049171890678396224e-02,1.448071997609248207e+00,-1.149532200909058055e-01,2.367083514822374113e+00,1.486832072678753855e-03,1.223695502041856776e-03,2.056593132347829913e-04,-1.297040780381147895e-03,8.339359481425653309e-01,-7.082033441757662473e-02,1.447476589676659930e+00,-1.986630192609752932e-01,2.337875551170431443e+00,1.512441540027745397e-03,2.187485074707569313e-04,1.229288935958504315e-03,-3.000872864890993591e-04,8.345831325409183155e-01,6.285188139367100255e-04,1.289634400921164763e-03,1.911945217872002304e-03,6.473756371755947855e-04,7.384128569942949305e-01,7.228456144315924536e-01
2.525749999999898391e-08,-3.356044118874701443e-01,-1.686021174297618330e-01,-4.024986892204895916e-02,1.409703590081711866e+00,-5.772206780294641959e-02,2.383471088257479220e+00,1.386291635306968490e-03,4.571913947052274533e-04,9.695721416496354142e-04,-6.189606700400871039e-04,8.313794710676232214e-01,3.759456935562788260e-02,1.409497414162200979e+00,-1.479928072764615798e-01,2.326129015298030289e+00,1.409336752269212166e-03,9.479439852099237618e-04,4.506022122013497331e-04,-7.169129611677096557e-04,8.319739545542761405e-01,5.488590334622456268e-02,1.447408275476301132e+00,-1.102427304918740525e-01,2.368103931673743112e+00,1.485665932149196969e-03,1.145003349062344257e-03,2.930771364979701935e-04,-1.225993255894585994e-03,8.339017998218012373e-01,-5.524111654240981828e-02,1.446766470559182505e+00,-1.975524335666922759e-01,2.339577266927403976e+00,1.511329908073002050e-03,3.075758284870990021e-04,1.146305001434613302e-03,-3.507012563047632496e-04,8.345504557809858559e-01,5.598479259131827496e-04,1.361643675214747233e-03,1.913641747278977409e-03,6.479095062120286816e-04,7.365154455518949650e-01,7.246989745418233042e-01
2.526249999999898296e-08,-3.544980702561476571e-01,-1.681778537863616307e-01,-7.023456474526157400e-02,1.411076945892216994e+00,-2.091546408362310316e-02,2.380012817034272921e+00,1.423598884073678291e-03,2.895587098083536224e-04,1.227710350877709179e-03,-3.496157561477823065e-04,8.323623008558814762e-01,6.771152028852878146e-02,1.410834307049457337e+00,-1.428753827201343363e-01,2.327403382546027188e+00,1.448581639394301828e-03,1.203627451746476680e-03,2.827251250438658878e-04,-9.548078672270966750e-04,8.330044281656400207e-01,3.894295002776759773e-02,1.446796201995993236e+00,-1.015731071843717359e-01,2.368824708242700083e+00,1.486898210449600841e-03,1.050973417044062013e-03,4.015079238734936616e-04,-1.125437677316165576e-03,8.339264458099984179e-01,-3.931047644239882288e-02,1.446123061135927035e+00,-1.950864095151820798e-01,2.341345313130729799e+00,1.512726321483702334e-03,4.164044651866165422e-04,1.048776128222893853e-03,-4.244003555130350966e-04,8.345797747480959705e-01,5.012568701824773442e-04,1.420533877700871700e-03,1.914127429223755989e-03,6.481199672646745583e-04,7.345859520058954928e-01,7.266064932622573469e-01
2.526749999999898201e-08,-3.566746281190897871e-01,-1.669968268550170443e-01,-9.815018629805138950e-02,1.413880990793220160e+00,2.199033839704300775e-02,2.374642831065737703e+00,1.463972087656868325e-03,1.654022540452398005e-04,1.434074799018757868e-03,-8.500866382175174146e-05,8.334028724451378878e-01,9.588238695898887443e-02,1.413640279083395956e+00,-1.378471178536790909e-01,2.326761025960650819e+00,1.491291847849985155e-03,1.412930568551639537e-03,1.601978591967163489e-04,-1.176321774005638582e-03,8.340996471589071648e-01,2.294980803512847167e-02,1.446262884271760196e+00,-8.816699167795594150e-02,2.369087445771409950e+00,1.490176591132774415e-03,9.441348886138525420e-04,5.254937333210782640e-04,-9.926017214494744535e-04,8.340025248259799184e-01,-2.331889834654998772e-02,1.445575439567658549e+00,-1.912521549864196757e-01,2.343097140219615238e+00,1.516276199310233460e-03,5.401209674870319482e-04,9.396600056041203974e-04,-5.224634880590057822e-04,8.346631564653846924e-01,4.513080131583496095e-04,1.468077882395682704e-03,1.913402881826493582e-03,6.479850097599594528e-04,7.326667387200820336e-01,7.285300562409504632e-01
2.527249999999898106e-08,-3.291093249887817596e-01,-1.650317069005535764e-01,-1.217661247927332990e-01,1.417562294090412234e+00,6.593247833675031089e-02,2.368182173973438331e+00,1.499756134017586617e-03,9.052021704506561643e-05,1.562251838500724977e-03,1.314321840918677379e-04,8.342949891393094397e-01,1.199155061280186008e-01,1.417366103136282529e+00,-1.331875630333421157e-01,2.323983367406740275e+00,1.529425251365086787e-03,1.550681189891282103e-03,8.688397377761315223e-05,-1.342992521194329332e-03,8.350464585819115104e-01,7.106266160928242925e-03,1.445825970403768812e+00,-6.953921574526589211e-02,2.368791325973647943e+00,1.495014974646106248e-03,8.292509631364036564e-04,6.583865540276509672e-04,-8.259313974519743445e-04,8.341190563789588897e-01,-7.468989360385647203e-03,1.445140649789780962e+00,-1.859783498815539282e-01,2.344737989541818557e+00,1.521477759301796597e-03,6.725361560890631696e-04,8.236550636055277059e-04,-6.407150835065505588e-04,8.347888676504191530e-01,4.087524912999790177e-04,1.506081214199036155e-03,1.911706253954285331e-03,6.475695475613605853e-04,7.307908740863102715e-01,7.304383893239381198e-01
2.527749999999898012e-08,-2.640344920371855419e-01,-1.620970131830343774e-01,-1.376830595454086037e-01,1.421341781204739751e+00,1.059843966789220104e-01,2.361877276572787565e+00,1.520129145169286586e-03,5.388792819590198277e-05,1.597892430880205276e-03,2.682823890009384529e-04,8.347731675397755957e-01,1.364560161608647793e-01,1.421223327907935374e+00,-1.293741897630877880e-01,2.319865867611277110e+00,1.551725452623327166e-03,1.603208445631805392e-03,5.096775251975786024e-05,-1.442527707828065997e-03,8.355688302748873753e-01,-8.405967646584633357e-03,1.445503734461117240e+00,-4.563490700926076116e-02,2.367924322811354898e+00,1.501079867733249619e-03,7.121528228682828116e-04,7.935747746895891862e-04,-6.238990573868430237e-04,8.342680493533198849e-01,8.057159533891633529e-03,1.444832498636183349e+00,-1.790030017256554196e-01,2.346147201345426758e+00,1.527965191607286947e-03,8.073687438095944685e-04,7.063003390639330551e-04,-7.698371353621939967e-04,8.349481464541084197e-01,3.728400607063808822e-04,1.536188564723661894e-03,1.909510104681278299e-03,6.470172929329629907e-04,7.289827763712353192e-01,7.323062279819370080e-01
2.528249999999897917e-08,-1.690880034845401170e-01,-1.577722409558650618e-01,-1.428378331372472942e-01,1.424418914095996413e+00,1.388622980823011055e-01,2.357178026095104961e+00,1.516144463905108423e-03,3.980376445216022240e-05,1.549648515830039748e-03,3.304862938669159427e-04,8.346288193711489667e-01,1.424210354214971996e-01,1.424385426274809241e+00,-1.267396843399635209e-01,2.316091977974616967e+00,1.548572964138896987e-03,1.576003425077838463e-03,3.681211164385641752e-05,-1.482990471995109015e-03,8.354443328173233319e-01,-2.337468297566691611e-02,1.445321456801126558e+00,-1.681194091065441043e-02,2.366547090540816356e+00,1.508127895793493151e-03,5.988222453703274028e-04,9.247376174534279250e-04,-3.847412599333300902e-04,8.344428190718445881e-01,2.304928651792748084e-02,1.444669769720426045e+00,-1.697986049439799139e-01,2.347156909814991366e+00,1.535468684813852446e-03,9.385393344064057314e-04,5.932753198352547306e-04,-8.977373376163805046e-04,8.351338022139263018e-01,3.432340688161363159e-04,1.560171046303297088e-03,1.907499495351653142e-03,6.465286288493584917e-04,7.272583655470366004e-01,7.341135415600579250e-01
2.528749999999897822e-08,-6.248260708244801620e-02,-1.514455029348251713e-01,-1.360881816762977703e-01,1.426187856304334645e+00,1.634091522485885406e-01,2.355064772845368637e+00,1.486171363639095504e-03,3.974162615443981229e-05,1.442929043995781323e-03,3.464904205445822017e-04,8.338230707290722465e-01,1.365450058579356085e-01,1.426223353468094590e+00,-1.249183422543582722e-01,2.314100729317231320e+00,1.517838540335026158e-03,1.489374590637612943e-03,3.575810784485945211e-05,-1.477306632928470547e-03,8.346252423205151594e-01,-3.754693419425803036e-02,1.445315588431767218e+00,1.616679981756519169e-02,2.364741050232260111e+00,1.515833884365272921e-03,4.946778475786039889e-04,1.046045370798135039e-03,-1.127950001386848603e-04,8.346340760981652007e-01,3.725753828820277391e-02,1.444682422740702465e+00,-1.577395047691108054e-01,2.347535987096821763e+00,1.543647405766182795e-03,1.060403504847383859e-03,4.897260512013043793e-04,-1.012070519443101927e-03,8.353362400513772990e-01,3.196915845496006584e-04,1.580059836509639095e-03,1.906463722059161111e-03,6.463270440030683675e-04,7.256240975676222504e-01,7.358450317296563181e-01
2.529249999999897727e-08,3.914460026829891248e-02,-1.426141685316686392e-01,-1.185733904536343530e-01,1.426391035027452459e+00,1.798535430192935713e-01,2.355742476499565363e+00,1.436658609531154228e-03,5.512839220520941551e-05,1.304711035528910825e-03,3.427833059966355154e-04,8.325018332911009455e-01,1.198124866130023669e-01,1.426466294758763187e+00,-1.230234065870212667e-01,2.314377264554500435e+00,1.466037290030647615e-03,1.367134312666525367e-03,4.854208088337957412e-05,-1.433741927431785327e-03,8.332593489369962692e-01,-5.066324565158675242e-02,1.445532877644869041e+00,5.184351351196436752e-02,2.362549085338129906e+00,1.523722710766173705e-03,4.037780896689930786e-04,1.152762681771894249e-03,1.654044929342785909e-04,8.348289247041675853e-01,5.042479767586849349e-02,1.444912622316780304e+00,-1.427418847958783488e-01,2.347012209937624938e+00,1.552014203127726876e-03,1.168332004067126634e-03,3.994730293809390493e-04,-1.102243829051309520e-03,8.355422622900587903e-01,3.018277589646513890e-04,1.597656090967057053e-03,1.907038352468117199e-03,6.465947063978940736e-04,7.240762578788555448e-01,7.374895060940482860e-01
2.529749999999897633e-08,1.272539921647652950e-01,-1.314739062081682341e-01,-9.296332542880447747e-02,1.425194635012452249e+00,1.890234030874373694e-01,2.358820351164791163e+00,1.379120145895964319e-03,9.915493650022149383e-05,1.152641622457448254e-03,3.380739269484484867e-04,8.309398654497910375e-01,9.481012616540929194e-02,1.425273328961544905e+00,-1.200005662280299035e-01,2.316648921376346149e+00,1.405236747812590743e-03,1.226490046472205209e-03,8.731542768208595384e-05,-1.356884310783476469e-03,8.316321771445065458e-01,-6.255190107777797159e-02,1.446013577340937051e+00,8.758681815007962612e-02,2.359962437676621505e+00,1.531235680880990192e-03,3.278783280473561868e-04,1.242286098381854744e-03,3.933337817842684492e-04,8.350130888898010806e-01,6.237711234944542937e-02,1.445401998158178491e+00,-1.261460845312614154e-01,2.345407139536819674e+00,1.560002615538947507e-03,1.259696473928846724e-03,3.241284449523180707e-04,-1.161717401131818778e-03,8.357372808194514224e-01,2.891438993035472726e-04,1.613798853440862307e-03,1.909423257690114626e-03,6.473957448759992510e-04,7.226032523024086274e-01,7.390386303963278891e-01
2.530249999999897538e-08,1.999921212706807783e-01,-1.193188664815925115e-01,-6.246344211272170099e-02,1.423143164263332539e+00,1.919789888536702627e-01,2.363546374411704676e+00,1.326630160522203035e-03,1.974646042422566043e-04,9.899277520965974950e-04,3.488458668390349306e-04,8.294763330890384534e-01,6.475870504619951618e-02,1.423193073748338922e+00,-1.146264277868405124e-01,2.320218390213913295e+00,1.349376367461489409e-03,1.071018772976272369e-03,1.792594418145794684e-04,-1.247918890284573697e-03,8.301009791400106863e-01,-7.327052985286441888e-02,1.446744680761570923e+00,1.198854151374644239e-01,2.357042548728100151e+00,1.537836040010922634e-03,2.657894036783260087e-04,1.315091060157020861e-03,5.206906681007562269e-04,8.351735524103799380e-01,7.316017366954929990e-02,1.446149063323575401e+00,-1.105672707740175120e-01,2.342932326938512055e+00,1.567071472681801428e-03,1.334731902727161277e-03,2.625263735140303742e-04,-1.190445190103541894e-03,8.359079690562304377e-01,2.812536652548122554e-04,1.628000675843667162e-03,1.913256877112674489e-03,6.486305188773952351e-04,7.211927100699482285e-01,7.404850168457266513e-01
2.530749999999897443e-08,2.579446692978426547e-01,-1.080484488259760845e-01,-3.001475670614683899e-02,1.420995329072226809e+00,1.898193816634217157e-01,2.369047668020163755e+00,1.290190750244345685e-03,3.685924860841528522e-04,8.108356647337530525e-04,3.944724130287081184e-04,8.284327260395534243e-01,3.265312508040785211e-02,1.421013975855453637e+00,-1.051592772998031222e-01,2.324146725566686111e+00,1.310693558545207625e-03,8.923203114997917216e-04,3.515588355360996968e-04,-1.101472219252308841e-03,8.290124270346427293e-01,-8.311982966024711317e-02,1.447631592708100712e+00,1.459099365414813221e-01,2.354038198603144227e+00,1.543132513908945574e-03,2.144608857735113183e-04,1.374113681273998527e-03,5.497259292212609578e-04,8.353011110298184105e-01,8.306310745116207706e-02,1.447071267283889018e+00,-9.823456585569889654e-02,2.340288253343886016e+00,1.572798219030397153e-03,1.395986413949143945e-03,2.116756841421611171e-04,-1.195699631479952467e-03,8.360444767684416245e-01,2.781637201241351815e-04,1.638522647932543451e-03,1.917728555380267654e-03,6.500604301096145300e-04,7.198410220016178140e-01,7.418203114905355111e-01
2.531249999999897348e-08,3.021828505103081319e-01,-9.912789407135180753e-02,2.372030856430784596e-03,1.419455374099173106e+00,1.836795119497884876e-01,2.374536663090402122e+00,1.274591887958576074e-03,5.947039458710237864e-04,6.181120214173737139e-04,4.939468048750310890e-04,8.279782712856328386e-01,4.802014710678648157e-04,1.419477551908071344e+00,-8.924481257038241466e-02,2.327359844805881206e+00,1.294790675463515723e-03,6.885112511911699101e-04,5.917358395927089674e-04,-9.090295456094856516e-04,8.285512318219868666e-01,-9.239885164577255061e-02,1.448551454734995136e+00,1.648003790817780256e-01,2.351250390267166868e+00,1.546996921497700113e-03,1.714615443752859553e-04,1.422167276137266271e-03,5.187840243582711496e-04,8.353929369025879792e-01,9.238611598498058797e-02,1.448044148814228382e+00,-8.989641962451688784e-02,2.338194654284816210e+00,1.576997129997798021e-03,1.446038963700002579e-03,1.691165423039055833e-04,-1.189562078119104195e-03,8.361431795045951576e-01,2.805711804244188619e-04,1.642647135476664943e-03,1.921915816964829505e-03,6.514174670904291069e-04,7.185587087305147502e-01,7.430340193824900297e-01
2.531749999999897253e-08,3.344932630100939663e-01,-9.311431988514318192e-02,3.379268062012319440e-02,1.418959457484116449e+00,1.748904312116978943e-01,2.379333280665913986e+00,1.278021294365527024e-03,8.376045077401157246e-04,4.307320404019684685e-04,6.525931149347276739e-04,8.280774026704018631e-01,-3.092192464380350003e-02,1.419011904546551239e+00,-6.495946210618841477e-02,2.328891610305686477e+00,1.299274878716846033e-03,4.797730016991116246e-04,8.532270819044312843e-04,-6.728292781961890722e-04,8.286706564512039686e-01,-1.011726177933098825e-01,1.449414393775105836e+00,1.774327208704074010e-01,2.348869409610009562e+00,1.549439218109187940e-03,1.358857632447268374e-04,1.460159428504841789e-03,4.639364910499975641e-04,8.354493125720345859e-01,1.011973224336137900e-01,1.448969795254622106e+00,-8.524055593506218997e-02,2.336963244874460610e+00,1.579661382114824156e-03,1.485827486729728031e-03,1.339229590157833404e-04,-1.184185794022915485e-03,8.362043137090852118e-01,2.901635330426236242e-04,1.636927465816189484e-03,1.925082336587316664e-03,6.525007226042676316e-04,7.173692463626368809e-01,7.441127224464376688e-01
2.532249999999897159e-08,3.566125942992711684e-01,-8.990595816044644195e-02,6.393583898479859862e-02,1.419717831588052981e+00,1.649422046743276304e-01,2.382713505681133270e+00,1.296149167592652992e-03,1.067010956610369224e-03,2.717622726518162087e-04,8.497050588629948518e-04,8.285991591900567776e-01,-6.122890731681884802e-02,1.419802516123207070e+00,-3.267261211812888533e-02,2.328297065386730758e+00,1.319087809635076467e-03,2.974202805773257046e-04,1.096689374238570989e-03,-4.158271950886524961e-04,8.292268663266550988e-01,-1.092651018871471091e-01,1.450172149240836816e+00,1.854811856065707865e-01,2.346977234746712604e+00,1.550329732968448119e-03,1.074988113699446534e-04,1.487758999047648694e-03,4.067025640059191132e-04,8.354665930966204135e-01,1.093200423428626333e-01,1.449795879743800420e+00,-8.359434552617894809e-02,2.336546937465901141e+00,1.580684266390299962e-03,1.515114258132702627e-03,1.058561435629953922e-04,-1.187946601573482705e-03,8.362246708249253535e-01,3.097557943579523458e-04,1.617430501690509444e-03,1.926718006857447776e-03,6.531714698040846576e-04,7.163062176306012052e-01,7.450385136611432646e-01
2.532749999999897064e-08,3.654381552582879333e-01,-8.911164068768862023e-02,9.225953186258695204e-02,1.421712410532323112e+00,1.551304748176902670e-01,2.383931227459991753e+00,1.324521691030922316e-03,1.260100875030146107e-03,1.558823689536662936e-04,1.046128702237475103e-03,8.294066809029303489e-01,-8.986448256224210951e-02,1.421837281861163316e+00,4.409397552072480408e-03,2.325775954777071775e+00,1.349628469697560212e-03,1.643179201555221498e-04,1.294431744337554233e-03,-1.731829034783971544e-04,8.300786226149656777e-01,-1.163476835710148816e-01,1.450808108160235754e+00,1.906693946794080219e-01,2.345585514825156093e+00,1.549332199799800022e-03,8.593534189493798911e-05,1.504545277167038597e-03,3.569651269225690210e-04,8.354358732881026484e-01,1.164253150515621726e-01,1.450505447833280170e+00,-8.427803351842388935e-02,2.336743039765625696e+00,1.579739871584168480e-03,1.533512356371404288e-03,8.453380195578563141e-05,-1.204052516662606955e-03,8.361954947076747358e-01,3.430126963669717513e-04,1.580354160348113220e-03,1.926574691675772772e-03,6.533475707463243113e-04,7.154117746116965826e-01,7.457866595566955414e-01
2.533249999999896969e-08,3.497706020658178927e-01,-9.025804566911066473e-02,1.171908926726816791e-01,1.424501648987497759e+00,1.463709936361592412e-01,2.382660746882359959e+00,1.357598074887136430e-03,1.396673750264217475e-03,8.477834730899232315e-05,1.206222924999056150e-03,8.303405585428976776e-01,-1.152611333730018117e-01,1.424667440437539678e+00,4.177543946729134205e-02,2.321951811381729680e+00,1.384715364656657422e-03,8.503559466535560128e-05,1.425104815326075705e-03,2.458573623298214070e-05,8.310516694247748193e-01,-1.220085441708351759e-01,1.451321496285504997e+00,1.943739015367835776e-01,2.344673941225889013e+00,1.546023815300883982e-03,7.049937454224402492e-05,1.510367631876631186e-03,3.177842962187089502e-04,8.353463552210560472e-01,1.221014341031774197e-01,1.451099638740488196e+00,-8.670071627944775372e-02,2.337345520230482254e+00,1.576396217628479347e-03,1.540875381804441288e-03,6.925034306247641934e-05,-1.231397181901478649e-03,8.361057614453244469e-01,3.936210440420060221e-04,1.523160473904180403e-03,1.924861538973417696e-03,6.530654664410087381e-04,7.147343458216062206e-01,7.463244145086949111e-01
2.533749999999896874e-08,2.984447553945006604e-01,-9.286759754826157121e-02,1.358788504284631493e-01,1.427217345881491850e+00,1.393069421798429630e-01,2.379522036381969574e+00,1.387867489220495371e-03,1.462221932616891359e-03,4.818077797484180455e-05,1.313322206871620542e-03,8.311990153267715398e-01,-1.345892345041890259e-01,1.427397849044628186e+00,7.553868167538801970e-02,2.317740273213985347e+00,1.415840609553288077e-03,4.639049732477926690e-05,1.479394263164096829e-03,1.616188649953518046e-04,8.319241038676826738e-01,-1.257970278947473375e-01,1.451711740322608080e+00,1.974997778840816842e-01,2.344219083726863495e+00,1.540021592436966163e-03,6.038306688876536772e-05,1.505336895708127808e-03,2.888985582938102684e-04,8.351883629196713565e-01,1.258989476703047394e-01,1.451579931422089409e+00,-9.035198528534182927e-02,2.338210659366548150e+00,1.570248035201598147e-03,1.537311249933087653e-03,5.919248310272230083e-05,-1.266149200894489896e-03,8.359453001520885662e-01,4.639961230574265474e-04,1.445692401666546535e-03,1.922342327190098643e-03,6.525224445854646864e-04,7.143233837386073759e-01,7.466132261138946902e-01
2.534249999999896779e-08,2.131215312999570344e-01,-9.647496189040127845e-02,1.451142578280271156e-01,1.428904959695171062e+00,1.341618776001571867e-01,2.375948305326568644e+00,1.407609259873502262e-03,1.455935211538349769e-03,3.227635644194610924e-05,1.368852744495651589e-03,8.317811115330768779e-01,-1.446092017936992935e-01,1.429054311183655557e+00,1.034487778275972047e-01,2.314172421753716069e+00,1.434881703512834623e-03,3.064346812154036261e-05,1.464886168690243294e-03,2.402015261709944697e-04,8.324872641979164101e-01,-1.272744515289254696e-01,1.451968931802213980e+00,2.005028460048117189e-01,2.344209218836442510e+00,1.531069719791090366e-03,5.494349734939271376e-05,1.489808594519293405e-03,2.688459485906685579e-04,8.349552526072473446e-01,1.273805290049150329e-01,1.451937001228908786e+00,-9.476512946528758974e-02,2.339269273055006870e+00,1.561011732213635379e-03,1.523151444853956555e-03,5.371229826668360571e-05,-1.303064771175721417e-03,8.357068565331855492e-01,5.539698199036038537e-04,1.350667533109973541e-03,1.920136206667820899e-03,6.520324492412873799e-04,7.142214551684848978e-01,7.466151162132097507e-01
2.534749999999896685e-08,1.092030936112504680e-01,-1.006229838818919475e-01,1.429202520841914570e-01,1.428895244516361851e+00,1.305220980337287173e-01,2.373344437354689251e+00,1.412001751447963501e-03,1.392759402396683390e-03,2.810768276618352303e-05,1.381795474404512100e-03,8.319580394585820438e-01,-1.432436739151596861e-01,1.428981155036748829e+00,1.248798872860650278e-01,2.312027621206984129e+00,1.437482281202918932e-03,2.705254735605066275e-05,1.401339653482970571e-03,2.758309597687689293e-04,8.326217157742900055e-01,-1.260811513670574424e-01,1.452073292203859722e+00,2.034786874504721510e-01,2.344645559920095934e+00,1.519128793251279782e-03,5.394943271144629263e-05,1.464416417867930430e-03,2.559532965337626129e-04,8.346455125499175898e-01,1.261876665219057170e-01,1.452148966121574514e+00,-9.948899020068280308e-02,2.340510319338427792e+00,1.548621649016735128e-03,1.498981144827859265e-03,5.256387415487867560e-05,-1.336485998172007176e-03,8.353883400311710172e-01,6.602249653227586310e-04,1.243284475553706539e-03,1.919299903171924147e-03,6.519091527034248787e-04,7.144559377188932636e-01,7.463016265946429417e-01
2.535249999999896590e-08,4.930280245933671424e-03,-1.048598060926115849e-01,1.294909917469915239e-01,1.426981941561736633e+00,1.275415610076970907e-01,2.372453356497216337e+00,1.401060599982873476e-03,1.295689502012553314e-03,3.404586531992528236e-05,1.360652917507636228e-03,8.317216158342884968e-01,-1.305661892049825301e-01,1.426998769152776791e+00,1.402327442829558457e-01,2.311603309132418183e+00,1.424388525576472924e-03,3.384310544648455967e-05,1.310342985533200768e-03,2.868887215060315779e-04,8.323335039134526214e-01,-1.220077593321955423e-01,1.452001445689093284e+00,2.062732605831589794e-01,2.345532628583041124e+00,1.504467687384843924e-03,5.779283037487540546e-05,1.430040855251323148e-03,2.488620739258309822e-04,8.342650375774870453e-01,1.221113900867931701e-01,1.452187706669213707e+00,-1.040750149264320079e-01,2.341953983060715672e+00,1.533332450420254144e-03,1.465635899870131389e-03,5.611127422886634552e-05,-1.361149110294425368e-03,8.349953466278657865e-01,7.769153680409082805e-04,1.130023956368780358e-03,1.920419823948260564e-03,6.523383014706080540e-04,7.150332470164155740e-01,7.456618832128261154e-01
2.535749999999896495e-08,-8.803040503636827552e-02,-1.087446781006105034e-01,1.068935757666786834e-01,1.423463820378578992e+00,1.242633065083809107e-01,2.373335921668079607e+00,1.379744150986573093e-03,1.184777177237214194e-03,5.728123530600820826e-05,1.311824191834670391e-03,8.311933993920140873e-01,-1.085670809917220758e-01,1.423421035942892710e+00,1.503212597615157797e-01,2.312773187937746222e+00,1.401183435276080443e-03,5.891479409268319623e-05,1.206922250270345276e-03,2.890725918524542255e-04,8.317570911605620676e-01,-1.150465379726910431e-01,1.451736069087531611e+00,2.085977690194273926e-01,2.346864954412925641e+00,1.487716981738171048e-03,6.773186216962729625e-05,1.387587172890631087e-03,2.467452903950091833e-04,8.338286223471985670e-01,1.151439561231060171e-01,1.452029627037515258e+00,-1.080805666107123031e-01,2.343623855096955477e+00,1.515783590228478436e-03,1.424029064493132456e-03,6.557359064526767085e-05,-1.372835502021347654e-03,8.345428868768486330e-01,8.971005456743835673e-04,1.017183499597914100e-03,1.923427882227430122e-03,6.533103222240623648e-04,7.159377243566789062e-01,7.447065897361586639e-01
2.536249999999896400e-08,-1.659411552336820250e-01,-1.118588188160796193e-01,7.813084796387848030e-02,1.419060104791598942e+00,1.196429908171192658e-01,2.375580059971960978e+00,1.356779524738484016e-03,1.068121910993161550e-03,1.197698839931943439e-04,1.238247914003358071e-03,8.306009140122636580e-01,-8.024462425344158767e-02,1.418979925062807013e+00,1.559950376130490035e-01,2.315153066554406891e+00,1.377251763234611922e-03,1.249540208619244485e-04,1.092979771334472204e-03,2.971690219229617238e-04,8.311344831098089747e-01,-1.054052607893865012e-01,1.451275393193522500e+00,2.101280486599130803e-01,2.348615408287511919e+00,1.469866062328959496e-03,8.614024974852992024e-05,1.337557133884605077e-03,2.495939662493327636e-04,8.333603467500020345e-01,1.054933595065470353e-01,1.451666923439893786e+00,-1.110748493682880422e-01,2.345525525244450016e+00,1.497003613118671073e-03,1.374756060350452048e-03,8.330302533709083588e-05,-1.368642527095587005e-03,8.340559310905055757e-01,1.014200739613272794e-03,9.097996418357837210e-04,1.927694290918519071e-03,6.546404305308283888e-04,7.171352113054509925e-01,7.434668950014060584e-01
2.536749999999896306e-08,-2.290911670055961746e-01,-1.138091637830149772e-01,4.630541902907236995e-02,1.414742143760429727e+00,1.121521308012947138e-01,2.378463033521327041e+00,1.342785223390902984e-03,9.375832255685820132e-04,2.585326324486041322e-04,1.135227911309164353e-03,8.302318038495606345e-01,-4.872817007321739169e-02,1.414652803209258458e+00,1.579377722285877361e-01,2.318254675629357386e+00,1.363549690724561022e-03,2.651688014467040114e-04,9.559003955265628696e-04,3.305754970921152987e-04,8.307635124646610691e-01,-9.348036927766023574e-02,1.450639280162883349e+00,2.105749477594689445e-01,2.350729777178850455e+00,1.452196019257195013e-03,1.165879302196544653e-04,1.279595173958569245e-03,2.584420082683473816e-04,8.328925212394607813e-01,9.355731850101478564e-02,1.451115243002774502e+00,-1.126336993255443453e-01,2.347632656936996298e+00,1.478345793971226705e-03,1.317605759053794984e-03,1.129426242939201251e-04,-1.346713488532497041e-03,8.335683795866184465e-01,1.122938802288469141e-03,8.111969550285541000e-04,1.932278019770278677e-03,6.560442706106051547e-04,7.185794276576764616e-01,7.419893164548188036e-01
2.537249999999896211e-08,-2.785001688869283010e-01,-1.142126271847736518e-01,1.386348504165657580e-02,1.411490489117309899e+00,9.928057641870191574e-02,2.381023474125073314e+00,1.345912987639784949e-03,7.786139745226079495e-04,4.884423144707241565e-04,9.885600900936938797e-04,8.303124814564287748e-01,-1.647665593791147742e-02,1.411383118283463523e+00,1.567002480139070286e-01,2.321604419678792386e+00,1.367480406782907399e-03,4.862885122035796024e-04,7.843165281093248970e-04,4.151653737378433536e-04,8.308606636123029299e-01,-7.979657592772815278e-02,1.449868828311295266e+00,2.097171383688345436e-01,2.353128057395740491e+00,1.436162293169830368e-03,1.633061862408783488e-04,1.212374431659726196e-03,2.756412087546471126e-04,8.324635851749393467e-01,7.986309051914575186e-02,1.450414045028215693e+00,-1.123103934210414323e-01,2.349879370585814087e+00,1.461369033209508400e-03,1.251316012331063401e-03,1.590095093742531127e-04,-1.305507181938686360e-03,8.331208654376766054e-01,1.219756024225981473e-03,7.230568051974235180e-04,1.936240870800925605e-03,6.572401353043589873e-04,7.202188407408469661e-01,7.403289233869876362e-01
2.537749999999896116e-08,-3.155150890293986210e-01,-1.126598555203339735e-01,-1.795666058381906183e-02,1.409907717367594460e+00,7.788691409506709462e-02,2.382165609361933889e+00,1.366336234254208375e-03,5.935116065186770958e-04,7.682949727820504284e-04,7.843577611429568882e-04,8.308530697054918868e-01,1.526155532906625645e-02,1.409736673646073246e+00,1.530436769374201589e-01,2.324755946537844231e+00,1.388604930104421530e-03,7.523775438761911910e-04,5.896200010938571108e-04,5.722139815698141629e-04,8.314243812369166431e-01,-6.492242690278016148e-02,1.449017664487211920e+00,2.074091363225578633e-01,2.355712109302649626e+00,1.423178180946110512e-03,2.296925321588250992e-04,1.134205348869264532e-03,3.048160568745090257e-04,8.321127591818988645e-01,6.498188352189337991e-02,1.449617517693827295e+00,-1.095911266521496508e-01,2.352155399496035137e+00,1.447606790171222660e-03,1.174010688806840412e-03,2.254171362828585065e-04,-1.243095525720305664e-03,8.327550101792174919e-01,1.302945243280195699e-03,6.457805091360135008e-04,1.938950347810041884e-03,6.580460243768301116e-04,7.220023331280818191e-01,7.385427038847973691e-01
2.538249999999896021e-08,-3.420508123378872556e-01,-1.086774612897487557e-01,-4.877789682475541788e-02,1.410093353989673393e+00,4.613703071050379023e-02,2.381061603019657191e+00,1.398374618589007246e-03,4.077133230819289175e-04,1.046711137887460430e-03,5.262322622688753041e-04,8.317019392001774314e-01,4.611844102621653896e-02,1.409857939718627939e+00,1.480950942810368431e-01,2.327173702951288448e+00,1.421959895405159940e-03,1.023338903140799065e-03,4.006902711788493283e-04,7.944172366663546526e-04,8.323102093592716910e-01,-4.937808021891476606e-02,1.448138719617585668e+00,2.035806840906571047e-01,2.358375359221648537e+00,1.414212790787598576e-03,3.164552967304946592e-04,1.044264736261046747e-03,3.503375240609599281e-04,8.318680470389026027e-01,4.943455446506161977e-02,1.448779640860207829e+00,-1.038668402548390546e-01,2.354303657054533261e+00,1.438121503606304549e-03,1.084400380830095878e-03,3.133489512382136547e-04,-1.157012152336557229e-03,8.325005759019847851e-01,1.372548640192570958e-03,5.788706950473875837e-04,1.940159559589424388e-03,6.583938263620510087e-04,7.238828715096534694e-01,7.366841718681917950e-01
2.538749999999895926e-08,-3.573024455054735204e-01,-1.017241184775379281e-01,-7.824975922924792826e-02,1.411930696630643967e+00,5.449356238036884292e-03,2.377575257703298917e+00,1.436949578588045178e-03,2.507486403844288807e-04,1.292688146295532716e-03,2.412164807617555630e-04,8.327123059280114870e-01,7.574981653136858561e-02,1.411669602899923603e+00,1.428625629126774044e-01,2.328160625952399698e+00,1.462655929763983023e-03,1.268468987297268055e-03,2.443289705272499112e-04,1.038558642967445100e-03,8.333711557285259364e-01,-3.356775512527887528e-02,1.447275483587916467e+00,1.982290076798314260e-01,2.361009598775120732e+00,1.409472898188340699e-03,4.209431629833407023e-04,9.436196885736816134e-04,4.158682825813655439e-04,8.317365476348703712e-01,3.362313039061048947e-02,1.447943724603751647e+00,-9.447048264672863738e-02,2.356128432885996382e+00,1.433139560573369999e-03,9.830594528910364081e-04,4.202181521910322180e-04,-1.044802145376535736e-03,8.323649787996454386e-01,1.429823694009835916e-03,5.212204762191282323e-04,1.939866626339581054e-03,6.582809946755554826e-04,7.258192585010971865e-01,7.347997202596834310e-01
2.539249999999895832e-08,-3.524710393472569869e-01,-9.125065596115433664e-02,-1.051470212889138445e-01,1.415105113103712675e+00,-3.983775987677207198e-02,2.372154573435487634e+00,1.476895994288206226e-03,1.407925100716352822e-04,1.479251816118878861e-03,-2.638962319305841763e-05,8.337322075454656201e-01,1.029436570089974357e-01,1.414861267899835795e+00,1.378930450681279396e-01,2.327045194563238439e+00,1.504986713084619605e-03,1.459698687741490218e-03,1.360933994856331039e-04,1.252057535823685114e-03,8.344465801512513936e-01,-1.776774561569394173e-02,1.446463312279450353e+00,1.913742269310394484e-01,2.363503174832462861e+00,1.408558475248077512e-03,5.382040524894467345e-04,8.353061045510049671e-04,5.022956700444915039e-04,8.317086362066938854e-01,1.782069063119706698e-02,1.447144124440798763e+00,-8.080438261032973912e-02,2.357427665124673499e+00,1.432213584885373963e-03,8.728254517614559681e-04,5.407342550984696548e-04,-9.046961470433013356e-04,8.323376566369827811e-01,1.476398316615032662e-03,4.714919440720808622e-04,1.938205222584918948e-03,6.577514470677284708e-04,7.277764972828177914e-01,7.329270946662238551e-01
2.539749999999895737e-08,-3.145216148508326315e-01,-7.681759069512894555e-02,-1.268099027282678648e-01,1.418991700980133608e+00,-8.423288514796301030e-02,2.365700105542659859e+00,1.509393277992295565e-03,7.834367096206539980e-05,1.581732017660843464e-03,-2.242808012865483850e-04,8.345317442569537558e-01,1.250845719068662820e-01,1.418810646303976686e+00,1.337884514446163742e-01,2.323787127444671974e+00,1.539789667029228034e-03,1.573948130298619043e-03,7.495246116797942470e-05,1.402559798159794171e-03,8.352994064323505663e-01,-2.169712020895220306e-03,1.445736200331900090e+00,1.829558437307690077e-01,2.365730994111299168e+00,1.410897815053777657e-03,6.624897048916609296e-04,7.236631274379794806e-04,6.059477743963494721e-04,8.317696498206792466e-01,2.217222316078348854e-03,1.446415314303032940e+00,-6.251603667362903849e-02,2.358046314674073329e+00,1.434713883475717501e-03,7.581869521626722697e-04,6.687152021508898422e-04,-7.356652074743105568e-04,8.324027878310411577e-01,1.513708366111492145e-03,4.285995200358002776e-04,1.935429956876375240e-03,6.568945806815750790e-04,7.297252692382230066e-01,7.310958150529662802e-01
2.540249999999895642e-08,-2.396113761850631185e-01,-5.821796772856657753e-02,-1.398002807439215900e-01,1.422756532546291419e+00,-1.230106638722623380e-01,2.359656767906339603e+00,1.523446858197529449e-03,4.937515569959659479e-05,1.592009474046256375e-03,-3.286894442825824135e-04,8.348460252521778813e-01,1.387673098062749411e-01,1.422665531275016049e+00,1.312429231680543040e-01,2.319577775907564199e+00,1.555533025669665831e-03,1.602803048775851063e-03,4.644629068771519999e-05,1.486485602623376394e-03,8.356523615942087480e-01,1.305542257875913492e-02,1.445131513697851533e+00,1.727077182798018029e-01,2.367541164055138481e+00,1.416003972408869235e-03,7.880470311363842141e-04,6.135817632712942376e-04,7.185145394173737907e-04,8.319065533225649123e-01,-1.301553881908201760e-02,1.445797713691265862e+00,-3.962547702173768727e-02,2.357919731330213153e+00,1.440118020282391866e-03,6.443654057531037925e-04,7.980403486073930300e-04,-5.369472601716788725e-04,8.325465559799410942e-01,1.543127033666766680e-03,3.919567078723083494e-04,1.931973529009128193e-03,6.558456391940907298e-04,7.316411045317459116e-01,7.293283046090255350e-01
2.540749999999895547e-08,-1.394169314636792834e-01,-3.556002277560166291e-02,-1.415512789028068319e-01,1.425594781799794264e+00,-1.536364890244525938e-01,2.355540455574180125e+00,1.511757960010793808e-03,3.954892932996619361e-05,1.524848918255710273e-03,-3.624435648210697970e-04,8.345061394953332545e-01,1.413754520267918036e-01,1.425591329748554958e+00,1.301519762047105289e-01,2.316228250435109715e+00,1.544240651437674096e-03,1.556975182585521294e-03,3.630281595155455151e-05,1.515801988446391141e-03,8.353232146659443913e-01,2.771320589820525093e-02,1.444690071266089948e+00,1.601515080622317733e-01,2.368746947693515459e+00,1.423440385390508127e-03,9.093492434969996331e-04,5.098880048696598048e-04,8.286438321105548321e-04,8.321068866984886458e-01,-2.768026730739014951e-02,1.445337122284099829e+00,-1.256592807783984966e-02,2.357072579579873040e+00,1.447967550915643274e-03,5.365668873829942736e-04,9.228698623678839065e-04,-3.092639106175253377e-04,8.327559604106090640e-01,1.566435805104355065e-03,3.613340581846136959e-04,1.928520690822644289e-03,6.547977899295957327e-04,7.335038389722554619e-01,7.276400408752987659e-01
2.541249999999895452e-08,-3.283820228901812577e-02,-9.357388311480363541e-03,-1.316023743073884145e-01,1.426969243382660846e+00,-1.755914036399968126e-01,2.354200221960255135e+00,1.475155018444787710e-03,4.324250877349635890e-05,1.407104115845209894e-03,-3.609593245119312676e-04,8.335288985470281631e-01,1.322999720013031677e-01,1.427029796422475183e+00,1.295153061719278575e-01,2.314889417416782891e+00,1.506386490242749140e-03,1.458546719025435997e-03,3.860977021930595308e-05,1.500412917985722606e-03,8.343228075954444156e-01,4.158517760158675358e-02,1.444453234021957577e+00,1.449402136554684972e-01,2.369137147061760373e+00,1.432680649606767010e-03,1.021419951515208395e-03,4.166930510704099891e-04,9.243367764607626508e-04,8.323553257393213611e-01,-4.155380460566160394e-02,1.445080448353450064e+00,1.775039178544490781e-02,2.355569489659412596e+00,1.457710698137850780e-03,4.392825980581193442e-04,1.037960757016690317e-03,-6.167029486041917304e-05,8.330150889028443695e-01,1.585770274062789191e-03,3.365548483186774336e-04,1.925900842892334409e-03,6.539802593120492332e-04,7.352973227677284118e-01,7.260383642240910707e-01
2.541749999999895358e-08,6.548206796480204872e-02,1.924996844426285492e-02,-1.115839085609227066e-01,1.426738410361788389e+00,-1.893780768979116402e-01,2.355695647598023523e+00,1.421868977286588204e-03,6.494900816633984188e-05,1.263612697752042888e-03,-3.491932927236465669e-04,8.321027179274462782e-01,1.130260478972056060e-01,1.426829474873685832e+00,1.280794463365948488e-01,2.315747119083934713e+00,1.450444018100704481e-03,1.329988231117443373e-03,5.702725954802646439e-05,1.445093039553158650e-03,8.328444723412048445e-01,5.447862956329307949e-02,1.444458122903697683e+00,1.276412166896374600e-01,2.368534536626436093e+00,1.443061788029235005e-03,1.120572124208615199e-03,3.366388397861148321e-04,9.953753426382447658e-04,8.326330881087407043e-01,-5.443743672993406335e-02,1.445068643436401956e+00,4.968872615671404702e-02,2.353449241914110868e+00,1.468645700205835781e-03,3.554815372123731041e-04,1.139443307861265960e-03,1.768320653663483242e-04,8.333043416044149110e-01,1.602821602493509877e-03,3.173258224874571311e-04,1.924752946375390657e-03,6.535763201383118070e-04,7.370087271728620326e-01,7.245219383353069809e-01
2.542249999999895263e-08,1.492705602204222881e-01,4.821751242922323044e-02,-8.436355027760567005e-02,1.425191471512432972e+00,-1.959558143107211770e-01,2.359529699479020692e+00,1.364148095277022956e-03,1.217079100140643804e-04,1.108188308270778013e-03,-3.437130348456592837e-04,8.305252394876875277e-01,8.636777986705901355e-02,1.425274697019810466e+00,1.246773430501688651e-01,2.318379650101178857e+00,1.389303004710056933e-03,1.185166967921794665e-03,1.078448349685207899e-04,1.353721196690504600e-03,8.311985451611912934e-01,6.632134020608382308e-02,1.444724510013165375e+00,1.102852653640984393e-01,2.366961277418183407e+00,1.453866287184834346e-03,1.205329716294695425e-03,2.702222793262074843e-04,1.035876654407102537e-03,8.329205064905297329e-01,-6.625425448658939231e-02,1.445320018671222062e+00,8.066581207669676346e-02,2.350718912188351162e+00,1.480002202544000245e-03,2.858543299271504778e-04,1.225809697501646731e-03,3.588769137195137854e-04,8.336030248281991462e-01,1.618068705052662587e-03,3.033173559023121749e-04,1.925223622438153098e-03,6.536381998536973988e-04,7.386269282681940940e-01,7.230834595054955738e-01
2.542749999999895168e-08,2.177534716862405961e-01,7.478518725884519824e-02,-5.311736155943069804e-02,1.422964434282944612e+00,-1.964742569923587645e-01,2.364887384609424714e+00,1.314884287882395544e-03,2.402192835807673602e-04,9.405403225201980659e-04,-3.607010754491324573e-04,8.291408811741534102e-01,5.553857782445881242e-02,1.423012435282391852e+00,1.180531022426376531e-01,2.322025966507452743e+00,1.336832602296298593e-03,1.023582700858640749e-03,2.212902486549758860e-04,1.227322649790509252e-03,8.297499031269202074e-01,7.724176082469980109e-02,1.445225594993146068e+00,9.547975230189065243e-02,2.364849140388641580e+00,1.464418405458967933e-03,1.276647065236060806e-03,2.157796556301752133e-04,1.046894973043774714e-03,8.331994315456355826e-01,-7.713489701877684901e-02,1.445799634560934965e+00,1.076479382945327856e-01,2.347481209186292439e+00,1.491055674519822620e-03,2.287435549004029998e-04,1.298186769192837898e-03,4.518763759259676366e-04,8.338921220084057895e-01,1.630615755601828041e-03,2.943854683410907164e-04,1.926914379444638311e-03,6.540613898095653210e-04,7.401404065516492548e-01,7.217160450294799467e-01
2.543249999999895073e-08,2.717141338962982822e-01,9.648725335833896466e-02,-2.056673746442450046e-02,1.420842956519783318e+00,-1.921021041498760518e-01,2.370896794564475663e+00,1.283712180113560355e-03,4.302931113675112908e-04,7.557657886141243460e-04,-4.196821589020636512e-04,8.282427111168297884e-01,2.330237048451233584e-02,1.420864616094014377e+00,1.064093448292120492e-01,2.325719318130333946e+00,1.303919707069209344e-03,8.365109314435962423e-04,4.169243045278224415e-04,1.060440433278451262e-03,8.288167071969376742e-01,8.748982168885488520e-02,1.445879626507430737e+00,8.474062042184149490e-02,2.362878906368768739e+00,1.474169409928707515e-03,1.336548830223174399e-03,1.708730013812571847e-04,1.037697898439162662e-03,8.334556085690896232e-01,-8.734020168380030036e-02,1.446417517084959137e+00,1.284944351609600410e-01,2.344044444322095799e+00,1.501245985621662421e-03,1.815763525387411171e-04,1.358892857993448857e-03,4.654923563935973270e-04,8.341571959491537180e-01,1.638428341071223064e-03,2.908181978258964312e-04,1.929061198018572169e-03,6.546293899960599653e-04,7.415360523138119220e-01,7.204203425544233319e-01
2.543749999999894979e-08,3.123791239959827770e-01,1.122382374559878215e-01,1.160993664355602917e-02,1.419480583795379447e+00,-1.840933897050800461e-01,2.376808539867869108e+00,1.273399552407554090e-03,6.648238433129938056e-04,5.616227066250557886e-04,-5.373496537561276917e-04,8.279414842059374946e-01,-8.712829875168637273e-03,1.419513800757302491e+00,8.748214364418682720e-02,2.328393024576719927e+00,1.293759594360509172e-03,6.279298882292390187e-04,6.689940235286750058e-04,8.471715468052521975e-04,8.285176202456273620e-01,9.720910779633795684e-02,1.446592864061345907e+00,7.810162604358117378e-02,2.361483144209494789e+00,1.482808903786456871e-03,1.386192986814023358e-03,1.339460543724892800e-04,1.022244966771492132e-03,8.336820368465854836e-01,-9.702668938954062128e-02,1.447079875692058648e+00,1.428674653641599512e-01,2.340799785497733154e+00,1.510282167741303213e-03,1.426743404378384792e-04,1.409257906967236254e-03,4.335360679521449868e-04,8.343914785372598120e-01,1.638571709734173033e-03,2.936205289778589904e-04,1.930803885555970384e-03,6.550936091408302627e-04,7.427992250268118379e-01,7.192081643743832853e-01
2.544249999999894884e-08,3.417373164890475934e-01,1.224906126667368866e-01,4.274827100467848418e-02,1.419255261986153371e+00,-1.739478270726699805e-01,2.381945152669069365e+00,1.281082938039373184e-03,9.065930709524588861e-04,3.799088228881096854e-04,-7.125133702723072948e-04,8.281639608617263892e-01,-3.989130860795131461e-02,1.419317839703950312e+00,5.990804970553709197e-02,2.329177927229762801e+00,1.302681425355951177e-03,4.232707465357087441e-04,9.302268548483851474e-04,5.959762613300308718e-04,8.287644239816380765e-01,1.063133600190890871e-01,1.447298678409221662e+00,7.487065133043024900e-02,2.360702773460281456e+00,1.490243830616625430e-03,1.425514338563885165e-03,1.043875284308935813e-04,1.012827728292670527e-03,8.338778267662749766e-01,-1.061153050500767137e-01,1.447725026327841391e+00,1.518891237044708298e-01,2.338020498319389517e+00,1.518065397114266250e-03,1.114151570070919146e-04,1.449139343221649131e-03,3.858009176653547827e-04,8.345937657799133991e-01,1.627336328084568254e-03,3.047998312093598799e-04,1.931335392492384466e-03,6.552129147914062144e-04,7.439132124773133459e-01,7.181022291880823083e-01
2.544749999999894789e-08,3.607671577151890796e-01,1.285897749606759177e-01,7.255234170761015733e-02,1.420338566901645949e+00,-1.632329553386520082e-01,2.385526272461544472e+00,1.302430169457731305e-03,1.128159953956529979e-03,2.321917827103842449e-04,-9.173517518310852960e-04,8.287767202359778151e-01,-6.990611183260053707e-02,1.420434561735411272e+00,2.498226998232011553e-02,2.327787900982960956e+00,1.325860737063766243e-03,2.530825096507760769e-04,1.165313926079389892e-03,3.354015333461857207e-04,8.294149261250600702e-01,1.145360608940120262e-01,1.447958524982361883e+00,7.426662305539410980e-02,2.360394579177835794e+00,1.496433481999817584e-03,1.454216854422811945e-03,8.171627415852110931e-05,1.016382391939177430e-03,8.340431529051076653e-01,-1.143401831610357799e-01,1.448317263789931975e+00,1.572576617886447536e-01,2.335805461085347812e+00,1.524514341049030414e-03,8.736668135879734878e-05,1.478079596307750772e-03,3.392119944784631903e-04,8.347633557209286348e-01,1.600547253594102222e-03,3.274198109463390691e-04,1.929960606947659762e-03,6.547620925830975776e-04,7.448567794737965819e-01,7.171351374003884782e-01
2.545249999999894694e-08,3.640720474065004542e-01,1.320652656512404377e-01,1.002427129017848806e-01,1.422618446130285985e+00,-1.531407130197210975e-01,2.386790358052136352e+00,1.332863897065265707e-03,1.307415259255179747e-03,1.297242258177883848e-04,-1.110328432488517708e-03,8.296409517839378189e-01,-9.795097858609747021e-02,1.422759865353544484e+00,-1.339454283572605320e-02,2.324543490880812691e+00,1.358537120324137962e-03,1.357334688414798499e-04,1.347603402122964436e-03,1.015360076283763359e-04,8.303244223583909900e-01,1.215075330095136685e-01,1.448551063707818498e+00,7.564934605924822364e-02,2.360393725584028157e+00,1.501322280555736442e-03,1.472407357637759047e-03,6.518964378641133560e-05,1.034619328971049263e-03,8.341776517512938804e-01,-1.213298559592819181e-01,1.448834840794822609e+00,1.605876122848814980e-01,2.334135757876952155e+00,1.529534543697085545e-03,6.981442185071974052e-05,1.496113673087179612e-03,3.007069651266128826e-04,8.348990947389727246e-01,1.554476405715904397e-03,3.651778946215942026e-04,1.926322153579608943e-03,6.536036906653121563e-04,7.456013191657409056e-01,7.163485228074746303e-01
2.545749999999894599e-08,3.391672110104518856e-01,1.342189542001741565e-01,1.238420455482940330e-01,1.425508341513453736e+00,-1.443985846119542060e-01,2.385555107780333195e+00,1.366192006041865156e-03,1.424899705787050636e-03,7.022551108857352092e-05,-1.258738907314682718e-03,8.305818098562539609e-01,-1.220635295240448670e-01,1.425691516847303220e+00,-5.057558746667112359e-02,2.320186754476081692e+00,1.393676166772296653e-03,7.004880542508085497e-05,1.457703110394363002e-03,-7.802727543474378264e-05,8.312997722849067017e-01,1.267993982435133837e-01,1.449061465987959707e+00,7.852626682935071045e-02,2.360579080589972900e+00,1.504871157640418153e-03,1.480580798186096432e-03,5.389928629161302260e-05,1.065821198850575979e-03,8.342811744241668270e-01,-1.266542462768756039e-01,1.449261000123754251e+00,1.631162931989078579e-01,2.332946184361114561e+00,1.533066022628310930e-03,5.784050747212890952e-05,1.503749043825479024e-03,2.718369266823086514e-04,8.350004038465763667e-01,1.487192660410627688e-03,4.214300451128846011e-04,1.920714941140114207e-03,6.517962190897086741e-04,7.461103526963703825e-01,7.157902348649654023e-01
2.546249999999894505e-08,2.774342536636102974e-01,1.359834955652483579e-01,1.402340340315730849e-01,1.428049299556759300e+00,-1.374511657431338740e-01,2.382667678651480436e+00,1.394381459417181474e-03,1.469139438303755435e-03,4.113142555314440940e-05,-1.350791630753532362e-03,8.313859505792706717e-01,-1.391441712758472171e-01,1.428239231388772845e+00,-8.300099948073169642e-02,2.315777870466298793e+00,1.422311857510762589e-03,3.971428076836080377e-05,1.490736911345856520e-03,-1.934366695856940292e-04,8.321090519973000088e-01,1.299617723091992527e-01,1.449472520002439424e+00,8.250186116218216625e-02,2.360882157061167330e+00,1.507049268795078965e-03,1.479434700931925306e-03,4.703324402725215608e-05,1.106442665393354797e-03,8.343531554842206210e-01,-1.298616710361824023e-01,1.449577155392203665e+00,1.656473549957095948e-01,2.332169063222487182e+00,1.535075758716451756e-03,5.060816730285043420e-05,1.501737192417955001e-03,2.518754214618533559e-04,8.350667017329992392e-01,1.399617755000703368e-03,4.978357832503215548e-04,1.914149977394623324e-03,6.496269106869524343e-04,7.463432464407542266e-01,7.155080851125217301e-01
2.546749999999894410e-08,1.849747416825906488e-01,1.379269592244134479e-01,1.463886724406620043e-01,1.429313389174420745e+00,-1.323224485364651315e-01,2.379608164619161581e+00,1.410090229014800091e-03,1.444098536045422890e-03,2.932937883573177328e-05,-1.391208005304957326e-03,8.318621515806680078e-01,-1.461123623706619412e-01,1.429461467696298893e+00,-1.089723726755980060e-01,2.312398780984786129e+00,1.436954636837806066e-03,2.817699597087926864e-05,1.458870278339572659e-03,-2.539533988384390134e-04,8.325584708970203973e-01,1.305798129269848395e-01,1.449760526710788922e+00,8.722213212105200952e-02,2.361279206734156588e+00,1.507797268500131157e-03,1.469748378987018956e-03,4.409872075642724896e-05,1.152000821916640463e-03,8.343914251126426374e-01,-1.305348444078782144e-01,1.449760367741416811e+00,1.685981073286706433e-01,2.331753742518990702e+00,1.535520139861362579e-03,4.761189464771339695e-05,1.490927985646301954e-03,2.394539116740148309e-04,8.350962115811677577e-01,1.295718616659783306e-03,5.932000667361790819e-04,1.908042178606240676e-03,6.475285508554909667e-04,7.462630800646925522e-01,7.155411840650887090e-01
2.547249999999894315e-08,7.929513413949496048e-02,1.403131533319421642e-01,1.408946820284895374e-01,1.428742076031927155e+00,-1.284939049660960286e-01,2.377594663984932133e+00,1.409711394309352004e-03,1.368180264583262942e-03,2.787162026066412752e-05,-1.390053577815492970e-03,8.319115479966331383e-01,-1.414422297245270244e-01,1.428821545098498458e+00,-1.283731662203315693e-01,2.310729159838210478e+00,1.434613286164261722e-03,2.728318726221326648e-05,1.383778069462338446e-03,-2.784342096289289456e-04,8.325613193485696950e-01,1.283471756818990173e-01,1.449898019303621721e+00,9.233614337504159053e-02,2.361775351329017170e+00,1.507038474332917386e-03,1.452328394541190859e-03,4.511198112585186978e-05,1.197589149208086196e-03,8.343925830880309924e-01,-1.283641191472102427e-01,1.449786713804687599e+00,1.720785098601185226e-01,2.331668631417997961e+00,1.534354977908234134e-03,4.888790376682839849e-05,1.472184398265919889e-03,2.332557090924499343e-04,8.350863086854634076e-01,1.181685146536576303e-03,7.032658986488102152e-04,1.903680874227226677e-03,6.459200610029310280e-04,7.458461372636986386e-01,7.159116061472809989e-01
2.547749999999894220e-08,-2.258428791208899611e-02,1.431735220369487749e-01,1.245501313413490685e-01,1.426275456796471719e+00,-1.251425432293973294e-01,2.377155776601894921e+00,1.394764258901951253e-03,1.264777990775892667e-03,3.729018469411722912e-05,-1.356366332671354999e-03,8.315646343483923397e-01,-1.258139309139978401e-01,1.426285125696255651e+00,-1.419131048403308171e-01,2.310901772801391196e+00,1.417509759444727114e-03,3.770965575918051893e-05,1.286322756167702355e-03,-2.847199003538464462e-04,8.321619101136996655e-01,1.231345486809469758e-01,1.449861561698194024e+00,9.747084545057349558e-02,2.362387850225562858e+00,1.504759066461570666e-03,1.427898277256478988e-03,5.080601246470646673e-05,1.238234124517548782e-03,8.343543394719239448e-01,-1.232164463034879365e-01,1.449638522137689289e+00,1.759720771680783891e-01,2.331894112970249289e+00,1.531613306862354782e-03,5.523484747763071542e-05,1.446226954397613132e-03,2.323447855841474265e-04,8.350357931949852208e-01,1.064422306390974422e-03,8.216606350970294273e-04,1.901772253892029070e-03,6.450552273087593359e-04,7.450891532767114356e-01,7.166194269991228438e-01
2.548249999999894125e-08,-1.114291006317176258e-01,1.463767331183647435e-01,9.979063446434777163e-02,1.422354814437492232e+00,-1.213776853654375820e-01,2.378227329378257870e+00,1.371495282567223879e-03,1.151543459780907455e-03,6.803818136604611138e-05,-1.296954764373247108e-03,8.309781292611672088e-01,-1.016062595869193785e-01,1.422307531336804765e+00,-1.505224816603836224e-01,2.312644829559232562e+00,1.392518416879070684e-03,7.081578340137577169e-05,1.178786983470736516e-03,-2.870231675284738064e-04,8.315301420425832424e-01,1.150286991419371407e-01,1.449641439393915210e+00,1.022186343005859754e-01,2.363130378348385907e+00,1.501123616033637987e-03,1.396830583416742814e-03,6.292050755587641107e-05,1.269246996002241536e-03,8.342788513995288424e-01,-1.151748525970837100e-01,1.449312554567109279e+00,1.800128890281085248e-01,2.332413497302083805e+00,1.527517367748735914e-03,6.850150935967990937e-05,1.413318735593227602e-03,2.363733307559949754e-04,8.349481460918074527e-01,9.501002246414143575e-04,9.414121765361860381e-04,1.902280332462610727e-03,6.449574882690632411e-04,7.440115740308648196e-01,7.176428276399027251e-01
2.548749999999894031e-08,-1.851030037998677713e-01,1.496934650476156037e-01,6.973426993220943615e-02,1.417799463261805615e+00,-1.161638053947138260e-01,2.380339896178189196e+00,1.349482002186465791e-03,1.032237668283687154e-03,1.472883980217653979e-04,-1.214053791337453775e-03,8.304049203350465369e-01,-7.194826122966446746e-02,1.417722042472780775e+00,-1.550366813269987709e-01,2.315471590925217704e+00,1.369873651966999452e-03,1.539392217104984485e-04,1.058829639515540631e-03,-3.000222849648225671e-04,8.309338022542247515e-01,1.043296083451261680e-01,1.449249801262072035e+00,1.061245409160460618e-01,2.364001053664718910e+00,1.496577808455225962e-03,1.358723157502010181e-03,8.453252412545261645e-05,1.286383461020878909e-03,8.341757149598200138e-01,-1.045357886756441701e-01,1.448826401776417860e+00,1.838550687247595405e-01,2.333206301126697024e+00,1.522575376835811657e-03,9.186804481807977108e-05,1.372839408139223420e-03,2.458900302102960895e-04,8.348344113308894254e-01,8.433101362222173185e-04,1.056254722976696482e-03,1.904567712697475927e-03,6.454533713304609968e-04,7.426526734255585183e-01,7.189425667538700271e-01
2.549249999999893936e-08,-2.442932357117801878e-01,1.528550813449527368e-01,3.740086137669629274e-02,1.413626272337785039e+00,-1.078614570307192544e-01,2.382729327904670846e+00,1.339359998902362771e-03,8.950286077533325469e-04,3.120661365477785131e-04,-1.100923788463385690e-03,8.301357271869297394e-01,-3.988475684126457921e-02,1.413543793021914352e+00,-1.560665704465247217e-01,2.318832733722370865e+00,1.360297718116948397e-03,3.181007589023216071e-04,9.116705240636385722e-04,-3.445115742709015929e-04,8.306695269841487539e-01,9.150819916332353365e-02,1.448724021095830761e+00,1.086629961156235780e-01,2.364972116187568751e+00,1.491882787547659829e-03,1.312001867226721998e-03,1.201387982413680051e-04,1.285705079448479964e-03,8.340631695731296480e-01,-9.176658586082742097e-02,1.448220572423260855e+00,1.871313367365079472e-01,2.334244415130772854e+00,1.517603946335294163e-03,1.297893769134448997e-04,1.322987324756307427e-03,2.626892580224755966e-04,8.347141980343325551e-01,7.468464981879898964e-04,1.161354985448236543e-03,1.907674510914705336e-03,6.462586629040929787e-04,7.410653923491796746e-01,7.204685930856751241e-01
2.549749999999893841e-08,-2.900574011532394136e-01,1.556023583113774755e-01,4.945481232076831546e-03,1.410762186780845084e+00,-9.380224336782427841e-02,2.384391120660167118e+00,1.347543724755452792e-03,7.275094834962174449e-04,5.622536138385427927e-04,-9.424554187568109399e-04,8.303505128579514727e-01,-7.580426251170280239e-03,1.410651780673532141e+00,-1.541462163145221886e-01,2.322219213762166667e+00,1.369248809729182136e-03,5.567683467187266658e-04,7.306657446333991290e-04,-4.463809339008538045e-04,8.309028471136451488e-01,7.713262622624195153e-02,1.448121754861672272e+00,1.091965627736377620e-01,2.365981130728735060e+00,1.488051079692861252e-03,1.253956570499600116e-03,1.748337977286123048e-04,1.263131397485387506e-03,8.339670650128562235e-01,-7.743168535825817322e-02,1.447553251516335848e+00,1.894959724711680060e-01,2.335490988138972490e+00,1.513644085687219660e-03,1.869931419940049501e-04,1.261046855189894202e-03,2.900945242865494143e-04,8.346142573350364691e-01,6.619055434787161993e-04,1.253599527469295878e-03,1.910648810961675451e-03,6.470880201134551540e-04,7.393092274462587099e-01,7.221667018528894477e-01
2.550249999999893746e-08,-3.239418066360892912e-01,1.577198509166173324e-01,-2.669889581462014938e-02,1.409657469149534936e+00,-7.094515563684877790e-02,2.384279943860603268e+00,1.371911255013862855e-03,5.390779480095148589e-04,8.466696343927304939e-04,-7.283742347778568264e-04,8.309967842939957050e-01,2.402371379190371137e-02,1.409479115645359659e+00,-1.501133928392439643e-01,2.325150853051065170e+00,1.394384568638859772e-03,8.283237582320808045e-04,5.339470596705116982e-04,-6.207581841287785306e-04,8.315750387174335456e-01,6.177232493925655099e-02,1.447506188959040596e+00,1.069377375373874450e-01,2.366924427189299074e+00,1.486081803019904035e-03,1.181673296571776090e-03,2.521701718145603205e-04,1.214161953920488016e-03,8.339140520983988614e-01,-6.209794603000950985e-02,1.446886625437610929e+00,1.906551899901649527e-01,2.336901787434529254e+00,1.511685555706983059e-03,2.664024575038482839e-04,1.184544847570843636e-03,3.327180607339281083e-04,8.345613381573316891e-01,5.884676865244495552e-04,1.331708959390029900e-03,1.912821985815432203e-03,6.477405369741966092e-04,7.374437833923574992e-01,7.239839810343875470e-01
2.550749999999893652e-08,-3.476682898578602465e-01,1.590509906044177413e-01,-5.726109952423863447e-02,1.410307594967584732e+00,-3.806182691721415878e-02,2.381825402693657168e+00,1.406350569281863191e-03,3.586634894073634358e-04,1.119123182287948921e-03,-4.694761170020863802e-04,8.319086667982121819e-01,5.466584193471479836e-02,1.410076126648927453e+00,-1.451106971396169953e-01,2.327070326213801721e+00,1.430393339190223941e-03,1.095401605920578439e-03,3.515574298568584504e-04,-8.492909799021784376e-04,8.325284284421391456e-01,4.590577041295640370e-02,1.446927722200662680e+00,1.009649095733875512e-01,2.367660914632028213e+00,1.486495126568730327e-03,1.093704012628049895e-03,3.518622138379989979e-04,1.134220482096281969e-03,8.339187939018453122e-01,-4.624444824533968657e-02,1.446270844945573231e+00,1.903848469893709705e-01,2.338427321815272020e+00,1.512224990166133060e-03,3.673198894761549598e-04,1.092813450679647885e-03,3.952643742685866515e-04,8.345696269352861352e-01,5.256645955051074794e-04,1.396111149838625675e-03,1.913850161931493965e-03,6.480996215255798798e-04,7.355237436648869309e-01,7.258724966137561907e-01
2.551249999999893557e-08,-3.585879606321996649e-01,1.594844431849491428e-01,-8.626697187244336540e-02,1.412533711386169788e+00,2.731332297417399246e-03,2.377209636764407108e+00,1.446070028523640735e-03,2.136515060797645799e-04,1.351568572280872904e-03,-1.976769374634334967e-04,8.329440848377945850e-01,8.387031944936085281e-02,1.412287196537143075e+00,-1.400035283898724003e-01,2.327330575579214855e+00,1.472344211794875037e-03,1.328431068796599203e-03,2.076496285151376844e-04,-1.084000270854731766e-03,8.336164646920807275e-01,2.987632389250682863e-02,1.446415443163251657e+00,9.035106695586803127e-02,2.368037655099104022e+00,1.489127788879141294e-03,9.913620191272468508e-04,4.695764585670681389e-04,1.019597013809612216e-03,8.339786102604997975e-01,-3.021820560685672952e-02,1.445736438417598357e+00,1.885206181576069007e-01,2.340012136380750896e+00,1.515090686843318952e-03,4.855702437727080212e-04,9.877982090432972304e-04,4.802316213416210752e-04,8.346358615750544274e-01,4.721338501462690436e-04,1.448352855956596590e-03,1.913633560607708129e-03,6.481109111126377286e-04,7.335956849701976701e-01,7.277911657819793323e-01
2.551749999999893462e-08,-3.456806038852135998e-01,1.588997604665420837e-01,-1.121439062976123946e-01,1.415915317726279987e+00,4.686418521205260035e-02,2.371097557422388924e+00,1.485078938518464035e-03,1.176745228105202976e-04,1.516893722719655016e-03,4.510952804121043879e-05,8.339322743507836533e-01,1.100866529432398266e-01,1.415694426137577011e+00,-1.351400246161782448e-01,2.325459455429524258e+00,1.513731710914371139e-03,1.500179654858993343e-03,1.134425085747278928e-04,-1.277808184629521809e-03,8.346602206065134588e-01,1.391760912799444583e-02,1.445984066805891199e+00,7.439232873273038393e-02,2.367937855193582575e+00,1.493472465255664319e-03,8.786601124300448410e-04,5.988663639969788073e-04,8.679689593563079310e-04,8.340821349077329749e-01,-1.425649053758060170e-02,1.445298811042841081e+00,1.848934049871013841e-01,2.341586824391370669e+00,1.519767739822093120e-03,6.151576750006764122e-04,8.736468526903003705e-04,5.855827321151195778e-04,8.347479947585620952e-01,4.264861037591880996e-04,1.490288265181331307e-03,1.912305648033574930e-03,6.478004404304571039e-04,7.316969114698443910e-01,7.297061128919615225e-01
2.552249999999893367e-08,-2.970425704712094106e-01,1.570759577394325035e-01,-1.318790395733246967e-01,1.419751605398358096e+00,8.914386617172898042e-02,2.364540435558487363e+00,1.513567594834540732e-03,6.630808372514724713e-05,1.593452833026727435e-03,2.185687019396829046e-04,8.346241923787575123e-01,1.303520761615653001e-01,1.419596609538908316e+00,-1.308888667136756112e-01,2.321752798641039561e+00,1.544408475520196505e-03,1.590568255394138233e-03,6.318240245370647498e-05,-1.406675821301023527e-03,8.354026408296546524e-01,-1.779833793636997896e-03,1.445646888997030199e+00,5.281286334010726335e-02,2.367322682738938422e+00,1.499101277240639596e-03,7.612435037300799897e-04,7.329545140008034707e-04,6.776534202965692070e-04,8.342193975226539493e-01,1.449251382542371402e-03,1.444968525775061741e+00,1.792124838875581716e-01,2.343050759961588625e+00,1.525801280043777037e-03,7.496632163521282921e-04,7.557693424494637451e-04,7.040796368066100808e-04,8.348952538255065559e-01,3.877384934241017551e-04,1.523619817408390902e-03,1.910240139093502890e-03,6.472808536814600184e-04,7.298557339876676764e-01,7.315900298083835018e-01
2.552749999999893272e-08,-2.132898126860247601e-01,1.536006418205753121e-01,-1.420297258063680790e-01,1.423225123201324660e+00,1.254210313674821720e-01,2.358971009716036793e+00,1.520971811619087561e-03,4.396185660526602345e-05,1.579467763053347485e-03,3.106392879129457954e-04,8.347690913102827626e-01,1.412407740814476398e-01,1.423155208598012589e+00,-1.277386436126342062e-01,2.317605914636708953e+00,1.553207351971061046e-03,1.596427155594765893e-03,4.109620843294471254e-05,-1.471371381896665730e-03,8.355796228321876740e-01,-1.700830286815202541e-02,1.445425242693537227e+00,2.582120662605991157e-02,2.366231890514531866e+00,1.505744713783197311e-03,6.452906042496822691e-04,8.653190733610586832e-04,4.467317263524919497e-04,8.343834567261916302e-01,1.669349558817989632e-02,1.444761280281221527e+00,1.709624538075957823e-01,2.344249273308581571e+00,1.532890967068601491e-03,8.827857761501994209e-04,6.400176293237542363e-04,8.248269303833462860e-04,8.350700642914502536e-01,3.554046197786086712e-04,1.550025675084858471e-03,1.908038645700152773e-03,6.467321274531578510e-04,7.280918602719304022e-01,7.334212577281946643e-01
2.553249999999893178e-08,-1.094196872642463347e-01,1.478617636461501128e-01,-1.404831148053597989e-01,1.425620966142905566e+00,1.536456724670123286e-01,2.355651809040863576e+00,1.502029940958493409e-03,3.817395617841000459e-05,1.494833004018162204e-03,3.431558433641233733e-04,8.342453847980861870e-01,1.405599798797643185e-01,1.425629261333154929e+00,-1.256501959918598921e-01,2.314712876890430593e+00,1.534233087360695148e-03,1.532854878147502141e-03,3.477037089418179582e-05,-1.484561550208505186e-03,8.350575751650642919e-01,-3.151802101991041383e-02,1.445353766995431943e+00,-5.902681873920290201e-03,2.364739644813061759e+00,1.513132459510003330e-03,5.366844174972903742e-04,9.898545839368815685e-04,1.771062240688972881e-04,8.345665989362444082e-01,3.123029042884750694e-02,1.444705173804438747e+00,1.594799882073965058e-01,2.344956582960499247e+00,1.540746732349023394e-03,1.008565073880053880e-03,5.319723674976836736e-04,9.356017942857539115e-04,8.352643395470912280e-01,3.292402109279210292e-04,1.571451390145456707e-03,1.906473504467273835e-03,6.463755220166504233e-04,7.264157757500870893e-01,7.351831010095841723e-01
2.553749999999893083e-08,-4.047322706441924822e-03,1.392656886264020955e-01,-1.274254122008251500e-01,1.426514481126384570e+00,1.735601524534655660e-01,2.355122323097218029e+00,1.459886099838382219e-03,4.593992758581988975e-05,1.367534585267373305e-03,3.454159629315116126e-04,8.331224069427503043e-01,1.283405408485140953e-01,1.426576408336464041e+00,-1.239118544184818482e-01,2.313991217150691782e+00,1.490423018720451022e-03,1.423532985737395711e-03,4.076426242723406199e-05,-1.456889251223410404e-03,8.339027590734091611e-01,-4.503809200153408021e-02,1.445480678377422556e+00,-4.099976609432598451e-02,2.362888694048578486e+00,1.520859132693690293e-03,4.401975023128949739e-04,1.101374819494889065e-03,-1.110175954681608210e-04,8.347576032780227306e-01,4.479184444604555893e-02,1.444843075558185808e+00,1.444718609841912915e-01,2.344885199489874950e+00,1.548951687156130191e-03,1.121854652848017003e-03,4.361446131508398515e-04,1.024980720229399763e-03,8.354665835081765968e-01,3.089356102559006451e-04,1.589894937807788790e-03,1.906289217017978488e-03,6.464222211946384642e-04,7.248276409980158874e-01,7.368632129259606867e-01
2.554249999999892988e-08,9.050666834964582463e-02,1.277917034280355857e-01,-1.049814292396755722e-01,1.425883689921339403e+00,1.857948061291962993e-01,2.357221529560312057e+00,1.404283220129791659e-03,7.487674341947170005e-05,1.220277900748267504e-03,3.391613170104285828e-04,8.316267320520933648e-01,1.065842848733118409e-01,1.425965516694154500e+00,-1.215183496038778621e-01,2.315452081200417567e+00,1.431898503012726115e-03,1.289617236076300282e-03,6.570262302672866641e-05,-1.394217400333712040e-03,8.323491415651094183e-01,-5.735611884692870532e-02,1.445856039857148945e+00,-7.692730213638965253e-02,2.360648401525028639e+00,1.528394973646367500e-03,3.585240815373972071e-04,1.196654092862297399e-03,-3.647262179923648319e-04,8.349427042731245585e-01,5.716428092832837038e-02,1.445224727622773875e+00,1.269597006991141086e-01,2.343778253676271905e+00,1.556970880510886611e-03,1.219260459738233382e-03,3.550544678423610896e-04,1.084558519665850505e-03,8.356627650254204731e-01,2.940240067602665976e-04,1.606687151503105940e-03,1.907901449156722707e-03,6.469953540559655707e-04,7.233182041088648262e-01,7.384525101162793259e-01
2.554749999999892893e-08,1.699628592446611464e-01,1.145584618090222939e-01,-7.623191319197597515e-02,1.424120957866315429e+00,1.913381078577605088e-01,2.361328077165066652e+00,1.348011011418278737e-03,1.458451034156919141e-04,1.062749325156039015e-03,3.409818958901868723e-04,8.300767613770129172e-01,7.834611738599628339e-02,1.424186137159433096e+00,-1.173493488566426102e-01,2.318553765658264432e+00,1.372172216442581801e-03,1.141232128715506189e-03,1.301752181070396782e-04,-1.299567237586197414e-03,8.307298134122320654e-01,-6.846119176286546981e-02,1.446491908517879565e+00,-1.099749601606760940e-01,2.358008228876884438e+00,1.535194274043920511e-03,2.913778265599821873e-04,1.275559213001025783e-03,-5.226067220744653281e-04,8.351085344327713322e-01,6.832541585160267772e-02,1.445872471401505432e+00,1.095642269537511204e-01,2.341680788173549743e+00,1.564258662098779460e-03,1.300213287533494126e-03,2.884101213433702595e-04,1.111328417381927600e-03,8.358392617932786095e-01,2.840417366016523542e-04,1.621915195319527077e-03,1.911182841487206506e-03,6.480640416639338666e-04,7.218744147560105517e-01,7.399433613787853581e-01
2.555249999999892798e-08,2.342785537652460892e-01,1.015878681125430560e-01,-4.432433810566416277e-02,1.421918457276094117e+00,1.912871087456831098e-01,2.366592372906374031e+00,1.303500216715031742e-03,2.847604689676801236e-04,8.914612773633259594e-04,3.687588842606625856e-04,8.288159115442582658e-01,4.682386073661559678e-02,1.421948219839971772e+00,-1.099391801723079709e-01,2.322449609071741250e+00,1.324763452279704209e-03,9.739372864614932214e-04,2.656118917511528623e-04,-1.170673095293410862e-03,8.294108902266290606e-01,-7.861804239078162837e-02,1.447319119073356974e+00,-1.367395401914146547e-01,2.355157867539657612e+00,1.540832698622627639e-03,2.359496828759554082e-04,1.340778554945390140e-03,-5.709925029654228752e-04,8.352450216778195546e-01,7.852760704745564979e-02,1.446731918485919088e+00,9.501311909406906508e-02,2.339182736895327963e+00,1.570365990920718959e-03,1.366928688671844704e-03,2.334624384037695946e-04,1.109383014151180255e-03,8.359854189419633208e-01,2.787968168071235033e-04,1.634333295036542906e-03,1.915471268535289462e-03,6.494348640447808766e-04,7.204890464795952187e-01,7.413275648105062121e-01
2.555749999999892704e-08,2.843553607011815032e-01,9.071420344693459370e-02,-1.174137890500914772e-02,1.420041723089018326e+00,1.867453157275265063e-01,2.372173222147861082e+00,1.278665898571476568e-03,4.911707563924360732e-04,7.032610781255572941e-04,4.427562073605783481e-04,8.280965256032161159e-01,1.452093908236529174e-02,1.420057098923027672e+00,-9.715714577914269512e-02,2.326109641744598555e+00,1.298765469341682608e-03,7.800561541445480375e-04,4.807813573677717717e-04,-9.991822535964848921e-04,8.286679136463713791e-01,-8.817092893409594900e-02,1.448218564483413129e+00,-1.558541813723861580e-01,2.352418096393720681e+00,1.545140582982071440e-03,1.893739402182827375e-04,1.395242726903379383e-03,-5.453728795383696757e-04,8.353481669567632828e-01,8.811862439697404348e-02,1.447684933964643594e+00,8.454871334289215667e-02,2.337077682873823559e+00,1.575055492264239038e-03,1.422270327594528545e-03,1.872981467262570883e-04,1.089804775697846223e-03,8.360962563266585157e-01,2.786517646768661921e-04,1.641605569498326726e-03,1.919844057746876269e-03,6.508363275693013423e-04,7.191680011321526234e-01,7.425950715153084580e-01
2.556249999999892609e-08,3.216196256488111915e-01,8.280820124579024721e-02,2.015624343884181435e-02,1.419053218798532967e+00,1.789408830900249825e-01,2.377356731253711608e+00,1.274241168237613252e-03,7.311148069426830773e-04,5.105899599920812578e-04,5.763487895977334073e-04,8.279668376542020924e-01,-1.726887379988051308e-02,1.419091413712750382e+00,-7.667439578210233364e-02,2.328473424411480863e+00,1.294927835723558903e-03,5.698049173061348407e-04,7.387411289174974525e-04,-7.806489385467626574e-04,8.285489996415975611e-01,-9.726303161820992749e-02,1.449088819859272625e+00,-1.680805646303955569e-01,2.350022522053958784e+00,1.548129730092499346e-03,1.503740235106459521e-04,1.439833754263293922e-03,-4.875064083255961720e-04,8.354183043293930133e-01,9.724839284870201439e-02,1.448619839689917477e+00,7.804198446807664169e-02,2.335803756603060055e+00,1.578300853168597331e-03,1.467471440035056710e-03,1.486135533120907474e-04,1.066904264523863347e-03,8.361717750823556283e-01,2.848269568351450925e-04,1.640599308556729826e-03,1.923484430692734342e-03,6.520411821522665912e-04,7.179305187940372424e-01,7.437335340539084072e-01
2.556749999999892514e-08,3.481577687845867075e-01,7.790206859440340637e-02,5.089074390983827634e-02,1.419248691386368222e+00,1.693242512279056200e-01,2.381455729158948653e+00,1.286470943507738362e-03,9.694721562697624067e-04,3.367173424965766134e-04,7.607589504599447400e-04,8.283204186228264598e-01,-4.809268382266007613e-02,1.419318828431407109e+00,-4.765655520265976719e-02,2.328822753563630776e+00,1.308599275661760913e-03,3.722648352520167197e-04,9.939104353746445152e-04,-5.288116300770499042e-04,8.289314216335275098e-01,-1.057766048420236693e-01,1.449867721696265876e+00,-1.752379684226967882e-01,2.348076002166196830e+00,1.549718016845869810e-03,1.186995018483978632e-04,1.473900153498364403e-03,-4.242200439579537599e-04,8.354531828652521641e-01,1.057968530628430326e-01,1.449467627268071546e+00,7.481691173946725115e-02,2.335376585717763298e+00,1.580042701568394126e-03,1.502225959720859686e-03,1.171942741535275873e-04,1.052564267351276074e-03,8.362101937018822095e-01,2.996422736445514376e-04,1.627581957251903301e-03,1.925808772123463247e-03,6.528956066451630479e-04,7.168060973677172765e-01,7.447273341371782873e-01
2.557249999999892419e-08,3.637064533410570011e-01,7.563360418425180143e-02,8.012625459778810466e-02,1.420727090888831867e+00,1.593222835985699248e-01,2.383703731550416371e+00,1.310930209379659091e-03,1.181069581163858876e-03,2.009434360821412942e-04,9.625775432933683521e-04,8.290200493294795914e-01,-7.757717087749171903e-02,1.420833182054847210e+00,-1.215417384900074893e-02,2.327091694678120160e+00,1.335045133765472205e-03,2.158266772934115305e-04,1.214716608836848141e-03,-2.755524146893775436e-04,8.296719628105818645e-01,-1.134205404854857768e-01,1.450527859448455414e+00,-1.792615127692629429e-01,2.346601294011242178e+00,1.549603797073693598e-03,9.413618761497069998e-05,1.496736184033686974e-03,-3.682729099072820623e-04,8.354447958758863813e-01,1.134695828012421970e-01,1.450199436590674074e+00,7.414969180129560300e-02,2.335601780929786653e+00,1.580002264606243222e-03,1.525967176803604778e-03,9.283223455776330312e-05,1.052942911770797388e-03,8.362038460700854658e-01,3.264525845075165228e-04,1.598598118595849840e-03,1.926443733020146223e-03,6.532902057168901927e-04,7.158328813098426835e-01,7.455552747708258376e-01
2.557749999999892325e-08,3.604201123350414537e-01,7.553342449348354748e-02,1.068195642428497738e-01,1.423254092827335615e+00,1.500105699530664971e-01,2.383515081818154080e+00,1.342758581489759007e-03,1.344657240020864048e-03,1.109011720997042259e-04,1.141912995521113380e-03,8.299212629188226220e-01,-1.046659834381309384e-01,1.423403415162113994e+00,2.563301460229849837e-02,2.323744873278439371e+00,1.369076889268834672e-03,1.137273602295491834e-04,1.376777550290404859e-03,-5.517992664763490774e-05,8.306171304698647395e-01,-1.198096718007195527e-01,1.451064402397356679e+00,-1.817311103418464135e-01,2.345582706452559840e+00,1.547356598442953344e-03,7.609522495176795638e-05,1.508095389665537129e-03,-3.238872858246600261e-04,8.353820764230835971e-01,1.198797839674159427e-01,1.450812480797689430e+00,7.543037888107351208e-02,2.336253240466247050e+00,1.577749353244732762e-03,1.538449701547330755e-03,7.492928407543147278e-05,1.068857127439323731e-03,8.361415988977081160e-01,3.690671523186388170e-04,1.550402369366059210e-03,1.925368031302783283e-03,6.531985106669090579e-04,7.150564796593752437e-01,7.461883781352238731e-01
2.558249999999892230e-08,3.254855736008769318e-01,7.714054799630876147e-02,1.286425869736991245e-01,1.426124625400935875e+00,1.421441868879433912e-01,2.381057088819199308e+00,1.375268412313336705e-03,1.442372171301686519e-03,6.093187770245849297e-05,1.272900938641237639e-03,8.308393594146167294e-01,-1.270517390742247343e-01,1.426303633935925408e+00,6.135326012869857237e-02,2.319579600158894639e+00,1.403049423849957698e-03,5.957617902337097036e-05,1.464588963928110032e-03,1.092606127756528861e-04,8.315622436396358230e-01,-1.245076044046116159e-01,1.451478963078771001e+00,-1.837341216376779940e-01,2.344998437379430811e+00,1.542554206257163926e-03,6.375242160825843243e-05,1.508108949095183929e-03,-2.910914738350111534e-04,8.352543897350592772e-01,1.245915101928589674e-01,1.451311284147987823e+00,7.816527869551403995e-02,2.337161410421837893e+00,1.572844542811711920e-03,1.539747179712948680e-03,6.264865592530037617e-05,1.097707349699686375e-03,8.360124087429949835e-01,4.306313437285921972e-04,1.481679851231243331e-03,1.923100139966010640e-03,6.527441459861358557e-04,7.145262981548283765e-01,7.465902972551787808e-01
2.558749999999892135e-08,2.538417957176370976e-01,8.002839166097830415e-02,1.423639332946728953e-01,1.428368921459601815e+00,1.361701063050535510e-01,2.377482666382133125e+00,1.400455134947551500e-03,1.466578809593710930e-03,3.746553758118976302e-05,1.350073788589952481e-03,8.315642818356080435e-01,-1.415029886768772727e-01,1.428537325642751377e+00,9.198666961710255663e-02,2.315614018637683902e+00,1.428205279989200544e-03,3.565831193698132124e-05,1.478307202498413972e-03,2.121119230943482089e-04,8.322823625492640209e-01,-1.270666615758324625e-01,1.451767249147815741e+00,-1.858877888173933179e-01,2.344835639374080571e+00,1.534876933376947469e-03,5.633901990263267352e-05,1.497169685462421867e-03,-2.683574062002472586e-04,8.350536017689642598e-01,1.271583782578356026e-01,1.451693473476233898e+00,8.193626673594556209e-02,2.338232942372636458e+00,1.564941449281372771e-03,1.530164097404137797e-03,5.521353783791023000e-05,1.135058845078208353e-03,8.358075556975875786e-01,5.122386277053001024e-04,1.393873617983864503e-03,1.920639310007762760e-03,6.521986068631820945e-04,7.142886251124969110e-01,7.467219066381369785e-01
2.559249999999892040e-08,1.557216000029022496e-01,8.379468937796286099e-02,1.452864636261597120e-01,1.429158419472774000e+00,1.319560191952926509e-01,2.374320911419564695e+00,1.411883528732203047e-03,1.425761725548097512e-03,2.879447437923016818e-05,1.380492025683669475e-03,8.319276767372280057e-01,-1.452494854299994920e-01,1.429274124007701152e+00,1.162490743616615418e-01,2.312781995999263707e+00,1.438229824791055619e-03,2.746735275507577350e-05,1.433515519730259487e-03,2.642710090835684832e-04,8.326118430973086237e-01,-1.270862764092455244e-01,1.451915039656313633e+00,-1.884227058813983113e-01,2.345094048856596558e+00,1.524186074805060007e-03,5.340746630719867721e-05,1.475920505992817447e-03,-2.538306869295970541e-04,8.347758499064715787e-01,1.271813257643819028e-01,1.451944272168930850e+00,8.635589567815138423e-02,2.339439699170025477e+00,1.553873086887887830e-03,1.510231464226546643e-03,5.216334600196730683e-05,1.175583762678046595e-03,8.355225521136571132e-01,6.119455013018933577e-04,1.291195707148697211e-03,1.919121708490742397e-03,6.518910215256437180e-04,7.143781076111905826e-01,7.465494827316871973e-01
2.559749999999891945e-08,4.967165024874820034e-02,8.804278525055542204e-02,1.366176868223618612e-01,1.428073171517693307e+00,1.288004670042592892e-01,2.372638506285050575e+00,1.407336621818381641e-03,1.340698556237161125e-03,3.001910036077077193e-05,1.373368466992200797e-03,8.318650927271115103e-01,-1.373794975087632153e-01,1.428119731849549989e+00,1.341767496046695207e-01,2.311599586677950846e+00,1.431608269463165769e-03,2.938057023356446898e-05,1.352179402776343756e-03,2.839885922412417715e-04,8.324999503569001646e-01,-1.242850831449076043e-01,1.451901977478043726e+00,-1.912786467896796516e-01,2.345779101151119761e+00,1.510616674649087462e-03,5.504542552479962676e-05,1.445257722001527497e-03,-2.459184351364748929e-04,8.344238110367472316e-01,1.243799283491937580e-01,1.452039854274696173e+00,9.103612146597583887e-02,2.340793213640748327e+00,1.539753270986772126e-03,1.480734422553657472e-03,5.356321137570201855e-05,1.213663119139434454e-03,8.351596217856807058e-01,7.248692221492311410e-04,1.179742214823031009e-03,1.919377156999608081e-03,6.520757126936057441e-04,7.148104762199398721e-01,7.460536186426418581e-01
2.560249999999891851e-08,-4.909528731543133517e-02,9.236853011681755987e-02,1.177033496975246063e-01,1.425192440033108188e+00,1.257694651403684638e-01,2.372772656183439466e+00,1.389693905481137557e-03,1.234002688853986758e-03,4.404888269640259995e-05,1.336037070624945334e-03,8.314425179995666992e-01,-1.191351378051612731e-01,1.425173868521530274e+00,1.464626501805597059e-01,2.312107401054102063e+00,1.411885351054982052e-03,4.468401250230245099e-05,1.253077516341772951e-03,2.883099805411079380e-04,8.320259904687304919e-01,-1.185642531819233181e-01,1.451709828785375578e+00,-1.942024701562727884e-01,2.346890675573766849e+00,1.494650100208178272e-03,6.210089733448803770e-05,1.406198519558284846e-03,-2.434851509481481230e-04,8.340085817816706992e-01,1.186557027135366482e-01,1.451956303187625696e+00,9.557126702339635571e-02,2.342318466287003353e+00,1.523060982969540525e-03,1.442626252008226591e-03,6.022416882621312571e-05,1.243910632596654945e-03,8.347298281775904494e-01,8.443554778520305981e-04,1.066055142584897445e-03,1.921627662827160099e-03,6.528311362709747403e-04,7.155792162136001000e-01,7.452352779477595668e-01
2.560749999999891756e-08,-1.336786069121882470e-01,9.635693669120959370e-02,9.125405927974972187e-02,1.421069379261156618e+00,1.218812263067361457e-01,2.374493390476012600e+00,1.366211637895659243e-03,1.119923471456080654e-03,8.541728301459876164e-05,1.273314679014976190e-03,8.308450956881910932e-01,-9.319235595572328279e-02,1.421001947647829722e+00,1.539735486426416777e-01,2.314014169728898729e+00,1.386952953426377451e-03,8.888784773673645871e-05,1.144561478182620339e-03,2.918438340194137704e-04,8.313886798815308676e-01,-1.100393721959975757e-01,1.451331806811800407e+00,-1.968413981952332747e-01,2.348412469137505010e+00,1.477134581678869957e-03,7.643783483917482768e-05,1.359526533170448987e-03,-2.460862971848013598e-04,8.335505253371762180e-01,1.101244279377300295e-01,1.451680504596715604e+00,9.953379659240191302e-02,2.344032009904594815e+00,1.504669423662511251e-03,1.396721595652552529e-03,7.397339701767507449e-05,1.261643417081048527e-03,8.342541194780436209e-01,9.635170238567357034e-04,9.558134260800801993e-04,1.925464933841357319e-03,6.540422947965516143e-04,7.166572343567234604e-01,7.441168817271024416e-01
2.561249999999891661e-08,-2.031683086814772832e-01,9.958406239613193378e-02,6.041751241210135959e-02,1.416587529291001957e+00,1.158894782273582891e-01,2.377200480854332998e+00,1.347000132342805008e-03,9.973523798417318134e-04,1.862491761064799154e-04,1.184435959732351275e-03,8.303426560706597126e-01,-6.271958004106892304e-02,1.416499871222278717e+00,1.574800455705611668e-01,2.316859905044462487e+00,1.367503718341352278e-03,1.931039595680899418e-04,1.019692979148064706e-03,3.113104069956649524e-04,8.308718384124568201e-01,-9.903090027961192199e-02,1.450779780919138506e+00,-1.988260438105164951e-01,2.350306079966311135e+00,1.459243753506689377e-03,1.011374082791927662e-04,1.305309398349979895e-03,-2.541876263690102727e-04,8.330787928082159510e-01,9.910737527443647110e-02,1.451219133026969921e+00,1.024712951753588008e-01,2.345928028018223976e+00,1.485809530755454388e-03,1.343213761229011252e-03,9.790621842803634014e-05,1.263098614477205922e-03,8.337629323350733701e-01,1.076431454145516204e-03,8.531083602706485917e-04,1.930048979425628237e-03,6.554572753182856624e-04,7.180023249325642176e-01,7.427387413291741680e-01
2.561749999999891566e-08,-2.584621308310786070e-01,1.016131020438710841e-01,2.802386785003951886e-02,1.412763872127785758e+00,1.057485300295004649e-01,2.380031930336595991e+00,1.342062655874799986e-03,8.520523770309152301e-04,3.782066438018731581e-04,1.058994410030887016e-03,8.302102288864913193e-01,-3.056720815323998863e-02,1.412669512317304310e+00,1.575638843272226808e-01,2.320154499188949337e+00,1.363288349826659437e-03,3.812756272268264511e-04,8.634323604597870421e-04,3.701397137528576677e-04,8.307501876664787899e-01,-8.601710591636435588e-02,1.450086683753243122e+00,-1.998298193648428978e-01,2.352510075186517113e+00,1.442378911791305238e-03,1.403033592649954539e-04,1.242581824463622787e-03,-2.694983933605118206e-04,8.326296176306448027e-01,8.608485717508629342e-02,1.450602208438833696e+00,1.038931838030641153e-01,2.347969276984064102e+00,1.467972263700807614e-03,1.281267015021416615e-03,1.362997327871014696e-04,1.245224259056794316e-03,8.332944491595808412e-01,1.178761029276483322e-03,7.603070928556638014e-04,1.934398550337225811e-03,6.567793239099337273e-04,7.195641099804703789e-01,7.411527685000707244e-01
2.562249999999891472e-08,-3.006878945843434181e-01,1.019757824945597413e-01,-4.143557577866330277e-03,1.410412791306037583e+00,8.844859441616437223e-02,2.381923854054489809e+00,1.355424384476206770e-03,6.763673021217767988e-04,6.434163760927148670e-04,8.809228369750989485e-04,8.305627157635908642e-01,1.471283376618393035e-03,1.410273906042936343e+00,1.548452788079961451e-01,2.323448469639754599e+00,1.377366187195892778e-03,6.331986185314545344e-04,6.758586897834020476e-04,4.940966103939604948e-04,8.311228218117179267e-01,-7.155875217897866847e-02,1.449301436214895267e+00,-1.995997140904641753e-01,2.354943875993612323e+00,1.428010520736504221e-03,1.979902525144971255e-04,1.169616147349308161e-03,-2.951005996742966193e-04,8.322429898429406503e-01,7.162042880826113844e-02,1.449878248582821660e+00,1.032416863085923175e-01,2.350080598733101489e+00,1.452744142791007271e-03,1.209112872405622170e-03,1.936314018974402576e-04,1.205152212904746700e-03,8.328910495694752392e-01,1.267982958931694864e-03,6.783189583994594235e-04,1.937719108828047992e-03,6.577744610813899412e-04,7.212904122624876901e-01,7.394156225498671464e-01
2.562749999999891377e-08,-3.315992311876637677e-01,1.001442753247112627e-01,-3.542315340085733233e-02,1.409830647023931238e+00,6.127471067608869504e-02,2.381862525609332426e+00,1.383106928614534058e-03,4.869903036422785548e-04,9.272074091306352827e-04,6.443848734481516039e-04,8.312967216988773611e-01,3.273310239437821068e-02,1.409619618082434522e+00,1.503150305968761202e-01,2.326262289402699412e+00,1.405992605021157962e-03,9.061112081632290843e-04,4.806755756057877124e-04,6.912282163776892066e-04,8.318866709394301395e-01,-5.620747133655745742e-02,1.448477160166198541e+00,-1.979622649572703175e-01,2.357514629499928738e+00,1.417353922080792031e-03,2.763234714018326932e-04,1.084967716655817855e-03,-3.351826275915491000e-04,8.319534212252186478e-01,5.626750934975333074e-02,1.449101324437711558e+00,9.986526722064903439e-02,2.352142866020481726e+00,1.441452587991623891e-03,1.124968517153880328e-03,2.725674611795695030e-04,1.139825479906825343e-03,8.325894136667580936e-01,1.343409599466942068e-03,6.070015030115960509e-04,1.939603889028619415e-03,6.583291948557037617e-04,7.231318528674710588e-01,7.375827236542473742e-01
2.563249999999891282e-08,-3.523146857942425214e-01,9.551966011072421381e-02,-6.555950864476089990e-02,1.410965899259869927e+00,2.410947250865858038e-02,2.379389133956601121e+00,1.419320036167275294e-03,3.143353708322577556e-04,1.190501129154996869e-03,3.666186631836806389e-04,8.322518905167702874e-01,6.297494166401884641e-02,1.410711107883576121e+00,1.451151065259757011e-01,2.327966256602616468e+00,1.444033055256394027e-03,1.166019749609452979e-03,3.073932087619787217e-04,9.324388397267218114e-04,8.328875147872679685e-01,-4.042369827758252043e-02,1.447659459133861182e+00,-1.948122674953469691e-01,2.360124091896561360e+00,1.410952933545428284e-03,3.740960319980305587e-04,9.887470899905825839e-04,-3.938837308030325468e-04,8.317772940084413591e-01,4.048550610776047165e-02,1.448317446044028456e+00,9.303519832924722621e-02,2.353993702425959178e+00,1.434697363837704074e-03,1.028433555542240070e-03,3.721735918189955053e-04,1.046193530529098683e-03,8.324069326905578770e-01,1.405861205016153363e-03,5.454793011307907400e-04,1.939963166832781158e-03,6.584172185185833363e-04,7.250444040379864230e-01,7.357037978772491549e-01
2.563749999999891187e-08,-3.579331051002159203e-01,8.747201864264297910e-02,-9.382140865961319243e-02,1.413612810377594009e+00,-1.980551442916356208e-02,2.374731976316906135e+00,1.459480137253774514e-03,1.826381296469311525e-04,1.406464471025706134e-03,8.506920244728168458e-05,8.332903951784048635e-01,9.146919492809790775e-02,1.413355746099910881e+00,1.399751999785761036e-01,2.327830255179069496e+00,1.486513735494409804e-03,1.384097210591318620e-03,1.771699299685895192e-04,1.164905355866089568e-03,8.339801858969804194e-01,-2.453949393822529856e-02,1.446883219886881955e+00,-1.900768255923774852e-01,2.362670009990890385e+00,1.408609952309087393e-03,4.871203687974615484e-04,8.831821207580284024e-04,-4.733320623059392987e-04,8.317105683810136485e-01,2.460332560097300281e-02,1.447560667773028165e+00,8.204472724986988652e-02,2.355447733652006548e+00,1.432257684584130634e-03,9.213880924351253989e-04,4.880664809992123557e-04,9.218514245721616150e-04,8.323390728786783654e-01,1.456904146430242466e-03,4.924571530622223661e-04,1.938876691103787664e-03,6.580617723562765236e-04,7.269903273106257391e-01,7.338203851888600582e-01
2.564249999999891092e-08,-3.358944542651782772e-01,7.544464756980717723e-02,-1.181883935750938086e-01,1.417281979488472565e+00,-6.525024503157794697e-02,2.368581180719557810e+00,1.496565299524691556e-03,1.005320967028604196e-04,1.548085049876450668e-03,-1.490073634230179079e-04,8.342194949468031417e-01,1.162280316100630095e-01,1.417068464682365914e+00,1.353937250010086579e-01,2.325438685134121997e+00,1.525983211112995862e-03,1.534189767426906784e-03,9.667363687313635528e-05,1.344950600366771410e-03,8.349646946561958272e-01,-8.781579262771677108e-03,1.446178018440603452e+00,-1.836404533426598817e-01,2.365038447352182160e+00,1.409760339104113415e-03,6.097474258629266303e-04,7.722109775743305751e-04,-5.715594165674358403e-04,8.317389721874862696e-01,8.844974445029629706e-03,1.446860368125247653e+00,6.637799906657271265e-02,2.356341811922229024e+00,1.433508625769586544e-03,8.077779770918603035e-04,6.141644454912816107e-04,7.654052886755913871e-04,8.323703644863275075e-01,1.498085272665637376e-03,4.466855775596574856e-04,1.936542373375856789e-03,6.573324130263834405e-04,7.289380294264207194e-01,7.319654729207696331e-01
2.564749999999890998e-08,-2.766284549179953700e-01,5.908609299655598335e-02,-1.353928992733814951e-01,1.421205991082093778e+00,-1.069338802604753447e-01,2.362152539981125621e+00,1.519964632400284000e-03,5.898916130433992145e-05,1.598225608402760456e-03,-2.937534973743627831e-04,8.347759878117108068e-01,1.340301314579463998e-01,1.421074254487428634e+00,1.321139854662920499e-01,2.321425388670227186e+00,1.551427104718345077e-03,1.600212000812592343e-03,5.595788515753654144e-05,1.456955721065575750e-03,8.355680629570120255e-01,6.669038919776104635e-03,1.445575243307739122e+00,-1.752439491824917539e-01,2.367089253634846902e+00,1.413851134639653850e-03,7.360573151768680334e-04,6.606870239659134265e-04,-6.818213941572091397e-04,8.318480127705416560e-01,-6.608981493306131938e-03,1.446250200761768356e+00,4.586642192066570090e-02,2.356583367462028900e+00,1.437850964042955556e-03,6.927164274049108471e-04,7.441385685104037750e-04,5.762105171362443771e-04,8.324853385381001392e-01,1.530750397420408207e-03,4.073545269528416760e-04,1.933302644487191503e-03,6.563428012401854991e-04,7.308613103116083920e-01,7.301644925707369005e-01
2.565249999999890903e-08,-1.853074311973836874e-01,3.835259523246348223e-02,-1.422715886017014153e-01,1.424534723285399096e+00,-1.412796775698410556e-01,2.357033495914943710e+00,1.519973561632344348e-03,4.204968081110581801e-05,1.562036049049418543e-03,-3.538621281744730777e-04,8.347323731750835307e-01,1.417075134223377830e-01,1.424494958094269625e+00,1.304713877846479519e-01,2.317494834771131718e+00,1.552472761594376159e-03,1.584801611215779426e-03,3.904895854428775613e-05,1.508584436881041857e-03,8.355487689404823559e-01,2.162236967078556837e-02,1.445111543983098823e+00,-1.644438456034804652e-01,2.368642210745070642e+00,1.420426397003291376e-03,8.603109862366191537e-04,5.536640298365997064e-04,-7.938153015008923017e-04,8.320250529212738222e-01,-2.156677852125099548e-02,1.445771305327044898e+00,2.076009664597266990e-02,2.356165929124772518e+00,1.444802720732933209e-03,5.816056720477620710e-04,8.719024756987193763e-04,3.548226524780540882e-04,8.326707315474747295e-01,1.556461885561147935e-03,3.741119966202836921e-04,1.929729691721224390e-03,6.552599464043439405e-04,7.327386145130831974e-01,7.284360272814318638e-01
2.565749999999890808e-08,-7.928791675465030053e-02,1.358888881062592091e-02,-1.373652335702146843e-01,1.426592010787444131e+00,-1.670038060827478965e-01,2.354424609441359451e+00,1.493645040444941058e-03,3.987299421194286916e-05,1.463027876103641448e-03,-3.639651687967052941e-04,8.340200605485893481e-01,1.376885640034757330e-01,1.426628267742453549e+00,1.297914692723591834e-01,2.315200180165990496e+00,1.525620693470907318e-03,1.506455359976452369e-03,3.602469720840396531e-05,1.512023576346831731e-03,8.348281571771246634e-01,3.586093217284846979e-02,1.444828116663861906e+00,-1.508246745721324444e-01,2.369476032195796833e+00,1.429009584614823096e-03,9.772050520569146390e-04,4.557199625897170739e-04,-8.960490531184544041e-04,8.322562423040802404e-01,-3.580719701516521525e-02,1.445470156500892056e+00,-8.228823639921056809e-03,2.355135070806575470e+00,1.453863532640561548e-03,4.794009640527853531e-04,9.918418333786825029e-04,1.077881173661427838e-04,8.329121257854583682e-01,1.577267644469188771e-03,3.467914567365398045e-04,1.926622841259059606e-03,6.543050744871343333e-04,7.345525954138221181e-01,7.267910608893999314e-01
2.566249999999890713e-08,2.389976328856979748e-02,-1.430262452715558297e-02,-1.214629110920733002e-01,1.427052960583767849e+00,-1.842649662967539292e-01,2.354708006057863123e+00,1.446319336241393182e-03,5.238532493358906254e-05,1.328333896867290621e-03,-3.543376903023447242e-04,8.327588742992180215e-01,1.226001337005770964e-01,1.427135274852761260e+00,1.288591559176635037e-01,2.315117676501610156e+00,1.476192663294403863e-03,1.388721491566167641e-03,4.622239920943468694e-05,1.473743643980655492e-03,8.335263509496143586e-01,4.916952472652580397e-02,1.444766276389731763e+00,-1.346516688061565326e-01,2.369364443461204672e+00,1.439002877202556242e-03,1.082409964562353489e-03,3.701838316599475633e-04,-9.783924069778492279e-04,8.325243705300852115e-01,-4.910924608846012340e-02,1.445392282432731879e+00,-3.975174382415769259e-02,2.353523366513131876e+00,1.464399638749689335e-03,3.898210217098303245e-04,1.099380596710568606e-03,-1.414439389844244967e-04,8.331915542524025442e-01,1.595173976493408780e-03,3.251554672571771638e-04,1.924754655845934293e-03,6.536951590644637846e-04,7.362896001825891545e-01,7.252318000507906870e-01
2.566749999999890618e-08,1.143710156162009994e-01,-4.357783069542131571e-02,-9.701285348624177907e-02,1.426020819394614669e+00,-1.938621168904925973e-01,2.357601910889011165e+00,1.388917526242795797e-03,9.071820381517702384e-05,1.177415467007001445e-03,-3.442433770391393208e-04,8.312064194846922049e-01,9.879195175012700503e-02,1.426112125753247195e+00,1.264615245493381224e-01,2.317048638558163454e+00,1.415609221953049220e-03,1.250212685197099908e-03,7.975405181478414842e-05,1.397789397103384222e-03,8.319105823186276893e-01,6.141543614728739442e-02,1.444956085642294052e+00,-1.176108199357113193e-01,2.368204802283027099e+00,1.449716207765678775e-03,1.173415267565086108e-03,2.983678350860738708e-04,-1.034727798653809145e-03,8.328101990152334544e-01,-6.133360851725333518e-02,1.445567912351098938e+00,-7.155997679100511988e-02,2.351316779394899914e+00,1.475666866318768719e-03,3.145142958339707147e-04,1.191917368362644444e-03,-3.474952159320495500e-04,8.334887376864319464e-01,1.611249104681634816e-03,3.088691154112199419e-04,1.924513191001108684e-03,6.535484781678599061e-04,7.379384509627522348e-01,7.237528347294421849e-01
2.567249999999890524e-08,1.895048027322225881e-01,-7.163949381074541378e-02,-6.715527464000836666e-02,1.423997106366484466e+00,-1.968897145575625451e-01,2.362399224677648846e+00,1.334455375300617206e-03,1.789539095081924794e-04,1.015921038777540131e-03,-3.491218295293351220e-04,8.296947797544722558e-01,6.940695462858226250e-02,1.424062105319157112e+00,1.214349724678096543e-01,2.320357802068863329e+00,1.357698188738674710e-03,1.096999390765943452e-03,1.615695228333126658e-04,1.287077752966817989e-03,8.303297477405298110e-01,7.265003811954384716e-02,1.445388831610124880e+00,-1.024079631746523944e-01,2.366257095936573407e+00,1.460452670446789336e-03,1.250139692438971117e-03,2.392456501807863707e-04,-1.065167514225210266e-03,8.330947927343795856e-01,-7.253004996865786147e-02,1.445982118689790763e+00,-1.007192403399836955e-01,2.348548834322727430e+00,1.486909972002869486e-03,2.526073283477891867e-04,1.269558606558087669e-03,-4.680933354089370532e-04,8.337837006059733991e-01,1.625180985803582586e-03,2.976801709569533829e-04,1.925728762175702140e-03,6.538279761722369564e-04,7.394884579920073531e-01,7.223463103997485035e-01
2.567749999999890429e-08,2.497188994884835811e-01,-9.581214759107581358e-02,-3.490056102218508371e-02,1.421733128963888149e+00,-1.945165337116421256e-01,2.368222910781991430e+00,1.294551548556824869e-03,3.388591438825171772e-04,8.388323083352690682e-04,-3.871353694925938962e-04,8.285562947502838060e-01,3.751174224041453620e-02,1.421762409842600938e+00,1.122663914539838714e-01,2.324159380530928409e+00,1.315272194796353886e-03,9.219534034691360177e-04,3.212505471371500691e-04,1.139029834655762644e-03,8.291407172347716736e-01,8.310452369772747261e-02,1.445997255512546431e+00,-9.106018948780203459e-02,2.364159855600191040e+00,1.470581488071729401e-03,1.314318350270752807e-03,1.904245790661661570e-04,-1.076626484226847437e-03,8.333614185767883598e-01,-8.293855769703029068e-02,1.446559214894054257e+00,-1.247193048383978820e-01,2.345447098678048903e+00,1.497476375847560728e-03,2.015981354012292268e-04,1.334475119411011575e-03,-5.006969754439386400e-04,8.340593460557759187e-01,1.635395142634489714e-03,2.916589096045228658e-04,1.927764336049249622e-03,6.543566800761883243e-04,7.409276724353726085e-01,7.210093490776690039e-01
2.568249999999890334e-08,2.960183854489385480e-01,-1.145040382118009958e-01,-2.428348782927303162e-03,1.419974432595617397e+00,-1.879347304912060146e-01,2.374260286919845697e+00,1.275204561577299471e-03,5.586895432861570731e-04,6.467493158246302937e-04,-4.776835228569042166e-04,8.279936156371764389e-01,5.278492053894856539e-03,1.419998161560301675e+00,9.681333896593491417e-02,2.327409980139663048e+00,1.295296793071798588e-03,7.208585604183576643e-04,5.542564988381891130e-04,9.463568929097686700e-04,8.285648739513906680e-01,9.299406117640263147e-02,1.446688700068568423e+00,-8.398404706743134440e-02,2.362475323486204815e+00,1.479667755766353844e-03,1.367660134717888247e-03,1.499979755072605757e-04,-1.080120735018853893e-03,8.335994516098998997e-01,-9.278882096201002128e-02,1.447204637735125310e+00,-1.425841910899348086e-01,2.342376242656067475e+00,1.506958290318846736e-03,1.593394822955189385e-04,1.388714606207067711e-03,-4.762098562047570576e-04,8.343054358025513428e-01,1.639332364157868212e-03,2.914591418023441071e-04,1.929774326643549217e-03,6.548917276447817782e-04,7.422424106654286202e-01,7.197492397730711478e-01
2.568749999999890239e-08,3.300597125610905680e-01,-1.276673817245033149e-01,2.920368634809866748e-02,1.419218092394890940e+00,-1.785291469100598327e-01,2.379824522099914574e+00,1.275523008153886398e-03,8.012254462314136096e-04,4.566148568517139198e-04,-6.294551852728372298e-04,8.280021802145376419e-01,-2.630542210886521737e-02,1.419267442029974013e+00,7.307098315327120730e-02,2.329101105981672415e+00,1.296491005448626018e-03,5.105523884783015566e-04,8.166832135856431094e-04,7.094626810450112980e-04,8.285900342771602700e-01,1.023313757716066696e-01,1.447392255768429781e+00,-8.059577628061109777e-02,2.361380715868032887e+00,1.487549479499135179e-03,1.410693343353996683e-03,1.171568839460554999e-04,-1.086155353818280336e-03,8.338062142448178227e-01,-1.021035753862660211e-01,1.447851670917699174e+00,-1.549010505026986451e-01,2.339637275875231737e+00,1.515207302704259197e-03,1.248813081680893262e-04,1.432745982205850532e-03,-4.277945870775826239e-04,8.345193119712459584e-01,1.633611525345202544e-03,2.986206567438308510e-04,1.930925704835177205e-03,6.551893148438434110e-04,7.434171184814217792e-01,7.185842417557166684e-01
2.569249999999890145e-08,3.538039089394005021e-01,-1.363359925827727359e-01,5.964005729100674280e-02,1.419719384124622508e+00,-1.678880675143035184e-01,2.384192740110161246e+00,1.291413152395236557e-03,1.034539798072152319e-03,2.918737677301014451e-04,-8.260647429157017734e-04,8.284604932454713300e-01,-5.688306519185815091e-02,1.419799300979644574e+00,4.102653375836773364e-02,2.328658607304244121e+00,1.313961165518474786e-03,3.220133314974171984e-04,1.066824175155728100e-03,4.486464653141187522e-04,8.290804908393468731e-01,1.109230529386586728e-01,1.448065913801362292e+00,-8.008410458960968370e-02,2.360800723710933191e+00,1.494201319119474892e-03,1.443276500865971592e-03,9.146585259927604388e-05,-1.101552941261937750e-03,8.339824407344610391e-01,-1.106912760157694464e-01,1.448461554904445281e+00,-1.630868012759205676e-01,2.337374329493840719e+00,1.522162408369287035e-03,9.780009593006779576e-05,1.466141051460139334e-03,-3.763686200718220935e-04,8.347009002891919716e-01,1.614193520420171462e-03,3.157618194405771486e-04,1.930462056163502861e-03,6.550142445469204610e-04,7.444327201230329649e-01,7.175426018361077407e-01
2.569749999999890050e-08,3.652887639479901472e-01,-1.419166976241128530e-01,8.842145228084818953e-02,1.421516350783243565e+00,-1.574120414909998544e-01,2.386547603965909925e+00,1.318497642454650098e-03,1.234985575703945746e-03,1.689965970245834500e-04,-1.029268851169559814e-03,8.292331769957058674e-01,-8.595594290865071763e-02,1.421636610008933044e+00,3.594443422531234944e-03,2.326159542666419000e+00,1.343169308885917238e-03,1.803793023929774002e-04,1.275283718510365890e-03,1.989090459432740765e-04,8.298967046691626548e-01,1.184450501026119706e-01,1.448685479043660962e+00,-8.173735370357082530e-02,2.360589756523026050e+00,1.499590753158341764e-03,1.465411029346390349e-03,7.228942105578885289e-05,-1.128628638114396619e-03,8.341283957745999622e-01,-1.182258749659206298e-01,1.449010229522881943e+00,-1.686774471216727633e-01,2.335605789755232031e+00,1.527744703455476529e-03,7.751694753898903808e-05,1.488705134176868724e-03,-3.315774713274379621e-04,8.348495400256102927e-01,1.576998597268728210e-03,3.463885279922972811e-04,1.927834745179048690e-03,6.541761454392183055e-04,7.452637363185654618e-01,7.166620189506971439e-01
2.570249999999889955e-08,3.543862368737156210e-01,-1.457051711826893303e-01,1.141521491001886712e-01,1.424241493133431291e+00,-1.480092922833393665e-01,2.386369494482490694e+00,1.351467586883933238e-03,1.381707398044719178e-03,9.174253911361261520e-05,-1.200019386438209859e-03,8.301653535427443442e-01,-1.121265719933459692e-01,1.424408799732680642e+00,-3.463972745382637441e-02,2.322175997842175654e+00,1.378276357702613950e-03,9.340461052966846285e-05,1.418733793304474775e-03,-6.887569665617592363e-06,8.308708673956366475e-01,1.244955994859089365e-01,1.449234932194134684e+00,-8.498442432743180674e-02,2.360621589474714455e+00,1.503678527980088948e-03,1.477453400341290166e-03,5.875251433731959753e-05,-1.166048813420119280e-03,8.342440600278774321e-01,-1.243038949027672757e-01,1.449479951930381816e+00,-1.729317940991190738e-01,2.334290663602278215e+00,1.531885708667843132e-03,6.318305181728878987e-05,1.500743387684723646e-03,-2.963734588520786778e-04,8.349646142442697094e-01,1.519137754778790731e-03,3.941588123546345998e-04,1.923019388652924717e-03,6.526357053023276516e-04,7.458765724067071279e-01,7.159881116090613951e-01
2.570749999999889860e-08,3.090169969957674567e-01,-1.486728609791567735e-01,1.341257095036789693e-01,1.427061207352730676e+00,-1.402414406185035212e-01,2.384043035433030866e+00,1.382938684681842261e-03,1.458638382151134687e-03,5.111039448129550613e-05,-1.316984722120446549e-03,8.310563407385681556e-01,-1.327132401169710541e-01,1.427254278591603587e+00,-6.947225813773272307e-02,2.317646926223213111e+00,1.410869524154053202e-03,4.990343438979379516e-05,1.485042928392993561e-03,-1.503451063015645811e-04,8.317813712539576798e-01,1.286303005615110351e-01,1.449697725965831241e+00,-8.935148896363820370e-02,2.360815957048755021e+00,1.506434847231517002e-03,1.480002145806028719e-03,4.997119231247480970e-05,-1.210241067331319477e-03,8.343292156644065427e-01,-1.284796718536305171e-01,1.449852336747531778e+00,-1.767000184003952867e-01,2.333376828590986829e+00,1.534545166167051045e-03,5.391000339375012860e-05,1.502878419051939226e-03,-2.705547763614047415e-04,8.350457022562132181e-01,1.440193541472918138e-03,4.616506658157429528e-04,1.916726441615656694e-03,6.505820793072733402e-04,7.462313343530200260e-01,7.155697075607514446e-01
2.571249999999889765e-08,2.283308862010238194e-01,-1.514280568978176866e-01,1.450718269774804448e-01,1.428981382565908120e+00,-1.343496026721497927e-01,2.380875863633016287e+00,1.404848728985028800e-03,1.462446833794415731e-03,3.300168990273882397e-05,-1.378914566899154754e-03,8.316955856728639462e-01,-1.444295920638292152e-01,1.429152947429854548e+00,-9.836648344983878189e-02,2.313699856028779145e+00,1.432332374013633135e-03,3.166876879290072828e-05,1.479302696608984086e-03,-2.329138677095657231e-04,8.324069115939155550e-01,1.304096928081395212e-01,1.450050656992787568e+00,-9.441143392127893108e-02,2.361138370398836450e+00,1.507807458572751934e-03,1.473768421672814371e-03,4.529005670900914017e-05,-1.256494250403298717e-03,8.343822670883871417e-01,-1.303121523915995450e-01,1.450103937758984607e+00,-1.804352995329918663e-01,2.332826183579533641e+00,1.535678157818341685e-03,4.903304854841809628e-05,1.495880475020269209e-03,-2.528168583439932126e-04,8.350914104259048454e-01,1.342835095989451536e-03,5.490204979057231602e-04,1.910249645323739255e-03,6.484000468366901649e-04,7.462880818075461331e-01,7.154509625375518045e-01
2.571749999999889671e-08,1.260918607826848614e-01,-1.542603739747452352e-01,1.447227834274655844e-01,1.429254370893900283e+00,-1.300414970818368765e-01,2.378295996957871417e+00,1.411659050734846666e-03,1.406034199477909467e-03,2.738648100033175313e-05,-1.394783710034668131e-03,8.319366590465137046e-01,-1.449155909739876513e-01,1.429365222028932569e+00,-1.205940150279176670e-01,2.311231789479752052e+00,1.437479625547135112e-03,2.652389957349881463e-05,1.420386945560807865e-03,-2.708154876770426712e-04,8.326083018572623118e-01,1.294681177487877477e-01,1.450263882722183206e+00,-9.975263840462078591e-02,2.361588838482165720e+00,1.507707324298804665e-03,1.459518861607629137e-03,4.447970946200394143e-05,-1.299796230500525765e-03,8.343998128003095038e-01,-1.294331196851625787e-01,1.450207312588194242e+00,-1.842684244765528945e-01,2.332621022026333257e+00,1.535220208553747306e-03,4.833343102850777329e-05,1.480578878609091270e-03,-2.417080673463862638e-04,8.350989342575676488e-01,1.232433546600625448e-03,6.533030887261030055e-04,1.904999697558797502e-03,6.465354300271889364e-04,7.460160793873806817e-01,7.156624824665762663e-01
2.572249999999889576e-08,2.089086857125477259e-02,-1.572161532806410911e-01,1.329194741578845207e-01,1.427594447819890977e+00,-1.265884822666096809e-01,2.377143041558702041e+00,1.402596542983932434e-03,1.311987785969435287e-03,3.144593305440255470e-05,-1.374391001918904036e-03,8.317514942422796764e-01,-1.338874097479925140e-01,1.427633869547966228e+00,-1.365947691406899089e-01,2.310609076422297292e+00,1.426270121639780595e-03,3.132507376360828142e-05,1.330595172436921034e-03,-2.831807792328526778e-04,8.323716999676747941e-01,1.255882712238429733e-01,1.450307196871127413e+00,-1.049659625979630917e-01,2.362185470169287704e+00,1.506063665266601116e-03,1.438010569473626007e-03,4.792554480183165152e-05,-1.335469719825537437e-03,8.343782786940564522e-01,-1.256219345981213209e-01,1.450137263644556418e+00,-1.881011474487910284e-01,2.332757902953689566e+00,1.533140512570167410e-03,5.224459952485673052e-05,1.457756667763281892e-03,-2.360938131242266329e-04,8.350656422887817731e-01,1.115779188257017300e-03,7.688825925501088353e-04,1.901978194714727547e-03,6.453285332089368819e-04,7.454025060299023231e-01,7.162145452667540990e-01
2.572749999999889481e-08,-7.426448047582856482e-02,-1.601804845009460188e-01,1.114937688844503949e-01,1.424230857269598083e+00,-1.231168040337937697e-01,2.377588348767800230e+00,1.381971021587707817e-03,1.201654479224149863e-03,5.063856120393819821e-05,-1.325646650227650571e-03,8.312440783293787439e-01,-1.130875382771079352e-01,1.424206134002088397e+00,-1.472556233976294315e-01,2.311712989165860321e+00,1.403650206511946642e-03,5.213905519985461903e-05,1.226817223654678166e-03,-2.856102602397426224e-04,8.318140912904329332e-01,1.187562140079121420e-01,1.450159961551825916e+00,-1.096452766035609372e-01,2.362946519340120677e+00,1.502932779455727185e-03,1.409804137519336809e-03,5.688024596768855652e-05,-1.359664470939284759e-03,8.343170431531183873e-01,-1.188608805301853977e-01,1.449879587595882757e+00,-1.917010956867626348e-01,2.333235753636143439e+00,1.529547781997058062e-03,6.211173249341152280e-05,1.427912650626868502e-03,-2.353889825380673761e-04,8.349921251346863471e-01,9.995106750022250165e-04,8.888614010458547416e-04,1.901472089518422811e-03,6.449048161851134902e-04,7.444570830092280822e-01,7.170949067753742412e-01
2.573249999999889386e-08,-1.545781171150084621e-01,-1.629549549376108075e-01,8.337220739752937426e-02,1.419837330088571381e+00,-1.186910109778822608e-01,2.379321690692083102e+00,1.358091083530355231e-03,1.085675535134825263e-03,1.039931754750418374e-04,-1.253273903887022148e-03,8.306295203957247963e-01,-8.542792846758295866e-02,1.419769008177022229e+00,-1.534793307260935435e-01,2.314130402000044828e+00,1.378590299434321372e-03,1.089307550656764894e-04,1.113673483894762938e-03,-2.918205995785850583e-04,8.311649425598462981e-01,1.091779827566048411e-01,1.449821142235957705e+00,-1.133852987074024377e-01,2.363875184706151877e+00,1.498617329589474034e-03,1.374900369339662884e-03,7.379188703021320966e-05,-1.369477514333212109e-03,8.342218860543425540e-01,-1.093521451761894081e-01,1.449439366707359955e+00,-1.947837859163210616e-01,2.334044783679273927e+00,1.524804929549771404e-03,8.049391556023186673e-05,1.390872325399281116e-03,-2.398364638567297995e-04,8.348855533144412533e-01,8.889738686099394422e-04,1.006537330839020515e-03,1.903078910194477618e-03,6.451688775316342722e-04,7.432112756865594250e-01,7.182715516256834576e-01
2.573749999999889291e-08,-2.199959236721205080e-01,-1.653232658482144402e-01,5.170746030013040340e-02,1.415369017828925990e+00,-1.120093439182965334e-01,2.381700783316133219e+00,1.341553914311743173e-03,9.584254241334036906e-04,2.276314697177625186e-04,-1.154958765888406931e-03,8.301937234477891892e-01,-5.408778087343613095e-02,1.415287844365371583e+00,-1.559779661359095293e-01,2.317323307513745156e+00,1.362152504810009703e-03,2.351697854380424297e-04,9.804246662101386272e-04,-3.194313818206653745e-04,8.307224863958981853e-01,9.725438273213415918e-02,1.449315917733585479e+00,-1.157628789302393990e-01,2.364947787573627558e+00,1.493737824098818672e-03,1.332296437963825537e-03,1.025594292586631524e-04,-1.362617652390916891e-03,8.341071195292394380e-01,-9.749252639201544390e-02,1.448846031243575805e+00,-1.970729805995730111e-01,2.335159215899005325e+00,1.519592025792398547e-03,1.113189193291642888e-04,1.345395357068153788e-03,-2.508140296864593737e-04,8.347616629148461032e-01,7.877489224642628607e-04,1.116393860765032197e-03,1.905943651724126709e-03,6.458732132715515025e-04,7.417132154897054797e-01,7.196986250837529298e-01
2.574249999999889197e-08,-2.715085121783167299e-01,-1.670988408785194501e-01,1.912597429901641277e-02,1.411840778598332902e+00,-1.008680085907802670e-01,2.383818181952996440e+00,1.341456837637952475e-03,8.047278375593609322e-04,4.445369773972083485e-04,-1.018419202159144468e-03,8.301887240504925991e-01,-2.170805003007614253e-02,1.411748848804555756e+00,-1.552777907494933274e-01,2.320757848265649681e+00,1.362851900712606056e-03,4.451738074827519295e-04,8.135771642563637256e-04,-3.930292905097659091e-04,8.307322339552039026e-01,8.352068854965555289e-02,1.448695097330032100e+00,-1.162912919263852096e-01,2.366105642306616019e+00,1.489217947209487639e-03,1.279762689397714957e-03,1.482053815219292240e-04,-1.336664257370360478e-03,8.339957210405837262e-01,-8.381297549726851592e-02,1.448152055864495136e+00,-1.983339505742494069e-01,2.336535236922865355e+00,1.514875022053259121e-03,1.593685667031235651e-04,1.289132282137094845e-03,-2.711835219923374113e-04,8.346445875147555649e-01,6.976937709393150888e-04,1.214542067999377925e-03,1.909071192586004467e-03,6.467198269034336649e-04,7.400206716304569277e-01,7.213232385166707950e-01
2.574749999999889102e-08,-3.103660123933884574e-01,-1.681528854973657339e-01,-1.292474060290560445e-02,1.409946189211665812e+00,-8.219427789334243784e-02,2.384599368923362217e+00,1.359432170862909803e-03,6.226527415864535012e-04,7.210511669392506229e-04,-8.289676992536063049e-04,8.306644498336612781e-01,1.025326422189198894e-02,1.409799476649636230e+00,-1.520431920221589905e-01,2.323951728777543746e+00,1.381509055702965626e-03,7.076246884674954832e-04,6.202508191613258269e-04,-5.354538548351874157e-04,8.312297639618269063e-01,6.855882141360458704e-02,1.448024373729794645e+00,-1.143619345309390134e-01,2.367249468384426514e+00,1.486125157779476583e-03,1.214334542797828459e-03,2.153051822904343202e-04,-1.288436842725412899e-03,8.339156847060062994e-01,-6.889138492930890756e-02,1.447422707200029190e+00,-1.983891467605256587e-01,2.338113716295146638e+00,1.511728234094167822e-03,2.286213966011460270e-04,1.219374964576272003e-03,-3.053511760390739812e-04,8.345627919446011456e-01,6.192744011738035483e-04,1.298893070138734413e-03,1.911650075770952861e-03,6.474663042998328065e-04,7.381941074277089676e-01,7.230915207898114261e-01
2.575249999999889007e-08,-3.384662401753868455e-01,-1.684257737858372295e-01,-4.398575317875530466e-02,1.409840732159857613e+00,-5.366080430290010028e-02,2.383196392879315617e+00,1.390138470524450312e-03,4.348537055884496658e-04,1.002757993996939833e-03,-5.868659209882199322e-04,8.314792974942747383e-01,4.134072583836112535e-02,1.409628004162897241e+00,-1.473305665280024712e-01,2.326393666144674466e+00,1.413371168810667123e-03,9.804953586735215033e-04,4.280462440754469883e-04,-7.448991712842898500e-04,8.320788200814233093e-01,5.289791147050593167e-02,1.447365813855534089e+00,-1.092156697683579480e-01,2.368239321269955511e+00,1.485262486815745481e-03,1.133730658084246713e-03,3.054968520918231972e-04,-1.214017827892590815e-03,8.338889037384885627e-01,-5.325511717308106796e-02,1.446719541179279478e+00,-1.971280359036544638e-01,2.339825192766277873e+00,1.510934194492813149e-03,3.200933654554150346e-04,1.134541180322465922e-03,-3.586281377311119930e-04,8.345379098891185787e-01,5.519544777468015457e-04,1.369170033927019029e-03,1.913205196493054320e-03,6.479640450906097452e-04,7.362909235031769306e-01,7.249530875098162408e-01
2.575749999999888912e-08,-3.558374878403747221e-01,-1.679193251502448803e-01,-7.378090082164190378e-02,1.411408168090776405e+00,-1.588742633211515098e-02,2.379472064746840587e+00,1.428088486761290663e-03,2.716799821367498423e-04,1.255942032809840040e-03,-3.159923010118045861e-04,8.324773327674177548e-01,7.128245048266945716e-02,1.411163733760794736e+00,-1.422039225502804705e-01,2.327463268040782296e+00,1.453340369153293668e-03,1.231931130027370943e-03,2.649966727012264102e-04,-9.834442280043265584e-04,8.331258553221889684e-01,3.694220827176919464e-02,1.446763146557285662e+00,-1.000063037542937572e-01,2.368908980882956428e+00,1.486775920677182571e-03,1.037962430013313064e-03,4.161431177343752580e-04,-1.109648374516796670e-03,8.339205510105329733e-01,-3.731016592082792016e-02,1.446087580351443691e+00,-1.945078115299190280e-01,2.341593364039282754e+00,1.512625147466537326e-03,4.310294952235063908e-04,1.035416150590820570e-03,-4.353607385739416218e-04,8.345745882945408978e-01,4.945390349543044278e-04,1.426528418467420479e-03,1.913537436199405899e-03,6.481315794349672707e-04,7.343614099323059197e-01,7.268636650012050282e-01
2.576249999999888818e-08,-3.550909074353707506e-01,-1.666557053758435103e-01,-1.013163438481887724e-01,1.414354239632074073e+00,2.741392284297328175e-02,2.373918148905553416e+00,1.468382755799845949e-03,1.536606346546818516e-04,1.454002984887887637e-03,-5.501834491164635699e-05,8.335124075969034818e-01,9.909020922952005428e-02,1.414116730592260396e+00,-1.372052020567537944e-01,2.326555768967030424e+00,1.495987185296755858e-03,1.433636678717306167e-03,1.486826445512596931e-04,-1.199737989025178144e-03,8.342159242552046328e-01,2.096439464840882394e-02,1.446241629567386111e+00,-8.598117412110406477e-02,2.369104712405950330e+00,1.490270795715316690e-03,9.298918878531829734e-04,5.415311922241505945e-04,-9.727274232426524588e-04,8.340021958738367269e-01,-2.133280870694753695e-02,1.445553920852812535e+00,-1.905134528688470219e-01,2.343334676694884600e+00,1.516404102257428495e-03,5.561006072657911654e-04,9.252242014142113627e-04,-5.362217641219207140e-04,8.346638099122227761e-01,4.455878742831121081e-04,1.472776049102274189e-03,1.912675923219407355e-03,6.479568480952784546e-04,7.324467503620819553e-01,7.287860318824799233e-01
2.576749999999888723e-08,-3.230720845712538036e-01,-1.645925971205244309e-01,-1.241772161106959871e-01,1.418090406481109289e+00,7.110693445401983226e-02,2.367402236676982241e+00,1.502867995682355970e-03,8.432077900262436221e-05,1.571156544925960893e-03,1.526980881350391912e-04,8.343680520510028398e-01,1.223918270670860675e-01,1.417902477259069816e+00,-1.326195805036487485e-01,2.323547906985889533e+00,1.532799544725905062e-03,1.561287782295479659e-03,8.082138261686388266e-05,-1.358258229370297053e-03,8.351256673666171970e-01,5.158535008578546410e-03,1.445818514872488914e+00,-6.670466181644885140e-02,2.368736056268841317e+00,1.495272934486555159e-03,8.144736559154343997e-04,6.749834960817173565e-04,-8.017841115675577567e-04,8.341230739400820049e-01,-5.519672842251521772e-03,1.445134710453711335e+00,-1.850559370003086457e-01,2.344952112569105740e+00,1.521778351676038006e-03,6.890762198398370361e-04,8.088097520653249068e-04,-6.563204757127526689e-04,8.347940378245864990e-01,4.039046541200509450e-04,1.509695753640410629e-03,1.910888211055531902e-03,6.475154720730739739e-04,7.305788921230955690e-01,7.306897242921583935e-01
2.577249999999888628e-08,-2.536352901099747648e-01,-1.615172067979204762e-01,-1.389088963404170318e-01,1.421823654481856103e+00,1.103969791368859532e-01,2.361221173673091034e+00,1.520620374408504071e-03,5.122521869536716607e-05,1.595578239793847813e-03,2.793456769664712323e-04,8.347784076526210129e-01,1.377729685078876720e-01,1.421715785467055904e+00,-1.289440361066764851e-01,2.319376767821748953e+00,1.552381121125879105e-03,1.603348441431195950e-03,4.833676641425053094e-05,-1.449832255556713018e-03,8.355779366779420014e-01,-1.029169193277312822e-02,1.445512641230802142e+00,-4.217639988746890722e-02,2.367801864607292472e+00,1.501468663751593779e-03,6.975955964421401076e-04,8.099237923136521234e-04,-5.952065851954936593e-04,8.342755674414940037e-01,9.945506068826936996e-03,1.444843941934151221e+00,-1.778407974300404426e-01,2.346320337698968750e+00,1.528401534651861174e-03,8.236949674535731227e-04,6.917602301562729775e-04,-7.858527981167780403e-04,8.349569071130131803e-01,3.688024083064078327e-04,1.538927629219879805e-03,1.908674701308413863e-03,6.469593382235742669e-04,7.287812041150096842e-01,7.325501786129824389e-01
2.577749999999888533e-08,-1.562412876528254113e-01,-1.569788344097657884e-01,-1.426179324144443150e-01,1.424766471652453292e+00,1.422672232402071302e-01,2.356803152939527024e+00,1.513366590615475727e-03,3.911956142315716628e-05,1.538670284690918637e-03,3.342257587917227117e-04,8.345512240078226673e-01,1.423081049457952663e-01,1.424742636650615957e+00,-1.264423703212935735e-01,2.315762965707516496e+00,1.545782037278002619e-03,1.567615523396583303e-03,3.606443686721295662e-05,-1.483985695359483267e-03,8.353668231995625693e-01,-2.516873447818879228e-02,1.445350497087602326e+00,-1.280138400612029770e-02,2.366368412863568693e+00,1.508613247999553196e-03,5.852027918034064229e-04,9.400799169880202618e-04,-3.514624155198210558e-04,8.344528590257319633e-01,2.484734383241327116e-02,1.444701519008904089e+00,-1.683118042245492774e-01,2.347264104052446232e+00,1.536004077765034314e-03,9.539188156182795090e-04,5.797223738754378420e-04,-9.125804036788231913e-04,8.351451297805680962e-01,3.399746788590722493e-04,1.562277799805291377e-03,1.906741950654084958e-03,6.464939885270409772e-04,7.270684923950025969e-01,7.343479911108867775e-01
2.578249999999888438e-08,-4.951783780827745396e-02,-1.503569432522300353e-01,-1.344514143260979733e-01,1.426349163479800453e+00,1.657836453033203483e-01,2.355035672538791314e+00,1.480534225144510170e-03,4.066637949108902508e-05,1.426801757394837063e-03,3.465837808759248740e-04,8.336715480963762248e-01,1.350113683869591519e-01,1.426391218433692876e+00,-1.246637103147754111e-01,2.314043289109284807e+00,1.511985355423891902e-03,1.475437470834812343e-03,3.647159816615512079e-05,-1.473322563509217370e-03,8.344696535277555949e-01,-3.921612950168817946e-02,1.445370029669875267e+00,2.059397923678929487e-02,2.364515037389900431e+00,1.516363929070040474e-03,4.825860215897988682e-04,1.059721582072447547e-03,-7.669590024996354814e-05,8.346451973431372462e-01,3.893248979874819327e-02,1.444739021681821667e+00,-1.558671272356102477e-01,2.347544659418336455e+00,1.544228376997107063e-03,1.074194485181242508e-03,4.777179852381007461e-04,-1.024280423856604137e-03,8.353486585099491046e-01,3.171695289554414174e-04,1.581785869204573600e-03,1.905876297697790172e-03,6.463418479198718321e-04,7.254459528941807900e-01,7.360684278492957144e-01
2.578749999999888344e-08,5.071922960040486927e-02,-1.412026028431192515e-01,-1.157878825675850987e-01,1.426363978130780197e+00,1.812806153914379159e-01,2.356037036375777660e+00,1.429382331061196561e-03,5.857198485441716078e-05,1.286257661013788696e-03,3.418750434474822136e-04,8.323045954577783512e-01,1.171109617386520974e-01,1.426441635422054821e+00,-1.226874876644825640e-01,2.314589518308709515e+00,1.458391123280592186e-03,1.350287809071037091e-03,5.150268994383294376e-05,-1.425497266376255217e-03,8.330548363292548109e-01,-5.217908500727208576e-02,1.445618629099505448e+00,5.642584285794249865e-02,2.362276509761170651e+00,1.524230432461390165e-03,3.935650486180335529e-04,1.164321928270156984e-03,1.985787311756680618e-04,8.348393714953052935e-01,5.194822446904168167e-02,1.444999723043633555e+00,-1.405614443674538805e-01,2.346890880695210679e+00,1.552572442625420150e-03,1.180088571780818583e-03,3.893361296316173985e-04,-1.110731396498736189e-03,8.355539760005057381e-01,2.999817053672692592e-04,1.599169753686369719e-03,1.906672783815019714e-03,6.466743920065902429e-04,7.239086841356736635e-01,7.377007414312928280e-01
2.579249999999888249e-08,1.369430704137313271e-01,-1.298426209515977092e-01,-8.941203479644532770e-02,1.425028266945394417e+00,1.896282142312752939e-01,2.359360442694093507e+00,1.371787810061101927e-03,1.076851028905263363e-04,1.133054018475338539e-03,3.381546981599442060e-04,8.307361901065417609e-01,9.132067892202666570e-02,1.425104780544596439e+00,-1.194481493542811634e-01,2.317062445688081063e+00,1.397469192416103375e-03,1.207999559702235262e-03,9.502956224153108413e-05,-1.344781078579777855e-03,8.314198106526714538e-01,-6.390737206236440926e-02,1.446132928768991910e+00,9.190589894520551084e-02,2.359643050346269533e+00,1.531651998592748832e-03,3.195404872031400753e-04,1.251629808705299537e-03,4.156195602073706110e-04,8.350211536191910477e-01,6.374104114447320946e-02,1.445522803452480076e+00,-1.239428600984719964e-01,2.345155394070179256e+00,1.560468663113255246e-03,1.269302487889125081e-03,3.158533673254054980e-04,-1.166080110625503010e-03,8.357465478734923403e-01,2.879125003186476539e-04,1.615114233928133334e-03,1.909264620150441776e-03,6.475369870754104371e-04,7.224445275794133536e-01,7.392368281025574195e-01
2.579749999999888154e-08,2.078126508104651826e-01,-1.176952689047281453e-01,-5.853576653299530363e-02,1.422923459563651072e+00,1.918989065619798318e-01,2.364226088870093001e+00,1.320780577325135529e-03,2.144238983658466283e-04,9.687085668209029134e-04,3.520862307306732181e-04,8.293087658381448346e-01,6.087751117683537494e-02,1.422968769744476614e+00,-1.136814683377602719e-01,2.320728450254100128e+00,1.343159735078734880e-03,1.050288068322088354e-03,1.957407837264250861e-04,-1.231703508671826239e-03,8.299261018856196603e-01,-7.449413140765392960e-02,1.446889693743672822e+00,1.235073071438161918e-01,2.356697411461084357e+00,1.538102558809483237e-03,2.589821774361175514e-04,1.322511865501049474e-03,5.291842242056688222e-04,8.351778454526896933e-01,7.439120352872441444e-02,1.446297529742672117e+00,-1.086815481398928362e-01,2.342617270720607436e+00,1.567385344409969860e-03,1.342434369873611328e-03,2.557792328697370350e-04,-1.191196090493196538e-03,8.359133467800902162e-01,2.806089049488940399e-04,1.628967903683921142e-03,1.913223786445720099e-03,6.488096965127855727e-04,7.210417208623902674e-01,7.406692706152493422e-01
2.580249999999888059e-08,2.640117090173579317e-01,-1.066586290144835303e-01,-2.601701387672306076e-02,1.420817449938094335e+00,1.891906564355960718e-01,2.369763026723164856e+00,1.286800787037750563e-03,3.939509680675178115e-04,7.875139801099957605e-04,4.033810003731595848e-04,8.283327001894250641e-01,2.868954582806315656e-02,1.420834207176536967e+00,-1.035610949574494732e-01,2.324626537959518124e+00,1.307156699007085577e-03,8.682912550105731896e-04,3.780200156646679297e-04,-1.080084445739170652e-03,8.289094635058165128e-01,-8.425670154416531332e-02,1.447786526438980648e+00,1.486079335957364300e-01,2.353706961744451043e+00,1.543219729663262508e-03,2.087911333769778112e-04,1.380043966341016606e-03,5.482635591685825361e-04,8.353009473513981487e-01,8.420588400576800581e-02,1.447232260928325909e+00,-9.684170919652235199e-02,2.340012878921619688e+00,1.572923533167396677e-03,1.402174050200531838e-03,2.060636731341742775e-04,-1.194159498813764358e-03,8.360451704529603401e-01,2.781457616468974484e-04,1.638856771389588440e-03,1.917705319096502927e-03,6.502433268037921456e-04,7.196982821842397016e-01,7.419894956150856480e-01
2.580749999999887964e-08,3.066725879181614323e-01,-9.808879288249716666e-02,6.275310299613146015e-03,1.419388054225178664e+00,1.826530840590443461e-01,2.375200871927367174e+00,1.273724416729054426e-03,6.240663617100856552e-04,5.942510670200073413e-04,5.102230165600943031e-04,8.279511992144886756e-01,-3.410364262604659302e-03,1.419413228931368565e+00,-8.670203938895326701e-02,2.327677942120089050e+00,1.293996252339308902e-03,6.624416784846262791e-04,6.233670565685123493e-04,-8.818598097445126812e-04,8.285255259784847226e-01,-9.347272286222607640e-02,1.448702481128293584e+00,1.666077264667120694e-01,2.350964233293340477e+00,1.546905299210349751e-03,1.667354195501296590e-04,1.426838293238194295e-03,5.125914339189324275e-04,8.353883440381895120e-01,9.346497642734918898e-02,1.448202835840816105e+00,-8.899447948546201914e-02,2.338023255916555243e+00,1.576928911990440642e-03,1.450935504654058978e-03,1.644408640300259572e-04,-1.187338501056917984e-03,8.361391599911858208e-01,2.813259507901842357e-04,1.641964154415415014e-03,1.921799304061586749e-03,6.515750794719822126e-04,7.184264929118966414e-01,7.431867021780926841e-01
2.581249999999887870e-08,3.376763395803417112e-01,-9.243750487123536530e-02,3.754745444190232817e-02,1.419037768497896534e+00,1.736458372966591668e-01,2.379863226699872492e+00,1.279187144347736877e-03,8.666355176689963594e-04,4.092618535563822147e-04,6.751552800039491544e-04,8.281094037950714748e-01,-3.468845030386336070e-02,1.419094117997172777e+00,-6.136541653874871827e-02,2.328958891346256443e+00,1.300612617103301437e-03,4.553421793363966090e-04,8.843402742572748290e-04,-6.415731625225685282e-04,8.287061333152725418e-01,-1.021733006523324327e-01,1.449553256913347354e+00,1.785360377208524696e-01,2.348643632879934717e+00,1.549164692168366036e-03,1.320564258949160925e-04,1.463571911232593821e-03,4.565372702775058033e-04,8.354401519613339211e-01,1.022021069513354696e-01,1.449117116711706510e+00,-8.475048910963423054e-02,2.336904733456765637e+00,1.579397572378774765e-03,1.489446802752686545e-03,1.301369133919333930e-04,-1.182593131320525213e-03,8.361954921162297882e-01,2.919727792117567393e-04,1.634770008029682621e-03,1.924799739390606725e-03,6.526137354529539837e-04,7.172511851979002095e-01,7.442470454268352853e-01
2.581749999999887775e-08,3.584878111187750349e-01,-8.954948423139441616e-02,6.750543910595530051e-02,1.419954262094676123e+00,1.636558767402132020e-01,2.383014564551206860e+00,1.298803072601526420e-03,1.092679846817068553e-03,2.550654601251446489e-04,8.743452131561399877e-04,8.286733377365828046e-01,-6.482955991047378852e-02,1.420043326922986182e+00,-2.828600789598656462e-02,2.328107129745573101e+00,1.321979996695792558e-03,2.781586686028865722e-04,1.123495153141290193e-03,-3.844803354827876869e-04,8.293060159531605580e-01,-1.101585198562191614e-01,1.450295264799554174e+00,1.861074904618624792e-01,2.346816279354014156e+00,1.549840680900175897e-03,1.045365542294238870e-04,1.489854481402843028e-03,3.998793850816863304e-04,8.354519980814217872e-01,1.102166012110612492e-01,1.449928019136484281e+00,-8.342442635160374209e-02,2.336579837239006530e+00,1.580195859638305368e-03,1.517405452739313586e-03,1.029281608472821093e-04,-1.187680230261519906e-03,8.362102224948444462e-01,3.130291682274206964e-04,1.613314414800458762e-03,1.926223347699168196e-03,6.532263965534893966e-04,7.162070306337424697e-01,7.451519273633786522e-01
2.582249999999887680e-08,3.650433632630927239e-01,-8.901610030477469238e-02,9.551981318600777371e-02,1.422078934905490755e+00,1.539328765301752888e-01,2.383929392189851448e+00,1.328075709416260287e-03,1.279824105804205176e-03,1.448854987326077628e-04,1.067853686597798266e-03,8.295055896155854036e-01,-9.317346519611469091e-02,1.422209222887241609e+00,9.061624929049383326e-03,2.325387348281436672e+00,1.353450505469828286e-03,1.518510108606141050e-04,1.313946388705029833e-03,-1.460032855711295872e-04,8.301829306851381540e-01,-1.170866955463478742e-01,1.450914889631844229e+00,1.910174266920523500e-01,2.345487524783582245e+00,1.548579140621160781e-03,8.376912686899879021e-05,1.505293742126846517e-03,3.513921729282494240e-04,8.354145529776069168e-01,1.171664831421157515e-01,1.450621961327969611e+00,-8.434704267080173068e-02,2.336838768467244698e+00,1.578977203389035286e-03,1.534446442894631417e-03,8.239133051296800513e-05,-1.205196151554929372e-03,8.361741201442963733e-01,3.482161069016925098e-04,1.573884361155144856e-03,1.925866170606360022e-03,6.533413972558147148e-04,7.153370867255954835e-01,7.458756674889788219e-01
2.582749999999887585e-08,3.454838376665970712e-01,-9.036204582551876641e-02,1.198568346374671023e-01,1.424910915735057237e+00,1.453536084190694133e-01,2.382376153480008085e+00,1.361231822626201172e-03,1.408254663198433513e-03,7.874281846463006740e-05,1.221850541143219013e-03,8.304415409097186673e-01,-1.179961057348568598e-01,1.425080479386911403e+00,4.615302392581677182e-02,2.321462812748927185e+00,1.388524335981922760e-03,7.851389345808931742e-05,1.435423885885741407e-03,4.476240234668887332e-05,8.311559411871222158e-01,-1.225393368305565112e-01,1.451412210318879348e+00,1.945865284717696042e-01,2.344635342891423946e+00,1.544957155517761877e-03,6.902928066250200707e-05,1.509774338537683966e-03,3.135557825529053724e-04,8.353170449933573494e-01,1.226335097786868111e-01,1.451201066902601866e+00,-8.693999892840276189e-02,2.337481398880764338e+00,1.575307598306118157e-03,1.540457751884503294e-03,6.779256015874122760e-05,-1.233617203656644503e-03,8.360761475770428497e-01,4.011382951415677547e-04,1.514182708057362726e-03,1.924004895178005282e-03,6.530139738603811484e-04,7.146902203839269330e-01,7.463846272413023897e-01
2.583249999999887491e-08,2.896167837282110913e-01,-9.311215936217287492e-02,1.375507098091577340e-01,1.427548729658112636e+00,1.385258902374917334e-01,2.379100231110659713e+00,1.390588307824890254e-03,1.464726570899978078e-03,4.537624181851750160e-05,1.322256193699712255e-03,8.312760536876998563e-01,-1.363506844597859313e-01,1.427727942560838237e+00,7.927170462452126642e-02,2.317277267995049961e+00,1.418549083022958368e-03,4.354567601811125833e-05,1.480574432677568596e-03,1.741191038246804926e-04,8.320004447235910261e-01,-1.260645459627234288e-01,1.451785898121469520e+00,1.976611504920429141e-01,2.344237116296599144e+00,1.538603787043951211e-03,5.951570996729017350e-05,1.503436879819975260e-03,2.858703672223815982e-04,8.351500922641887925e-01,1.261670526420175520e-01,1.451665963349384469e+00,-9.070173805657688604e-02,2.338373360331155393e+00,1.568792744704587769e-03,1.535575555035750394e-03,5.832567078720401598e-05,-1.268883739023900616e-03,8.359064067090157257e-01,4.739558529967436849e-04,1.434394673385840655e-03,1.921462829324668917e-03,6.524597204854265097e-04,7.143154662888600015e-01,7.466399282464264431e-01
2.583749999999887396e-08,2.010472565783945065e-01,-9.680361722992492091e-02,1.454587839551473305e-01,1.429056347970756313e+00,1.336003979128346231e-01,2.375581284141393468e+00,1.408622945284669333e-03,1.450451202334867131e-03,3.124168693768218061e-05,1.372042315906999528e-03,8.318134214197234755e-01,-1.450547758148055255e-01,1.429199115921934382e+00,1.063851422667769775e-01,2.313851224138564255e+00,1.435712928388444259e-03,2.967085505273584205e-05,1.458910396672301020e-03,2.464350091434701958e-04,8.325152753758275903e-01,-1.272297940782067815e-01,1.452024730032320576e+00,2.006473841240756784e-01,2.344282883553689079e+00,1.529285085407585103e-03,5.462450101552829718e-05,1.486668688963592140e-03,2.668083646378662855e-04,8.349075660843064961e-01,1.273359382550760532e-01,1.452005728544668806e+00,-9.516978938729847570e-02,2.339454097669306343e+00,1.559170760768362500e-03,1.520159773635912153e-03,5.338087396630695857e-05,-1.305661128187521423e-03,8.356581534003728606e-01,5.661224279311078246e-04,1.337580296939358624e-03,1.919375273349725741e-03,6.519995280004287552e-04,7.142539244779546603e-01,7.466042815104898533e-01
2.584249999999887301e-08,9.621079115067088239e-02,-1.009809982403857553e-01,1.418429012270094880e-01,1.428815702571533786e+00,1.300919842930086112e-01,2.373163222668605243e+00,1.411041646974417864e-03,1.381897251447302202e-03,2.824029548137471686e-05,1.380406647864247096e-03,8.319377625210713223e-01,-1.422640411523254933e-01,1.428893088960544899e+00,1.270305288421598178e-01,2.311910957383564114e+00,1.436259596574783123e-03,2.726752694482526308e-05,1.390950781381829855e-03,2.780957444822382946e-04,8.325952869524679834e-01,-1.256904561846818869e-01,1.452108092280113727e+00,2.036041975207725230e-01,2.344774854125021513e+00,1.516995148338594812e-03,5.419003252427782109e-05,1.460137633164121634e-03,2.547167685408826729e-04,8.345887555492915721e-01,1.257966182128567034e-01,1.452197295259415766e+00,-9.989484003969728576e-02,2.340717957713173369e+00,1.546410327344542980e-03,1.494828140612126672e-03,5.277651444207412211e-05,-1.338305420223315266e-03,8.353301182632109079e-01,6.739567688783216571e-04,1.229169169037680779e-03,1.918759815886692324e-03,6.519374889270998725e-04,7.145306145310901247e-01,7.462510234067849524e-01
2.584749999999887206e-08,-7.104914403249784627e-03,-1.051942194243840056e-01,1.271628036725784838e-01,1.426681897370256191e+00,1.271275906696733848e-01,2.372497307960024671e+00,1.398488654430418525e-03,1.282267951439500665e-03,3.567746062366186410e-05,1.355597538598190622e-03,8.316569662158348475e-01,-1.283194722652776232e-01,1.426690737394131769e+00,1.416874633485418755e-01,2.311694702495545872e+00,1.421554225912944388e-03,3.562392756901752673e-05,1.297873040592858454e-03,2.872835714883611850e-04,8.322624579032417147e-01,-1.212599453381406622e-01,1.452012842600612252e+00,2.063551032037880262e-01,2.345716998092278072e+00,1.502045429076895571e-03,5.869704529040587653e-05,1.424742902528651749e-03,2.482923780519521030e-04,8.342005909052775392e-01,1.213628247232831914e-01,1.452212515595701081e+00,-1.044294355366153226e-01,2.342187037779483560e+00,1.530811034310763626e-03,1.460438648203021958e-03,5.696758567740578923e-05,-1.361649850533479082e-03,8.349289848374905620e-01,7.913973665191924908e-04,1.115692222699664858e-03,1.920126658776873628e-03,6.524372882300840748e-04,7.151491956120314963e-01,7.455718163202140758e-01
2.585249999999887111e-08,-9.829052927976711374e-02,-1.090051998210110895e-01,1.036511933099129035e-01,1.423011899867212104e+00,1.237470938971458878e-01,2.373575252312559059e+00,1.376454965582809718e-03,1.170574162076602320e-03,6.212432787339849233e-05,1.303720430330090538e-03,8.311071353295466091e-01,-1.053858513004777286e-01,1.422963081968500854e+00,1.511895511877758835e-01,2.313035759018849280e+00,1.397708783209014247e-03,6.410196337225390682e-05,1.193424238985893795e-03,2.893570654497059453e-04,8.316658230600525448e-01,-1.139570987574138883e-01,1.451723124321735003e+00,2.086018485198031236e-01,2.347101687814922677e+00,1.485111579119271965e-03,6.952767396892106416e-05,1.381365251877848289e-03,2.467945300694008573e-04,8.337590073064535812e-01,1.140533786687312201e-01,1.452029192313488704e+00,-1.083326784153704203e-01,2.343883692989172651e+00,1.513060795521749486e-03,1.417889770983664149e-03,6.729717841458965084e-05,-1.371624548777974992e-03,8.344709806077228453e-01,9.114814681128048223e-04,1.003334638634581673e-03,1.923329667036459151e-03,6.534653566271152007e-04,7.160914759407133179e-01,7.445800165933755821e-01
2.585749999999887017e-08,-1.743456853638494231e-01,-1.119985385706523395e-01,7.436150927822771095e-02,1.418564829970713204e+00,1.188767190445103594e-01,2.375940608464259363e+00,1.354014413102124512e-03,1.053006489879433887e-03,1.317727975047329318e-04,1.227043475780222222e-03,8.305261604237801354e-01,-7.651902875313187913e-02,1.418482218634938175e+00,1.563735675143496096e-01,2.315529634902782519e+00,1.374453117990047510e-03,1.374134252981384159e-04,1.077590898696642509e-03,2.993440780405248877e-04,8.310578989390213778e-01,-1.040149398389034197e-01,1.451239601484418884e+00,2.100207915690095462e-01,2.348898662930159809e+00,1.467222840937039419e-03,8.920410306784570277e-05,1.330422046363479403e-03,2.503282577765269233e-04,8.332891663324962783e-01,1.041016106337224745e-01,1.451642110664313812e+00,-1.111752338942855189e-01,2.345810281043099632e+00,1.494232007313350081e-03,1.367702319115078483e-03,8.627227825551913405e-05,-1.365466151591842019e-03,8.339822442551714232e-01,1.027754460998059251e-03,8.969327224315474427e-04,1.927686501552970883e-03,6.548201840489767649e-04,7.173214538218573022e-01,7.433089622967614662e-01
2.586249999999886922e-08,-2.357599616700922773e-01,-1.137834235689347828e-01,4.235761744606802992e-02,1.414328676985474820e+00,1.108903263429117381e-01,2.378839561732210228e+00,1.341789302362560252e-03,9.197239228042925104e-04,2.818454143172094157e-04,1.119659156888790216e-03,8.302028769027688382e-01,-4.480923494089683601e-02,1.414238850117533808e+00,1.578980028764687127e-01,2.318684850329954195e+00,1.362642565108931501e-03,2.880480039621380220e-04,9.366639384685888784e-04,3.374894540224631875e-04,8.307359327576027130e-01,-9.184924490568158184e-02,1.450584900978989733e+00,2.103288702475727412e-01,2.351050451980103873e+00,1.449687813073958489e-03,1.214210547019563860e-04,1.271433265086946950e-03,2.600761473510276281e-04,8.328242422237217557e-01,9.192473921113553104e-02,1.451069977035847725e+00,-1.125318859381843062e-01,2.347936024078627781e+00,1.475709407714056055e-03,1.309539504968001413e-03,1.176806412396160374e-04,-1.341385959394757925e-03,8.334976211553899450e-01,1.135138124942572727e-03,7.995963055973178161e-04,1.932239195140344947e-03,6.562119810848786707e-04,7.187918691951853400e-01,7.418065646579636851e-01
2.586749999999886827e-08,-2.835690594509665541e-01,-1.139752268178910732e-01,9.954472838087369269e-03,1.411259562292780601e+00,9.715412988608651546e-02,2.381285717541345548e+00,1.347184557433948144e-03,7.569797900077969910e-04,5.207955470553268231e-04,9.666058511734422140e-04,8.303436953864734571e-01,-1.258282453814940638e-02,1.411146720770980023e+00,1.563168916600381486e-01,2.322033738574466710e+00,1.368831368260743772e-03,5.169529259930711685e-04,7.611997548764267221e-04,4.300294546356408327e-04,8.308942388369685572e-01,-7.799469363100897112e-02,1.449802224099091763e+00,2.093125839364704532e-01,2.353474507687522088e+00,1.433970255219851886e-03,1.704013138300475988e-04,1.202979879278528747e-03,2.785526271547562405e-04,8.324031483263091280e-01,7.806008604186476241e-02,1.450354672836123626e+00,-1.119495218635164768e-01,2.350190018544795478e+00,1.459063454934810119e-03,1.242024452729609653e-03,1.660625651048224438e-04,-1.297812964269860325e-03,8.330582727793179876e-01,1.230298261391074479e-03,7.128267279164106959e-04,1.936073371975437826e-03,6.573670510385900851e-04,7.204509955524478482e-01,7.401284320687753215e-01
2.587249999999886732e-08,-3.192028477168137313e-01,-1.121578254945219122e-01,-2.175057104418298692e-02,1.409893736493595506e+00,7.455614321148251733e-02,2.382187696849940473e+00,1.369346668076628325e-03,5.702061636359656398e-04,8.026929772500558669e-04,7.552529371330475800e-04,8.309307576106949034e-01,1.905369014264413074e-02,1.409713590403052219e+00,1.524392203071069929e-01,2.325126757554611956e+00,1.391719450500422586e-03,7.854392351764450221e-04,5.656231381711765557e-04,5.961034854806189845e-04,8.315055700719512499e-01,-6.301836810950267598e-02,1.448945753414672133e+00,2.068344048720938133e-01,2.356071347210221933e+00,1.421451761848615235e-03,2.392981920681041630e-04,1.123409928388616110e-03,3.095133953761678163e-04,8.320644373419616713e-01,6.307726308538708082e-02,1.449551108224416129e+00,-1.089027805860136588e-01,2.352456483338657200e+00,1.445795346234281199e-03,1.163280543428465465e-03,2.351023900392172053e-04,-1.232739371434776656e-03,8.327051239051859177e-01,1.311754146643359393e-03,6.368969575172596766e-04,1.938605676673145180e-03,6.581186991012321621e-04,7.222480835548110711e-01,7.383313546552221496e-01
2.587749999999886638e-08,-3.445331759616625522e-01,-1.078481443216885438e-01,-5.243015972943587677e-02,1.410288465803619218e+00,4.158705344118818203e-02,2.380787487311842643e+00,1.402400577639962599e-03,3.865377725790964032e-04,1.078486474991593612e-03,4.921089066575196763e-04,8.318061794098461359e-01,4.978398850942378218e-02,1.410047772359664497e+00,1.474122274814386735e-01,2.327409407066977742e+00,1.426204525303650765e-03,1.054725316584233935e-03,3.794586297548858240e-04,8.237009814028118998e-04,8.324199677499981576e-01,-4.742865166697440849e-02,1.448067470971078130e+00,2.028319157520441784e-01,2.358734137947388732e+00,1.413016727678103115e-03,3.284026614587140730e-04,1.032095070086857993e-03,3.573312586228185391e-04,8.318338233829069006e-01,4.748498546264512399e-02,1.448712230532273271e+00,-1.027714022479648825e-01,2.354573028441285132e+00,1.436875590906236053e-03,1.072191959976866995e-03,3.255311528694501688e-04,-1.143657691268780245e-03,8.324654994612055159e-01,1.379734282367144505e-03,5.712204968429704073e-04,1.939628209145271079e-03,6.584094162916864432e-04,7.241367737133570515e-01,7.364681056820157057e-01
2.588249999999886543e-08,-3.580126056125979561e-01,-1.004990659016038457e-01,-8.167727685692161010e-02,1.412310727242489961e+00,8.476277642843754734e-05,2.377034715020121425e+00,1.441459546633956819e-03,2.346684544780043265e-04,1.318676578517305855e-03,2.066481777374223048e-04,8.328269467110070989e-01,7.920568742724576339e-02,1.412049372203413533e+00,1.421886185288459004e-01,2.328170944218002081e+00,1.467442381819373436e-03,1.294706787580316570e-03,2.284404241689799709e-04,1.066631722373653042e-03,8.334923100139954855e-01,-3.161330171534704192e-02,1.447209559388110467e+00,1.973075046521945985e-01,2.361354666384102075e+00,1.408778995657072701e-03,4.346999213550526158e-04,9.303615924546304854e-04,4.254377907829284778e-04,8.317158437334882803e-01,3.166855016206726603e-02,1.447879860309801314e+00,-9.288840399378583967e-02,2.356341120734081862e+00,1.432427566272058981e-03,9.696149496587400368e-04,4.343384528661269647e-04,-1.028168321914704406e-03,8.323440639375883077e-01,1.435586530434673812e-03,5.146387418089089921e-04,1.939159093445518445e-03,6.582424589228227756e-04,7.260766477476356950e-01,7.345840384695943026e-01
2.588749999999886448e-08,-3.498251378483331342e-01,-8.956793804779694668e-02,-1.081066593229036421e-01,1.415610041408258635e+00,-4.537254297701931449e-02,2.371430863740377148e+00,1.481045213477418963e-03,1.308558067184353868e-04,1.496135184188810904e-03,-5.508755744413728738e-05,8.338339649256497621e-01,1.059507519616569304e-01,1.415371585070735572e+00,1.372845410643903641e-01,2.326776025515000512e+00,1.509419342366797147e-03,1.477598693459037478e-03,1.263594640240220477e-04,1.273532380068475786e-03,8.345550141108276643e-01,-1.583511088246947196e-02,1.446406786399716093e+00,1.902769510560387012e-01,2.363820360499629736e+00,1.408294677435221890e-03,5.530716247835302819e-04,8.214469002808333711e-04,5.142256851453059314e-04,8.316996472626297932e-01,1.588760804409483640e-02,1.447087825887023893e+00,-7.867709654339183345e-02,2.357561704858852636e+00,1.431955579175797546e-03,8.586354711161369412e-04,5.560393704984750328e-04,-8.846068428151202326e-04,8.323289447279659248e-01,1.480932463870744892e-03,4.658203471218836278e-04,1.937346015431050915e-03,6.576674217332380843e-04,7.280334608789689188e-01,7.327158249354905895e-01
2.589249999999886353e-08,-3.072849007928315501e-01,-7.463805213828500484e-02,-1.288995573580460352e-01,1.419526878956139271e+00,-8.928626253867522067e-02,2.364941328389475572e+00,1.511871299125978679e-03,7.337702063765788206e-05,1.587378292028824916e-03,-2.417809048088524954e-04,8.345880977217416952e-01,1.272467634781704326e-01,1.419355981929987243e+00,1.333401707861914254e-01,2.323315485843550299e+00,1.542511052442602226e-03,1.581527131953562549e-03,7.008760385542087514e-05,1.415594445756278514e-03,8.353614225130912008e-01,-2.799277481020379099e-04,1.445693362708182939e+00,1.816596474881100320e-01,2.366003573400270010e+00,1.410995825672197888e-03,6.777471477971138769e-04,7.097920881119777802e-04,6.194160665199154644e-04,8.317706022201245553e-01,3.266371460417527572e-04,1.446371121943722748e+00,-5.982609177160780334e-02,2.358089348308935129e+00,1.434835803354586603e-03,7.438763458080574053e-04,6.844346242028749756e-04,-7.120003479070504586e-04,8.324043853890353839e-01,1.517179406320656818e-03,4.237358280744325995e-04,1.934460652428035251e-03,6.567789422183384048e-04,7.299785483427663202e-01,7.308920481747214204e-01
2.589749999999886258e-08,-2.284372953788673666e-01,-5.553774430953861696e-02,-1.406291727021944382e-01,1.423217459806936258e+00,-1.271473482965217450e-01,2.359060172161496105e+00,1.523049212474087647e-03,4.735992642400638881e-05,1.587088163112837427e-03,-3.357212694903073820e-04,8.348287582478572944e-01,1.396936617032524808e-01,1.423137797514903991e+00,1.309993109084794938e-01,2.319118570513007516e+00,1.555255466719842640e-03,1.600419698369499877e-03,4.443686180050958269e-05,1.492148633039935141e-03,8.356379959988358141e-01,1.488000271577250011e-02,1.445107109947327384e+00,1.711587551531246199e-01,2.367748383571203874e+00,1.416408279724281141e-03,8.029964075284194789e-04,6.003081021519780921e-04,7.322183253208678754e-04,8.319159202999396596e-01,-1.484102435061296354e-02,1.445770917462631200e+00,-3.640527803762383385e-02,2.357871546537291252e+00,1.440561239381446665e-03,6.305895816070151289e-04,8.134353510256016459e-04,-5.096349376230136473e-04,8.325568618553471634e-01,1.545727262914713216e-03,3.878561065100619002e-04,1.930963747467862946e-03,6.557186687340000458e-04,7.318880063354344934e-01,7.291342937217053510e-01
2.590249999999886164e-08,-1.264899902876617244e-01,-3.241904100634984687e-02,-1.409421149537597451e-01,1.425899077475714316e+00,-1.567093427813595063e-01,2.355253584710506054e+00,1.508129514149345041e-03,3.927528500187505871e-05,1.512318985525420512e-03,-3.634383220910592264e-04,8.344069292782124725e-01,1.408746296677994003e-01,1.425904919685260674e+00,1.300276208173563042e-01,2.315974211422746620e+00,1.540540100262999907e-03,1.546953654464185970e-03,3.593124038237794878e-05,1.515650362212958959e-03,8.352228929063152396e-01,2.944636857241023087e-02,1.444689075770533293e+00,1.582849921231717083e-01,2.368863993420361247e+00,1.424091908909785485e-03,9.233401686706943067e-04,4.977660692085461927e-04,8.410773596012400318e-04,8.321229609963891605e-01,-2.941395845533234521e-02,1.445333387137827996e+00,-8.900870518405046283e-03,2.356941112195330312e+00,1.448670230050581008e-03,5.239280066065456079e-04,9.372546146698664329e-04,-2.787638582434301144e-04,8.327732008771764338e-01,1.568420837434967999e-03,3.579740446591223729e-04,1.927568736912580599e-03,6.546865923734722413e-04,7.337421968502704228e-01,7.274571106076024307e-01
2.590749999999886069e-08,-2.032108585408765045e-02,-5.857995125489345867e-03,-1.296566869668624999e-01,1.427077741257040788e+00,-1.776272702694248196e-01,2.354267426437804733e+00,1.468968033339511457e-03,4.469068977940140384e-05,1.390326826406074754e-03,-3.596226334396161696e-04,8.333626784252512465e-01,1.304531485681617031e-01,1.427143892480336795e+00,1.293598833778077939e-01,2.314907893973906283e+00,1.499933864292732821e-03,1.443808934017829426e-03,3.978649301878514112e-05,1.495222956649685077e-03,8.341515197687369154e-01,4.320040378962364258e-02,1.444480398989117509e+00,1.427583369924527723e-01,2.369138934148929287e+00,1.433503519218304887e-03,1.033918385308648042e-03,4.061335266380452212e-04,9.340901009753832702e-04,8.323759365848248937e-01,-4.316849517570631178e-02,1.445105151395579490e+00,2.170217115566419608e-02,2.355362458355600541e+00,1.458592958341602998e-03,4.282358601335627991e-04,1.050773653905741692e-03,-3.032445392272235677e-05,8.330370059020194562e-01,1.587392062188798135e-03,3.339029917343998050e-04,1.925102004785672659e-03,6.539115469209232307e-04,7.355254445232757288e-01,7.258667556453943792e-01
2.591249999999885974e-08,7.640457136822842443e-02,2.290480140587014546e-02,-1.086050349805485205e-01,1.426664322628967030e+00,-1.904786936510838302e-01,2.356080821834646954e+00,1.414468950989572135e-03,6.943479865359491760e-05,1.244987644642245534e-03,-3.478222394594681689e-04,8.319010579302876796e-01,1.101245215283352952e-01,1.426756447781361015e+00,1.277461382631308595e-01,2.316011537073467075e+00,1.442647493025248908e-03,1.312838801383684004e-03,6.093756702808441467e-05,1.435366924082321066e-03,8.326349778498773890e-01,5.595884553094143676e-02,1.444517117564378506e+00,1.253191543577130140e-01,2.368409125561563577e+00,1.443968151148927043e-03,1.131275664304358863e-03,3.278155624233255409e-04,1.001434424739684878e-03,8.326558023479302406e-01,-5.591531602883748064e-02,1.445125617908032289e+00,5.365608469908478284e-02,2.353168058339274005e+00,1.469613765679340716e-03,3.462329140722709194e-04,1.150369215079078940e-03,2.037246230837334697e-04,8.333283830400666226e-01,1.604214686272475770e-03,3.153369198085141222e-04,1.924154598811416003e-03,6.535645871686593215e-04,7.372252431794248384e-01,7.243609349696344957e-01
2.591749999999885879e-08,1.583110358117261196e-01,5.170872428770101337e-02,-8.073617266258348302e-02,1.424996577473044646e+00,-1.962580172098498110e-01,2.360145108343986387e+00,1.357125508088723696e-03,1.321880830422749765e-04,1.088397070620494541e-03,-3.441334341736727561e-04,8.303286017190226742e-01,8.279683395207948493e-02,1.425076459913112936e+00,1.240286747424517166e-01,2.318811492972467470e+00,1.381850669597468190e-03,1.166362422504421204e-03,1.175158596963770503e-04,1.339859729431857899e-03,8.309933308967639709e-01,6.767199981965044131e-02,1.444815006954486947e+00,1.081518613014353924e-01,2.366738843248898938e+00,1.454769692004506719e-03,1.214254186081606185e-03,2.630179534497829310e-04,1.037935966297429471e-03,8.329429874293382552e-01,-6.760057378181416610e-02,1.445408229796570909e+00,8.427226398776799243e-02,2.350367461508874101e+00,1.480962803946642712e-03,2.782969128203302621e-04,1.234875430029754723e-03,3.755688350479515825e-04,8.336267285600370558e-01,1.619196907484938587e-03,3.019562974384185474e-04,1.924804351701809397e-03,6.536788255824139407e-04,7.388305306532927386e-01,7.229320055886716556e-01
2.592249999999885784e-08,2.249776940581291740e-01,7.776287714027985132e-02,-4.920939695496140409e-02,1.422740957114521976e+00,-1.961224516746686852e-01,2.365625064293804591e+00,1.309662515775832049e-03,2.595008428056397505e-04,9.188938041758137757e-04,-3.651003066284503706e-04,8.289900695229150962e-01,5.167364277567676467e-02,1.422784380485925260e+00,1.169098545187483573e-01,2.322517381950066628e+00,1.331294416072340003e-03,1.002186081822549783e-03,2.405057226994687799e-04,1.209033777167214246e-03,8.295927921389475435e-01,7.849223909709635016e-02,1.445339826331987876e+00,9.380575830105097879e-02,2.364610955385207269e+00,1.465242885400647177e-03,1.284043982798049009e-03,2.098808909909358059e-04,1.045654419484001165e-03,8.332196581019782888e-01,-7.837998320322037138e-02,1.445910072095270671e+00,1.105489072505076997e-01,2.347086767290587517e+00,1.491928998085087672e-03,2.225516822654041976e-04,1.305678189095741456e-03,4.572840528772925185e-04,8.339134035559268021e-01,1.631289487950771328e-03,2.936563757663502141e-04,1.926595484702512415e-03,6.541325558989375365e-04,7.403296255311406782e-01,7.215736716497060943e-01
2.592749999999885690e-08,2.772446532691346111e-01,9.872772900162907206e-02,-1.664330228642030285e-02,1.420682382568724034e+00,-1.912414562378774718e-01,2.371657712880473667e+00,1.281017819546896455e-03,4.568803378885653290e-04,7.322828244658680878e-04,-4.304413196601387394e-04,8.281626152012263598e-01,1.940776286332113187e-02,1.420703333814961944e+00,1.045118842327541486e-01,2.326143382425454487e+00,1.301146512185137605e-03,8.119171022071202618e-04,4.451534015866193713e-04,1.036796105779165360e-03,8.287349938794346116e-01,8.866884086962900646e-02,1.446005356557891641e+00,8.359572495339406828e-02,2.362700547161451947e+00,1.474862600892000181e-03,1.342646178861527659e-03,1.660125133526200655e-04,1.034742414167565214e-03,8.334722863389387726e-01,-8.851446653796890551e-02,1.446537450207420417e+00,1.305462633009755180e-01,2.343655861331261470e+00,1.501981517304300196e-03,1.764630352615206399e-04,1.365071240502592704e-03,4.632529957939519514e-04,8.341747892083053451e-01,1.638340079527744264e-03,2.907954935096721981e-04,1.928738774866488618e-03,6.547012500442898984e-04,7.417092242066625207e-01,7.202878536599608417e-01
2.593249999999885595e-08,3.164195921225203545e-01,1.137237137121744901e-01,1.542341321272489019e-02,1.419442579592967935e+00,-1.828924324867156059e-01,2.377510520786320303e+00,1.273096428988560857e-03,6.940235774600001656e-04,5.384159090524665361e-04,-5.555781406763501658e-04,8.279309324434356299e-01,-1.252108999387480104e-02,1.419479040837025252e+00,8.458134516541271353e-02,2.328626044594096278e+00,1.293561140083811884e-03,6.022256191830112479e-04,7.006445819502463970e-04,8.181676793514538505e-04,8.285090703274415880e-01,9.831898653948178968e-02,1.446719963078083815e+00,7.741743238391229909e-02,2.361387530431019677e+00,1.483350472773441306e-03,1.391038993004141845e-03,1.300086622662256709e-04,1.019293453995468064e-03,8.336948161784532019e-01,-9.813373949730763712e-02,1.447199717967097676e+00,1.441484503952175089e-01,2.340460211186066619e+00,1.510861264584697095e-03,1.385164645501846020e-04,1.414174411881753126e-03,4.279635885083819011e-04,8.344050393879796079e-01,1.637316006322703634e-03,2.944857496021199969e-04,1.930376691789344483e-03,6.551365350580572785e-04,7.429545171688343164e-01,7.190877469613059514e-01
2.593749999999885500e-08,3.445511644623828751e-01,1.233570512093393745e-01,4.641304660487577394e-02,1.419370043135141479e+00,-1.726012710953948037e-01,2.382501478095485403e+00,1.282656337506800142e-03,9.345667930504576162e-04,3.598703775171058282e-04,-7.361975592490755012e-04,8.282076697272392485e-01,-4.357387090796938089e-02,1.419436206310880522e+00,5.600042311174657783e-02,2.329149845196703428e+00,1.304439003766401806e-03,4.003029615021293838e-04,9.602503231538936758e-04,5.641029740979644274e-04,8.288119266644424776e-01,1.073295309015900312e-01,1.447420999157119859e+00,7.454329687227323475e-02,2.360677080131713623e+00,1.490628920645872390e-03,1.429067792071105547e-03,1.013187054406383263e-04,1.011051873940722748e-03,8.338867454469075513e-01,-1.071309286571828778e-01,1.447839200195921494e+00,1.525967293920618140e-01,2.337750968834007459e+00,1.518479419722716748e-03,1.081627563477348890e-04,1.452732324016289258e-03,3.796978149226741756e-04,8.346032410360839648e-01,1.624428038403533852e-03,3.068656915766216232e-04,1.930711799471615748e-03,6.551983600544669922e-04,7.440484300592935529e-01,7.179972930281179888e-01
2.594249999999885405e-08,3.621408832671835221e-01,1.290292429170936117e-01,7.601717242626837567e-02,1.420611373451073245e+00,-1.619115149829490896e-01,2.385836664926435091e+00,1.305352564839745147e-03,1.152094226797565095e-03,2.173157392501875562e-04,-9.417542147383294905e-04,8.288584034575526838e-01,-7.340657453318022441e-02,1.420712249573564012e+00,2.042932313888012885e-02,2.327509634308563946e+00,1.329035338301678233e-03,2.359181118607535973e-04,1.190219376739997227e-03,3.049720127813682828e-04,8.295018399613781623e-01,1.154180595398321962e-01,1.448072678814370073e+00,7.420482490137025877e-02,2.360417038078559848e+00,1.496656123600904756e-03,1.456469498660611234e-03,7.943921254411277202e-05,1.016244556145919162e-03,8.340481843543549045e-01,-1.152237197746546205e-01,1.448422495104702445e+00,1.576063817584456572e-01,2.335608107047767223e+00,1.524751845496359311e-03,8.494829409327645203e-05,1.480325886501588500e-03,3.338786675823765494e-04,8.347686076873594985e-01,1.595495138319047348e-03,3.311073260960813711e-04,1.929073641314056013e-03,6.546667285444272974e-04,7.449689887732704463e-01,7.170502187738780897e-01
2.594749999999885311e-08,3.627433060350695460e-01,1.322569573349201555e-01,1.033408037417520298e-01,1.423004685268090208e+00,-1.519522644028907798e-01,2.386789523442233829e+00,1.336497917293209999e-03,1.324792047834128135e-03,1.204494883700881695e-04,-1.130644938673638477e-03,8.297420367532306607e-01,-1.011024672830047599e-01,1.423151946778912214e+00,-1.802751021413584454e-02,2.324085004136936750e+00,1.362427100755117396e-03,1.253003794726844863e-04,1.364552201938521456e-03,7.655891474387944680e-05,8.304305859378721122e-01,1.222062303717783571e-01,1.448655071860213805e+00,7.578291225124278441e-02,2.360446049116988299e+00,1.501377352801996955e-03,1.473407314654071824e-03,6.359644606278006169e-05,1.036057825687433090e-03,8.341787799740527642e-01,-1.220319368637632351e-01,1.448928966599722701e+00,1.607544289968800832e-01,2.334003493825763442e+00,1.529586914934291404e-03,6.812260241609423164e-05,1.497059650522917671e-03,2.965453404394784208e-04,8.349000352835337369e-01,1.546934495252877363e-03,3.709270403959265207e-04,1.925169014194879442e-03,6.534227203995962791e-04,7.456866119982492602e-01,7.162890943661115450e-01
2.595249999999885216e-08,3.336142140547695423e-01,1.342997363594577998e-01,1.262425384405909679e-01,1.425905445600129884e+00,-1.434102713470721824e-01,2.385290453849668424e+00,1.369637637018644369e-03,1.433750435086358129e-03,6.540761134287220529e-05,-1.272400736648447023e-03,8.306778581640595904e-01,-1.245385125125100245e-01,1.426091863596659071e+00,-5.477534672079897859e-02,2.319662521361478547e+00,1.397251429301157736e-03,6.490859825408031773e-05,1.465216769668778235e-03,-9.531822021747061308e-05,8.313981144440402149e-01,1.272612080942983059e-01,1.449153526630498234e+00,7.880106877544079680e-02,2.360649683743540894e+00,1.504756703659706563e-03,1.480410482951203047e-03,5.288061762051840347e-05,1.068487812583846256e-03,8.342784095143886969e-01,-1.271210679675216504e-01,1.449341988944587101e+00,1.632246111502544395e-01,2.332869806409548108e+00,1.532930181776123073e-03,5.676302012151316452e-05,1.503482053438022882e-03,2.688328967090009881e-04,8.349970210604398257e-01,1.477117962570026304e-03,4.295492241728052002e-04,1.919383258653848540e-03,6.515529771447067407e-04,7.461640525822124115e-01,7.157621345089719700e-01
2.595749999999885121e-08,2.675620329076857651e-01,1.360432953171208936e-01,1.415354084098003895e-01,1.428335463463718868e+00,-1.366930784010409461e-01,2.382302656420588249e+00,1.396650867109385744e-03,1.469072449598795346e-03,3.900897040128295312e-05,-1.357721699921624666e-03,8.314511840200173864e-01,-1.405392333892980794e-01,1.428522692617912204e+00,-8.646260492672430686e-02,2.315326565955304616e+00,1.424516141668928345e-03,3.758727980381534184e-05,1.489482023393131705e-03,-2.032659280992195740e-04,8.321724649246489136e-01,1.301342135538343658e-01,1.449550179793359650e+00,8.287268532023706058e-02,2.360965609370822893e+00,1.506761803656616857e-03,1.478190143581241834e-03,4.650838878748074138e-05,1.109850409959146824e-03,8.343463691136965288e-01,-1.300404927016114431e-01,1.449642513329629789e+00,1.657696448888770213e-01,2.332140848554005608e+00,1.534749332581319221e-03,5.006155389636880140e-05,1.500361465185146665e-03,2.498741572896636342e-04,8.350588959806751754e-01,1.387345025714297776e-03,5.083366340467928993e-04,1.912798851435896239e-03,6.493687237080904111e-04,7.463606665683837349e-01,7.155165553921050137e-01
2.596249999999885026e-08,1.725131185772370568e-01,1.380148897010062825e-01,1.463151170392282818e-01,1.429398131518910819e+00,-1.317579138593925059e-01,2.379318945793714057e+00,1.410510323109925553e-03,1.436739348208647708e-03,2.867704479664142620e-05,-1.392559709746818202e-03,8.318787273641192748e-01,-1.461401863746232266e-01,1.429538670846151049e+00,-1.116140791991915293e-01,2.312129946035568651e+00,1.437162077565470831e-03,2.758254666871726672e-05,1.451211544932129146e-03,-2.583686634533582547e-04,8.325700777757198967e-01,1.304197558475657104e-01,1.449820648607227369e+00,8.764707637887925173e-02,2.361374548843432564e+00,1.507329308538884723e-03,1.467530739527392542e-03,4.403959303207270450e-05,1.155603288399412480e-03,8.343802801599419228e-01,-1.303821680944947659e-01,1.449807239735355635e+00,1.687654228719193128e-01,2.331768451773394979e+00,1.534998869558906092e-03,4.756837223592850513e-05,1.488552898197045143e-03,2.382820530461513540e-04,8.350837228953302827e-01,1.281912063503418955e-03,6.057116316559293728e-04,1.906844443599970979e-03,6.473101024621481488e-04,7.462406532050249730e-01,7.155897889507252252e-01
2.596749999999884931e-08,6.653879706560594798e-02,1.404465882946648314e-01,1.394318037382205056e-01,1.428591564467796227e+00,-1.280327860141632357e-01,2.377481911664703240e+00,1.408196461769331553e-03,1.356328342803104657e-03,2.834801929064756408e-05,-1.387036318250753570e-03,8.318761694799318152e-01,-1.400730853461720216e-01,1.428662308780739298e+00,-1.302545583063308143e-01,2.310685841815824482e+00,1.432829640645742015e-03,2.784611239894328930e-05,1.372460004551832261e-03,-2.797905746689916765e-04,8.325195884302711846e-01,1.278298401282416119e-01,1.449937512827739194e+00,9.277283179883699660e-02,2.361883967950346719e+00,1.506384827894511995e-03,1.449236085475379609e-03,4.556534905105239316e-05,1.200825304092367589e-03,8.343767236312478186e-01,-1.278547192360992568e-01,1.449812612051080141e+00,1.722908214249323500e-01,2.331722956516641077e+00,1.533638754972611049e-03,4.939953139990286717e-05,1.468912072668771994e-03,2.327762802350487846e-04,8.350689000914162108e-01,1.167178709254861491e-03,7.170950035815297713e-04,1.902758181637285995e-03,6.457828181039134080e-04,7.457824759811959581e-01,7.160014078487770828e-01
2.597249999999884837e-08,-3.406188626023665122e-02,1.433470634826226053e-01,1.219266443041351344e-01,1.425918465312074002e+00,-1.246788363667645783e-01,2.377238223693855179e+00,1.391847346431870696e-03,1.251056809704509127e-03,3.952635645827867988e-05,-1.349954013820593322e-03,8.314900840573602459e-01,-1.232656048510760716e-01,1.425920319117946811e+00,-1.431456338761440961e-01,2.311067830154829306e+00,1.414343299452867865e-03,4.013469021974011265e-05,1.273415618537657905e-03,-2.848953146852511260e-04,8.320811650393935555e-01,1.222600825069246611e-01,1.449878523798988406e+00,9.787432387825978353e-02,2.362511398489119507e+00,1.503929759540178351e-03,1.424004287765672817e-03,5.192346958287395942e-05,1.240567414270119439e-03,8.343337639582567578e-01,-1.223499988403746741e-01,1.449642320872964962e+00,1.762081331746139234e-01,2.331985498531798484e+00,1.530718734534498903e-03,5.646436224417383234e-05,1.442123314629871868e-03,2.324816271231316489e-04,8.350136143532057575e-01,1.050025273410010130e-03,8.359628025846232080e-04,1.901157885680987208e-03,6.450140674018818880e-04,7.449856028741232983e-01,7.167487321871388595e-01
2.597749999999884742e-08,-1.210767978525271182e-01,1.465704094611290920e-01,9.636533401160995993e-02,1.421873833607329551e+00,-1.208004032977285647e-01,2.378466086445761629e+00,1.368188137244105403e-03,1.137263927773195845e-03,7.428373236079332728e-05,-1.287747408836535483e-03,8.308905415291962804e-01,-9.823605002432156397e-02,1.421821205958791356e+00,-1.512179586907365092e-01,2.312968999776232160e+00,1.389060991326151930e-03,7.748276808032866976e-05,1.164868606936548655e-03,-2.876402573738930622e-04,8.314382503457142803e-01,1.138239985892617323e-01,1.449636278566448944e+00,1.025397504827734174e-01,2.363269151195512841e+00,1.500158078925478049e-03,1.392137995339816749e-03,6.499798151020308391e-05,1.270189047831852538e-03,8.342543264530815073e-01,-1.139778079634314878e-01,1.449295400414496449e+00,1.802388905507572581e-01,2.332539162859197823e+00,1.526491382161126575e-03,7.075911275214245269e-05,1.408365471626068025e-03,2.371431788368235131e-04,8.349221358294018902e-01,9.364585989793864198e-04,9.553732593425568994e-04,1.901923371776609957e-03,6.450002544573205142e-04,7.438720991516603043e-01,7.178075446122538228e-01
2.598249999999884647e-08,-1.929398727329296737e-01,1.498800230490711094e-01,6.589131535768499859e-02,1.417310591364201677e+00,-1.153197376983325917e-01,2.380656811995437216e+00,1.347076072795862440e-03,1.016693557897587223e-03,1.620217641144182364e-04,-1.201801988889828702e-03,8.303391655042074992e-01,-6.814390214818777380e-02,1.417231750645678856e+00,-1.552826337495640807e-01,2.315887980588530404e+00,1.367478115921785071e-03,1.690415349494179707e-04,1.042546952527064266e-03,-3.031791662274450493e-04,8.308672270946004801e-01,1.028450141852121913e-01,1.449225951033997539e+00,1.063075484323645625e-01,2.364152684850702180e+00,1.495553117665870914e-03,1.353110559380072244e-03,8.804210903918579720e-05,1.285487412683542592e-03,8.341490212216688960e-01,-1.030580506100835514e-01,1.448792237073734279e+00,1.840320807422286542e-01,2.333362626037795096e+00,1.521502450503823146e-03,9.563173629760999270e-05,1.366885014042894210e-03,2.474402764587337023e-04,8.348065258968779823e-01,8.308516305082541860e-04,1.069210007896190771e-03,1.904362630809200603e-03,6.455494666918503485e-04,7.424832278781081651e-01,7.191369478705451623e-01
2.598749999999884552e-08,-2.504455073986087132e-01,1.530061217098137583e-01,3.346059363919140495e-02,1.413253503597134975e+00,-1.064869724361425796e-01,2.383014665473406790e+00,1.338980922001160347e-03,8.762657768709230469e-04,3.383355953727008934e-04,-1.084121802943645123e-03,8.301230818606363249e-01,-3.596822133001320587e-02,1.413170047560869058e+00,-1.559259371784342818e-01,2.319276526138200012e+00,1.360015177698148522e-03,3.435270720717542104e-04,8.912648621404911696e-04,-3.531943705190987806e-04,8.306587015069801794e-01,8.980999839739944868e-02,1.448687822690693405e+00,1.086409481293419965e-01,2.365130525295574770e+00,1.490911566478604622e-03,1.305195558472945720e-03,1.256900708359268300e-04,1.282516327903157789e-03,8.340371099701145985e-01,-9.007398137769540014e-02,1.448175925529433083e+00,1.872207050218492874e-01,2.334426726026029186e+00,1.516601924618560986e-03,1.356434575974285251e-04,1.315740925012405353e-03,2.653416211728214518e-04,8.346873823711717932e-01,7.357881333377994841e-04,1.172839837829554388e-03,1.907499046830385273e-03,6.463713993173921630e-04,7.408730619483261393e-01,7.206860745229441978e-01
2.599249999999884457e-08,-2.946748665019360836e-01,1.556928532968466783e-01,1.080442495786648749e-03,1.410589934616178542e+00,-9.152129193039160171e-02,2.384513739545364608e+00,1.349377403689327320e-03,7.052391222183592139e-04,5.957160775015698725e-04,-9.192541616758681056e-04,8.303968000891471801e-01,-3.725675154521379540e-03,1.410472709711861006e+00,-1.536984488944685978e-01,2.322632726268634595e+00,1.371154803275661345e-03,5.884608212796127447e-04,7.070150488938335004e-04,-4.634423783753357823e-04,8.309516503215729211e-01,7.529227770705215761e-02,1.448081133948241561e+00,1.088854994140060484e-01,2.366135599127512812e+00,1.487262713411564028e-03,1.245591567571848780e-03,1.829795048826306822e-04,1.257133360052151410e-03,8.339450446208305223e-01,-7.559525614521533932e-02,1.447505962791304945e+00,1.894630599218620759e-01,2.335693671515160386e+00,1.512843002128764222e-03,1.954215873180861849e-04,1.252171965727825456e-03,2.943491063211242783e-04,8.345919706974971319e-01,6.522955037990923978e-04,1.263368238708851687e-03,1.910404196914809423e-03,6.471878876949169451e-04,7.391013930680438992e-01,7.224006433234062552e-01
2.599749999999884363e-08,-3.272646451060498007e-01,1.577306658514552318e-01,-3.043816793916520602e-02,1.409701855071233023e+00,-6.746827653621867427e-02,2.384135295811812050e+00,1.375263244119885814e-03,5.161490589939652382e-04,8.805177451440640048e-04,-6.987757583673903736e-04,8.310837004806236328e-01,2.776667355607731480e-02,1.409515342478248723e+00,-1.494886255761089799e-01,2.325473029965387628e+00,1.397867900013601309e-03,8.611158721717214254e-04,5.105083677772221003e-04,-6.460236790847045029e-04,8.316659956419643063e-01,5.985431135655394641e-02,1.447468370913878255e+00,1.062343206595408596e-01,2.367059387592663100e+00,1.485571880850687296e-03,1.171471791855208241e-03,2.630926090314322004e-04,1.204780318792360045e-03,8.338986927616135469e-01,-6.018205490388539580e-02,1.446843803165731579e+00,1.904718173626438471e-01,2.337118639473348303e+00,1.511178007456236974e-03,2.775150499353760264e-04,1.173848051045629868e-03,3.391667310196914064e-04,8.345461619086524951e-01,5.802337962107943304e-04,1.339736744231087356e-03,1.912451559512741168e-03,6.478098033006351618e-04,7.372274320543894532e-01,7.242282080853517101e-01
2.600249999999884268e-08,-3.497343109775276071e-01,1.589686372045320262e-01,-6.084584137801440917e-02,1.410553743690338813e+00,-3.346774988188983002e-02,2.381398382866055652e+00,1.410556112455037562e-03,3.388189294072001343e-04,1.149429200219693244e-03,-4.364316621843102972e-04,8.320173647853750243e-01,5.826875538516906872e-02,1.410318564899985416e+00,-1.444403517768173550e-01,2.327226056037060786e+00,1.434839663364520903e-03,1.125515464670437003e-03,3.317460217140316193e-04,-8.780299521629956984e-04,8.326430113229482677e-01,4.395897968196238459e-02,1.446897429981980565e+00,9.975546999583162489e-02,2.367757752751567413e+00,1.486275640691229680e-03,1.081678506375139282e-03,3.652074549877323741e-04,1.120921967923302256e-03,8.339105836916040904e-01,-4.429831574408593653e-02,1.446237312096098515e+00,1.900298122439760817e-01,2.338651729932780476e+00,1.512020912897282928e-03,3.807528127762706467e-04,1.080402070130293771e-03,4.043589456620901457e-04,8.345619773165656730e-01,5.186554393819541335e-04,1.402547763139108412e-03,1.913330391551453348e-03,6.481284355182031923e-04,7.353049843748764580e-01,7.261216166832415997e-01
2.600749999999884173e-08,-3.585148948410706859e-01,1.592965709118208117e-01,-8.958193753254661829e-02,1.412946877311532123e+00,7.982395605151459961e-03,2.376561741859295029e+00,1.450564018723526959e-03,1.993808693221537645e-04,1.375171885248187807e-03,-1.658896228277398322e-04,8.330575279556290402e-01,8.721826992456627181e-02,1.412701229585188845e+00,-1.393506005379099300e-01,2.327245201172271294e+00,1.477115608499738643e-03,1.352466241764663495e-03,1.935964453371381865e-04,-1.109861670229283278e-03,8.337364663723458857e-01,2.793372926259385380e-02,1.446395005119263999e+00,8.853565323600465220e-02,2.368079678666788368e+00,1.489143422283834050e-03,9.778835638323617966e-04,4.846158464549113519e-04,1.002001122569664247e-03,8.339763455594144670e-01,-2.827532785904374180e-02,1.445714711837743582e+00,1.879749588270276384e-01,2.340236587464674223e+00,1.515134397384161179e-03,5.006447950406337638e-04,9.740864647781275355e-04,4.919717281850851569e-04,8.346344601623169046e-01,4.661686637961109459e-04,1.453425167743152644e-03,1.912968168143722603e-03,6.480977397531529792e-04,7.333795094387387525e-01,7.280406805770069933e-01
2.601249999999884078e-08,-3.418304113648721332e-01,1.585855570332181941e-01,-1.148984779223756192e-01,1.416423986134043522e+00,5.214327395249052088e-02,2.370332842053533007e+00,1.488880053053358949e-03,1.093833848102461199e-04,1.530644508623777485e-03,7.032370975054710936e-05,8.340243643771816373e-01,1.128942894637905425e-01,1.416209199419565357e+00,-1.345351761880624331e-01,2.325115509198729669e+00,1.517807425971450528e-03,1.515189129133056581e-03,1.053342575379364839e-04,-1.296480768416093804e-03,8.347587830151522725e-01,1.200324552330767069e-02,1.445974946112546178e+00,7.191410220446714519e-02,2.367916457306637135e+00,1.493660587852814340e-03,8.643594416128335236e-04,6.147659927458501254e-04,8.458311401250128434e-04,8.340843865261035051e-01,-1.234119392415777838e-02,1.445290209306065554e+00,1.841284126984135128e-01,2.341801272174598214e+00,1.519994257353295564e-03,6.310924041722979329e-04,8.592493098379900890e-04,5.993196197869994591e-04,8.347513160468088556e-01,4.214155932264232419e-04,1.494216167072278138e-03,1.911527361639987158e-03,6.477545776086313404e-04,7.314871772869753208e-01,7.299523795231082079e-01
2.601749999999883984e-08,-2.886358266958046759e-01,1.565941076439423263e-01,-1.336522128662187558e-01,1.420259116702655255e+00,9.386633329244409296e-02,2.363816645427058383e+00,1.515337706790496636e-03,6.240041590678802573e-05,1.595915606336386966e-03,2.337292280851945958e-04,8.346623603677575387e-01,1.322035188260077820e-01,1.420113957312687525e+00,-1.303951698383674085e-01,2.321265351484836259e+00,1.546393793818319528e-03,1.595163509926853266e-03,5.934873519810382063e-05,-1.417133025111888588e-03,8.354458189318967332e-01,-3.642397185164236717e-03,1.445651085229874955e+00,4.967355575886278629e-02,2.367239915945722473e+00,1.499421797497142239e-03,7.468635562481898242e-04,7.489029732330648509e-04,6.507097217743614903e-04,8.342251933381633622e-01,3.313508833218126171e-03,1.444974466301260918e+00,1.781746273943367598e-01,2.343239962388762088e+00,1.526166418998623148e-03,7.656790518917534934e-04,7.413893896388115169e-04,7.186094115339342536e-04,8.349022337336639010e-01,3.834775118451118282e-04,1.526603001053697352e-03,1.909409928786400586e-03,6.472208870978736744e-04,7.296552386362997744e-01,7.318301493226340160e-01
2.602249999999883889e-08,-2.015046407665077588e-01,1.528822604178445843e-01,-1.424693766536924144e-01,1.423635691020253224e+00,1.292248957174533253e-01,2.358463629072772072e+00,1.519697146055067321e-03,4.253378704452518170e-05,1.572098752811804502e-03,3.170214615943701617e-04,8.347297868826762945e-01,1.417802771478442470e-01,1.423576029300813506e+00,-1.273909703451883146e-01,2.317189474755918965e+00,1.552005215807877609e-03,1.591615885601788734e-03,3.965093547233757487e-05,-1.474888432119097386e-03,8.355421892170160625e-01,-1.879084196708546983e-02,1.445446127946837578e+00,2.207879104366705647e-02,2.366096930898485162e+00,1.506167579306936502e-03,6.315745029395306064e-04,8.805490078267670141e-04,4.148108697417554440e-04,8.343919645926547446e-01,1.847889550666459435e-02,1.444784340562801805e+00,1.695695455886494507e-01,2.344390087061146488e+00,1.533361611930792942e-03,8.981362794480764493e-04,6.263594869179383131e-04,8.386689663329588429e-04,8.350798133022672154e-01,3.519150689283865522e-04,1.552284931817074368e-03,1.907242877893822273e-03,6.466832191197680133e-04,7.279023322774862415e-01,7.336529759021084285e-01
2.602749999999883794e-08,-9.656069662008448518e-02,1.468225094106672124e-01,-1.394893559380243619e-01,1.425865904771031367e+00,1.564274497898372474e-01,2.355467784442601520e+00,1.497653043854536587e-03,3.833335426674012336e-05,1.480903714905664392e-03,3.444396128854481081e-04,8.341269746970383370e-01,1.396712116229636980e-01,1.425882174792682200e+00,-1.253925541556557555e-01,2.314530659623594389e+00,1.529731121002943011e-03,1.521285476938505441e-03,3.479918316498238455e-05,-1.482726529374969173e-03,8.349369474985733897e-01,-3.318776306645920826e-02,1.445396456101892602e+00,-1.012581884558283463e-02,2.364561235462243172e+00,1.513616021274115679e-03,5.242812296352021605e-04,1.003677935114450845e-03,1.413313933695303283e-04,8.345766418248088403e-01,3.290451501239788357e-02,1.444749706458008598e+00,1.576573465440449517e-01,2.345017101437851359e+00,1.541279505862637803e-03,1.022573633235278161e-03,5.196507596899820102e-04,9.472722485753550491e-04,8.352756453780960655e-01,3.264898160557887100e-04,1.573238867664054561e-03,1.905808735471091302e-03,6.463649891604275784e-04,7.262377357802598521e-01,7.354047386755557802e-01
2.603249999999883699e-08,7.965228534986712461e-03,1.378570934261786896e-01,-1.251707271705602142e-01,1.426569062709464042e+00,1.753677257036603265e-01,2.355273613077871531e+00,1.453303905909329296e-03,4.799133176547255191e-05,1.350261633071999290e-03,3.446836164998380299e-04,8.329451448295055460e-01,1.261774314388768303e-01,1.426635286606777964e+00,-1.236320135778607998e-01,2.314085081137904787e+00,1.483537031519310215e-03,1.408085552207576649e-03,4.248169962194772525e-05,-1.450626171256522634e-03,8.337196080592248482e-01,-4.656406091935560987e-02,1.445551505077350640e+00,-4.546362272961479434e-02,2.362667077958039208e+00,1.521343695036684544e-03,4.295535275510432133e-04,1.113283215601008468e-03,-1.458989349670034410e-04,8.347675879646158092e-01,4.632406683765588618e-02,1.444915008178203841e+00,1.422556072381624404e-01,2.344829790032292749e+00,1.549485895791723319e-03,1.134004844300147462e-03,4.255785123206291950e-04,1.033240757852410541e-03,8.354778198567096581e-01,3.068722260786737113e-04,1.591423721057551137e-03,1.905828236391010535e-03,6.464710605640559653e-04,7.246603485934330902e-01,7.370735666807546327e-01
2.603749999999883604e-08,1.007924530134554075e-01,1.260845751961539030e-01,-1.018061302255874878e-01,1.425774766629268830e+00,1.867377717036315943e-01,2.357652632850655294e+00,1.396939405451078347e-03,8.056902685955104901e-05,1.201614944947559591e-03,3.385493039028598006e-04,8.314251986514282766e-01,1.034786285637721015e-01,1.425856415907381658e+00,-1.210892075925507072e-01,2.315778870079067353e+00,1.424144696790225146e-03,1.272235080673082613e-03,7.072669070002941122e-05,-1.384058595663922994e-03,8.321394501449855818e-01,-5.872396811121793903e-02,1.445959476780316111e+00,-8.122082994960155844e-02,2.360377121794475119e+00,1.528813097323707213e-03,3.497577733106088725e-04,1.206470778747624397e-03,-3.904570396798738401e-04,8.349509405736682544e-01,5.853933699833047122e-02,1.445329173739394069e+00,1.246010953521543563e-01,2.343590054403217771e+00,1.557439061829068430e-03,1.229334741962378151e-03,3.463522104730319272e-04,1.088699663566718547e-03,8.356722129078016925e-01,2.925838282420611036e-04,1.608041580715318221e-03,1.907659195152236736e-03,6.471087158796957721e-04,7.231600605748247368e-01,7.386506642124994748e-01
2.604249999999883510e-08,1.783912327842909207e-01,1.127705328837902421e-01,-7.252477370231980025e-02,1.423919265402156853e+00,1.915493688339813261e-01,2.361943666724585444e+00,1.341480803051049850e-03,1.584283627341352447e-04,1.042855309722912115e-03,3.424518264929463118e-04,8.298922796074217345e-01,7.469007459190502018e-02,1.423980521950444222e+00,-1.166227980152756416e-01,2.319024180011298064e+00,1.365233819083858016e-03,1.122123730334174041e-03,1.419928670128613993e-04,-1.285617145048544539e-03,8.305371817332747320e-01,-6.969095272973646615e-02,1.446623881832966640e+00,-1.136182962374165939e-01,2.357697668296610427e+00,1.535486013418635096e-03,2.842273993769472182e-04,1.283515893444834438e-03,-5.341354015160433219e-04,8.351135888459914058e-01,6.956142958802069565e-02,1.446007312319368854e+00,1.074363730318363963e-01,2.341404305838459710e+00,1.564600202030331892e-03,1.308378144365177163e-03,2.813193230381169077e-04,1.111421284765646200e-03,8.358454461587716544e-01,2.831791386203257694e-04,1.623014689297953015e-03,1.911104158910159178e-03,6.482262941869485753e-04,7.217240052719606780e-01,7.401284307870490409e-01
2.604749999999883415e-08,2.409419605668254860e-01,9.997727534225209212e-02,-4.043075935097073526e-02,1.421717339281481030e+00,1.909008852906262099e-01,2.367286737128514673e+00,1.299050248253753870e-03,3.062046620430063245e-04,8.695588185870869883e-04,3.746734645412104123e-04,8.286862978336935193e-01,4.296960449095466039e-02,1.421743450806415066e+00,-1.086993185194327083e-01,2.322948059617536920e+00,1.320061541126731075e-03,9.519419996234884619e-04,2.873666071654043790e-04,-1.152191993711946822e-03,8.292762640576325506e-01,-7.975532399655427263e-02,1.447465986570830587e+00,-1.394329129911220377e-01,2.354845210800757815e+00,1.540963906648595838e-03,2.299993923217466410e-04,1.347301962573672430e-03,-5.709092271267008885e-04,8.352460815572424480e-01,7.966972433853491964e-02,1.446884605329429752e+00,9.335934337916951264e-02,2.338918741845529503e+00,1.570540077850424718e-03,1.373574768943445828e-03,2.275671441994317175e-04,1.106409321242662284e-03,8.359874153721141843e-01,2.785176886122614406e-04,1.634950374815971694e-03,1.915450580805122495e-03,6.496146799749757039e-04,7.203463083442167569e-01,7.414984859920634719e-01
2.605249999999883320e-08,2.893887882080534713e-01,8.944110043140396371e-02,-7.885234432409404803e-03,1.419923227927367249e+00,1.859003625714206187e-01,2.372853998892723304e+00,1.276752160196601349e-03,5.186614692293758542e-04,6.798979325123312954e-04,4.553408206354712939e-04,8.280390472452932027e-01,1.068768282668486336e-02,1.419939680125080761e+00,-9.511575619594703213e-02,2.326506004369039537e+00,1.296840295245349061e-03,7.551568938328390070e-04,5.101530421562397140e-04,-9.751454443293395592e-04,8.286101432949974921e-01,-8.924845909570766622e-02,1.448365798975122853e+00,-1.575933416909673923e-01,2.352139764405192235e+00,1.545108774962605487e-03,1.843707232114976042e-04,1.400574394988335358e-03,-5.392742466610881075e-04,8.353451715399227151e-01,8.920072652283184134e-02,1.447839916110066127e+00,8.340468086909780254e-02,2.336905943274381947e+00,1.575051566703982190e-03,1.427667855775670248e-03,1.823372048899573759e-04,1.085433691879024790e-03,8.360939075996822734e-01,2.790481674902128362e-04,1.641404983547803268e-03,1.919771945009797649e-03,6.510022045940341232e-04,7.190346112117282917e-01,7.427505290370342017e-01
2.605749999999883225e-08,3.252537202737557642e-01,8.190805897564423788e-02,2.388315393863993386e-02,1.419064714794725290e+00,1.778015402430783709e-01,2.377943950295382081e+00,1.274551097694320368e-03,7.599565725464553414e-04,4.882756398100413561e-04,5.959544490067330462e-04,8.279741872957843141e-01,-2.099716310868893210e-02,1.419106732108001090e+00,-7.361640966181548507e-02,2.328655225232042270e+00,1.295372676033228893e-03,5.447876746419420563e-04,7.698181754942143426e-04,-7.515642094592994357e-04,8.285589892288852676e-01,-9.827945285583084001e-02,1.449226584499240467e+00,-1.690556333189641158e-01,2.349797497691521464e+00,1.547935158023719827e-03,1.462528433328126902e-04,1.443945461483563683e-03,-4.796088022057892297e-04,8.354112440916652282e-01,9.826924613198140257e-02,1.448766069916362031e+00,7.733467054941911556e-02,2.335744713989621246e+00,1.578119639904268035e-03,1.471643328701236278e-03,1.445253679467683528e-04,1.062818182819763330e-03,8.361651046220119898e-01,2.861123222931984101e-04,1.639166881608122286e-03,1.923279796392499434e-03,6.521715983189842018e-04,7.178095338200951581e-01,7.438719147948922306e-01
2.606249999999883130e-08,3.506044903009752911e-01,7.733958501857740586e-02,5.445768469030043413e-02,1.419412485849895322e+00,1.680709791825427679e-01,2.381861430064577512e+00,1.288467455646169187e-03,9.962480103831231060e-04,3.181844090659477833e-04,7.844707326937225365e-04,8.283761797074437050e-01,-5.168210238278914126e-02,1.419486417915517773e+00,-4.367090833940956429e-02,2.328746702433464932e+00,1.310798066295482079e-03,3.509392040535819560e-04,1.022266959457581934e-03,-4.977578580481394153e-04,8.289913907827389794e-01,-1.067040412069359956e-01,1.449990862742244424e+00,-1.756944879107407154e-01,2.347910612480090364e+00,1.549335422254414802e-03,1.154458844604384584e-04,1.476690783680648274e-03,-4.167471092376408238e-04,8.354413704546027608e-01,1.067280768984062433e-01,1.449599514680870449e+00,7.444983311980779561e-02,2.335412744530904305e+00,1.579662906730158094e-03,1.505099052949006701e-03,1.139674609629836872e-04,1.049849759393192911e-03,8.361985772133470052e-01,3.021645970834375451e-04,1.624450484050370038e-03,1.925416189749418324e-03,6.529755068302021308e-04,7.167016315134064897e-01,7.448465204133367656e-01
2.606749999999883036e-08,3.645069319226268423e-01,7.535001112447847760e-02,8.346302765313784455e-02,1.421037180465578142e+00,1.581049981155895345e-01,2.383839135474253190e+00,1.314080566223557863e-03,1.203145293767026412e-03,1.877675896290375234e-04,9.855067864265236541e-04,8.291079670202737839e-01,-8.095353111834890925e-02,1.421148237364669553e+00,-7.666822320656407896e-03,2.326791075097349726e+00,1.338454779613695422e-03,2.007128096044270631e-04,1.237183595476744509e-03,-2.468382760637594553e-04,8.297652083306850113e-01,-1.142165799103940227e-01,1.450634890092265650e+00,-1.794183541611977795e-01,2.346494591119197004e+00,1.548985942526883266e-03,9.169999889601977716e-05,1.498154177351637955e-03,-3.620970393162082474e-04,8.354269891422847483e-01,1.142684830728151191e-01,1.450315585924586870e+00,7.403782223961163922e-02,2.335703703491983418e+00,1.579377845282982796e-03,1.527495254058480875e-03,9.041591179092254345e-05,1.051956868304030181e-03,8.361860549279924726e-01,3.306540496225013077e-04,1.593326803556664511e-03,1.925838636549800312e-03,6.533108413146740054e-04,7.157499985118085384e-01,7.456523276916293685e-01
2.607249999999882941e-08,3.581044393282629690e-01,7.546826412301488318e-02,1.097215962387474431e-01,1.423650101471215734e+00,1.489327181779249720e-01,2.383350417757606365e+00,1.346375130060692166e-03,1.359666510475170641e-03,1.030601067249895832e-04,1.159961057103594140e-03,8.300217307622876906e-01,-1.076260085366786967e-01,1.423804273394954745e+00,3.007208311287712377e-02,2.323299365094169566e+00,1.372920216170493962e-03,1.050480524220165444e-04,1.390918724813358090e-03,-3.230478722474736564e-05,8.307220360022716799e-01,-1.204242888687947488e-01,1.451155517936968398e+00,-1.817498694545505167e-01,2.345531612367611096e+00,1.546451500649649027e-03,7.438392542732076237e-05,1.508143748867207595e-03,-3.191710302797537858e-04,8.353569489217522737e-01,1.204962886532408017e-01,1.450913436123487443e+00,7.550523422921395778e-02,2.336395690239283063e+00,1.576827155446520719e-03,1.538630852026804828e-03,7.322942137566642847e-05,1.069439717674117120e-03,8.361162744087612397e-01,3.753765888437195718e-04,1.542719712618882211e-03,1.924582977247744084e-03,6.531661540584674268e-04,7.150009248387436678e-01,7.462594034699048251e-01
2.607749999999882846e-08,3.187676150559510813e-01,7.723833454340800486e-02,1.307515758844066678e-01,1.426496666925401335e+00,1.412793670367036292e-01,2.380683383856035285e+00,1.378422593723015871e-03,1.448704448894341714e-03,5.701842458722312945e-05,1.284423238554736977e-03,8.309276210358305104e-01,-1.292398535597061304e-01,1.426676957911311439e+00,6.529710838661095806e-02,2.319102947357757571e+00,1.406277198921142193e-03,5.549173201720412364e-05,1.469520581401071368e-03,1.246590564699178805e-04,8.316516335055722520e-01,-1.248873777874568436e-01,1.451554228107274636e+00,-1.837164840739351490e-01,2.345000300000643634e+00,1.541318842776583618e-03,6.266569059162782574e-05,1.506826625003375615e-03,-2.876952993684941083e-04,8.352208448617995940e-01,1.249723439569463412e-01,1.451397418254134042e+00,7.837149745069416085e-02,2.337328221406234086e+00,1.571578721089576412e-03,1.538611196917246239e-03,6.156379474649334015e-05,1.099417054781759310e-03,8.359783912648629522e-01,4.393033275586570021e-04,1.471614387168878766e-03,1.922233996497870303e-03,6.526845534328492996e-04,7.145038297711965303e-01,7.466307637027218558e-01
2.608249999999882751e-08,2.431738429396619328e-01,8.023873008245807625e-02,1.432980708374276269e-01,1.428603799074432024e+00,1.355371273238210605e-01,2.377082005726214309e+00,1.402236929961451876e-03,1.464392824694491207e-03,3.581787535301346909e-05,1.355501276357580324e-03,8.316166800983713081e-01,-1.425326135889699586e-01,1.428767760921072938e+00,9.519521179090073559e-02,2.315230195338201735e+00,1.429872460918450109e-03,3.404887523069061937e-05,1.475215425669902094e-03,2.206065523053169950e-04,8.323319177541710356e-01,-1.271606876015112242e-01,1.451825603659831154e+00,-1.858843107071952439e-01,2.344889349736524409e+00,1.533286020684991721e-03,5.580238283975090709e-05,1.494624085638813918e-03,-2.660596817077861631e-04,8.350109613157805644e-01,1.272528237888488345e-01,1.451763809949425887e+00,8.222556788412616058e-02,2.338417080805093917e+00,1.563303417029828900e-03,1.527766049744838737e-03,5.466805096102898164e-05,1.137322614642285491e-03,8.357640934495883522e-01,5.231995848716601257e-04,1.381801655381580162e-03,1.919828922522420593e-03,6.521504192898131512e-04,7.143040350455691634e-01,7.467274722000978304e-01
2.608749999999882657e-08,1.431403369754109534e-01,8.407019071103372099e-02,1.448371026864621047e-01,1.429182449594452731e+00,1.314947940861381781e-01,2.374056385172303774e+00,1.411778499445122880e-03,1.417089500568998427e-03,2.843864775213124471e-05,1.380973686865631395e-03,8.319302546657212361e-01,-1.448989462845631238e-01,1.429290215451063162e+00,1.186727017427706699e-01,2.312578482762580379e+00,1.437890948821822154e-03,2.718290068500926662e-05,1.424922655488442512e-03,2.678942252472476864e-04,8.326089819019483196e-01,-1.268543053499984197e-01,1.451954410368598625e+00,-1.884447654855834209e-01,2.345199632104432830e+00,1.522242421957853897e-03,5.340058569973461967e-05,1.472209912162261670e-03,-2.524187109154896929e-04,8.347241024002967080e-01,1.269492979247488496e-01,1.451996468084670866e+00,8.668287207162306274e-02,2.339640368292126738e+00,1.551862644052565826e-03,1.506655766655677934e-03,5.213483349459149401e-05,1.177782224342826482e-03,8.354695673888212770e-01,6.247423311601084123e-04,1.277779433852718012e-03,1.918489573751319243e-03,6.518909055678833971e-04,7.144342326302512980e-01,7.465170895617365687e-01
2.609249999999882562e-08,3.733688369936616347e-02,8.833706450839917679e-02,1.348450901257491896e-01,1.427869647227867134e+00,1.284047030813568746e-01,2.372586705131477736e+00,1.405428785939862903e-03,1.328376426110615795e-03,3.086389071835702165e-05,1.369903449971320844e-03,8.318188648751321246e-01,-1.356945805984597353e-01,1.427907977681681206e+00,1.358780784176945033e-01,2.311603776974857194e+00,1.429435011264981303e-03,3.033116982839150757e-05,1.340659892715607504e-03,2.849462463109704862e-04,8.324473901282793964e-01,-1.237059981313501922e-01,1.451920096279511796e+00,-1.913104152841076377e-01,2.345936457372900463e+00,1.508361564546647658e-03,5.562648299618745077e-05,1.440505015302378415e-03,-2.452323944115722626e-04,8.343638726319765331e-01,1.238003858503806676e-01,1.452071054092548996e+00,9.135513422380014958e-02,2.341012632427720952e+00,1.537410392714540263e-03,1.476093029951235222e-03,5.410617919723585321e-05,1.215190849704886854e-03,8.350980031788088898e-01,7.387637310055265383e-04,1.165773771124185712e-03,1.918983982856463074e-03,6.521432654956400062e-04,7.149075608097810175e-01,7.459824194128719110e-01
2.609749999999882467e-08,-5.992834519330458853e-02,9.263515861539062257e-02,1.148804923781161502e-01,1.424805043424931750e+00,1.253247015244949303e-01,2.372930742187061348e+00,1.386649130035611617e-03,1.220341679052970542e-03,4.707353011705537043e-05,1.329374743603068581e-03,8.313639169123588912e-01,-1.163807036495234648e-01,1.424779535641312433e+00,1.475449939823323398e-01,2.312298018478677442e+00,1.408616001046972526e-03,4.794454709362893833e-05,1.240304386937018900e-03,2.884251351124674152e-04,8.319416766448343159e-01,-1.176417550609314411e-01,1.451705363783154068e+00,-1.942123713561012543e-01,2.347098156581397532e+00,1.492168466512092074e-03,6.343590187360715889e-05,1.400520599316196647e-03,-2.434342630634296557e-04,8.339424507004100651e-01,1.177323800927376762e-01,1.451964417899152870e+00,9.583545042077146192e-02,2.342558745299897716e+00,1.520472183996558367e-03,1.437034459730265369e-03,6.149979902274801936e-05,1.244229277841053674e-03,8.346616112463607351e-01,8.585062432112548292e-04,1.052279701271066755e-03,1.921454564067514659e-03,6.529620123901870620e-04,7.157148645640187823e-01,7.451270290935150253e-01
2.610249999999882372e-08,-1.426816892811431092e-01,9.654923472276211172e-02,8.774910118168621764e-02,1.420589598766315964e+00,1.212623422122458550e-01,2.374805654697579094e+00,1.363118978425118455e-03,1.105684552717017344e-03,9.347035176667854131e-05,1.263761230552568971e-03,8.307626291016775300e-01,-8.973716686129074027e-02,1.420518083981480384e+00,1.545395241231819483e-01,2.314341831064222976e+00,1.383756155117458900e-03,9.739589374859958172e-05,1.130546412850957048e-03,2.928729287690840584e-04,8.313028857548931949e-01,-1.088029272147046367e-01,1.451305382774377151e+00,-1.967921625475330671e-01,2.348665894367300222e+00,1.474553221831041575e-03,7.883029978671814381e-05,1.352979437219224181e-03,-2.466796455876642475e-04,8.334812998176843735e-01,1.088868540580050226e-01,1.451665455110522807e+00,9.969429088739056866e-02,2.344293148536805482e+00,1.501966787261456741e-03,1.390246493327268722e-03,7.628285624990935364e-05,1.260313325579159004e-03,8.341825221797932732e-01,9.771499734058267193e-04,9.428087224694892392e-04,1.925428774348742975e-03,6.542119804416111732e-04,7.168269160925957451e-01,7.439757202790087121e-01
2.610749999999882277e-08,-2.104180188578730348e-01,9.965464510181565316e-02,5.659888813428204379e-02,1.416133974863361455e+00,1.149069008081853305e-01,2.377576631653464112e+00,1.345142144084210617e-03,9.813142279462795312e-04,2.039570819559452573e-04,1.171313371707850045e-03,8.302912506222155375e-01,-5.893548432147888150e-02,1.416045672325349170e+00,1.576094799608394048e-01,2.317265194359851677e+00,1.365694768560933190e-03,2.109319386384648359e-04,1.002720867319850618e-03,3.156417128383428466e-04,8.308205975772279261e-01,-9.753179186731375516e-02,1.450734557328332563e+00,-1.986825167430574801e-01,2.350598456740045528e+00,1.456721852202037034e-03,1.050342593538275150e-04,1.297834877071175116e-03,-2.555623083284725393e-04,8.330105087796924046e-01,9.760702455448488912e-02,1.451183606230098011e+00,1.024760111832674347e-01,2.346206614791657152e+00,1.483161409531075703e-03,1.335815120062727518e-03,1.017066926173696719e-04,1.259767364719005826e-03,8.336921925517690735e-01,1.088942562969989931e-03,8.412414378258960398e-04,1.930033882202302148e-03,6.556307110007089742e-04,7.182001806595901261e-01,7.425705210227293573e-01
2.611249999999882183e-08,-2.640845597564140945e-01,1.015119245219704425e-01,2.416959300325727256e-02,1.412452101370314406e+00,1.040893916615144299e-01,2.380354294638876489e+00,1.342344241974273390e-03,8.324603767403934750e-04,4.067329673793658299e-04,1.040484228402413242e-03,8.302151972902300781e-01,-2.673338915744283284e-02,1.412355191274341282e+00,1.573220661975742729e-01,2.320581572850612950e+00,1.363661443934620788e-03,4.085642252960145784e-04,8.422783202294053997e-04,3.809295047304588826e-04,8.307572208520384027e-01,-8.432063001661771473e-02,1.450028148893856894e+00,-1.995632520551722244e-01,2.352831911581280799e+00,1.440092971924603104e-03,1.462184213034324772e-04,1.234001980817086815e-03,-2.719542889222072092e-04,8.325669765363095109e-01,8.438735425823229441e-02,1.450551533011435801e+00,1.036833723395695905e-01,2.348257772997509818e+00,1.465568001859959878e-03,1.272774217299277701e-03,1.421425533624780680e-04,1.239567684266814664e-03,8.332295401455491746e-01,1.189757542944856012e-03,7.497504195189908177e-04,1.934294232019532741e-03,6.569234656646621160e-04,7.197837779536098157e-01,7.409642286209425777e-01
2.611749999999882088e-08,-3.048543115466185727e-01,1.016464854185166189e-01,-7.906103314548884597e-03,1.410306414347275883e+00,8.573545573930196895e-02,2.382060741511932367e+00,1.357717227057114034e-03,6.538671812975711730e-04,6.769289749715532876e-04,8.554544988106564749e-04,8.306213081716210533e-01,5.226072513639934414e-03,1.410159194356583656e+00,1.543288013889374533e-01,2.323844445783577406e+00,1.379733869391369617e-03,6.650662241883298657e-04,6.523090887010827253e-04,5.137243839947836866e-04,8.311841585794250697e-01,-6.973372390046939095e-02,1.449236239408265181e+00,-1.991890750924683040e-01,2.355284013915752261e+00,1.426126323126487372e-03,2.063067030235772191e-04,1.159722029014665637e-03,-2.990891791298048432e-04,8.321906435957846515e-01,6.979490205810434666e-02,1.449819161563973946e+00,1.027477090030886053e-01,2.350366630283968306e+00,1.450764003074773295e-03,1.199291928330897513e-03,2.019643725155832194e-04,1.196812405049202518e-03,8.328369108486783912e-01,1.277295122056817901e-03,6.690980486053418885e-04,1.937456362017559103e-03,6.578695838663531055e-04,7.215256849426627817e-01,7.392136091087877503e-01
2.612249999999881993e-08,-3.345543826447048286e-01,9.952101726848106011e-02,-3.905938873308212322e-02,1.409933907035712419e+00,5.732278773742294220e-02,2.381722189607899942e+00,1.386671804621276635e-03,4.649292744860443471e-04,9.597901168028367958e-04,6.127364354446411835e-04,8.313892006607763729e-01,3.637584144118921614e-02,1.409715598105787837e+00,1.496639142981970316e-01,2.326561568858313223e+00,1.409721756137138210e-03,9.379429283467491775e-04,4.583414384557924198e-04,7.182582265631100088e-04,8.319837219417798302e-01,-5.431523485355271852e-02,1.448411496991541814e+00,-1.973934118904039359e-01,2.357861182010720036e+00,1.415975261126207986e-03,2.870675504868070793e-04,1.073678730472322389e-03,-3.412237175628976462e-04,8.319144197524590556e-01,5.437533662847271465e-02,1.449040139778714931e+00,9.900518389433488053e-02,2.352408859259970342e+00,1.440010779280073445e-03,1.113680714860217818e-03,2.834705680637619046e-04,1.128404931526809200e-03,8.325492896184050196e-01,1.351073793755557320e-03,5.990401348169204420e-04,1.939159361842065186e-03,6.583688663777044914e-04,7.233770834768478153e-01,7.373735726872496787e-01
2.612749999999881898e-08,-3.539002400058324227e-01,9.452865904271456898e-02,-6.902544700761437113e-02,1.411262921016022576e+00,1.914522004380225795e-02,2.378967412235401646e+00,1.423587846475291366e-03,2.961711321048843986e-04,1.218786358291969575e-03,3.323454055552736664e-04,8.323615490199673950e-01,6.646199797650953478e-02,1.411005759585652886e+00,1.444440071816934790e-01,2.328083608284561734e+00,1.448555947961351585e-03,1.194287760151245374e-03,2.893451729286457838e-04,9.612025264508078370e-04,8.330032572660267531e-01,-3.851083061699500654e-02,1.447598133149087030e+00,-1.940752272661692146e-01,2.360465018867396125e+00,1.410087445603625152e-03,3.868820643263775174e-04,9.762292749215392088e-04,-4.023591560305314055e-04,8.317520408216119154e-01,3.857294436057356890e-02,1.448258922863274956e+00,9.172212408956692542e-02,2.354218083872959610e+00,1.433802352433137875e-03,1.015788553090281581e-03,3.852596921591442281e-04,1.031325097441252369e-03,8.323812356947208890e-01,1.412047956808405117e-03,5.386328280001316093e-04,1.939339931191727236e-03,6.584019675904161832e-04,7.252946895265746097e-01,7.354929332693735944e-01
2.613249999999881803e-08,-3.569519998951181661e-01,8.604112747483183554e-02,-9.695463759126909942e-02,1.414061965514166186e+00,-2.522651165543488005e-02,2.374089486741900679e+00,1.463816637589800129e-03,1.703127199003628652e-04,1.427220180992081660e-03,5.366180874519523004e-05,8.333986728554145795e-01,9.464013109995672579e-02,1.413807685336688547e+00,1.393411097923387132e-01,2.327687608242358763e+00,1.491127489511313506e-03,1.405492236435454271e-03,1.650598443460051749e-04,1.189165676186345255e-03,8.340950069845723958e-01,-2.263769018151395862e-02,1.446829948839266411e+00,-1.891590332004398078e-01,2.362992612599343456e+00,1.408197143582815046e-03,5.013053424101413229e-04,8.698415218817079830e-04,-4.842208076689826337e-04,8.316975867215198326e-01,2.270166015039487561e-02,1.447508425652854758e+00,8.020471487629921015e-02,2.355609261149266054e+00,1.431842226653262358e-03,9.077748993970820648e-04,5.026451862146655639e-04,9.032749308870441233e-04,8.323261932700338761e-01,1.461813931451272407e-03,4.865604633280814985e-04,1.938092721321598788e-03,6.579975756734881632e-04,7.272415383123536081e-01,7.336121730184923528e-01
2.613749999999881709e-08,-3.307798312316794220e-01,7.351915252553720137e-02,-1.206499090265717999e-01,1.417804098109201050e+00,-7.046485182250750157e-02,2.367832202180817802e+00,1.499856168216241650e-03,9.379935264148335744e-05,1.558463394487930118e-03,-1.712282502401508608e-04,8.342976878765394622e-01,1.187495556918276574e-01,1.417598790118614449e+00,1.348730241690745402e-01,2.325044660668149632e+00,1.529537253136895644e-03,1.546080012372702929e-03,9.008618320908369135e-05,1.361282607853146190e-03,8.350490486354459341e-01,-6.913790749268455826e-03,1.446136345381114019e+00,-1.825154217260052114e-01,2.365327826831052249e+00,1.409726417713815395e-03,6.246132493107046674e-04,7.586030164005461238e-04,-5.842556956799040873e-04,8.317363719349222251e-01,6.976966407385765123e-03,1.446818092733899608e+00,6.397168908041939162e-02,2.356425873031903429e+00,1.433491973673217202e-03,7.937746770206074564e-04,6.294642963963995464e-04,7.429678002373004461e-04,8.323682715719588066e-01,1.501888774352188542e-03,4.416116082274401580e-04,1.935629926710085965e-03,6.572305468680310781e-04,7.291867427244680400e-01,7.317632990272009419e-01
2.614249999999881614e-08,-2.671504090420930844e-01,5.664356154441518854e-02,-1.367691980478322744e-01,1.421699801004968844e+00,-1.114012191092372817e-01,2.361478049048629568e+00,1.520891709310364260e-03,5.598275487167741446e-05,1.597614941116685689e-03,-3.046655304413718409e-04,8.347925657003311128e-01,1.354921464736504877e-01,1.421579073842321073e+00,1.317883167156788105e-01,2.320943438341943388e+00,1.552533853012475146e-03,1.601898285090563390e-03,5.299469202654812756e-05,1.465395985610378881e-03,8.355888419481243279e-01,8.480995905613797348e-03,1.445549186459035962e+00,-1.738611232597677692e-01,2.367326345085751349e+00,1.414135569080585565e-03,7.508970604212793524e-04,6.474227402292159587e-04,-6.951983956991695645e-04,8.318541774630275887e-01,-8.421413154487078501e-03,1.446222370111772904e+00,4.290249772595711164e-02,2.356586032004670095e+00,1.438168617092725962e-03,6.789740428042860976e-04,7.594081945552181179e-04,5.498394787445080043e-04,8.324923257436581681e-01,1.533615630777047673e-03,4.030381194159182202e-04,1.932316302015001444e-03,6.562200214418846198e-04,7.311047094607872054e-01,7.299708984011354929e-01
2.614749999999881519e-08,-1.730974342255353626e-01,3.541265813232152837e-02,-1.422819160931962923e-01,1.424906513709433220e+00,-1.447393614540199991e-01,2.356610978389800160e+00,1.517763959817866560e-03,4.112148352323202744e-05,1.552573470793751657e-03,-3.568866672330287546e-04,8.346694645603655038e-01,1.418216786356754078e-01,1.424876974947876684e+00,1.303113350549125471e-01,2.317144358298877549e+00,1.550278833944031005e-03,1.577877608099880662e-03,3.807295953697277681e-05,1.510734487156791808e-03,8.354865507055709850e-01,2.335339760557508804e-02,1.445105723754829263e+00,-1.627377010343971087e-01,2.368802674644705952e+00,1.420974232993049528e-03,8.744575255643711369e-04,5.413301701353031127e-04,-8.064746427336985700e-04,8.320384210539422121e-01,-2.329819389690945819e-02,1.445763172431007604e+00,1.729953511364712426e-02,2.356092143038448938e+00,1.445396998133180542e-03,5.687554856664777357e-04,8.864355029154274892e-04,3.248147678081562311e-04,8.326851702059757665e-01,1.558612653846764510e-03,3.705270162355283280e-04,1.928755189613029584e-03,6.551402129446206148e-04,7.329744235810395914e-01,7.282527027889429405e-01
2.615249999999881424e-08,-6.663812962886117575e-02,1.022722394473563057e-02,-1.359931556681270859e-01,1.426783292656732982e+00,-1.694245298377103914e-01,2.354341198512843292e+00,1.488540870687309146e-03,4.049559971023733256e-05,1.448033723658398659e-03,-3.633254095296170952e-04,8.338827916134302631e-01,1.364194370677287438e-01,1.426826691082988763e+00,1.296665273427781706e-01,2.315102007556883557e+00,1.520333718097827960e-03,1.493687099536878142e-03,3.646756324861334685e-05,1.508989331797232778e-03,8.346875143598988522e-01,3.748378536854302112e-02,1.444847451596134924e+00,-1.487717085137698625e-01,2.369531977586454730e+00,1.429754797824466309e-03,9.900774158938790287e-04,4.447910420559803252e-04,-9.066315513718601433e-04,8.322749055921232486e-01,-3.742976309099521615e-02,1.445487247645216966e+00,-1.206034915405629349e-02,2.354991451850573014e+00,1.454664822367269595e-03,4.679645675888591803e-04,1.005023387102574892e-03,7.588935326006691472e-05,8.329320286697572406e-01,1.578964759408365594e-03,3.439134710210182489e-04,1.925760376508020826e-03,6.542161245343446410e-04,7.347790318789626518e-01,7.266186835022703239e-01
2.615749999999881330e-08,3.536278386424140940e-02,-1.792181506367951371e-02,-1.189331372665818343e-01,1.427053690761693527e+00,-1.857213035813005675e-01,2.354958724614191201e+00,1.439402802952469054e-03,5.522875113593699205e-05,1.310683512915635732e-03,-3.527996105942339685e-04,8.325720080919380983e-01,1.201558927433690194e-01,1.427139050502025386e+00,1.286202599862700247e-01,2.315279391847872681e+00,1.468933891926705844e-03,1.372749367036928342e-03,4.864755327490464772e-05,1.466055016829354496e-03,8.333328031807549774e-01,5.066210704687779121e-02,1.444815189088005880e+00,-1.323753339850752830e-01,2.369293704046682159e+00,1.439865174913721553e-03,1.093605147246591537e-03,3.609243948761729813e-04,-9.858862885013656464e-04,8.325460659206596059e-01,-5.060004392550254693e-02,1.445439306246145694e+00,-4.372907979431861492e-02,2.353310438781233582e+00,1.465321991960915867e-03,3.801083814538825734e-04,1.110786873270412254e-03,-1.706410224213276744e-04,8.332145459911145524e-01,1.596609768423024132e-03,3.229448277328901269e-04,1.924075747153189495e-03,6.536577912672653394e-04,7.365052686992161757e-01,7.250700024420697609e-01
2.616249999999881235e-08,1.240369002757801820e-01,-4.717264122967623763e-02,-9.368082235629726640e-02,1.425871994804787546e+00,-1.944765591850745601e-01,2.358119571635034717e+00,1.381686469466892903e-03,9.799250122231554377e-05,1.158557806625975595e-03,-3.436695437840392876e-04,8.310065659274536998e-01,9.552331862611818103e-02,1.425961731339962846e+00,1.259737476038655934e-01,2.317412055886144628e+00,1.407957037522564962e-03,1.232528982238078078e-03,8.628338456459807551e-05,1.385931836469545941e-03,8.317023397164146070e-01,6.277356584188154009e-02,1.445036105510629554e+00,-1.154182689104183979e-01,2.368016331040073919e+00,1.450610998901691144e-03,1.182811453295650557e-03,2.907565282655143191e-04,-1.038770792197595775e-03,8.328326096064497808e-01,-6.268784374707458973e-02,1.445645956640940977e+00,-7.534306996044648486e-02,2.351032441537016737e+00,1.476618274229399026e-03,3.065344635023870955e-04,1.201433884588423142e-03,-3.677291566485295588e-04,8.335123656611517218e-01,1.612461398187572687e-03,3.072844669888834973e-04,1.924026743978040103e-03,6.535667015252014924e-04,7.381421267553898158e-01,7.236006190963419904e-01
2.616749999999881140e-08,1.973492935776797186e-01,-7.485977128360987720e-02,-6.339934832879579041e-02,1.423778881771557980e+00,-1.968031123417177675e-01,2.363082870755944143e+00,1.328433105743242679e-03,1.939464238806547680e-04,9.956052976955532055e-04,-3.514465216909889067e-04,8.295232080255149354e-01,6.569806360567387316e-02,1.423839314895372521e+00,1.205487443099655387e-01,2.320828236748168294e+00,1.351297054383876961e-03,1.077311777321412166e-03,1.759973186920660391e-04,1.271127317736475519e-03,8.301506262767357480e-01,7.389596365251538401e-02,1.445494600013210285e+00,-1.006182842339886641e-01,2.366015715016604126e+00,1.461299300146166272e-03,1.257901157514269928e-03,2.330121527990042685e-04,-1.066231260445820676e-03,8.331157464568818005e-01,-7.377048884021908393e-02,1.446084712734370781e+00,-1.039464373639527039e-01,2.348208928996635247e+00,1.487804469373773695e-03,2.460893448504722966e-04,1.277394715326753832e-03,-4.765548435771891863e-04,8.338057030079966125e-01,1.626044744421969047e-03,2.967061163058134924e-04,1.925379142903025417e-03,6.538870047306880864e-04,7.396788303902241957e-01,7.222029031158814227e-01
2.617249999999881045e-08,2.558483429162967671e-01,-9.838385980958053167e-02,-3.103371269273891286e-02,1.421539932410222251e+00,-1.938690024735518769e-01,2.368969117648107137e+00,1.290808462110762693e-03,3.623028793203606672e-04,8.164693369092505034e-04,-3.947128016541733529e-04,8.284464387925840612e-01,3.368027071593360233e-02,1.421566373308881026e+00,1.107609483474716328e-01,2.324619590369229272e+00,1.311344911228226866e-03,8.991516076215996800e-04,3.455667839209442221e-04,1.118241339618749859e-03,8.290271839913782026e-01,8.427149347569629079e-02,1.446117499973440079e+00,-8.980446102945238707e-02,2.363949900553133254e+00,1.471314514702304257e-03,1.320706996047404328e-03,1.852697357870392112e-04,-1.075898180709320600e-03,8.333792262620480784e-01,-8.410014097277174194e-02,1.446674391198612852e+00,-1.271750159449114292e-01,2.345092899375457840e+00,1.498250141941839808e-03,1.962147335302066571e-04,1.340948546061653803e-03,-5.000806155410106009e-04,8.340780600677345502e-01,1.635655836988997823e-03,2.913347514576741619e-04,1.927456434138984012e-03,6.544294440459366225e-04,7.411032217724324855e-01,7.208750276874134055e-01
2.617749999999880950e-08,3.005881805801056128e-01,-1.163413362169656295e-01,1.368453289497306713e-03,1.419880136121251413e+00,-1.868780085870271890e-01,2.374982670747905811e+00,1.273945598731586514e-03,5.867767694374621031e-04,6.235219928948823424e-04,-4.924010149262183058e-04,8.279552260094020788e-01,1.497647737945362323e-03,1.419905869223079709e+00,9.441674076434480867e-02,2.327732693406350695e+00,1.294078473577959989e-03,6.957093531011184157e-04,5.845798264493580606e-04,9.200704874245055342e-04,8.285272090369244502e-01,9.409680958857280508e-02,1.446812917168340817e+00,-8.321986736961939357e-02,2.362339157185155969e+00,1.480254022855203265e-03,1.372811752654664761e-03,1.457689104127489368e-04,-1.078986000235355883e-03,8.336134028584302191e-01,-9.388791894667281035e-02,1.447322247099765757e+00,-1.442682150403458152e-01,2.342051719713241997e+00,1.507582217844010775e-03,1.549112495016561058e-04,1.393975962624724495e-03,-4.710266965239869106e-04,8.343201996226050632e-01,1.638633807760980299e-03,2.919128385221110870e-04,1.929406571120048002e-03,6.549488261677628145e-04,7.424014293204068693e-01,7.196256278442991761e-01
2.618249999999880856e-08,3.333227934033324846e-01,-1.288550889976085578e-01,3.286611907990533155e-02,1.419262851305349127e+00,-1.772456909961883653e-01,2.380443483295101803e+00,1.276333310637452981e-03,8.295784230799713166e-04,4.352784430478840133e-04,-6.508195568674361329e-04,8.280240526754619745e-01,-2.997613572530477555e-02,1.419315748579051961e+00,6.964466601521257516e-02,2.329188163489861019e+00,1.297453634831704627e-03,4.863847794372227421e-04,8.473213808357140395e-04,6.789635442617053497e-04,8.286149568107449292e-01,1.033562446430644766e-01,1.447513873192804112e+00,-8.022068952048533319e-02,2.361317386690808817e+00,1.487982450029113474e-03,1.414607360861986794e-03,1.137975070579260508e-04,-1.085691464320068245e-03,8.338163221533673175e-01,-1.031271391466956899e-01,1.447965723882591815e+00,-1.559607827148847825e-01,2.339368714022778128e+00,1.515672771693669062e-03,1.213466920872394465e-04,1.436763630412834754e-03,-4.213580642433153523e-04,8.345300750876722962e-01,1.631508647065722448e-03,3.001019813738000871e-04,1.930404377081405094e-03,6.552025450598191305e-04,7.435576280522018244e-01,7.184741883316283495e-01
2.618749999999880761e-08,3.558555100087069656e-01,-1.370408883488374308e-01,6.313616982407999068e-02,1.419920759713854341e+00,-1.665628512333836575e-01,2.384613804963985118e+00,1.293771071449983934e-03,1.060081205375114095e-03,2.749037577996988669e-04,-8.503590594620816017e-04,8.285264913191848768e-01,-6.040684205794066841e-02,1.420004727779231812e+00,3.677199258959618078e-02,2.328486674815381186e+00,1.316538632382930002e-03,3.024181298669324650e-04,1.093851786911140267e-03,4.176091464716939240e-04,8.291510790284345456e-01,1.118367119361522999e-01,1.448181156059055397e+00,-7.999967862024126575e-02,2.360792996662822496e+00,1.494478503281923337e-03,1.445936226387988313e-03,8.891608458694777103e-05,-1.102299366770499549e-03,8.339887758539015206e-01,-1.116057891813440062e-01,1.448568465957548845e+00,-1.637173849510116241e-01,2.337169270851127578e+00,1.522460872987683230e-03,9.510583172175761954e-05,1.468865497445651699e-03,-3.703886549970023608e-04,8.347076112067600695e-01,1.610192748352380805e-03,3.186440660068567531e-04,1.929707182695124777e-03,6.549572766632891316e-04,7.445521611817074170e-01,7.174500758772321962e-01
2.619249999999880666e-08,3.653823667667630559e-01,-1.423121533995823640e-01,9.164987590151563168e-02,1.421856142308309812e+00,-1.561778019165642739e-01,2.386682244057356961e+00,1.321854872452053221e-03,1.255159590136989889e-03,1.575362301944344275e-04,-1.051447432494701352e-03,8.293268185296061024e-01,-8.922865426737569550e-02,1.421981993287561252e+00,-9.900670498717012435e-04,2.325775111964306419e+00,1.346790764965751386e-03,1.672892615209631056e-04,1.295637155598947446e-03,1.716363093113137798e-04,8.299957080098653295e-01,1.192029935542533448e-01,1.448792108330339889e+00,-8.186489925886553110e-02,2.360619450160315047e+00,1.499707584875999708e-03,1.466843037629375103e-03,7.045483987609817990e-05,-1.130619860742590943e-03,8.341309612213367863e-01,-1.189865489780852492e-01,1.449107636685034839e+00,-1.690553052202745654e-01,2.335460831737143472e+00,1.527867052699852755e-03,7.557394299518577902e-05,1.490150443584490302e-03,-3.266926526047117074e-04,8.348521104315506092e-01,1.570676431915100056e-03,3.511105015665870010e-04,1.926810613806559771e-03,6.540344564019852759e-04,7.453586497179487402e-01,7.165920259565563555e-01
2.619749999999880571e-08,3.509621296075791097e-01,-1.459320873404226226e-01,1.168612291821056193e-01,1.424642661294255763e+00,-1.469453286655264534e-01,2.386208113883876436e+00,1.355060123993649711e-03,1.394272703061337233e-03,8.529627044097257225e-05,-1.216439103759385998e-03,8.302652414608484577e-01,-1.148988402200945558e-01,1.424814768889102190e+00,-3.900152954893476576e-02,2.321672697623811565e+00,1.382065786134064993e-03,8.634886596434015983e-05,1.430270419809820783e-03,-2.731222085543892988e-05,8.309745182141710096e-01,1.250467987642549517e-01,1.449331158880719839e+00,-8.526131716191054366e-02,2.360675721069072530e+00,1.503632482888425399e-03,1.477722307702508545e-03,5.752384671163864618e-05,-1.168983050273746278e-03,8.342428810540238882e-01,-1.248595176462830025e-01,1.449565824907552480e+00,-1.731871014116279639e-01,2.334198882250840601e+00,1.531827295479591027e-03,6.188275955809483453e-05,1.500974313549532663e-03,-2.926780502559327081e-04,8.349630254162274667e-01,1.510305386844169743e-03,4.011009604541166209e-04,1.921772024193872577e-03,6.524195551503386790e-04,7.459425953903515705e-01,7.159463240173453702e-01
2.620249999999880477e-08,3.011735608713508316e-01,-1.488279369051301870e-01,1.359348698111222387e-01,1.427405826437217140e+00,-1.393970611742583188e-01,2.383703288307536639e+00,1.385792813927678785e-03,1.462413697173950379e-03,4.804940495499077807e-05,-1.326607212381269735e-03,8.311367702163545701e-01,-1.346062399164429380e-01,1.427599075759992786e+00,-7.321310893310961632e-02,2.317154808014522338e+00,1.413746567643703322e-03,4.674980878252131143e-05,1.487462047409620442e-03,-1.630558323334961829e-04,8.318618481094330885e-01,1.289217605666417299e-01,1.449781268838725268e+00,-8.972481919020713903e-02,2.360887362920270682e+00,1.506223331517678220e-03,1.479191651090924374e-03,4.925544425647991262e-05,-1.213639546985625711e-03,8.343242339801280050e-01,-1.287770741705496214e-01,1.449924258413819000e+00,-1.769127625233504197e-01,2.333331982876591049e+00,1.534303476797018199e-03,5.315805226112643120e-05,1.501984632611322095e-03,-2.679238779285140560e-04,8.350399011555494910e-01,1.429013941051780583e-03,4.709699366472103773e-04,1.915385922303589105e-03,6.503288197806832626e-04,7.462637144450583460e-01,7.155616704465188604e-01
2.620749999999880382e-08,2.170359918797166721e-01,-1.515663827820414866e-01,1.456332026530939849e-01,1.429162272952371859e+00,-1.337203205866934752e-01,2.380539637724246038e+00,1.406124382336674606e-03,1.458173733428845108e-03,3.180433702737607533e-05,-1.382532504776738105e-03,8.317346579113457095e-01,-1.450882957983670174e-01,1.429328212157937594e+00,-1.013163845686917419e-01,2.313345460538392295e+00,1.433454613035953836e-03,3.051456451373513434e-05,1.474310233481601617e-03,-2.392999229851304639e-04,8.324423115826656838e-01,1.303936089218473704e-01,1.450118374128439358e+00,-9.483272296413503000e-02,2.361224890644712637e+00,1.507423404979077539e-03,1.471970451379191148e-03,4.503556450727111291e-05,-1.259810250762652059e-03,8.343732026876651275e-01,-1.303032634714771376e-01,1.450158905244858465e+00,-1.806424457392359351e-01,2.332824427724141003e+00,1.535248311727110829e-03,4.877764000943436283e-05,1.493961947231664663e-03,-2.510728802235718984e-04,8.350811704792380219e-01,1.329830709774541386e-03,5.605196805228305698e-04,1.908987384745054186e-03,6.481624985808860824e-04,7.462826698917610635e-01,7.154810401175950574e-01
2.621249999999880287e-08,1.135472338539282866e-01,-1.544037921069909558e-01,1.439012116372639927e-01,1.429212500420256937e+00,-1.295580450247224569e-01,2.378099717971938531e+00,1.411001540630032764e-03,1.396093026774717369e-03,2.733168351511488224e-05,-1.393640547513026262e-03,8.319243824779893881e-01,-1.441905744762173036e-01,1.429315022560804893e+00,-1.227626075680259277e-01,2.311087597620498535e+00,1.436574804666228321e-03,2.653796686617347885e-05,1.410650994366899206e-03,-2.732139986824036080e-04,8.325902446739511520e-01,1.291108166207064478e-01,1.450312228870653808e+00,-1.001752985232471360e-01,2.361691382759985913e+00,1.507141803049026401e-03,1.456828441774869363e-03,4.469790541645932521e-05,-1.302496927309761306e-03,8.343862474266652285e-01,-1.290838897824284626e-01,1.450242252781085650e+00,-1.844747436582121480e-01,2.332660676819394929e+00,1.534597410461575277e-03,4.858951418577496365e-05,1.477736670577895189e-03,-2.406933715894488211e-04,8.350839351910003261e-01,1.218372520365661269e-03,6.664248880689625397e-04,1.903963487405287841e-03,6.463621140680016154e-04,7.459704627924732545e-01,7.157328916426599630e-01
2.621749999999880192e-08,9.045233408972563893e-03,-1.573630792673172962e-01,1.308437414350631656e-01,1.427330797056503009e+00,-1.261506096372144725e-01,2.377138101198954523e+00,1.400267188412887684e-03,1.299180568124337978e-03,3.269254433323763484e-05,-1.369544015961410245e-03,8.316934861242964994e-01,-1.318937503424737478e-01,1.427362057146658314e+00,-1.380774118932457384e-01,2.310682353994370164e+00,1.423680505908827935e-03,3.269719966363203169e-05,1.318541946947904102e-03,-2.836618433786848082e-04,8.323074023386597409e-01,1.248781446902968995e-01,1.450333266660027043e+00,-1.053443569625249765e-01,2.362305918257187720e+00,1.505316738478033748e-03,1.434511733649742812e-03,4.871621922518977194e-05,-1.337094191670787574e-03,8.343599695620482759e-01,-1.249203093385693464e-01,1.450149989497937497e+00,-1.882906569272200237e-01,2.332838195418640126e+00,1.532330597971042190e-03,5.312071065287800851e-05,1.454073000598406478e-03,-2.357073052138267989e-04,8.350457751632649472e-01,1.101487478419864875e-03,7.828401679238723232e-04,1.901240579935977717e-03,6.452463216757325275e-04,7.453168093205990719e-01,7.163248360179808039e-01
2.622249999999880097e-08,-8.446210105796891909e-02,-1.603154383313918352e-01,1.084723295034693002e-01,1.423804930037978478e+00,-1.226196163407196060e-01,2.377758963331509712e+00,1.378772575286467666e-03,1.187951369111870216e-03,5.455111446871862928e-05,-1.317882445855712847e-03,8.311605700119133466e-01,-1.101282012680178113e-01,1.423773715506319260e+00,-1.481658554117339932e-01,2.311966128737419801e+00,1.400251914408372298e-03,5.635202233655328691e-05,1.213756711431321269e-03,-2.858002065281752121e-04,8.317253365439361001e-01,1.177077828086205979e-01,1.450162728624824648e+00,-1.099345034724392711e-01,2.363085681512139047e+00,1.502027868253587696e-03,1.405535713974722083e-03,5.846702680581773915e-05,-1.359854941680832888e-03,8.342943377587171971e-01,-1.178209139669004202e-01,1.449869843897616306e+00,-1.918473575739008119e-01,2.333355386399497355e+00,1.528581128005616083e-03,6.384467970243435839e-05,1.423411445375552921e-03,-2.356120458659744909e-04,8.349678973388784398e-01,9.857041905903304174e-04,9.028241210060913109e-04,1.901016987825076459e-03,6.449128246275355079e-04,7.443341388677744419e-01,7.172420611314551664e-01
2.622749999999880003e-08,-1.629732475435619055e-01,-1.630568217196683989e-01,7.977878345482936062e-02,1.419350445461870613e+00,-1.180109537018281252e-01,2.379607119664531645e+00,1.355191934042725707e-03,1.071299900020203063e-03,1.140252102616096710e-04,-1.242796217711519390e-03,8.305515000095097244e-01,-8.187889275158655167e-02,1.419279015291477597e+00,-1.539155289679929872e-01,2.314503219723557770e+00,1.375629823152181574e-03,1.194459673337564237e-04,1.099104699814160884e-03,-2.934668524933884749e-04,8.310845098357648730e-01,1.078308684685482799e-01,1.449802460775040824e+00,-1.135395183547522890e-01,2.364031301725039835e+00,1.497613078979171362e-03,1.369803851703415643e-03,7.656148902851818850e-05,-1.367957003100735971e-03,8.341960692575171032e-01,-1.080129878888693717e-01,1.449409624860553247e+00,-1.948579053836083652e-01,2.334200895447100521e+00,1.523747570986048799e-03,8.348083126134085556e-05,1.385468181141827826e-03,-2.407687518872813953e-04,8.348584220925041599e-01,8.761691125635098299e-04,1.019779323088885028e-03,1.902822636853974481e-03,6.452438858875574187e-04,7.430561921414862159e-01,7.184505780408683151e-01
2.623249999999879908e-08,-2.266945763338736874e-01,-1.653716105684774895e-01,4.789349565715839141e-02,1.414942866364388152e+00,-1.109447432883365892e-01,2.382007198848432594e+00,1.340208840817484499e-03,9.417648513342556866e-04,2.482307697722509871e-04,-1.140842790141088393e-03,8.301556756353665190e-01,-5.030336339689833736e-02,1.414861430899575501e+00,-1.560101597369296655e-01,2.317750497116036534e+00,1.360882235286023844e-03,2.555970984616147152e-04,9.624542109831289282e-04,-3.250716211544662062e-04,8.306853503926570070e-01,9.566769259477281295e-02,1.449280866981489391e+00,-1.157309495441083413e-01,2.365115419662791041e+00,1.492730781784701484e-03,1.326170435610455689e-03,1.070653136478388944e-04,-1.359119185746624240e-03,8.340805221838093475e-01,-9.591278766573951842e-02,1.448801696691409679e+00,-1.970485181975116795e-01,2.335346941789462782e+00,1.518546822144295309e-03,1.161020239778890991e-04,1.338862213425325281e-03,-2.527127230694160712e-04,8.347341184119974056e-01,7.762468071816124244e-04,1.128370099294233927e-03,1.905769195092681676e-03,6.459804029485981995e-04,7.415325893002662205e-01,7.199033667192380470e-01
2.623749999999879813e-08,-2.766373922406083485e-01,-1.670779229194074844e-01,1.532881558917553733e-02,1.411581519027656606e+00,-9.909152036715518364e-02,2.384024363838175731e+00,1.342326173258913749e-03,7.844098993030159707e-04,4.748414637058970202e-04,-9.987971628662181776e-04,8.302093712245973700e-01,-1.792655092554018559e-02,1.411485663900869270e+00,-1.549700433219154405e-01,2.321180377047610488e+00,1.363802574790156340e-03,4.739527281548481900e-04,7.916649116308579082e-04,-4.057483345347792105e-04,8.307550741494061919e-01,8.176377060303141597e-02,1.448651226498204991e+00,-1.160097372721136111e-01,2.366274943434785616e+00,1.488332958807748021e-03,1.272275863597488238e-03,1.550525048206885395e-04,-1.330840751811772143e-03,8.339715552534391341e-01,-8.206148375891020308e-02,1.448100702997640266e+00,-1.981891989653830066e-01,2.336747872196890174e+00,1.513969582526638897e-03,1.664980851610709076e-04,1.281146124352947795e-03,-2.744934206325398154e-04,8.346199384643239183e-01,6.876091275524870688e-04,1.224915748512190629e-03,1.908867945928059695e-03,6.468260396525997566e-04,7.398217282606533995e-01,7.215471555171886209e-01
2.624249999999879718e-08,-3.141208820634314725e-01,-1.680536781641137623e-01,-1.661342632560502963e-02,1.409897736298983739e+00,-7.935034758224857043e-02,2.384583140351351993e+00,1.362125798042297014e-03,6.001921871513925168e-04,7.543892810390608961e-04,-8.027862237246797270e-04,8.307338840832085847e-01,1.393921934249431338e-02,1.409742533978048495e+00,-1.515011712749969597e-01,2.324313352341174088e+00,1.384288384482170722e-03,7.395090821561691938e-04,5.969289323524837798e-04,-5.567736486356945165e-04,8.313022787936092950e-01,6.669948352975518802e-02,1.447979739068665506e+00,-1.137489908828133167e-01,2.367405790783239983e+00,1.485479722829116276e-03,1.205151728978304596e-03,2.248741390909636160e-04,-1.279828136906922429e-03,8.338971124503732346e-01,-6.703558717391078225e-02,1.447372281497035118e+00,-1.981084265886972062e-01,2.338343296613514255e+00,1.511078337610092994e-03,2.383940329613970749e-04,1.209664664422829307e-03,-3.106722552364116056e-04,8.345441985014023789e-01,6.105837547332792830e-04,1.307546245973354023e-03,1.911344623199207017e-03,6.475494270861849701e-04,7.379839475450198361e-01,7.233283119347388990e-01
2.624749999999879623e-08,-3.410600814576608686e-01,-1.682461801917716215e-01,-4.754085957501441584e-02,1.409996899821977623e+00,-4.964502613510690665e-02,2.382900527322078688e+00,1.393914112938049975e-03,4.138602580293009405e-04,1.034076887774215128e-03,-5.557653431535913196e-04,8.315773358926141778e-01,4.490736548342177947e-02,1.409778460141433598e+00,-1.466925064809641022e-01,2.326627422356710717e+00,1.417339651125606222e-03,1.011308580746974424e-03,4.069065429363738213e-04,-7.720715338640868775e-04,8.321819032414269346e-01,5.099156151024053507e-02,1.447326747812447412e+00,-1.081732517677211902e-01,2.368363964717600467e+00,1.484908998072430536e-03,1.122719517883144242e-03,3.176780102918762955e-04,-1.202120651246776657e-03,8.338774442315490809e-01,-5.135046555953670655e-02,1.446676419178022144e+00,-1.967027266576559796e-01,2.340063019280910428e+00,1.510589548266156115e-03,3.323531193564906953e-04,1.123073594355691656e-03,-3.665611369292749960e-04,8.345268301428144797e-01,5.445391743328497226e-04,1.376183078509179199e-03,1.912761745380919549e-03,6.480114467610746274e-04,7.360759536482215371e-01,7.251970951026078804e-01
2.625249999999879529e-08,-3.568791445427588194e-01,-1.676614052286740097e-01,-7.714191935208547513e-02,1.411746141847459057e+00,-1.100200146358210063e-02,2.378929134789348865e+00,1.432416588468554642e-03,2.552430849259093451e-04,1.282159533128952606e-03,-2.839815830982893698e-04,8.325880141663296596e-01,7.466866437950669955e-02,1.411500505204125844e+00,-1.415641010970078995e-01,2.327492257898798211e+00,1.457929615661757855e-03,1.258286472223548629e-03,2.487243524765776824e-04,-1.010479540930306298e-03,8.332427264969847203e-01,3.502743097786598092e-02,1.446733425613339730e+00,-9.843618745003990256e-02,2.368982495883277473e+00,1.486684815864948352e-03,1.025332154825331701e-03,4.303570750882262995e-04,-1.094056395283276965e-03,8.339156479829379354e-01,-3.539565004722855512e-02,1.446055789635945388e+00,-1.939345247758330615e-01,2.341830138360974534e+00,1.512555701059377280e-03,4.452250898155693092e-04,1.022470534079023777e-03,-4.462041193002072581e-04,8.345703995501670969e-01,4.882277124742963976e-04,1.432102194920186746e-03,1.912947604880290515e-03,6.481377099246297350e-04,7.341470032601515872e-01,7.271100643720271872e-01
2.625749999999879434e-08,-3.531450865766545544e-01,-1.663178444701522984e-01,-1.042806026305485023e-01,1.414819740203375531e+00,3.260339114687260675e-02,2.373211265139961945e+00,1.472522094643533442e-03,1.431380709628571021e-04,1.471910877092198885e-03,-2.711111745594817104e-05,8.336148147546166287e-01,1.020965768039880928e-01,1.414585917246446112e+00,-1.365966964916260906e-01,2.326328736592935709e+00,1.500398546516329597e-03,1.452383645799863471e-03,1.383718443960290983e-04,-1.221275000678604273e-03,8.343247752169248299e-01,1.906697490555253616e-02,1.446223432864706560e+00,-8.381223620187272516e-02,2.369112893354465399e+00,1.490379498825667630e-03,9.161573350671195753e-04,5.569880807909353710e-04,-9.531979632071939379e-04,8.340024524455891264e-01,-1.943462961068176398e-02,1.445535705632031487e+00,-1.897851484549009093e-01,2.343560040541777134e+00,1.516546216270768348e-03,5.715002178877629131e-04,9.113215693935462942e-04,-5.496644905184710573e-04,8.346650314348458277e-01,4.402140503759160821e-04,1.477134677247979658e-03,1.911958850352220123e-03,6.479260015642691710e-04,7.322371515485528448e-01,7.290308481910050542e-01
2.626249999999879339e-08,-3.167714386916724578e-01,-1.641572466472962510e-01,-1.263706537343183278e-01,1.418596958077672054e+00,7.598935034299669766e-02,2.366660909807604796e+00,1.505607435630034819e-03,7.889965346480228004e-05,1.578356335449089673e-03,1.718376909705088794e-04,8.344317357360933052e-01,1.246505209307804396e-01,1.418417380383840243e+00,-1.320895431822868282e-01,2.323114218376330697e+00,1.535783199303131490e-03,1.570217097804291412e-03,7.551820154607551475e-05,-1.371890702168608589e-03,8.351950633944072999e-01,3.299814496995123747e-03,1.445813782373168710e+00,-6.391492605401394300e-02,2.368674992090291198e+00,1.495533761013883916e-03,8.003150228529386278e-04,6.908796224418560158e-04,-7.781323027745759829e-04,8.341273795018496751e-01,-3.659322954550070506e-03,1.445131587695910325e+00,-1.841466321189177968e-01,2.345153312815742019e+00,1.522080620179623893e-03,7.049203779071590639e-04,7.945978008009156731e-04,-6.713792772050659191e-04,8.347994600091962480e-01,3.993559833558706909e-04,1.513040140541452392e-03,1.910091032821409048e-03,6.474619799225793870e-04,7.303772837061575096e-01,7.309297456844960905e-01
2.626749999999879244e-08,-2.433022451177746515e-01,-1.609396630777699677e-01,-1.399280648059355592e-01,1.422274607910851252e+00,1.145088722904903378e-01,2.360618988702485321e+00,1.520733428089735559e-03,4.895693930706670810e-05,1.592227468719193979e-03,2.888940960292699740e-04,8.347744367235889751e-01,1.388817850134080878e-01,1.422176914186296992e+00,-1.285503536327103902e-01,2.318917520739457672e+00,1.552634814117060010e-03,1.602393433820664638e-03,4.608883413334523028e-05,-1.456015980985955836e-03,8.355773002973337915e-01,-1.208785115671306976e-02,1.445523937803478987e+00,-3.879534016874330860e-02,2.367677669139147678e+00,1.501851187898170775e-03,6.837349329640347731e-04,8.254909914400139753e-04,-5.671654903499703804e-04,8.342831256669941409e-01,1.174431975686962559e-02,1.444857725407387550e+00,-1.766925148543578850e-01,2.346479805046509881e+00,1.528829840693135328e-03,8.392461485335302911e-04,6.779233449291413279e-04,-8.011185736831083655e-04,8.349656613875462430e-01,3.650248910887324586e-04,1.541459597444301294e-03,1.907870908876291164e-03,6.469050388677031376e-04,7.285897646462664579e-01,7.327828540848453365e-01
2.627249999999879150e-08,-1.438428479615510014e-01,-1.561864701457134075e-01,-1.422435812490705498e-01,1.425080868713214155e+00,1.454044583136693269e-01,2.356482293739376566e+00,1.510347606710668242e-03,3.863968882609077174e-05,1.527422908626817517e-03,3.372140634638047551e-04,8.344678534135530068e-01,1.420366167540132452e-01,1.425066000653862019e+00,-1.261691741048243109e-01,2.315476002461506866e+00,1.542727360125657190e-03,1.558819841025497642e-03,3.551132650545662264e-05,-1.484328977006803187e-03,8.352830579090863017e-01,-2.687331320182551053e-02,1.445381605801741243e+00,-8.903552405158166039e-03,2.366191725557623471e+00,1.509083148364673234e-03,5.723170015364717174e-04,9.545998987727134658e-04,-3.190988186507449312e-04,8.344626883340382495e-01,2.655594719576992446e-02,1.444735184885506785e+00,-1.668422006826593140e-01,2.347356968233129670e+00,1.536521940633349967e-03,9.684827084998769327e-04,5.669037124867899475e-04,-9.265404163772026844e-04,8.351561941948248968e-01,3.369381634662381637e-04,1.564234227163047121e-03,1.906023891849928723e-03,6.464651628625482475e-04,7.268883170671669447e-01,7.345713638301081261e-01
2.627749999999879055e-08,-3.723288589086837241e-02,-1.492740537261330047e-01,-1.327432417175828938e-01,1.426482518194739146e+00,1.679417647054401996e-01,2.355046602963527747e+00,1.474887640760011269e-03,4.175932028660728559e-05,1.411008607323742999e-03,3.464429930726416716e-04,8.335198691647262015e-01,1.334001744628510178e-01,1.426530422668180975e+00,-1.244183108927514603e-01,2.314020549917221281e+00,1.506111361201934330e-03,1.461674425744556409e-03,3.733969692833084429e-05,-1.469010996539388747e-03,8.343136611945132231e-01,-4.079734745407148644e-02,1.445426152901323924e+00,2.486778789706045600e-02,2.364293579806211909e+00,1.516869410761014945e-03,4.712177156680330938e-04,1.072581148398971248e-03,-4.208344323364081319e-05,8.346558685028481195e-01,4.051943979595584722e-02,1.444797110752355618e+00,-1.540276626734859988e-01,2.347539131793387579e+00,1.544782498375091382e-03,1.087173535241922053e-03,4.664299061406189492e-04,-1.035565574959317579e-03,8.353605695071275594e-01,3.148321655052978047e-04,1.583403217969162622e-03,1.905329502192895869e-03,6.463627801612812154e-04,7.252769206324256590e-01,7.362810720859254143e-01
2.628249999999878960e-08,6.157522662307202133e-02,-1.398147334593389246e-01,-1.130217089648446471e-01,1.426320370781570812e+00,1.825458417775411846e-01,2.356350875683641544e+00,1.422337873975988666e-03,6.227363480462424973e-05,1.268469781999855212e-03,3.410196789549488176e-04,8.321132427654528430e-01,1.144224662045196794e-01,1.426399800647770721e+00,-1.223498404022982378e-01,2.314819442979764830e+00,1.450980691980175135e-03,1.333972069678945232e-03,5.470307578839772139e-05,-1.417174808878358602e-03,8.328562646639268152e-01,-5.361119189595120460e-02,1.445705318875593060e+00,6.080576024830897097e-02,2.362010071956261115e+00,1.524706514891874818e-03,3.840140645989401969e-04,1.175123883150523121e-03,2.294436676674196343e-04,8.348491940601636685e-01,5.338777538372485587e-02,1.445087638643145489e+00,-1.384506968561960427e-01,2.346758428029279031e+00,1.553096682617568060e-03,1.191088361769938528e-03,3.798562056607335366e-04,-1.118362025883632392e-03,8.355650050897853731e-01,2.982831741545114942e-04,1.600594138225709196e-03,1.906340033829376874e-03,6.467580344782834995e-04,7.237495769551887115e-01,7.379016375919094095e-01
2.628749999999878865e-08,1.459848868558337731e-01,-1.282665273475713796e-01,-8.595931195135220193e-02,1.424859769596967363e+00,1.901228661886542604e-01,2.359897849722957019e+00,1.364873915972960846e-03,1.166379095374118997e-04,1.114196898857717014e-03,3.384679089319223054e-04,8.305435043618856206e-01,8.792490601421154572e-02,1.424933750770835506e+00,-1.188867870747905009e-01,2.317474361589824561e+00,1.390139254071307050e-03,1.190135704639848574e-03,1.031860256574188006e-04,-1.332785161498648181e-03,8.312188147328686272e-01,-6.518753669727228583e-02,1.446251459202577694e+00,9.597810075132029439e-02,2.359332760196810597e+00,1.532033202891483481e-03,3.117573612560138358e-04,1.260328515510958152e-03,4.353144185839216609e-04,8.350285187795866149e-01,6.502927149869930368e-02,1.445642866179884578e+00,-1.218530377466668924e-01,2.344902292701514401e+00,1.560897265156262941e-03,1.278257103784453345e-03,3.081294397643034541e-04,-1.169768817393523593e-03,8.357550540049711874e-01,2.867960607267505289e-04,1.616340071684250080e-03,1.909123497076963558e-03,6.476777502247277590e-04,7.222937021477420227e-01,7.394251473653912221e-01
2.629249999999878770e-08,2.150797529482968429e-01,-1.161563229627815552e-01,-5.476362091865261128e-02,1.422714957871694885e+00,1.917543286764873400e-01,2.364884635726021589e+00,1.315432840670173291e-03,2.316810235546503836e-04,9.481905234486192073e-04,3.556945697434741194e-04,8.291550594366932092e-01,5.714850738528465257e-02,1.422755901979115389e+00,-1.127200869675806238e-01,2.321219249779681526e+00,1.337479641959879928e-03,1.030135396409936075e-03,2.126711427348477285e-04,-1.215689263557044077e-03,8.297657807088045789e-01,-7.565339242677060483e-02,1.447031154061784175e+00,1.268705414726447600e-01,2.356366636955242289e+00,1.538335413874106911e-03,2.526124305577310018e-04,1.329422477937991726e-03,5.358584056677739545e-04,8.351814837198413555e-01,7.555737841077969641e-02,1.446442617536890740e+00,-1.069274859982387582e-01,2.342315463937929110e+00,1.567662793961388220e-03,1.349613275734562728e-03,2.494670223949431746e-04,-1.191542248525386113e-03,8.359180030556891960e-01,2.800536362531615901e-04,1.629834778903187969e-03,1.913190334076850111e-03,6.489830546957897845e-04,7.208982618413743992e-01,7.408441285732261239e-01
2.629749999999878676e-08,2.696175188902674158e-01,-1.053638210642144912e-01,-2.220372223893130048e-02,1.420658572899426542e+00,1.885375485377100979e-01,2.370445003595301081e+00,1.283855249491362011e-03,4.188796509830555867e-04,7.650514936939702441e-04,4.126703801098727405e-04,8.282455538671981143e-01,2.490700963622227704e-02,1.420674115735774734e+00,-1.019414976199239931e-01,2.325073263377890331e+00,1.304099714081314665e-03,8.449791332824547769e-04,4.041967984975799099e-04,-1.059000064139804190e-03,8.288200776820640048e-01,-8.533753657321696551e-02,1.447935595159684841e+00,1.510776288647845966e-01,2.353394007455294812e+00,1.543280169159893514e-03,2.034752869121321268e-04,1.385570418279328088e-03,5.460513593608418452e-04,8.353003028615658687e-01,8.529223512527894790e-02,1.447387382587442151e+00,-9.556659238695486280e-02,2.339759722505417194e+00,1.573018772430834168e-03,1.407942634444393206e-03,2.008024073869358239e-04,-1.192494707838575186e-03,8.360453140991648269e-01,2.782000198780374615e-04,1.639079494599073386e-03,1.917668197914749453e-03,6.504164304297359225e-04,7.195628952576651471e-01,7.421497850841003441e-01
2.630249999999878581e-08,3.107975676208600824e-01,-9.713553225651061496e-02,9.988200030985661115e-03,1.419340278516180831e+00,1.816389253989063590e-01,2.375824864974407813e+00,1.273149211780578646e-03,6.522536418171886877e-04,5.715811711954207289e-04,5.265969612943483197e-04,8.279328187259877847e-01,-7.114015275049068165e-03,1.419368631400685032e+00,-8.415397402599911203e-02,2.327956879842771887e+00,1.293507318954526366e-03,6.375211764687865748e-04,6.537591901583811880e-04,-8.553078383699934655e-04,8.285087813308054105e-01,-9.449382902910197224e-02,1.448846545748415870e+00,1.682406652166545946e-01,2.350696967937656368e+00,1.546795249622127336e-03,1.623124979530477332e-04,1.431168800511854744e-03,5.063698954160736473e-04,8.353834748474655569e-01,9.449076299620395858e-02,1.448354352291038039e+00,-8.818220184636649250e-02,2.337873202805961448e+00,1.576839509641989653e-03,1.455478857863184419e-03,1.600653989794645175e-04,-1.185196872608196761e-03,8.361348090980694758e-01,2.821433285931076377e-04,1.641166454012596074e-03,1.921663329238492259e-03,6.517214104801099346e-04,7.183015292353156500e-01,7.433310167119131506e-01
2.630749999999878486e-08,3.405813378738321573e-01,-9.182789769721289019e-02,4.111540039516548006e-02,1.419131820962447499e+00,1.724443615638513450e-01,2.380348695444371110e+00,1.280491459593532640e-03,8.941126233155411839e-04,3.892038438367946226e-04,6.971831575965215357e-04,8.281455272084305985e-01,-3.827008343421511860e-02,1.419191856562757703e+00,-5.782375138346917964e-02,2.328993236139618617e+00,1.302088172932444480e-03,4.324469642806221068e-04,9.137272361637287926e-04,-6.114882119165385545e-04,8.287457492931707970e-01,-1.031215037010142499e-01,1.449685022404439305e+00,1.795209199267957523e-01,2.348435197156921284e+00,1.548877456720934229e-03,1.284894277058195688e-04,1.466691480711772039e-03,4.494494756894657763e-04,8.354308489022613804e-01,1.031541228343018091e-01,1.449257044241898384e+00,-8.432154154156501491e-02,2.336861277142469717e+00,1.579119278821688533e-03,1.492762700668034785e-03,1.266104882679926972e-04,-1.181172905771056764e-03,8.361864905229122735e-01,2.938381804767215542e-04,1.632508740922632238e-03,1.924498463436633217e-03,6.527156479511332871e-04,7.171402455832069922e-01,7.443735492519680808e-01
2.631249999999878391e-08,3.600889780971811005e-01,-8.923998020396606279e-02,7.088860706847133208e-02,1.420198849546911557e+00,1.624319496580781674e-01,2.383270707606845562e+00,1.301468268590148455e-03,1.116639246346007178e-03,2.397537277873018526e-04,8.977709913535113174e-04,8.287479063659634049e-01,-6.824437548168682532e-02,1.420292253937662341e+00,-2.403862330664985336e-02,2.327899886701799481e+00,1.324879778336524516e-03,2.605009902521803204e-04,1.148398879582954559e-03,-3.548255894505099599e-04,8.293854720236637501e-01,-1.109992732632660850e-01,1.450411763843827639e+00,1.866612089289167997e-01,2.346669894017388458e+00,1.549343150654456476e-03,1.017938112224033584e-04,1.491708616164055768e-03,3.934681565014262468e-04,8.354373603195311970e-01,1.110602465858767651e-01,1.450053216654199284e+00,-8.329169654077617224e-02,2.336620496774637346e+00,1.579697742414688452e-03,1.519445511573515664e-03,1.002171043295537237e-04,-1.187570641384961623e-03,8.361957035541771610e-01,3.163448974693929970e-04,1.609130345700097086e-03,1.925716520966522802e-03,6.532717662543119277e-04,7.161147364394411241e-01,7.452580908356818412e-01
2.631749999999878296e-08,3.642864506713868744e-01,-8.894916110260808750e-02,9.858291358003490323e-02,1.422440530219952315e+00,1.528055722538663730e-01,2.383892413638517116e+00,1.331520648470644903e-03,1.297820557862245207e-03,1.350156127699339364e-04,1.088007547840886581e-03,8.296015037513626567e-01,-9.628530649124744656e-02,1.422575994232449847e+00,1.349699320604580421e-02,2.324999689127949409e+00,1.357147482554865812e-03,1.407097291084171255e-04,1.331591148465532210e-03,-1.207443677542065306e-04,8.302838955208994287e-01,-1.177739486167532768e-01,1.451015772671163884e+00,1.913246711454541504e-01,2.345400995609894679e+00,1.547823291834695336e-03,8.177761594950830326e-05,1.505858431946309776e-03,3.462117490283230588e-04,8.353933327194565939e-01,1.178556884709864860e-01,1.450732247253955443e+00,-8.443439960418430701e-02,2.336936432053255519e+00,1.578210809625682932e-03,1.535187348457985046e-03,8.042132453508391390e-05,-1.206418579347813547e-03,8.361528227762531351e-01,3.534254999652506626e-04,1.567420474270007306e-03,1.925158924184175750e-03,6.533291522273048909e-04,7.152688889021163732e-01,7.459580423119436254e-01
2.632249999999878202e-08,3.408371601620234781e-01,-9.047917280800854556e-02,1.223076715125068770e-01,1.425299900983821200e+00,1.444071728579876535e-01,2.382080040734467552e+00,1.364641861453052109e-03,1.418269701061508755e-03,7.344172916231524780e-05,1.235989994664835794e-03,8.305364887058015455e-01,-1.205155698692630395e-01,1.425472640226258747e+00,5.027302306873648874e-02,2.320992781192418697e+00,1.392082774054154322e-03,7.282625300860112738e-05,1.444169064621964819e-03,6.313756347450181486e-05,8.312536228831018947e-01,-1.230212573515159225e-01,1.451497724414973156e+00,1.947772303689854212e-01,2.344605214327358134e+00,1.543896599181838157e-03,6.769231473177968878e-05,1.509058690946720382e-03,3.096537451675234007e-04,8.352880595929947916e-01,1.231165689552029541e-01,1.451296947608064825e+00,-8.718312508041803355e-02,2.337615346089606305e+00,1.574224360814748241e-03,1.539908688566651819e-03,6.646610503303925616e-05,-1.235818429314865415e-03,8.360468392962839834e-01,4.085871406488052345e-04,1.505327585581443025e-03,1.923167949939649877e-03,6.529615124934231045e-04,7.146519079497619664e-01,7.464389502989834391e-01
2.632749999999878107e-08,2.806805909991485493e-01,-9.335733655154143662e-02,1.390034681449590082e-01,1.427849548140467384e+00,1.378073366268872668e-01,2.378695248958247355e+00,1.393016489361662263e-03,1.466080523381805807e-03,4.296327546337592041e-05,1.330056144962264231e-03,8.313452831959189382e-01,-1.378911957133348576e-01,1.428026802004256357e+00,8.274773308400584781e-02,2.316847082697081284e+00,1.420942007741137500e-03,4.111700799854340292e-05,1.480724427877839816e-03,1.852348840359457070e-04,8.320685140878314456e-01,-1.262888686941052718e-01,1.451855442745761726e+00,1.978096473377619624e-01,2.344260912532255325e+00,1.537204746459338483e-03,5.874665179018840060e-05,1.501478191847622091e-03,2.830951575730398205e-04,8.351124638134288514e-01,1.263918684656626379e-01,1.451746985494109410e+00,-9.104419079517711566e-02,2.338531940071682858e+00,1.567355805861337607e-03,1.533772169271070771e-03,5.755581223482999289e-05,-1.271510522580885033e-03,8.358681418497106996e-01,4.837277763988730205e-04,1.423369463239578924e-03,1.920620372218203144e-03,6.524011393555608808e-04,7.143123124108601285e-01,7.466617234288894789e-01
2.633249999999878012e-08,1.892558437991245235e-01,-9.712315213413225123e-02,1.456158404720611088e-01,1.429176272993539110e+00,1.330838335377966253e-01,2.375248321796778583e+00,1.409357713820970836e-03,1.444412958626608819e-03,3.040629305967636943e-05,1.374488354584059695e-03,8.318382166853183213e-01,-1.453089533277855949e-01,1.429312303082998614e+00,1.090945084032561851e-01,2.313567153606671312e+00,1.436258521847376228e-03,2.889766700322116724e-05,1.452523256809660178e-03,2.518136579265194542e-04,8.325356416366569423e-01,-1.271511110264320621e-01,1.452076460607733877e+00,2.007818345052210240e-01,2.344359800008300354e+00,1.527535925667605722e-03,5.437743403725622766e-05,1.483535221860428919e-03,2.649575738402573937e-04,8.348609389868181241e-01,1.272572688748716541e-01,1.452069906901080287e+00,-9.555884130014291600e-02,2.339633598014925653e+00,1.557365344467769638e-03,1.517165457426381718e-03,5.312039521914786082e-05,-1.308086782490909495e-03,8.356105057868783437e-01,5.779336883266028395e-04,1.324925852801722703e-03,1.918660681465599862e-03,6.519737930642869033e-04,7.142896838499848133e-01,7.465898614499426600e-01
2.633749999999877917e-08,8.380052217902234091e-02,-1.013228113269746267e-01,1.406465463016153272e-01,1.428712814813187570e+00,1.296875524825917836e-01,2.373016826921290789e+00,1.409899766099575753e-03,1.371058982774184384e-03,2.851102925360157083e-05,1.378590251252946467e-03,8.319123996821493616e-01,-1.411598615981017879e-01,1.428782004367745051e+00,1.289967898505510746e-01,2.311825637697905389e+00,1.434862522230470746e-03,2.762047301812420492e-05,1.380653020263579575e-03,2.799483770220631703e-04,8.325639274545987289e-01,-1.252787341887129369e-01,1.452139464285390424e+00,2.037192988073144306e-01,2.344904883871671064e+00,1.514917477006232863e-03,5.448449947484766681e-05,1.455929640132258302e-03,2.536145351928665204e-04,8.345335701741116718e-01,1.253845142674179236e-01,1.452241614474601317e+00,-1.002793203981573456e-01,2.340919433697010277e+00,1.544255866804339046e-03,1.490737182421575250e-03,5.304232869433704589e-05,-1.339926411791034179e-03,8.352734810155899581e-01,6.871874208678502467e-04,1.215628137792056042e-03,1.918263402316631094e-03,6.519726057029765019e-04,7.146067140952603314e-01,7.461985247112805641e-01
2.634249999999877823e-08,-1.845183678028972096e-02,-1.055079810356933656e-01,1.248020936330649366e-01,1.426373379306623779e+00,1.267243811797582609e-01,2.372565635000333906e+00,1.395885745879774098e-03,1.269260031854815797e-03,3.749529349500079682e-05,1.350362264068449532e-03,8.315911439241233660e-01,-1.260344243625581839e-01,1.426374714288789036e+00,1.430010218163300095e-01,2.311805683278691514e+00,1.418704769110130633e-03,3.759933623694073924e-05,1.285786254618109716e-03,2.875654995290013224e-04,8.321905819756691969e-01,-1.205075788950120685e-01,1.452021673396160395e+00,2.064256373830399838e-01,2.345899420715831685e+00,1.499702092598888302e-03,5.964467044345956584e-05,1.419574919495482845e-03,2.478176223630064023e-04,8.341382938564035898e-01,1.206096975254262738e-01,1.452234089358262148e+00,-1.047592725975485806e-01,2.342412965378624978e+00,1.528370588619967687e-03,1.455363939869860858e-03,5.786695791685324541e-05,-1.361962977180290225e-03,8.348648101712002889e-01,8.052437251200258474e-04,1.102033870838205459e-03,1.919863813413560634e-03,6.525393624943883961e-04,7.152644247397812460e-01,7.454818437027272982e-01
2.634749999999877728e-08,-1.079017551065848401e-01,-1.092432267442977611e-01,1.004593919892511344e-01,1.422569037250153157e+00,1.232309417662844631e-01,2.373823608698621968e+00,1.373296561410563632e-03,1.156911218249754474e-03,6.735134668386703828e-05,1.295606576133241736e-03,8.310240470210140673e-01,-1.022503656836444286e-01,1.422514774151161676e+00,1.519548391120810749e-01,2.313304446185793228e+00,1.394387091811293564e-03,6.968691862194212837e-05,1.180356245318824743e-03,2.897401530411702593e-04,8.315782272708140965e-01,-1.128819668928293662e-01,1.451708759957289097e+00,2.085947964821421863e-01,2.347333574637274989e+00,1.482608250850054980e-03,7.136185086796665688e-05,1.375321888959608494e-03,2.469132097310907563e-04,8.336921368304034408e-01,1.129771221648654400e-01,1.452026624652690501e+00,-1.085594559467990550e-01,2.344135098170542442e+00,1.510443577519824700e-03,1.411923889764303075e-03,6.905962386848961475e-05,-1.370270308572367349e-03,8.344018874814987941e-01,9.251388612019910591e-04,9.902066073510064955e-04,1.923243100016697226e-03,6.536180370513095189e-04,7.162422659930043345e-01,7.444556800383081985e-01
2.635249999999877633e-08,-1.821901750412442400e-01,-1.121163406865153256e-01,7.070946658943810803e-02,1.418094678341127235e+00,1.180986567102602081e-01,2.376294031033968857e+00,1.351512887763062741e-03,1.038318228741301821e-03,1.444323588659584092e-04,1.215882377118509324e-03,8.304583206689556407e-01,-7.290707020473807809e-02,1.418010183145014480e+00,1.566800728116155561e-01,2.315900157646351154e+00,1.371938568534354858e-03,1.504764091020758653e-04,1.062497024456857467e-03,3.018202162614978660e-04,8.309887400782751676e-01,-1.026585611325576686e-01,1.451203785570347682e+00,2.099044619676333490e-01,2.349174051874462599e+00,1.464702081178757527e-03,9.230070634019616534e-05,1.323500929181342786e-03,2.511175556174993035e-04,8.332212729745138713e-01,1.027438525087351895e-01,1.451616573388960774e+00,-1.112517817370690665e-01,2.346084927065349213e+00,1.491587952615366528e-03,1.360859563659051578e-03,8.927701651736889951e-05,-1.362213008305939409e-03,8.339119465714892598e-01,1.040549696149518661e-03,8.847863924228364495e-04,1.927672415702379270e-03,6.549922672792466609e-04,7.175025722384749116e-01,7.431553822571774770e-01
2.635749999999877538e-08,-2.419568188140595044e-01,-1.137383499936728271e-01,3.856843813837551593e-02,1.413950837732736998e+00,1.096002086329610492e-01,2.379194106983673063e+00,1.341093992587379709e-03,9.021805355646467066e-04,3.055099834311856394e-04,1.104095549197334561e-03,8.301820618188692213e-01,-4.104599718350887549e-02,1.413860334149770193e+00,1.578119671830098270e-01,2.319099921337373971e+00,1.362037278102105767e-03,3.111238730239277361e-04,9.177211794978306931e-04,3.448852433533121267e-04,8.307166381467169236e-01,-9.027067303869262815e-02,1.450531994532732405e+00,2.100777053767859393e-01,2.351360314678037078e+00,1.447316661958879128e-03,1.262660159762070248e-04,1.263512395815680417e-03,2.617595493661333396e-04,8.327596699698942562e-01,9.034480120541021897e-02,1.451025549474158183e+00,-1.124095146719326088e-01,2.348227357564498519e+00,1.473216677019336491e-03,1.301711340377709409e-03,1.224377579102394582e-04,-1.336056486538849102e-03,8.334307024188688517e-01,1.146592618045642322e-03,7.886799412222676893e-04,1.932182094937236628e-03,6.563685457452385526e-04,7.189972461599278830e-01,7.416300932085637676e-01
2.636249999999877443e-08,-2.882535745312095887e-01,-1.137225896604050490e-01,6.217693293033788038e-03,1.411064126151502229e+00,9.498950338373601809e-02,2.381514765033078795e+00,1.348644255348079675e-03,7.358888128436099924e-04,5.523920272999427623e-04,9.447254541562875472e-04,8.303801239247505794e-01,-8.859092701835935557e-03,1.410945302722281358e+00,1.559134799809576144e-01,2.322441693972919552e+00,1.370364164311324096e-03,5.468812616537411381e-04,7.387523775472544909e-04,4.453414105060312712e-04,8.309329999402262912e-01,-7.626125116291926354e-02,1.449738451070975209e+00,2.089085724994426130e-01,2.353807518433928436e+00,1.431920511506361510e-03,1.774488126112064323e-04,1.193859719988224011e-03,2.815069599465168599e-04,8.323466141061325319e-01,7.632563170196182689e-02,1.450297594253287414e+00,-1.115727970387050405e-01,2.350486628506974984e+00,1.456907828258412283e-03,1.233000730194766786e-03,1.730806616609432557e-04,-1.290192959180675976e-03,8.329997350242184240e-01,1.240149252303131364e-03,7.032224183918450245e-04,1.935884897309945226e-03,6.574822370020065934e-04,7.206744543189076424e-01,7.399358436674676742e-01
2.636749999999877349e-08,-3.225951228388745928e-01,-1.116459724894136585e-01,-2.537303950130831431e-02,1.409906265364389899e+00,7.121415212372506076e-02,2.382175377287185647e+00,1.372379975651945479e-03,5.479185428471922137e-04,8.355434435753472493e-04,7.266058565924497087e-04,8.310092619950064652e-01,2.267617789699105657e-02,1.409717567832212692e+00,1.518411782099620133e-01,2.325470891177278787e+00,1.394863873349843708e-03,8.171234804574808780e-04,5.427663456677913473e-04,6.199003706260769724e-04,8.315876609018330035e-01,-6.119465597092088593e-02,1.448877669591020378e+00,2.062671512756057979e-01,2.356415033067864151e+00,1.419858811584034323e-03,2.487421701449451551e-04,1.112945811580578516e-03,3.142325635283133240e-04,8.320198326706302883e-01,6.125307624238884863e-02,1.449488081029893571e+00,-1.082049152416741933e-01,2.352741666562364831e+00,1.444124960465851789e-03,1.152869612068446866e-03,2.446395426109931382e-04,-1.222538828923888958e-03,8.326591030667567228e-01,1.319953505196703710e-03,6.285696204668825629e-04,1.938245022676021766e-03,6.581812617128156772e-04,7.224838472492791652e-01,7.381291616108782705e-01
2.637249999999877254e-08,-3.467542775577089342e-01,-1.070162595954431417e-01,-5.591189664273010784e-02,1.410499387048150144e+00,3.710349971886817144e-02,2.380490914590654761e+00,1.406340761655795789e-03,3.667022119296728128e-04,1.108442419231677866e-03,4.590712666895971870e-04,8.319081787770991054e-01,5.328019406446471429e-02,1.410254242238577760e+00,1.467529192764809309e-01,2.327613914521983851e+00,1.430365227643303361e-03,1.084393063909169742e-03,3.596135123575259812e-04,8.519801458823526505e-04,8.325274388140135873e-01,-4.556713934050726778e-02,1.448000615121254775e+00,2.020984495990481022e-01,2.359075862076948749e+00,1.411930846004098850e-03,3.400329260027108572e-04,1.020341930407567960e-03,3.642876411218722021e-04,8.318027237894815018e-01,4.562335896911551281e-02,1.448648836109551308e+00,-1.016756739693427392e-01,2.354825152370475294e+00,1.435745911627115583e-03,1.060385869933501164e-03,3.374023512798420129e-04,-1.130557778079349998e-03,8.324336635029726539e-01,1.386403439344647713e-03,5.640536864307203312e-04,1.939089379652921257e-03,6.584174322600617373e-04,7.243797307056101253e-01,7.362620646955315706e-01
2.637749999999877159e-08,-3.583938413851074367e-01,-9.928186962794827153e-02,-8.492463429713881240e-02,1.412693941614133086e+00,-5.113269281200594207e-03,2.376490015216740748e+00,1.445790754939577181e-03,2.199482571903908399e-04,1.342702179552302802e-03,1.738246664576616489e-04,8.329367676335341919e-01,8.248217225610576797e-02,1.412432944140805002e+00,1.415439985368340814e-01,2.328149906929249724e+00,1.472040777508926146e-03,1.319047569530029966e-03,2.139149244720403955e-04,1.092997036690510938e-03,8.336084259964675613e-01,-2.975071340154644695e-02,1.447148266851852050e+00,1.964091022568856815e-01,2.361681732123118049e+00,1.408165248518625018e-03,4.479791420023891647e-04,9.176199205928071154e-04,4.348528925699832594e-04,8.316974756894925935e-01,2.980581075721056017e-02,1.447820315236648891e+00,-9.132023130636346409e-02,2.356536375625557511e+00,1.431799491844318621e-03,9.566776113482138759e-04,4.479755561473324301e-04,-1.011912762064883647e-03,8.323255558899319562e-01,1.440920554317028307e-03,5.084722943277898352e-04,1.938453854089990059e-03,6.581993992597019510e-04,7.263224341277412233e-01,7.343788953147911691e-01
2.638249999999877064e-08,-3.468078535961469644e-01,-8.790821253457137274e-02,-1.108656459560368734e-01,1.416103713756887483e+00,-5.065460420331735492e-02,2.370723923873735206e+00,1.484899882321795298e-03,1.219938010925643231e-04,1.511093916133122083e-03,-8.151342148895294212e-05,8.339280726955615730e-01,1.087578189742479662e-01,1.415871073809030101e+00,1.367114904405517528e-01,2.326487672498286585e+00,1.513544118137502299e-03,1.493634774500515565e-03,1.176826333461697828e-04,1.293162427435299005e-03,8.346554806144648175e-01,-1.399601969123276390e-02,1.446354935923217289e+00,1.892091757286600284e-01,2.364119035847555228e+00,1.408082951519936364e-03,5.673257416249911618e-04,8.081980435226729766e-04,5.258245880553270206e-04,8.316922453719332031e-01,1.404803822496347721e-02,1.447035985896145682e+00,-7.658455347620307663e-02,2.357679953503429182e+00,1.431751497895518204e-03,8.450563149607870058e-04,5.707156742604148217e-04,-8.650386264767553944e-04,8.323218522216522253e-01,1.485112863031608004e-03,4.605076469562928735e-04,1.936499418990169112e-03,6.575821597351830684e-04,7.282784229355359074e-01,7.325153092388796416e-01
2.638749999999876969e-08,-2.998514944498666956e-01,-7.250206117761237579e-02,-1.307767119220624163e-01,1.420037781767427454e+00,-9.404234310498704730e-02,2.364222346130169239e+00,1.513969604307341572e-03,6.904919502218497451e-05,1.591503891639692607e-03,-2.572141048893312912e-04,8.346349987924296387e-01,1.291963796335942050e-01,1.419876947125622291e+00,1.329309293169678163e-01,2.322852691847812956e+00,1.544832820474969972e-03,1.587596199595849326e-03,6.584529499018782557e-05,1.427146434209263393e-03,8.354135215523028624e-01,1.515712264468893622e-03,1.445655096585376942e+00,1.803970900071254491e-01,2.366257497339923965e+00,1.411122669389970434e-03,6.922900649559927608e-04,6.966039088026579774e-04,6.323492652324626609e-04,8.317725105399949026e-01,-1.469802772419814829e-03,1.446331407153339077e+00,-5.719812607205065902e-02,2.358120194783659862e+00,1.434987138327846554e-03,7.302592629782693988e-04,6.994179603193014308e-04,-6.890072876810440783e-04,8.324069444269690532e-01,1.520363624300102986e-03,4.191869074336859128e-04,1.933515015646470898e-03,6.566653650803366913e-04,7.302196450557127960e-01,7.306990123001770865e-01
2.639249999999876875e-08,-2.174344859542849395e-01,-5.292646047028881640e-02,-1.412669503764760748e-01,1.423646331429655243e+00,-1.309945541622479226e-01,2.358517663868964220e+00,1.522303387000218137e-03,4.566233831220888588e-05,1.581358049820862435e-03,-3.415453251565109391e-04,8.348030716286888309e-01,1.404268411736186994e-01,1.423577436769285942e+00,1.307829027831366453e-01,2.318694064713897163e+00,1.554605500923006553e-03,1.597145464955021217e-03,4.273487348551825119e-05,1.496837960830751111e-03,8.356146800277701736e-01,1.661042001941637203e-02,1.445086996378705635e+00,1.696469705554801699e-01,2.367937261077565303e+00,1.416821335200365260e-03,8.171663591764857836e-04,5.877589841727400141e-04,7.452046974265621017e-04,8.319256869323324866e-01,-1.657229821121686264e-02,1.445748440380302924e+00,-3.327871573824170426e-02,2.357816037159441436e+00,1.441012810687362488e-03,6.175574556226011945e-04,8.280257394695468218e-04,-4.831722022906007486e-04,8.325675522362393499e-01,1.548105803440145934e-03,3.840331081955146008e-04,1.929989438084221904e-03,6.555970455986936084e-04,7.321227300786796732e-01,7.289507907716432644e-01
2.639749999999876780e-08,-1.140822905606255766e-01,-2.937650948267078732e-02,-1.402025240117359406e-01,1.426171184417065696e+00,-1.595340847368054149e-01,2.355017696768275215e+00,1.504321009612860941e-03,3.918237202921761160e-05,1.499701588041676102e-03,-3.639744354447290299e-04,8.343034253015406687e-01,1.402385641994254861e-01,1.426185566983480202e+00,1.299103692314562686e-01,2.315760202520951161e+00,1.536639344968701842e-03,1.536697872232415697e-03,3.573017348234991001e-05,1.514904986563971002e-03,8.351178526151277204e-01,3.108622288765294783e-02,1.444691858721571576e+00,1.564649765945453908e-01,2.368963848791081794e+00,1.424733235373252214e-03,9.365260453806736364e-04,4.863725418788580803e-04,8.526778278637395106e-04,8.321389085077821601e-01,-3.105424087341512873e-02,1.445333555162787276e+00,-5.364117899968601222e-03,2.356807238858682929e+00,1.449361378650603632e-03,5.120428772025374838e-04,9.508078294516493110e-04,-2.494075344319774518e-04,8.327902804854393493e-01,1.570242962256048185e-03,3.548558212926395858e-04,1.926661703452663826e-03,6.545833551282301309e-04,7.339685379790399367e-01,7.272842876621774533e-01
2.640249999999876685e-08,-8.495505401802327938e-03,-2.491436316442552368e-03,-1.276651977126952442e-01,1.427161233078718006e+00,-1.794674789727501718e-01,2.354369781810703444e+00,1.462838214281088258e-03,4.631753266212383120e-05,1.373983944544159529e-03,-3.582383615089395181e-04,8.331979361806788331e-01,1.285541596909665074e-01,1.427232277980617248e+00,1.291961963116881051e-01,2.314955445415139312e+00,1.493531405956820875e-03,1.429351975749169976e-03,4.112714403078444517e-05,1.489719096526904334e-03,8.339815469182775276e-01,4.472489996518058675e-02,1.444510548858762178e+00,1.406476569383876551e-01,2.369126442325685478e+00,1.434298702882350496e-03,1.045631763702845095e-03,3.962640045103885491e-04,9.429899445204348264e-04,8.323959426919687044e-01,-4.469231638417858754e-02,1.445133001077891777e+00,2.548714285100173171e-02,2.355156996526117652e+00,1.459445239795698459e-03,4.179076816960521686e-04,1.062776301072989541e-03,-6.333261011144740264e-07,8.330582656345539849e-01,1.588890908651269382e-03,3.314566910206006504e-04,1.924350144248645599e-03,6.538514781284644447e-04,7.357418345015713790e-01,7.257047186882608081e-01
2.640749999999876590e-08,8.663652116356135302e-02,2.638771525254979267e-02,-1.056668705081897919e-01,1.426577806722025388e+00,-1.914375062500228708e-01,2.356479662370466244e+00,1.407352360737353569e-03,7.421675818292313711e-05,1.227049224150307928e-03,-3.466113759565993269e-04,8.317066357005337141e-01,1.072577294716841045e-01,1.426670412364729579e+00,1.273975293645794871e-01,2.316287708892001973e+00,1.435142364738224794e-03,1.296253262708885277e-03,6.512997075605061028e-05,1.425586723074186418e-03,8.324328607653735945e-01,5.735369332546325083e-02,1.444577871918326872e+00,1.231079922201452348e-01,2.368276126855285213e+00,1.444832770359513220e-03,1.141262793797740305e-03,3.196029333752349513e-04,1.006731190243449975e-03,8.326775370085014449e-01,-5.730770507987159590e-02,1.445184457957005231e+00,5.741587208988097046e-02,2.352891796842833116e+00,1.470536906763815878e-03,3.376230850934423865e-04,1.160557731353597036e-03,2.284229872631785875e-04,8.333513765117850358e-01,1.605500886025662717e-03,3.135189654727630324e-04,1.923595928955463283e-03,6.535596087633731071e-04,7.374303954632261959e-01,7.242089201012911204e-01
2.641249999999876496e-08,1.667429025316715663e-01,5.499344565708375043e-02,-7.722175065513936509e-02,1.424803710860113259e+00,-1.964687524662043216e-01,2.360752536456013573e+00,1.350546456980352425e-03,1.430934049254812006e-04,1.069312445276851629e-03,-3.448527660193123645e-04,8.301437589702665987e-01,7.933448805383758184e-02,1.424880040201925269e+00,1.233622563403669048e-01,2.319237002239917356e+00,1.374865096972899183e-03,1.148160895095604256e-03,1.276631381698411290e-04,1.326141006640172435e-03,8.308003756824257069e-01,6.894558665358285765e-02,1.444905292927337825e+00,1.061594299650661100e-01,2.366520749225647702e+00,1.455621904532868136e-03,1.222566120112892523e-03,2.563185060707776314e-04,1.039439576741853135e-03,8.329642418588287800e-01,-6.886983833558502077e-02,1.445496210872913245e+00,8.764212411124994162e-02,2.350025857641293570e+00,1.481868554874000597e-03,2.712687865265635159e-04,1.243314441558910450e-03,3.901091133291238917e-04,8.336491303948690978e-01,1.620217041222201835e-03,3.007359375069449596e-04,1.924410859881750752e-03,6.537223283905325673e-04,7.390231866471284050e-01,7.227890226799003059e-01
2.641749999999876401e-08,2.316855410746290200e-01,8.052247592335071147e-02,-4.546294658940119859e-02,1.422531643808355284e+00,-1.957232205505472500e-01,2.366337537429203053e+00,1.304929963796789367e-03,2.789142742164961962e-04,8.979598596933549559e-04,-3.698942209030809357e-04,8.288529596599552018e-01,4.796707516530474003e-02,1.422570894075330994e+00,1.157458935293917968e-01,2.322986499002483995e+00,1.326282070341621658e-03,9.813680935625143306e-04,2.600292012467327117e-04,1.190997337973293078e-03,8.294501122570659968e-01,7.967414693663288361e-02,1.445451402342136538e+00,9.226954226548844673e-02,2.364388376010145176e+00,1.466011989193828548e-03,1.290931975424192959e-03,2.043884931804194991e-04,1.044154282931135163e-03,8.332385583023363962e-01,-7.955674301986292996e-02,1.446017788047355257e+00,1.132166433740016132e-01,2.346709180750891743e+00,1.492743627204080707e-03,2.167854891897026811e-04,1.312653239000357045e-03,4.613188167778962435e-04,8.339332906888959895e-01,1.631847454030160762e-03,2.930436101589889734e-04,1.926287240678548757e-03,6.542022177095510116e-04,7.405083594934300795e-01,7.214393918250958659e-01
2.642249999999876306e-08,2.823504970101731182e-01,1.007715155001540630e-01,-1.290269848335157121e-02,1.420541630848680015e+00,-1.903725552430985957e-01,2.372382613039653254e+00,1.278723185566365281e-03,4.828108832063363206e-04,7.097341724191563771e-04,-4.415376170111324377e-04,8.280942141615048602e-01,1.569246283217951010e-02,1.420562503530188536e+00,1.025955677497836227e-01,2.326533455536666573e+00,1.298802849626543325e-03,7.881308846553343982e-04,4.728160873633598538e-04,1.013559546057215101e-03,8.286655618297130710e-01,8.978429517822683614e-02,1.446126496537507133e+00,8.256025400659217084e-02,2.362540485092541331e+00,1.475502230016216857e-03,1.348309376966088996e-03,1.614896233601060584e-04,1.031810695785792889e-03,8.334877074748698877e-01,-8.962556869748561361e-02,1.446652847716618506e+00,1.324030672361851124e-01,2.343289726384790939e+00,1.502660835559916025e-03,1.717030418593470898e-04,1.370810803828752342e-03,4.605329723069574287e-04,8.341910686545294107e-01,1.638130293265088223e-03,2.908714366413701425e-04,1.928415665004904822e-03,6.547682561788657893e-04,7.418724327422372422e-01,7.201632030304141452e-01
