# Artefact digests. Written by scripts/artefact_digests.py; described by
# docs/80-artefact-digests.md. DO NOT EDIT BY HAND.
#
# Historical run outputs are git-ignored. Since 2026-09-19 this also
# pins tracked docs/evidence JSON records requested by external review F6.
# This file pins their IDENTITY so that the evidence
# behind docs/71, docs/74, docs/75, docs/77 and docs/79 cannot be
# silently swapped. It does NOT make the artefacts available and it does
# NOT establish that any of them is correct.
#
# 571 artefacts, 0 bytes to 1.718 GB, 5.172 GB in total.
#
# sha256 is over the file's bytes. `metrics` is `k=v;k=v`, read out of the
# artefact by this script's own extractors, and is a legibility aid, not a
# check -- the digest is the check.
#
#   scripts/artefact_digests.py --check    re-verify. MISSING is not FAILED
#   scripts/artefact_digests.py --write    rebuild on a machine that has the runs
#   scripts/artefact_digests.py --write-evidence  update only tracked JSON records

group	cites	role	path	bytes	sha256	metrics
pilot-signoff-gated	31,34,36,79	netlist	hw/openlane/pilot_ihp/runs/signoff-6x2-gated/final/nl/tt_um_melihakbulut_nssoc.nl.v	2565946	52b2debf3b2097c1544b2a5ea625675add5ec71a3d3ac9b68dfb5b32d6120989	lines=72858;cells=33564;flops=1296
pilot-signoff-gated	31,34,36,79	netlist	hw/openlane/pilot_ihp/runs/signoff-6x2-gated/final/pnl/tt_um_melihakbulut_nssoc.pnl.v	3513932	39470ad135125f6b80abaf487877ef81d442ee8dd567bde5ea89ec42995ee73e	lines=118972;cells=33564;flops=1296
pilot-signoff-gated	31,34,36,79	def	hw/openlane/pilot_ihp/runs/signoff-6x2-gated/final/def/tt_um_melihakbulut_nssoc.def	13960592	8f99c979c513ab5d9dd2ebb5e72bbf77d28180ac2d7165772664dfe09586fcf4	units_per_um=1000;diearea=(00)(1289280313740);components=33564
pilot-signoff-gated	31,34,36,79	gds	hw/openlane/pilot_ihp/runs/signoff-6x2-gated/final/gds/tt_um_melihakbulut_nssoc.gds	20760838	1c9f2dd7f65cc248fe8ce2b5856f8a941d0e4cf3f09a0e1ed7df9147eaf98260	
pilot-signoff-gated	31,34,36,79	metrics	hw/openlane/pilot_ihp/runs/signoff-6x2-gated/final/metrics.json	10124	f3889ee38760ac905e86a3d4b7bc8bac34941cae4a888592a1f05621298f2bbd	keys=196;die_um2=404499;insts=33564;stdcells=12546;flops=1296;stdcell_um2=191588;util=0.487516;setup_ws_slow=1.226180081066267;setup_ws_typ=8.103343114768531;setup_ws_fast=12.137398096789024;setup_tns_slow=0;setup_vio_slow=0;hold_ws_slow=0.6040953464001406;hold_ws_typ=0.2829435654746831;hold_ws_fast=0.102949152117101;setup_bufs=20;hold_bufs=0;wirelength=472381;drc=0;slew_vio_slow=0;cap_vio_slow=0;antenna_nets=0
pilot-signoff-gated	31,34,36,79	config	hw/openlane/pilot_ihp/runs/signoff-6x2-gated/resolved.json	22870	274e69513700395332037b27c1964317db278f5cfa75531ea5d8e5346c4dbbcc	keys=411
pilot-submission-gated	31,34,36	netlist	hw/openlane/pilot_ihp/runs/submission-6x2-gated/final/nl/tt_um_melihakbulut_nssoc.nl.v	2565946	52b2debf3b2097c1544b2a5ea625675add5ec71a3d3ac9b68dfb5b32d6120989	lines=72858;cells=33564;flops=1296
pilot-submission-gated	31,34,36	netlist	hw/openlane/pilot_ihp/runs/submission-6x2-gated/final/pnl/tt_um_melihakbulut_nssoc.pnl.v	3513932	39470ad135125f6b80abaf487877ef81d442ee8dd567bde5ea89ec42995ee73e	lines=118972;cells=33564;flops=1296
pilot-submission-gated	31,34,36	def	hw/openlane/pilot_ihp/runs/submission-6x2-gated/final/def/tt_um_melihakbulut_nssoc.def	13960592	8f99c979c513ab5d9dd2ebb5e72bbf77d28180ac2d7165772664dfe09586fcf4	units_per_um=1000;diearea=(00)(1289280313740);components=33564
pilot-submission-gated	31,34,36	gds	hw/openlane/pilot_ihp/runs/submission-6x2-gated/final/gds/tt_um_melihakbulut_nssoc.gds	20760838	4091b468bcc43313625ffbd5ab66fb47c2e434b0ffd456562958366e7e68c998	
pilot-submission-gated	31,34,36	metrics	hw/openlane/pilot_ihp/runs/submission-6x2-gated/final/metrics.json	10048	39a17f64239eebc14a52a86a5a75c23d8f01e85d514525aabc4c58d91b6d998a	keys=194;die_um2=404499;insts=33564;stdcells=12546;flops=1296;stdcell_um2=191588;util=0.487516;setup_ws_slow=1.226180081066267;setup_ws_typ=8.103343114768531;setup_ws_fast=12.137398096789024;setup_tns_slow=0;setup_vio_slow=0;hold_ws_slow=0.6040953464001406;hold_ws_typ=0.2829435654746831;hold_ws_fast=0.102949152117101;setup_bufs=20;hold_bufs=0;wirelength=472381;drc=0;slew_vio_slow=0;cap_vio_slow=0;antenna_nets=0
pilot-submission-gated	31,34,36	config	hw/openlane/pilot_ihp/runs/submission-6x2-gated/resolved.json	22765	1a8611663478256ba8bb2c1d6ef96eb25dc9e3cb54863cff5a5c10680cd285bf	keys=411
pilot-signoff-superseded	31,32,34,79	netlist	hw/openlane/pilot_ihp/runs/signoff-6x2/final/nl/tt_um_melihakbulut_nssoc.nl.v	2565946	52b2debf3b2097c1544b2a5ea625675add5ec71a3d3ac9b68dfb5b32d6120989	lines=72858;cells=33564;flops=1296
pilot-signoff-superseded	31,32,34,79	netlist	hw/openlane/pilot_ihp/runs/signoff-6x2/final/pnl/tt_um_melihakbulut_nssoc.pnl.v	3513932	39470ad135125f6b80abaf487877ef81d442ee8dd567bde5ea89ec42995ee73e	lines=118972;cells=33564;flops=1296
pilot-signoff-superseded	31,32,34,79	def	hw/openlane/pilot_ihp/runs/signoff-6x2/final/def/tt_um_melihakbulut_nssoc.def	13960592	8f99c979c513ab5d9dd2ebb5e72bbf77d28180ac2d7165772664dfe09586fcf4	units_per_um=1000;diearea=(00)(1289280313740);components=33564
pilot-signoff-superseded	31,32,34,79	gds	hw/openlane/pilot_ihp/runs/signoff-6x2/final/gds/tt_um_melihakbulut_nssoc.gds	20760838	f5e2e35e1d2faac04fa731c09645aa0ae80045ca137250415a0af311e38ac98b	
pilot-signoff-superseded	31,32,34,79	metrics	hw/openlane/pilot_ihp/runs/signoff-6x2/final/metrics.json	10124	f3889ee38760ac905e86a3d4b7bc8bac34941cae4a888592a1f05621298f2bbd	keys=196;die_um2=404499;insts=33564;stdcells=12546;flops=1296;stdcell_um2=191588;util=0.487516;setup_ws_slow=1.226180081066267;setup_ws_typ=8.103343114768531;setup_ws_fast=12.137398096789024;setup_tns_slow=0;setup_vio_slow=0;hold_ws_slow=0.6040953464001406;hold_ws_typ=0.2829435654746831;hold_ws_fast=0.102949152117101;setup_bufs=20;hold_bufs=0;wirelength=472381;drc=0;slew_vio_slow=0;cap_vio_slow=0;antenna_nets=0
pilot-signoff-superseded	31,32,34,79	config	hw/openlane/pilot_ihp/runs/signoff-6x2/resolved.json	22814	c280970d1eb1478a0398e7e60aa69af387dac927dc744cd325c58ed76bbe7726	keys=411
pilot-submission-superseded	31,34	netlist	hw/openlane/pilot_ihp/runs/submission-6x2/final/nl/tt_um_melihakbulut_nssoc.nl.v	2565946	52b2debf3b2097c1544b2a5ea625675add5ec71a3d3ac9b68dfb5b32d6120989	lines=72858;cells=33564;flops=1296
pilot-submission-superseded	31,34	netlist	hw/openlane/pilot_ihp/runs/submission-6x2/final/pnl/tt_um_melihakbulut_nssoc.pnl.v	3513932	39470ad135125f6b80abaf487877ef81d442ee8dd567bde5ea89ec42995ee73e	lines=118972;cells=33564;flops=1296
pilot-submission-superseded	31,34	def	hw/openlane/pilot_ihp/runs/submission-6x2/final/def/tt_um_melihakbulut_nssoc.def	13960592	8f99c979c513ab5d9dd2ebb5e72bbf77d28180ac2d7165772664dfe09586fcf4	units_per_um=1000;diearea=(00)(1289280313740);components=33564
pilot-submission-superseded	31,34	gds	hw/openlane/pilot_ihp/runs/submission-6x2/final/gds/tt_um_melihakbulut_nssoc.gds	20760838	664326bf142635dd14f2b369b9cc8a935123f859f3100886da0f226e220a9372	
pilot-submission-superseded	31,34	metrics	hw/openlane/pilot_ihp/runs/submission-6x2/final/metrics.json	10048	39a17f64239eebc14a52a86a5a75c23d8f01e85d514525aabc4c58d91b6d998a	keys=194;die_um2=404499;insts=33564;stdcells=12546;flops=1296;stdcell_um2=191588;util=0.487516;setup_ws_slow=1.226180081066267;setup_ws_typ=8.103343114768531;setup_ws_fast=12.137398096789024;setup_tns_slow=0;setup_vio_slow=0;hold_ws_slow=0.6040953464001406;hold_ws_typ=0.2829435654746831;hold_ws_fast=0.102949152117101;setup_bufs=20;hold_bufs=0;wirelength=472381;drc=0;slew_vio_slow=0;cap_vio_slow=0;antenna_nets=0
pilot-submission-superseded	31,34	config	hw/openlane/pilot_ihp/runs/submission-6x2/resolved.json	22715	0b73090bf441af7a92e17ea03313631b79f9eef567eee5211418e1a3907c1c5e	keys=411
pilot-shape6x2	26,27	netlist	hw/openlane/pilot_ihp/runs/shape-6x2/final/nl/tt_um_melihakbulut_nssoc.nl.v	2570202	2b2000b113c7d35a8a10c87ad3dc7cc8d6cea8bb4047b1b2f3d902006c83d3f8	lines=72903;cells=33801;flops=1275
pilot-shape6x2	26,27	def	hw/openlane/pilot_ihp/runs/shape-6x2/final/def/tt_um_melihakbulut_nssoc.def	13993680	868b0547e9d8ae01b211cd7c7de8da7947831098879bd9020fb02f43349800e4	units_per_um=1000;diearea=(00)(1289280313740);components=33801
pilot-shape6x2	26,27	gds	hw/openlane/pilot_ihp/runs/shape-6x2/final/gds/tt_um_melihakbulut_nssoc.gds	20773992	40cab6aa1ded3d7edcb21b626539ff3a571591ddc8523255d4e9a1eb50555c33	
pilot-shape6x2	26,27	metrics	hw/openlane/pilot_ihp/runs/shape-6x2/final/metrics.json	9933	86a97b206ce8df0e84c5baa81b48108ee96d5f88d05b22512ec5d79de2305edd	keys=192;die_um2=404499;insts=33801;stdcells=12418;flops=1275;stdcell_um2=185840;util=0.472889;setup_ws_slow=1.2347119232072035;setup_ws_typ=8.129683822906545;setup_ws_fast=12.132872827612669;setup_tns_slow=0;setup_vio_slow=0;hold_ws_slow=0.6038644200044875;hold_ws_typ=0.2907364986606824;hold_ws_fast=0.10887202558753281;setup_bufs=0;hold_bufs=1406;wirelength=469914;drc=0;slew_vio_slow=0;cap_vio_slow=0;antenna_nets=0
pilot-shape6x2	26,27	config	hw/openlane/pilot_ihp/runs/shape-6x2/resolved.json	22706	5102e3e4c36b3196b1243766b95fac763aea939ba4d7b256609adbbdd3bae478	keys=411
soc-s70boot2	70,71	netlist	hw/soc/pnr/runs/s70boot2/final/nl/soc_top.nl.v	10831575	c261069c1eaec0db24cefc1d5dba9dce447f0e075479e57311c1b19a7b5d9272	lines=363429;cells=176663;flops=5873;macros=6
soc-s70boot2	70,71	def	hw/soc/pnr/runs/s70boot2/final/def/soc_top.def	72036030	60da171a34d3520715bbc716f92b8fd98f53e6e6681c09e46d383765cc1d2646	units_per_um=1000;diearea=(00)(23064002075220);components=176663
soc-s70boot2	70,71	gds	hw/soc/pnr/runs/s70boot2/final/gds/soc_top.gds	107586140	b97e3d5e45a02a513c916c35522d0136d0e84bae38ca9ab36d654d7d7dcd44fc	
soc-s70boot2	70,71	metrics	hw/soc/pnr/runs/s70boot2/final/metrics.json	10400	f1fc4d9388f6fc3245458542a7e08636c9f8240576f8d14c97d5fab8e45b6f5b	keys=199;die_um2=4786290;insts=176663;stdcells=60868;flops=5873;clkgates=1;stdcell_um2=876321;util=0.719817;setup_ws_slow=-9.108500878019903;setup_ws_typ=1.7819666246965344;setup_ws_fast=8.052679639919136;setup_tns_slow=-19989.815538437644;setup_vio_slow=3361;hold_ws_slow=0.5896578947572936;hold_ws_typ=0.273524433067372;hold_ws_fast=0.062133189241183634;setup_bufs=102;hold_bufs=4;wirelength=4248250;drc=0;slew_vio_slow=47;cap_vio_slow=16;antenna_nets=1
soc-s70boot2	70,71	config	hw/soc/pnr/runs/s70boot2/resolved.json	34045	aa57156e5c4599b6caf57b47e69e6429c64392ba4dd42712c60ca6eaaa3ddd7c	keys=411
soc-s71boot	71,74,75,79	netlist	hw/soc/pnr/runs/s71boot/final/nl/soc_top.nl.v	10831575	c261069c1eaec0db24cefc1d5dba9dce447f0e075479e57311c1b19a7b5d9272	lines=363429;cells=176663;flops=5873;macros=6
soc-s71boot	71,74,75,79	def	hw/soc/pnr/runs/s71boot/final/def/soc_top.def	72036030	60da171a34d3520715bbc716f92b8fd98f53e6e6681c09e46d383765cc1d2646	units_per_um=1000;diearea=(00)(23064002075220);components=176663
soc-s71boot	71,74,75,79	gds	hw/soc/pnr/runs/s71boot/final/gds/soc_top.gds	107586140	05b133cfbe87ca51a22fc3fbd3e32ef9f1aeddd1e66df08af18a2212d2604b19	
soc-s71boot	71,74,75,79	metrics	hw/soc/pnr/runs/s71boot/final/metrics.json	10400	f1fc4d9388f6fc3245458542a7e08636c9f8240576f8d14c97d5fab8e45b6f5b	keys=199;die_um2=4786290;insts=176663;stdcells=60868;flops=5873;clkgates=1;stdcell_um2=876321;util=0.719817;setup_ws_slow=-9.108500878019903;setup_ws_typ=1.7819666246965344;setup_ws_fast=8.052679639919136;setup_tns_slow=-19989.815538437644;setup_vio_slow=3361;hold_ws_slow=0.5896578947572936;hold_ws_typ=0.273524433067372;hold_ws_fast=0.062133189241183634;setup_bufs=102;hold_bufs=4;wirelength=4248250;drc=0;slew_vio_slow=47;cap_vio_slow=16;antenna_nets=1
soc-s71boot	71,74,75,79	config	hw/soc/pnr/runs/s71boot/resolved.json	34045	aa57156e5c4599b6caf57b47e69e6429c64392ba4dd42712c60ca6eaaa3ddd7c	keys=411
soc-s75w9	75,79	netlist	hw/soc/pnr/runs/s75w9/final/nl/soc_top.nl.v	10904011	8ed2497f51e138d123c28380e2266eb305fc4c0279a43ec1f09a82f764303d35	lines=367180;cells=176746;flops=5874;macros=6
soc-s75w9	75,79	def	hw/soc/pnr/runs/s75w9/final/def/soc_top.def	72794753	4c27426bf58f613907099f3b6bd097a4d9e0e1039898be99e1168f237f9a2876	units_per_um=1000;diearea=(00)(23064002075220);components=176746
soc-s75w9	75,79	gds	hw/soc/pnr/runs/s75w9/final/gds/soc_top.gds	108587456	ff0b3cb10e485eb192ca4bf9e0f46dc931bb46562cf24cbcc119a583920890d1	
soc-s75w9	75,79	metrics	hw/soc/pnr/runs/s75w9/final/metrics.json	10073	8acba8eb2dd5ac124b6c168b376cd93c4838243618d4e91b870bc091824a7ecd	keys=191;die_um2=4786290;insts=176746;stdcells=62112;flops=5874;clkgates=1;stdcell_um2=888851;util=0.722705;setup_ws_slow=-6.9980414555068675;setup_ws_typ=3.03940348159289;setup_ws_fast=8.877259179018916;setup_tns_slow=-8658.87456644402;setup_vio_slow=3088;hold_ws_slow=0.45115557011674773;hold_ws_typ=0.23140312543333394;hold_ws_fast=0.06208833622972025;setup_bufs=345;hold_bufs=1;wirelength=4346366;drc=0;slew_vio_slow=82;cap_vio_slow=17;antenna_nets=0
soc-s75w9	75,79	config	hw/soc/pnr/runs/s75w9/resolved.json	34045	aa57156e5c4599b6caf57b47e69e6429c64392ba4dd42712c60ca6eaaa3ddd7c	keys=411
soc-s76gate	76,77	netlist	hw/soc/pnr/runs/s76gate/final/nl/soc_top.nl.v	10854880	89e9276fc77e4918c4683b553128cafdf47e70ba699c73f06f85afbe7f04d7dc	lines=366127;cells=175970;flops=5871;macros=6
soc-s76gate	76,77	def	hw/soc/pnr/runs/s76gate/final/def/soc_top.def	73129340	daf4ca482b218daa468458f8f1e84aae0a5d543842fe66eb451ba97f044917b7	units_per_um=1000;diearea=(00)(23064002075220);components=175970
soc-s76gate	76,77	gds	hw/soc/pnr/runs/s76gate/final/gds/soc_top.gds	109084598	9c2811ee1a2aed8b4ed5bdb1dd066833c5de820f118f2ee58e6e94fb5aa5e7a8	
soc-s76gate	76,77	metrics	hw/soc/pnr/runs/s76gate/final/metrics.json	10396	208b296ca5d1889f4f92f26a08f9706a6886ccd277863db15209bee7ce4dbc60	keys=199;die_um2=4786290;insts=175970;stdcells=62036;flops=5871;clkgates=3;stdcell_um2=900851;util=0.72547;setup_ws_slow=-6.350530947523198;setup_ws_typ=3.237659121331726;setup_ws_fast=9.022324476232845;setup_tns_slow=-11454.974224950509;setup_vio_slow=3131;hold_ws_slow=0.3699571864682905;hold_ws_typ=0.15596302468725293;hold_ws_fast=0.0013317125557012785;setup_bufs=487;hold_bufs=53;wirelength=4573457;drc=0;slew_vio_slow=91;cap_vio_slow=28;antenna_nets=1
soc-s76gate	76,77	config	hw/soc/pnr/runs/s76gate/resolved.json	34045	aa57156e5c4599b6caf57b47e69e6429c64392ba4dd42712c60ca6eaaa3ddd7c	keys=411
soc-s77base	77	netlist	hw/soc/pnr/runs/s77base/final/nl/soc_top.nl.v	10854880	89e9276fc77e4918c4683b553128cafdf47e70ba699c73f06f85afbe7f04d7dc	lines=366127;cells=175970;flops=5871;macros=6
soc-s77base	77	def	hw/soc/pnr/runs/s77base/final/def/soc_top.def	73129340	daf4ca482b218daa468458f8f1e84aae0a5d543842fe66eb451ba97f044917b7	units_per_um=1000;diearea=(00)(23064002075220);components=175970
soc-s77base	77	gds	hw/soc/pnr/runs/s77base/final/gds/soc_top.gds	109084598	0ebc83e492af400e88f5427e80ae55cddbe60b7c434ac8978743227fab375834	
soc-s77base	77	metrics	hw/soc/pnr/runs/s77base/final/metrics.json	10396	208b296ca5d1889f4f92f26a08f9706a6886ccd277863db15209bee7ce4dbc60	keys=199;die_um2=4786290;insts=175970;stdcells=62036;flops=5871;clkgates=3;stdcell_um2=900851;util=0.72547;setup_ws_slow=-6.350530947523198;setup_ws_typ=3.237659121331726;setup_ws_fast=9.022324476232845;setup_tns_slow=-11454.974224950509;setup_vio_slow=3131;hold_ws_slow=0.3699571864682905;hold_ws_typ=0.15596302468725293;hold_ws_fast=0.0013317125557012785;setup_bufs=487;hold_bufs=53;wirelength=4573457;drc=0;slew_vio_slow=91;cap_vio_slow=28;antenna_nets=1
soc-s77base	77	config	hw/soc/pnr/runs/s77base/resolved.json	34045	aa57156e5c4599b6caf57b47e69e6429c64392ba4dd42712c60ca6eaaa3ddd7c	keys=411
soc-s77gate	77	netlist	hw/soc/pnr/runs/s77gate/final/nl/soc_top.nl.v	10898168	50515ae4b1194716c1a347451e0611321d0c6af7752d07a12e16e3f4c7a08e2a	lines=367997;cells=176447;flops=5872;macros=6
soc-s77gate	77	def	hw/soc/pnr/runs/s77gate/final/def/soc_top.def	73358492	89055deeef703b4b58ebc24699fe151fe696c3508a46b02ef14594a1664a4f68	units_per_um=1000;diearea=(00)(23064002075220);components=176447
soc-s77gate	77	gds	hw/soc/pnr/runs/s77gate/final/gds/soc_top.gds	109410362	3ffbaffed823e6032242639fefd3175e47b34901cd2e75cc263f3e2b32a54206	
soc-s77gate	77	metrics	hw/soc/pnr/runs/s77gate/final/metrics.json	10286	09cdb61aa78a5c2cbf4ab7319ae4aca8d35d23b8b449f7a261034af0025826f1	keys=196;die_um2=4786290;insts=176447;stdcells=62246;flops=5872;clkgates=3;stdcell_um2=900314;util=0.725347;setup_ws_slow=-4.679915254453688;setup_ws_typ=4.315335766424168;setup_ws_fast=9.557910289314137;setup_tns_slow=-8267.180653164209;setup_vio_slow=3088;hold_ws_slow=0.5842009263923225;hold_ws_typ=0.27408354139838587;hold_ws_fast=0.09690282184283927;setup_bufs=364;hold_bufs=20;wirelength=4457105;drc=0;slew_vio_slow=67;cap_vio_slow=33;antenna_nets=0
soc-s77gate	77	config	hw/soc/pnr/runs/s77gate/resolved.json	34045	aa57156e5c4599b6caf57b47e69e6429c64392ba4dd42712c60ca6eaaa3ddd7c	keys=411
soc-synth	71,74,75,77	netlist	hw/soc/out/s69-rom0-syn/soc_top.netlist.v	5999961	6294cdd8d2ded405d75813fd6143dac8b91dcefa0dacdec1075f9aead230369f	lines=295464;cells=45546;flops=5873;macros=6
soc-synth	71,74,75,77	report	hw/soc/out/s69-rom0-syn/area.rpt	2146	75d9fbe097bb638aaa77ae50b3ea9f9e2e28ab684aef50bfc39c77ddb57326e9	lines=64
soc-synth	71,74,75,77	netlist	hw/soc/out/s70-rom0-syn/soc_top.netlist.v	5999961	6294cdd8d2ded405d75813fd6143dac8b91dcefa0dacdec1075f9aead230369f	lines=295464;cells=45546;flops=5873;macros=6
soc-synth	71,74,75,77	report	hw/soc/out/s70-rom0-syn/area.rpt	2146	75d9fbe097bb638aaa77ae50b3ea9f9e2e28ab684aef50bfc39c77ddb57326e9	lines=64
soc-synth	71,74,75,77	netlist	hw/soc/out/s75-rom0-syn/soc_top.netlist.v	6076372	ed71de19814ff3092005cf1df42a346bf7eea153b372c181866076e9b979da97	lines=300028;cells=46286;flops=5874;macros=6
soc-synth	71,74,75,77	report	hw/soc/out/s75-rom0-syn/area.rpt	2148	90a34467db36b325a4059b8d371b3d56c7c22085771633f1900bdc31d442f10c	lines=64
soc-synth	71,74,75,77	netlist	hw/soc/out/s76-rom0-gate/soc_top.netlist.v	6033919	500d98a01545442171509e3932e09b94f365c5552e3cbabece16189f3162ae97	lines=297457;cells=45763;flops=5871;macros=6
soc-synth	71,74,75,77	report	hw/soc/out/s76-rom0-gate/area.rpt	2183	51f1c0cfb8a3daa9722c2abec57b089f4c85c70a01bda8d9e699589856e23fd7	lines=65
soc-synth	71,74,75,77	netlist	hw/soc/out/s77-rom0-gate/soc_top.netlist.v	6090500	3d4d63526953abf40ad3bbeb9b0be0c781cd366045f7ec0ae2c5c4e5316f7909	lines=300748;cells=46261;flops=5872;macros=6
soc-synth	71,74,75,77	report	hw/soc/out/s77-rom0-gate/area.rpt	2114	12ab3854974aa8cec495eaeb33c23e06190c5396c93129faf52a635ac86ede95	lines=63
fi-rtl	42,44,74,75	records	hw/soc/out/fi-h1/records.csv	252158	69bca1365394387cffce19b19309a26881aa73ae409c0656a84b53ac49003356	rows=1400;cols=27;corrected=190;detected=149;masked=1025;sdc=36
fi-rtl	42,44,74,75	text	hw/soc/out/fi-h1/fi_targets.txt	1287	f2f3dc43f3e1593ac1b024b6649cc49cfeb2d1946ecfeb5dc0f2b6d1faa238cf	lines=15
fi-rtl	42,44,74,75	text	hw/soc/out/fi-h1/fi_coverage.txt	459	367b8613265c65404dc5cb865289733a0dc6c0d78331f5cb693f4ec97cb07445	lines=14
fi-rtl	42,44,74,75	records	hw/soc/out/fi-h74rtl/directed.csv	97476	40395de13a4e4c9addfeb8b6b145f86e50f28b52bf5949ab87407d1e87715a33	rows=1400;cols=15;corrected=190;detected=149;masked=1025;sdc=36
fi-rtl	42,44,74,75	log	hw/soc/out/fi-h74rtl/golden_rtl.log	1050	db007aec8a8b7b59b76184906446618349e9f46ce47fec3a52496acc45aff517	lines=20
fi-rtl	42,44,74,75	text	hw/soc/out/fi-h74rtl/fi_targets.txt	1287	f2f3dc43f3e1593ac1b024b6649cc49cfeb2d1946ecfeb5dc0f2b6d1faa238cf	lines=15
fi-rtl	42,44,74,75	log	hw/soc/out/fi-h75rtl/golden_rtl.log	1050	db007aec8a8b7b59b76184906446618349e9f46ce47fec3a52496acc45aff517	lines=20
fi-rtl	42,44,74,75	text	hw/soc/out/fi-h75rtl/fi_targets.txt	1287	f2f3dc43f3e1593ac1b024b6649cc49cfeb2d1946ecfeb5dc0f2b6d1faa238cf	lines=15
gl-74	74	map	hw/soc/out/gl74/map.json	161760876	c03371bb85e512c76e214852bf387611cabf1eed67977eebe292325e21ba2973	cycles=18681;rtl_rows=18683;gl_rows=18682;gl_row_shift=-1;rtl_bits=2451;gl_flops=5873
gl-74	74	map	hw/soc/out/gl74/map.txt	10902	de2a61a156087102c0017016a9a82efdd7528c7ab26bb5ceccf4a02ac2678fb4	lines=147
gl-74	74	text	hw/soc/out/gl74/census_by_name.txt	10606	f77866d47dc0dd481722504bd9cae9a0b1c63db0a5a1f131ca644636a5152a06	lines=164;flops_parsed=5873
gl-74	74	records	hw/soc/out/gl74/instants.csv	125497	49ab3dfe28ccc0c0e38ed4d8a5b61a82d48fe535fd7e898ff6963645ee31e346	rows=1400;cols=7
gl-74	74	table	hw/soc/out/gl74/flops.tsv	682777	2cf6cd31a1452b73aa4b485dc268ee3a5aedda596d567d373ee78aafbf1ce759	lines=5874
gl-74	74	provenance	hw/soc/out/gl74/provenance.txt	829	e3644b6ff16e653091797e7cfbb3355106df9c8b00445bd95c00fc264c720e67	netlist_md5=2e43d08ff422be8ce7a0efd17b1cc3da;netlist_size=10831575;rom_hex_md5=476ca762b29af6c2b446c40c7aed9643;flops=5873
gl-74	74	records	hw/soc/out/gl74b/records_gl.csv	322465	5266de0e6e217f7d693a778cc19cbfdb19e17efc87fb2ab04045fa59377fee76	rows=1175;cols=36
gl-74	74	text	hw/soc/out/gl74b/reconcile.txt	11461	1bb4bff450b6e5bee059e5505f47290ecdd4f68bf941df907d392fd14984491e	lines=152
gl-74	74	table	hw/soc/out/gl74b/flops.tsv	682777	2cf6cd31a1452b73aa4b485dc268ee3a5aedda596d567d373ee78aafbf1ce759	lines=5874
gl-74	74	provenance	hw/soc/out/gl74b/provenance.txt	829	e3644b6ff16e653091797e7cfbb3355106df9c8b00445bd95c00fc264c720e67	netlist_md5=2e43d08ff422be8ce7a0efd17b1cc3da;netlist_size=10831575;rom_hex_md5=476ca762b29af6c2b446c40c7aed9643;flops=5873
gl-74	74	records	hw/soc/out/gl74c/records_gl_sweep.csv	10699	b94785e5b418eb2f8620e8e9299a113811fb48ed2dd782df289c8999fd29ea0e	rows=75;cols=16;detected=5;hang=16;masked=44;sdc=10
gl-74	74	provenance	hw/soc/out/gl74c/provenance.txt	829	e3644b6ff16e653091797e7cfbb3355106df9c8b00445bd95c00fc264c720e67	netlist_md5=2e43d08ff422be8ce7a0efd17b1cc3da;netlist_size=10831575;rom_hex_md5=476ca762b29af6c2b446c40c7aed9643;flops=5873
gl-74	74	records	hw/soc/out/gl74e/records_rf_only.csv	39270	71b3f4dfedea2e957f65d8d51602894ba0de19b7290899909a27cb6f73ee6b5f	rows=200;cols=27;corrected=190;masked=10
gl-74	74	records	hw/soc/out/gl74e/records_gl_rf.csv	60223	0368c5ab55109853d5902a95b5b0416c6d6236e6d5f3fed1b1139316e39c9f87	rows=180;cols=36
gl-74	74	provenance	hw/soc/out/gl74e/provenance.txt	829	e3644b6ff16e653091797e7cfbb3355106df9c8b00445bd95c00fc264c720e67	netlist_md5=2e43d08ff422be8ce7a0efd17b1cc3da;netlist_size=10831575;rom_hex_md5=476ca762b29af6c2b446c40c7aed9643;flops=5873
gl-74	74	records	hw/soc/out/gl74s/records_gl_wdog.csv	19365	43d58547fe340c8a6b2f5a21d46f121f6ad114d0c09db4cd976416d612ca8d13	rows=174;cols=17;corrected=174
gl-74	74	provenance	hw/soc/out/gl74s/provenance.txt	829	e3644b6ff16e653091797e7cfbb3355106df9c8b00445bd95c00fc264c720e67	netlist_md5=2e43d08ff422be8ce7a0efd17b1cc3da;netlist_size=10831575;rom_hex_md5=476ca762b29af6c2b446c40c7aed9643;flops=5873
gl-75	75	records	hw/soc/out/gl75base/records_gl_wdog.csv	19712	8ace5093359fcb7b630b2673628937dc7b4b53cc3360fb062a01ddbdf6aa5939	rows=174;cols=18;corrected=174;wdog_rst_events=174
gl-75	75	table	hw/soc/out/gl75base/flops.tsv	682777	2cf6cd31a1452b73aa4b485dc268ee3a5aedda596d567d373ee78aafbf1ce759	lines=5874
gl-75	75	provenance	hw/soc/out/gl75base/provenance.txt	829	e3644b6ff16e653091797e7cfbb3355106df9c8b00445bd95c00fc264c720e67	netlist_md5=2e43d08ff422be8ce7a0efd17b1cc3da;netlist_size=10831575;rom_hex_md5=476ca762b29af6c2b446c40c7aed9643;flops=5873
gl-75	75	records	hw/soc/out/gl75w9/records_gl_wdog.csv	19712	f88b983e079bcc9a8e3e75e63c13dfa4c9e6e2dcc753e4829f41f5c611bf2606	rows=174;cols=18;corrected=174;wdog_rst_events=0
gl-75	75	map	hw/soc/out/gl75w9/map.json	161756701	a217592d40982829290b21aeaca7af02261cc8fc67c9270b4b915b73d822fb25	cycles=18683;rtl_rows=18683;gl_rows=18683;gl_row_shift=0;rtl_bits=2451;gl_flops=5874
gl-75	75	table	hw/soc/out/gl75w9/flops.tsv	682930	5794dd6f24ec2b68d50cf0ae67471469ec4feffdd7b5f9856ec19463d5de4868	lines=5875
gl-75	75	provenance	hw/soc/out/gl75w9/provenance.txt	827	5820c78f459dc848e4a1674b877a0d45ac6648a16900b295413ac173fced2ca9	netlist_md5=1cf2c9a0b3c777b27d460feeee4b9cd5;netlist_size=10904011;rom_hex_md5=476ca762b29af6c2b446c40c7aed9643;flops=5874
gl-75	75	records	hw/soc/out/gl75synbase/records_gl_wdog.csv	19712	bbe75d4421b74ec00bb8ac32139197d78c82dbe09fc30758a9693bae28c7dab3	rows=174;cols=18;corrected=174;wdog_rst_events=174
gl-75	75	map	hw/soc/out/gl75synbase/map.json	161415906	ad44fd11c8da39921b8659ed9c39f6b718f5cde088628181b50c92436fd5cc72	cycles=18683;rtl_rows=18683;gl_rows=18683;gl_row_shift=0;rtl_bits=2451;gl_flops=5873
gl-75	75	table	hw/soc/out/gl75synbase/flops.tsv	582584	92147d2b45f44e3f7f99be67ed4afc7219b603409921218758c9af83b951a7ce	lines=5874
gl-75	75	provenance	hw/soc/out/gl75synbase/provenance.txt	824	e36df696f338e590230750005039641a7e996a43100d1a2234d0426a6d21f751	netlist_md5=a8d5ef81446ce6d2aa2eb4c1e0fdff79;netlist_size=5999961;rom_hex_md5=476ca762b29af6c2b446c40c7aed9643;flops=5873
gl-75	75	records	hw/soc/out/gl75syn/records_gl_wdog.csv	19712	a06101e8450a17d524fab11b01e15a1124bc3a298360afc48f953337b147fcd1	rows=174;cols=18;corrected=174;wdog_rst_events=0
gl-75	75	map	hw/soc/out/gl75syn/map.json	161454854	d0ef6727590415b1aa61e8aaa17f2869d6511eb7ae8cd27d29b19da7bca5eb10	cycles=18683;rtl_rows=18683;gl_rows=18683;gl_row_shift=0;rtl_bits=2451;gl_flops=5874
gl-75	75	table	hw/soc/out/gl75syn/flops.tsv	582662	44b2c4a15d4b83e8865f03cc895770c5443ff259d89c04ab113a82e6da5aacd4	lines=5875
gl-75	75	provenance	hw/soc/out/gl75syn/provenance.txt	824	07970e81bb706d023277d63378ad3476c8930265fc73a777085bc5baa4577ff6	netlist_md5=37a8151673d4de213043a0a7b400fb77;netlist_size=6076372;rom_hex_md5=476ca762b29af6c2b446c40c7aed9643;flops=5874
equiv-79	79	text	formal/eqy/out/secded_dec.pass	0	e3b0c44298fc1c149afbf4c8996fb92427ae41e4649b934ca495991b7852b855	lines=0
equiv-79	79	text	formal/eqy/out/secded_enc.pass	0	e3b0c44298fc1c149afbf4c8996fb92427ae41e4649b934ca495991b7852b855	lines=0
equiv-79	79	text	formal/eqy/out/tmr_voter.pass	0	e3b0c44298fc1c149afbf4c8996fb92427ae41e4649b934ca495991b7852b855	lines=0
equiv-79	79	text	formal/eqy/out/secded_dec_mutant.failed	0	e3b0c44298fc1c149afbf4c8996fb92427ae41e4649b934ca495991b7852b855	lines=0
equiv-79	79	text	formal/eqy/out/voter_mutant.failed	0	e3b0c44298fc1c149afbf4c8996fb92427ae41e4649b934ca495991b7852b855	lines=0
equiv-79	79	log	formal/eqy/out/secded_dec.log	2076	4dbe19da3d12fa1e8f6545229174415a08084d1c28e347564323df521edadebf	lines=22
equiv-79	79	log	formal/eqy/out/secded_dec_mutant.log	2364	a80c042bddd676ac495989d64a6d9b1953d3c71cbb07c55403806ec55eb6e950	lines=22
equiv-79	79	log	formal/eqy/out/secded_enc.log	2081	af845ad1041d2b7c28a7939ebd703c0f2e24186c09d86fca656a5c1f11a5d84b	lines=22
equiv-79	79	log	formal/eqy/out/tmr_voter.log	2305	7930dd9c7941fab01a920a53f6f4465acc2940308d97e961084e39d85529167f	lines=25
equiv-79	79	log	formal/eqy/out/voter_mutant.log	2466	9e3b0db1312527cfbdbadcf9aa4d374536eee2d86f2be79ea5fecfaf3aa0140e	lines=25
equiv-79	79	netlist	formal/eqy/out/gate_secded_dec.v	175501	f238b21697657bbd829f8983695747480c493596298d27f1b0fdf0db3df0c565	lines=3367;cells=373;flops=0
equiv-79	79	netlist	formal/eqy/out/gate_secded_enc.v	95439	11451eb1100e8f436a0a76946c183c11ba1d1b7ced05c51fe9c93d3f2c23486b	lines=1781;cells=222;flops=0
equiv-79	79	netlist	formal/eqy/out/gate_tmr_voter.v	151349	70bd8ae1e113645adcb07e6afa8d7eb655915873d90a8f6f9bde67728a222f0c	lines=2952;cells=316;flops=0
equiv-79	79	netlist	formal/eqy/out/mutant_secded_dec.v	5136	8c2b6a55b1b53aff003be0362a9bc8b96db425dbcef4200a0e7278055bc6bfeb	lines=118;cells=0;flops=0
equiv-79	79	netlist	formal/eqy/out/mutant_tmr_voter.v	2717	2e263e4859efeb94a140b6baa659447378758f82ad8cb8236d9ea61cd3d49ffe	lines=64;cells=0;flops=0
sim-77	76,77	text	hw/soc/out/h76-g2/equiv-design.txt	516	71088204f7cb8c41484f4911a2d7391bc5dceb1ed9c4dff8c89c66702f0004e7	lines=10;compared=5137;cycles=415345;differing=0
sim-77	76,77	text	hw/soc/out/h76-g2/equiv-whole.txt	710	df674e7bf90c1b1ccb6c7c78318594245a38ead82a7f8772a6c5008b1e358fd8	lines=14;compared=5140;cycles=415345;differing=410992
sim-77	76,77	log	hw/soc/out/h76-g2/sim.log	2117	4caedede3d02593b728c324fcfdfbab7a8978eb56a0f435b530e6a79ac673648	lines=54
sim-77	76,77	log	hw/soc/out/h77-b/sim.log	2116	b58dc7a6f3a1a9f3706cc8d59f9c2c7351f3962dc7196e506c2e28f0e1c9a66a	lines=54
sim-77	76,77	text	hw/soc/out/h77-g/equiv-design.txt	681	4cf88c7d93b26bffa3547540dcf5830e8a7cbd8375501a9f8c1fea80c3077f21	lines=13;compared=5138;cycles=415345;differing=0
sim-77	76,77	text	hw/soc/out/h77-g/equiv-vs-76.txt	345	ac684df86bc7d5f7b9d92f5c66c054c92fd1b8a6645c114bbff760911108303b	lines=7;compared=5146;cycles=415345;differing=0
sim-77	76,77	log	hw/soc/out/h77-g/sim.log	2116	b65fdd0a90235ef1c5f6d3cb31fff135bcae5c5cc6ed5a26bfbd88fe9120de42	lines=54
power-77	76,77	report	hw/soc/out/pwr77-s76base/power.busy.nom_fast_1p32V_m40C.rpt	1873	546cd54df4a525dd74d34eb0d3d91122810da8039da66ec3eb865a9f6fbf56b4	lines=24;window=busy;corner=nom_fast_1p32V_m40C;internal_w=3.191592e-02;switching_w=1.001339e-02;leakage_w=2.615784e-04;total_w=4.219089e-02
power-77	76,77	report	hw/soc/out/pwr77-s76base/power.busy.nom_slow_1p08V_125C.rpt	1873	242e3ad9aefef2a759ed1c2231a917318572363882eac17fb279a56bf5487b56	lines=24;window=busy;corner=nom_slow_1p08V_125C;internal_w=2.019328e-02;switching_w=6.302373e-03;leakage_w=1.164803e-04;total_w=2.661213e-02
power-77	76,77	report	hw/soc/out/pwr77-s76base/power.busy.nom_typ_1p20V_25C.rpt	1868	6ae579f0535005f3ec7f1a70cc0db6d46ad6e864432b5759b10ab63ae82db6c0	lines=24;window=busy;corner=nom_typ_1p20V_25C;internal_w=2.531061e-02;switching_w=8.005775e-03;leakage_w=7.772700e-05;total_w=3.339411e-02
power-77	76,77	report	hw/soc/out/pwr77-s76base/power.idle.nom_fast_1p32V_m40C.rpt	1873	4d75d81dc46266fb6d36dbceb4e5ed59f84acf2efcf7dc46efc228f24a92696f	lines=24;window=idle;corner=nom_fast_1p32V_m40C;internal_w=1.739977e-02;switching_w=5.752909e-03;leakage_w=2.615597e-04;total_w=2.341424e-02
power-77	76,77	report	hw/soc/out/pwr77-s76base/power.idle.nom_slow_1p08V_125C.rpt	1873	4bf5680d1daf9ef0ec55ecbdf2dbc83d6a9c52e3f2eca49cca914624fde1a186	lines=24;window=idle;corner=nom_slow_1p08V_125C;internal_w=1.133139e-02;switching_w=3.599347e-03;leakage_w=1.168116e-04;total_w=1.504754e-02
power-77	76,77	report	hw/soc/out/pwr77-s76base/power.idle.nom_typ_1p20V_25C.rpt	1868	083d9671c51c17809b218ea102e918258bef543170056d2a3ef19afbda2c6e3c	lines=24;window=idle;corner=nom_typ_1p20V_25C;internal_w=1.408051e-02;switching_w=4.585356e-03;leakage_w=7.775187e-05;total_w=1.874362e-02
power-77	76,77	report	hw/soc/out/pwr77-s76gate/power.busy.nom_fast_1p32V_m40C.rpt	1872	8bb35e93d1dd98e11f9472976b08dfd435c1425b43a582f8c3390efb38119b34	lines=24;window=busy;corner=nom_fast_1p32V_m40C;internal_w=3.296234e-02;switching_w=2.438839e-02;leakage_w=2.599530e-04;total_w=5.761068e-02
power-77	76,77	report	hw/soc/out/pwr77-s76gate/power.busy.nom_slow_1p08V_125C.rpt	1873	81178e2a94a47586d03380be1dcea370d164816788cbad80e315d63cde4af7c6	lines=24;window=busy;corner=nom_slow_1p08V_125C;internal_w=2.025067e-02;switching_w=1.475485e-02;leakage_w=1.164747e-04;total_w=3.512199e-02
power-77	76,77	report	hw/soc/out/pwr77-s76gate/power.busy.nom_typ_1p20V_25C.rpt	1868	025178bfc187841af0ac93b03d5d839d51fc1e0a85bd14e02ac4f131bde17f12	lines=24;window=busy;corner=nom_typ_1p20V_25C;internal_w=2.582936e-02;switching_w=1.926073e-02;leakage_w=7.731266e-05;total_w=4.516741e-02
power-77	76,77	report	hw/soc/out/pwr77-s76gate/power.idle.nom_fast_1p32V_m40C.rpt	1872	441d8eb03db59c8c8c60098009ab65d0d8d1e8498cac93a66c05885a87328d6b	lines=24;window=idle;corner=nom_fast_1p32V_m40C;internal_w=7.507149e-03;switching_w=2.684622e-03;leakage_w=2.599359e-04;total_w=1.045171e-02
power-77	76,77	report	hw/soc/out/pwr77-s76gate/power.idle.nom_slow_1p08V_125C.rpt	1873	5aaf94d952daa383226c0879409325fb46d0b844a72cb45336da41b94014d7e8	lines=24;window=idle;corner=nom_slow_1p08V_125C;internal_w=4.956269e-03;switching_w=1.674781e-03;leakage_w=1.167807e-04;total_w=6.747830e-03
power-77	76,77	report	hw/soc/out/pwr77-s76gate/power.idle.nom_typ_1p20V_25C.rpt	1868	36afc93db9fedf8552360ec10316d4a20d9daa07ff2e3fd997d30cfac2426cc3	lines=24;window=idle;corner=nom_typ_1p20V_25C;internal_w=6.073338e-03;switching_w=2.136567e-03;leakage_w=7.733558e-05;total_w=8.287240e-03
power-77	76,77	report	hw/soc/out/pwr77-s77base/power.busy.nom_fast_1p32V_m40C.rpt	1872	adebc556ba7f744f64d3b4ca45d15528e9656925a0dfc2bae6b71e7d5d6eb3bb	lines=24;window=busy;corner=nom_fast_1p32V_m40C;internal_w=3.296234e-02;switching_w=2.438839e-02;leakage_w=2.599530e-04;total_w=5.761068e-02
power-77	76,77	report	hw/soc/out/pwr77-s77base/power.busy.nom_slow_1p08V_125C.rpt	1873	9e4ab13dddd4f99b39f17c0bff7908688aaf47d44c6b1f65c4d3db414a41161c	lines=24;window=busy;corner=nom_slow_1p08V_125C;internal_w=2.025067e-02;switching_w=1.475485e-02;leakage_w=1.164747e-04;total_w=3.512199e-02
power-77	76,77	report	hw/soc/out/pwr77-s77base/power.busy.nom_typ_1p20V_25C.rpt	1868	a041c7ada61c4c0a9f4debbdd9f7df35f9f8de1920e95a8918e997cb041f8c00	lines=24;window=busy;corner=nom_typ_1p20V_25C;internal_w=2.582936e-02;switching_w=1.926073e-02;leakage_w=7.731266e-05;total_w=4.516741e-02
power-77	76,77	report	hw/soc/out/pwr77-s77base/power.idle.nom_fast_1p32V_m40C.rpt	1872	53e02031fd7cfbfd9812033eb748b55eb26a411d1dc8251bac5e806b463fce39	lines=24;window=idle;corner=nom_fast_1p32V_m40C;internal_w=7.507149e-03;switching_w=2.684622e-03;leakage_w=2.599359e-04;total_w=1.045171e-02
power-77	76,77	report	hw/soc/out/pwr77-s77base/power.idle.nom_slow_1p08V_125C.rpt	1873	e11d95411809508c087ddf6a82f4a40883303d7246b34495f6f3b684e5ea5da5	lines=24;window=idle;corner=nom_slow_1p08V_125C;internal_w=4.956269e-03;switching_w=1.674781e-03;leakage_w=1.167807e-04;total_w=6.747830e-03
power-77	76,77	report	hw/soc/out/pwr77-s77base/power.idle.nom_typ_1p20V_25C.rpt	1868	60eabb19d144f141195c87b522548cd6e0a95c699fb6d77b7f19c04af5bcb20f	lines=24;window=idle;corner=nom_typ_1p20V_25C;internal_w=6.073338e-03;switching_w=2.136567e-03;leakage_w=7.733558e-05;total_w=8.287240e-03
power-77	76,77	report	hw/soc/out/pwr77-s77gate/power.busy.nom_fast_1p32V_m40C.rpt	1872	6dacb212ea6c2c41f5264124a6dc999e07230055429f10a4930c466c0b525427	lines=24;window=busy;corner=nom_fast_1p32V_m40C;internal_w=2.181702e-02;switching_w=6.085834e-03;leakage_w=2.600420e-04;total_w=2.816289e-02
power-77	76,77	report	hw/soc/out/pwr77-s77gate/power.busy.nom_slow_1p08V_125C.rpt	1873	01d854436a0dabb9d00977012104158a217a6fad3ee4386bf2dcfda848402a79	lines=24;window=busy;corner=nom_slow_1p08V_125C;internal_w=1.377178e-02;switching_w=3.807046e-03;leakage_w=1.165846e-04;total_w=1.769541e-02
power-77	76,77	report	hw/soc/out/pwr77-s77gate/power.busy.nom_typ_1p20V_25C.rpt	1868	f837c1eda017bc7df7a0ef32c673d7991766b1efceed4d4fbda77314df8c48d7	lines=24;window=busy;corner=nom_typ_1p20V_25C;internal_w=1.721489e-02;switching_w=4.849708e-03;leakage_w=7.733714e-05;total_w=2.214193e-02
power-77	76,77	report	hw/soc/out/pwr77-s77gate/power.idle.nom_fast_1p32V_m40C.rpt	1872	5fc8a8a9bc3e62c3307319408edbe70b82d340a8b741621b6593d78dde7f5564	lines=24;window=idle;corner=nom_fast_1p32V_m40C;internal_w=7.543171e-03;switching_w=2.686205e-03;leakage_w=2.600272e-04;total_w=1.048940e-02
power-77	76,77	report	hw/soc/out/pwr77-s77gate/power.idle.nom_slow_1p08V_125C.rpt	1873	0d326a815a4dacd1e41d818307507e0ed904569c489d5598d28695086254cbb9	lines=24;window=idle;corner=nom_slow_1p08V_125C;internal_w=4.977971e-03;switching_w=1.673208e-03;leakage_w=1.169122e-04;total_w=6.768092e-03
power-77	76,77	report	hw/soc/out/pwr77-s77gate/power.idle.nom_typ_1p20V_25C.rpt	1868	bcf319c4ea812cbec3a1c4d0a54cc0aa9882512dae22e907724c04f29fb6c19f	lines=24;window=idle;corner=nom_typ_1p20V_25C;internal_w=6.101819e-03;switching_w=2.136074e-03;leakage_w=7.736313e-05;total_w=8.315256e-03
power-77	76,77	report	hw/soc/out/pwr77self-s77base/power.all.nom_fast_1p32V_m40C.rpt	1868	d5cac54d1f5cfe76f1d9f017dc29fbf3eac3e8b22855dd8b4b6252c5ac69cfde	lines=24;window=all;corner=nom_fast_1p32V_m40C;internal_w=3.288269e-02;switching_w=2.480346e-02;leakage_w=2.599183e-04;total_w=5.794606e-02
power-77	76,77	report	hw/soc/out/pwr77self-s77base/power.all.nom_slow_1p08V_125C.rpt	1869	1be01c71e925849925c5f20710d72b29884d8b8eacbabe5d05688d6a555f91d4	lines=24;window=all;corner=nom_slow_1p08V_125C;internal_w=2.018992e-02;switching_w=1.482488e-02;leakage_w=1.164081e-04;total_w=3.513120e-02
power-77	76,77	report	hw/soc/out/pwr77self-s77base/power.all.nom_typ_1p20V_25C.rpt	1864	5f984775a1acb0617f16da6557bac9ed0ee8f328a528ad13a87b7cea784d5d85	lines=24;window=all;corner=nom_typ_1p20V_25C;internal_w=2.578570e-02;switching_w=1.931217e-02;leakage_w=7.730203e-05;total_w=4.517517e-02
power-77	76,77	report	hw/soc/out/pwr77self-s77base/power.npuoff.nom_fast_1p32V_m40C.rpt	1892	504a481a70d14b7b4a0d7d2caf282a10fda5775600c744dac3887025d22bc6b2	lines=24;window=npuoff;corner=nom_fast_1p32V_m40C;internal_w=3.254217e-02;switching_w=2.457913e-02;leakage_w=2.599176e-04;total_w=5.738122e-02
power-77	76,77	report	hw/soc/out/pwr77self-s77base/power.npuoff.nom_slow_1p08V_125C.rpt	1893	268eba955fb5393656766ebbdf597b91a4d7a01eb39d82cd214c4f2dd4ce1a96	lines=24;window=npuoff;corner=nom_slow_1p08V_125C;internal_w=1.993546e-02;switching_w=1.463191e-02;leakage_w=1.164136e-04;total_w=3.468379e-02
power-77	76,77	report	hw/soc/out/pwr77self-s77base/power.npuoff.nom_typ_1p20V_25C.rpt	1888	5ec28fadaab763fc9ec619242c056a2e3045b802c732694cfb5e7ecbdde4a684	lines=24;window=npuoff;corner=nom_typ_1p20V_25C;internal_w=2.557445e-02;switching_w=1.923036e-02;leakage_w=7.730304e-05;total_w=4.488211e-02
power-77	76,77	report	hw/soc/out/pwr77self-s77base/power.npuon.nom_fast_1p32V_m40C.rpt	1884	ca2a6a5c05d76c33dc0fb8a999e88d6f1664bd0e1771abf2afb22848377259e3	lines=24;window=npuon;corner=nom_fast_1p32V_m40C;internal_w=3.924045e-02;switching_w=2.612909e-02;leakage_w=2.599715e-04;total_w=6.562951e-02
power-77	76,77	report	hw/soc/out/pwr77self-s77base/power.npuon.nom_slow_1p08V_125C.rpt	1885	fcfe1a57bd922730d536fdc8395525ca270854ba35167aa376439ac7bf2093df	lines=24;window=npuon;corner=nom_slow_1p08V_125C;internal_w=2.447863e-02;switching_w=1.564941e-02;leakage_w=1.161721e-04;total_w=4.024422e-02
power-77	76,77	report	hw/soc/out/pwr77self-s77base/power.npuon.nom_typ_1p20V_25C.rpt	1880	cd7b6f2b7ec156e23d820c536ce9ea3f772cfe08792e4213318977c5b56d267b	lines=24;window=npuon;corner=nom_typ_1p20V_25C;internal_w=3.126170e-02;switching_w=2.056053e-02;leakage_w=7.728976e-05;total_w=5.189952e-02
power-77	76,77	report	hw/soc/out/pwr77self-s77gate/power.all.nom_fast_1p32V_m40C.rpt	1868	1423ebb0462a4f52dd5393863ed4241685afc88d95ef718113576426f90ec5b2	lines=24;window=all;corner=nom_fast_1p32V_m40C;internal_w=2.109681e-02;switching_w=5.742404e-03;leakage_w=2.599956e-04;total_w=2.709921e-02
power-77	76,77	report	hw/soc/out/pwr77self-s77gate/power.all.nom_slow_1p08V_125C.rpt	1869	b8ff5d6efebda43198a3f2e4460604fc2ae9c55fa9b7ab2e3a18bebc2af1a429	lines=24;window=all;corner=nom_slow_1p08V_125C;internal_w=1.347122e-02;switching_w=3.587845e-03;leakage_w=1.165315e-04;total_w=1.717560e-02
power-77	76,77	report	hw/soc/out/pwr77self-s77gate/power.all.nom_typ_1p20V_25C.rpt	1864	7a941eb360aad0872fe6199d93fcb901694acb6e6cb06ed8415f23c8a5bbf41b	lines=24;window=all;corner=nom_typ_1p20V_25C;internal_w=1.688733e-02;switching_w=4.573422e-03;leakage_w=7.733325e-05;total_w=2.153808e-02
power-77	76,77	report	hw/soc/out/pwr77self-s77gate/power.npuoff.nom_fast_1p32V_m40C.rpt	1892	d53b466f76953afecbcbb74d1e76354baf02a4f651eb97e1f796e901799cb40e	lines=24;window=npuoff;corner=nom_fast_1p32V_m40C;internal_w=2.085917e-02;switching_w=5.702937e-03;leakage_w=2.599943e-04;total_w=2.682210e-02
power-77	76,77	report	hw/soc/out/pwr77self-s77gate/power.npuoff.nom_slow_1p08V_125C.rpt	1893	40efcfd9967b69cfd1a6dd37b67f530d151fa2476d7553ed4eeffdf6d7a26e9c	lines=24;window=npuoff;corner=nom_slow_1p08V_125C;internal_w=1.331332e-02;switching_w=3.563360e-03;leakage_w=1.165387e-04;total_w=1.699322e-02
power-77	76,77	report	hw/soc/out/pwr77self-s77gate/power.npuoff.nom_typ_1p20V_25C.rpt	1888	3911353d4d73c005f069aedabe5d30c6301c5d198921cd72f07b66fe4c2ba372	lines=24;window=npuoff;corner=nom_typ_1p20V_25C;internal_w=1.668940e-02;switching_w=4.542073e-03;leakage_w=7.733471e-05;total_w=2.130880e-02
power-77	76,77	report	hw/soc/out/pwr77self-s77gate/power.npuon.nom_fast_1p32V_m40C.rpt	1884	97a73a5df2c6bb98147675f03ac24c1c93e5626b250029c2383e3d9960672e32	lines=24;window=npuon;corner=nom_fast_1p32V_m40C;internal_w=2.737380e-02;switching_w=7.269816e-03;leakage_w=2.600620e-04;total_w=3.490368e-02
power-77	76,77	report	hw/soc/out/pwr77self-s77gate/power.npuon.nom_slow_1p08V_125C.rpt	1885	73976e82153faa6a56b14790e6d32ceb00e0fab2c68560d3d71a675faab4d082	lines=24;window=npuon;corner=nom_slow_1p08V_125C;internal_w=1.766134e-02;switching_w=4.541413e-03;leakage_w=1.162864e-04;total_w=2.231904e-02
power-77	76,77	report	hw/soc/out/pwr77self-s77gate/power.npuon.nom_typ_1p20V_25C.rpt	1880	03d7c3b8f45888343f03fec87f08bb54c882cc5e47512ab0bb4e9534fb651783	lines=24;window=npuon;corner=nom_typ_1p20V_25C;internal_w=2.212735e-02;switching_w=5.789709e-03;leakage_w=7.731573e-05;total_w=2.799437e-02
deck-magic-soc	paper8	classification	hw/soc/pnr/runs/s77gate-drc-full/classification.txt	1864	5089b0507a36f5052b5cb00dc6211860c19f65382db9a2104b88a4dfd8dfcf01	boxes=39969214;lef_inside=39969214;lef_straddle=0;lef_outside=0;drawn_inside=39969214;drawn_straddle=0;drawn_outside=0;drawn_outside_die=0;rules=10
deck-magic-soc	paper8	text	hw/soc/pnr/runs/s77gate-drc-full/COMMANDS	291	29a05fb9ce705fe1bddcfcc190ac181fb28f18c7aa2b73b342d13aa8dcd922a9	lines=1
deck-magic-soc	paper8	config	hw/soc/pnr/runs/s77gate-drc-full/config.json	14296	b2f550577ba7cd5fa31e250ba67d1e259ebb00900395e1a2fad84b608d7934d6	keys=93
deck-magic-soc	paper8	config	hw/soc/pnr/runs/s77gate-drc-full/state_in.json	14104	fcbefab1ea7ff90b743d0117825e19a3691ee0fda35e430fba6b3b7dc03b8524	keys=18
deck-magic-soc	paper8	drclog	hw/soc/pnr/runs/s77gate-drc-full/magic-drc.log	10523	a03fa3cd19dd5f799e83e835555262c5671e83ab7fb57e196e2519ea161ab89f	lines=313;boxes=39969214
deck-magic-soc	paper8	text	hw/soc/pnr/runs/s77gate-drc-full/runtime.txt	12	a80a37c28c3a9107a211c63d21aaff7fe854629941c4b63b4ea39eb791ec831a	lines=1
deck-magic-soc	paper8	drcrpt	hw/soc/pnr/runs/s77gate-drc-full/reports/drc.magic.rpt	1717801982	ab371724681fdd8d04ce20e5b6d4943c2d47a6616c69ed109bb8a6935e9a22ba	top_cell=soc_top;boxes=39969214;divisor_note=Should be divided by 3 or 4
deck-magic-soc	paper8	classification	hw/soc/pnr/runs/s77gate-drc-abstract/classification.txt	6889	672976e91d09ea2c31417c3ad9b92ab696df79a65c825beea2d0c36e5326e9bd	boxes=123;lef_inside=16;lef_straddle=0;lef_outside=107;drawn_inside=16;drawn_straddle=4;drawn_outside=103;drawn_outside_die=0;rules=4
deck-magic-soc	paper8	text	hw/soc/pnr/runs/s77gate-drc-abstract/COMMANDS	291	29a05fb9ce705fe1bddcfcc190ac181fb28f18c7aa2b73b342d13aa8dcd922a9	lines=1
deck-magic-soc	paper8	config	hw/soc/pnr/runs/s77gate-drc-abstract/config.json	14610	888a7259ae43e72d4209578278968ea753ebd5e5ffc94b4f2e1987effb92de9e	keys=93
deck-magic-soc	paper8	config	hw/soc/pnr/runs/s77gate-drc-abstract/state_in.json	14104	fcbefab1ea7ff90b743d0117825e19a3691ee0fda35e430fba6b3b7dc03b8524	keys=18
deck-magic-soc	paper8	drclog	hw/soc/pnr/runs/s77gate-drc-abstract/magic-drc.log	11854	56e2f9771ea3558d62c3dfccbe3b5cc4923c66ac38974f64b3a546b6abe8f62b	lines=323;boxes=123
deck-magic-soc	paper8	text	hw/soc/pnr/runs/s77gate-drc-abstract/runtime.txt	12	06160d541a35fe81e241a90c48ab20e42ec22b40546ca7b04fe1022ead4dc83c	lines=1
deck-magic-soc	paper8	drcrpt	hw/soc/pnr/runs/s77gate-drc-abstract/reports/drc.magic.rpt	6059	6d434d3f6732139ed86c6b069e5378b0a60427fe6263659096f4f4e343055f74	top_cell=soc_top;boxes=123;divisor_note=Should be divided by 3 or 4
deck-inputs	paper8	text	hw/soc/pnr/runs/magic-drc-inputs/classify.py	5620	f3d5273d1910680fe82ff2849e884ac791e70b113ec107337d2acfeaa50dffab	lines=135
deck-inputs	paper8	text	hw/soc/pnr/runs/magic-drc-inputs/socwide.py	1008	0b926a35d80941b36a1cc1628038a807868a9e6532672805a905b4685e2423f4	lines=22
deck-inputs	paper8	text	hw/soc/pnr/runs/magic-drc-inputs/widem3.py	1401	7ed74a66c016fd507cc1dbf50930dbc1ba54cf682413bc144f7708d927c40d33	lines=23
deck-inputs	paper8	text	hw/soc/pnr/runs/magic-drc-inputs/mk_maglef.tcl	751	44c10291783efe892441033a9de958c28458ccc4e9cc6fedf2c4e79607adddb5	lines=18
deck-inputs	paper8	text	hw/soc/pnr/runs/magic-drc-inputs/run_abstract.sh	767	6f556946c4fa26c8c26ee9b5c02daaa7dedf16582af1056e25f1d9bfe78bec66	lines=17
deck-inputs	paper8	text	hw/soc/pnr/runs/magic-drc-inputs/run_full.sh	691	b975584f311d5d2b4627fdb2e0bb98896e28a0abb0cb596356c7a1fa9d695c9f	lines=16
deck-inputs	paper8	text	hw/soc/pnr/runs/magic-drc-inputs/run_macroalone.sh	681	2fb704db26fbc7f1b094f064153befa718577eb0b3da45ccd6dc37362e74df6b	lines=14
deck-inputs	paper8	text	hw/soc/pnr/runs/magic-drc-inputs/run_rom_alone.sh	679	49674ed3161a4495f5dcb9e04db197b56b56895048da71ba3dc45e74d353ae08	lines=14
deck-inputs	paper8	config	hw/soc/pnr/runs/magic-drc-inputs/drc_abstract.step.json	14610	bbf78ece0e962d5a23bb60f1b2df0c64e5b437cc3899424f19f7b0449eaae5c3	keys=93
deck-inputs	paper8	config	hw/soc/pnr/runs/magic-drc-inputs/drc_full.step.json	14296	3adf9ea3c3319b2c6497dabe1c5c190dce202a921b1a829272199f2a1fa41727	keys=93
deck-inputs	paper8	config	hw/soc/pnr/runs/magic-drc-inputs/drc_macroalone.step.json	8068	b6c144f99b2170b338fb2444357555cca2dc7be0f7d8432954f18e7c65dfad47	keys=93
deck-inputs	paper8	config	hw/soc/pnr/runs/magic-drc-inputs/drc_rom_alone.step.json	8068	d8bb4f449c793c641bef04a9cb5e5907a3d174283d47d0a4a5d6776f486da6ac	keys=93
deck-inputs	paper8	config	hw/soc/pnr/runs/magic-drc-inputs/macroalone.state.json	14060	fd001e22c04a16442697d76560c6c15c297ee496571fda35b675b45fc4e3daba	keys=17
deck-inputs	paper8	config	hw/soc/pnr/runs/magic-drc-inputs/rom_alone.state.json	14060	28647e73d6eb7c6aef339f1e0cf85d28a07cd9e562c9710c4f430f2438510594	keys=17
deck-inputs	paper8	config	hw/soc/pnr/runs/magic-drc-inputs/s77gate.final.state.json	14104	fcbefab1ea7ff90b743d0117825e19a3691ee0fda35e430fba6b3b7dc03b8524	keys=18
deck-inputs	paper8	text	hw/soc/pnr/runs/magic-drc-inputs/maglef/RM_IHPSG13_1P_1024x32_c2_bm_bist.mag	36114	964ca2bce0ff726ab021bb136962a60c0fb26a744431e4f3c99da050d29ed61e	lines=1189
deck-inputs	paper8	text	hw/soc/pnr/runs/magic-drc-inputs/maglef/RM_IHPSG13_1P_2048x64_c2_bm_bist.mag	69709	e9ac70a470f77b5fb1fbb690521cdfff1b8fde5d51c019e359255ba31976a650	lines=2219
deck-magic-bare	paper8	text	hw/soc/pnr/runs/rm2048x64-drc-alone/COMMANDS	291	29a05fb9ce705fe1bddcfcc190ac181fb28f18c7aa2b73b342d13aa8dcd922a9	lines=1
deck-magic-bare	paper8	config	hw/soc/pnr/runs/rm2048x64-drc-alone/config.json	8068	b69cd918275d4d3f9e2001af1a64116b7c05c97b27c33f4fd92b9a90e1fbe80b	keys=93
deck-magic-bare	paper8	config	hw/soc/pnr/runs/rm2048x64-drc-alone/state_in.json	14060	fd001e22c04a16442697d76560c6c15c297ee496571fda35b675b45fc4e3daba	keys=17
deck-magic-bare	paper8	drclog	hw/soc/pnr/runs/rm2048x64-drc-alone/magic-drc.log	6735	cf7400c2545e69e42becf507ca52acb80e6aff6d860cabd0d9a504ce55d2edf9	lines=174;boxes=8808860
deck-magic-bare	paper8	text	hw/soc/pnr/runs/rm2048x64-drc-alone/runtime.txt	12	ad7750fc92a7282048c85ddd0a467debdbd28f4dd177b58981695037d1e566a9	lines=1
deck-magic-bare	paper8	drcrpt	hw/soc/pnr/runs/rm2048x64-drc-alone/reports/drc.magic.rpt	356876139	ce514f08fa7b08ebc616181a0ae77e6ad6f165cb3c70b7131f0daba660f47104	top_cell=RM_IHPSG13_1P_2048x64_c2_bm_bist;boxes=8808860;divisor_note=Should be divided by 3 or 4
deck-magic-bare	paper8	text	hw/soc/pnr/runs/rm1024x32-drc-alone/COMMANDS	291	29a05fb9ce705fe1bddcfcc190ac181fb28f18c7aa2b73b342d13aa8dcd922a9	lines=1
deck-magic-bare	paper8	config	hw/soc/pnr/runs/rm1024x32-drc-alone/config.json	8068	fb3343bd66adedae5d9cad015d97bd6685cb547c8e411241c03176c92c9eb5c8	keys=93
deck-magic-bare	paper8	config	hw/soc/pnr/runs/rm1024x32-drc-alone/state_in.json	14060	28647e73d6eb7c6aef339f1e0cf85d28a07cd9e562c9710c4f430f2438510594	keys=17
deck-magic-bare	paper8	drclog	hw/soc/pnr/runs/rm1024x32-drc-alone/magic-drc.log	9354	ca9598014d17e100054d69bcc42ee2bd138eb6502c9ac2df9ef8e45220a2b350	lines=223;boxes=2210913
deck-magic-bare	paper8	text	hw/soc/pnr/runs/rm1024x32-drc-alone/runtime.txt	12	8f5bd6c7973397c646c17840c9af0634f3df88f2cdf2d36735284fe926b08906	lines=1
deck-magic-bare	paper8	drcrpt	hw/soc/pnr/runs/rm1024x32-drc-alone/reports/drc.magic.rpt	88501106	79faceed0db094a5d3aca1c43d291072c857f72a3422231026e20d9265737b17	top_cell=RM_IHPSG13_1P_1024x32_c2_bm_bist;boxes=2210913;divisor_note=Should be divided by 3 or 4
deck-klayout	paper8	lyrdb	hw/soc/pnr/runs/s77gate-klayoutdrc/reports/drc.klayout.lyrdb	3019444	5489ed8298fd39dbc09895bfeea7dbc86278c18f50ec6081f59f1d8383012170	top_cell=soc_top;items=9668;rules_declared=173;rules_fired=3;base_cells=60;outside_macro=0
deck-klayout	paper8	text	hw/soc/pnr/runs/s77gate-klayoutdrc/reports/drc.klayout.json	3095	80fd55a68a0c77967a86eb2e06e22f11589329db9adcd7ce8d4609f14622ffcf	lines=176
deck-klayout	paper8	log	hw/soc/pnr/runs/s77gate-klayoutdrc/klayout-drc.log	47098	9d5589c1f6de972a0373a75c7dab57e01f06c46c0a5175c2c60dceafdef3a01c	lines=591
deck-klayout	paper8	text	hw/soc/pnr/runs/s77gate-klayoutdrc/COMMANDS	461	c7eb40b887d45ea18eec43f72bc9da62bca0eb551593b744feccd48edde5255b	lines=1
deck-klayout	paper8	lyrdb	hw/soc/pnr/runs/s77gate-klayoutdrc/bare/RM_IHPSG13_1P_1024x32_c2_bm_bist.lyrdb	869360	8e8c5c69a8b64a02e6690ca10f19e2449f9a7cbad6a76572a84e3e14a2e945c4	top_cell=RM_IHPSG13_1P_1024x32_c2_bm_bist;items=2672;rules_declared=173;rules_fired=3;base_cells=57;outside_macro=0
deck-klayout	paper8	lyrdb	hw/soc/pnr/runs/s77gate-klayoutdrc/bare/RM_IHPSG13_1P_2048x64_c2_bm_bist.lyrdb	1133346	e881c66fe6d9463fc58c55741d592311bf9c2ffe45efcdd26f65a9558919925b	top_cell=RM_IHPSG13_1P_2048x64_c2_bm_bist;items=3538;rules_declared=173;rules_fired=3;base_cells=57;outside_macro=0
deck-klayout	paper8	log	hw/soc/pnr/runs/s77gate-klayoutdrc/bare/RM_IHPSG13_1P_1024x32_c2_bm_bist.log	44446	255b924ac3576c6727a83220207a00f907154b1db5b2264012472be5a65939e4	lines=556
deck-klayout	paper8	log	hw/soc/pnr/runs/s77gate-klayoutdrc/bare/RM_IHPSG13_1P_2048x64_c2_bm_bist.log	44577	9064ea2cfd6de645a210289ff369d3caa3778025146df16c79b620f1e7a1a298	lines=556
deck-klayout	paper8	lyrdb	hw/soc/pnr/runs/s77gate-klayoutdrc/control/ctrl.lyrdb	32557	b5277b60b7e70303f5fd565200db076ce289d1b46cbd1be9c62cbb4c5c4c5436	top_cell=ctrl_top;items=2;rules_declared=173;rules_fired=2;base_cells=1;outside_macro=1
deck-klayout	paper8	log	hw/soc/pnr/runs/s77gate-klayoutdrc/control/ctrl.log	44232	1e482d9492ba86a07476724fc9d2545dc8be846388ca4c55d5feabe4751c74d1	lines=556
deck-klayout	paper8	gds	hw/soc/pnr/runs/s77gate-klayoutdrc/control/ctrl.gds	302	d8efe720300f24f0795e0d88003d757a0fbe9537f3d9f469409e24d760bb511c	
deck-klayout	paper8	text	hw/soc/pnr/runs/s77gate-klayoutdrc/control/mk.py	685	0ef19f7015c0d0292f62010ddab332fd6f332f4c9e47b9ce0b384441d52a3105	lines=12
deck-klayout	paper8	text	hw/soc/pnr/runs/s77gate-klayoutdrc/analysis/control_split.txt	853	5880dc6ea00bfce7a5a8e7ddc98e91d047661a0f8ed7087393d08ac4d3a5e859	lines=23
deck-klayout	paper8	text	hw/soc/pnr/runs/s77gate-klayoutdrc/analysis/macro_cells.txt	5079	584ad68aaa398defba5fba48cf9314d097a00a618dc92ad1d115b89860b7ea1c	lines=205
deck-klayout	paper8	text	hw/soc/pnr/runs/s77gate-klayoutdrc/analysis/outside_cells.txt	867	dc4519a05a63cc0ead45e2fbc228cefafe7ca45feaf3718b50551691369c5e18	lines=61
deck-klayout	paper8	text	hw/soc/pnr/runs/s77gate-klayoutdrc/analysis/soc_cells.txt	5012	e517f21f46aa41a6eb887c386685d938bdf21bb308338cfda9bb6d1abf0fc8ee	lines=231
deck-klayout	paper8	text	hw/soc/pnr/runs/s77gate-klayoutdrc/analysis/soc_detail.txt	3319	f4be3670296da90fb2134503cbda441d46b19023fabffefdb532a6ec95b4da15	lines=97
deck-klayout	paper8	text	hw/soc/pnr/runs/s77gate-klayoutdrc/analysis/soc_split.txt	718	9f435e4661b4b6225a333ce5b377e6f90db77820e76cdbe72b00c8ac2e394cac	lines=23
deck-klayout	paper8	text	hw/soc/pnr/runs/s77gate-klayoutdrc/analysis/soc_vs_bare.txt	5414	89023a62cf924d487b6856a0ea46ea464368288e74d3bf69cf3992f07d64a03d	lines=68
deck-klayout	paper8	text	hw/soc/pnr/runs/s77gate-klayoutdrc/analysis/detail.py	1126	b96892f3e719494f17d8c7eb33a8fa25403cf94a60d8de4c7b1a75097e54be7a	lines=24
deck-klayout	paper8	text	hw/soc/pnr/runs/s77gate-klayoutdrc/analysis/gdscells.py	784	156562c22ba8428bcaa973650c78a86a3e4dda95bb8ac7e9b3156739bf336be5	lines=21
deck-klayout	paper8	text	hw/soc/pnr/runs/s77gate-klayoutdrc/analysis/gdslayers.py	627	8840b59b8f19a8188c1d1c6300f84d0465ed7749683ea12c98598ebfdc2ce7da	lines=16
deck-klayout	paper8	text	hw/soc/pnr/runs/s77gate-klayoutdrc/analysis/orient.py	1420	37a8da13c754b29f3954fede9642d4fa3f93e29463e6413342701234df968e1f	lines=31
deck-klayout	paper8	text	hw/soc/pnr/runs/s77gate-klayoutdrc/analysis/parse_lyrdb.py	2575	b55cea00f22e6bf5b5f5fdcd667299a0f9822473a0984c87556e81124b15c2bf	lines=74
lvs-77	paper8	text	hw/soc/pnr/runs/s77lvs-a-asconfigured/01-netgen-lvs/COMMANDS	138	01b6b46de8c9946a6ad4cca2708b050ee977b66428808598bdba7579146e157c	lines=1
lvs-77	paper8	text	hw/soc/pnr/runs/s77lvs-a-asconfigured/01-netgen-lvs/lvs_script.lvs	2266	9207ff420c69d2660b09a057ab4c22717058a4295f0066efe4904161f377dc5b	lines=13
lvs-77	paper8	config	hw/soc/pnr/runs/s77lvs-a-asconfigured/01-netgen-lvs/config.json	12144	b96c8e41e624308573f699c9cfb201c68e1efc409b7d217e1344fa0274f10435	keys=84
lvs-77	paper8	log	hw/soc/pnr/runs/s77lvs-a-asconfigured/01-netgen-lvs/netgen-lvs.log	299410	a3dd3dbb15d46ed400ba3966e8b1746b51492271d473a2a20dbed6b0f4bc84bf	lines=3248
lvs-77	paper8	lvs	hw/soc/pnr/runs/s77lvs-a-asconfigured/01-netgen-lvs/reports/lvs.netgen.rpt	50627335	c1cbb00dea5598d0c272197639985c8a9c171dab125623a09ee950e517b7fc7f	devices=62256;nets=61912;nets_circuit2=63658;result=Netlists do not match;mismatch_lines=1
lvs-77	paper8	text	hw/soc/pnr/runs/s77lvs-b-blackbox/01-netgen-lvs/COMMANDS	134	03dd3ad838f186ef5d38e1b4c0c67ef172dcb483af9c2562525d95c12935c869	lines=1
lvs-77	paper8	text	hw/soc/pnr/runs/s77lvs-b-blackbox/01-netgen-lvs/lvs_script.lvs	1488	ca96fca35e2c87854bedd60c541956451f8e44b308652102fc63ca6fdff33f9d	lines=9
lvs-77	paper8	config	hw/soc/pnr/runs/s77lvs-b-blackbox/01-netgen-lvs/config.json	11796	a9ae44cbe8819d9af0d26b3b8e70d705b8f5607fa5914933b81210534d911092	keys=84
lvs-77	paper8	log	hw/soc/pnr/runs/s77lvs-b-blackbox/01-netgen-lvs/netgen-lvs.log	67302	53505c833bceb44c2578c6ff2bfbb415e7c37b89630a07d06860a99241bec06a	lines=1353
lvs-77	paper8	lvs	hw/soc/pnr/runs/s77lvs-b-blackbox/01-netgen-lvs/reports/lvs.netgen.rpt	167894	8d17ecf7de68605816e80f1a0c2a6e761faf4f2a2c25e76181468ef108f17290	devices=62256;nets=61912;result=Circuits match uniquely;mismatch_lines=0
lvs-77	paper8	text	hw/soc/pnr/runs/s77lvs-b2-blackbox-checked/01-netgen-lvs/COMMANDS	143	aa894b939d9567a82d4ac07f4e84504f747f957056c75523299c351d8fa0136a	lines=1
lvs-77	paper8	text	hw/soc/pnr/runs/s77lvs-b2-blackbox-checked/01-netgen-lvs/lvs_script.lvs	1497	8bd12c29705a979daa5a99f0550dfc243722411676ec14be6218f3898b8ec565	lines=9
lvs-77	paper8	config	hw/soc/pnr/runs/s77lvs-b2-blackbox-checked/01-netgen-lvs/config.json	11796	a9ae44cbe8819d9af0d26b3b8e70d705b8f5607fa5914933b81210534d911092	keys=84
lvs-77	paper8	log	hw/soc/pnr/runs/s77lvs-b2-blackbox-checked/01-netgen-lvs/netgen-lvs.log	67329	ce04a915c0a6a5314230b608657fcdf1d1c42b81a1f6946c5dca7d9e9e621c73	lines=1353
lvs-77	paper8	lvs	hw/soc/pnr/runs/s77lvs-b2-blackbox-checked/01-netgen-lvs/reports/lvs.netgen.rpt	167894	8d17ecf7de68605816e80f1a0c2a6e761faf4f2a2c25e76181468ef108f17290	devices=62256;nets=61912;result=Circuits match uniquely;mismatch_lines=0
lvs-77	paper8	config	hw/soc/pnr/runs/s77lvs-b2-blackbox-checked/02-checker-lvs/config.json	11534	146b60aa992d315456e0a14def73060164000602c4c20c0183fe93be550a0899	keys=80
lvs-77	paper8	text	hw/soc/pnr/runs/s77lvs-c-ignorecells/01-netgen-lvs/COMMANDS	137	9ae0de8691e23795198e5ab71c339311f3233555ddd8100d653a82b254fb9517	lines=1
lvs-77	paper8	text	hw/soc/pnr/runs/s77lvs-c-ignorecells/01-netgen-lvs/lvs_script.lvs	2265	3637c2c01fd06627b3c9b69c009186cb9b642b53f703e8d52e8e2e640a9e849f	lines=13
lvs-77	paper8	config	hw/soc/pnr/runs/s77lvs-c-ignorecells/01-netgen-lvs/config.json	12234	5c85e318e15a6e648fc442ea866aa56e657297c2c59d2f2854c238b4600e5778	keys=84
lvs-77	paper8	log	hw/soc/pnr/runs/s77lvs-c-ignorecells/01-netgen-lvs/netgen-lvs.log	297791	095723176c770fd78b17e6b7948d1fb0523af84289bf12c61e179248889e7e85	lines=3217
lvs-77	paper8	lvs	hw/soc/pnr/runs/s77lvs-c-ignorecells/01-netgen-lvs/reports/lvs.netgen.rpt	78943	79fd49bd9bb85a81264e23c5b5928957d62e05b5a7a7a3fd5e1fff1a7622ead2	devices=62250;nets=61912;result=Circuits match uniquely;mismatch_lines=0
lvs-77	paper8	text	hw/soc/pnr/runs/s77lvs-d-delimiters/01-netgen-lvs/COMMANDS	136	720c2b6ab65bec12d786a59c5085e7ced02abb9c969e72ac5011a2d14e7527e7	lines=1
lvs-77	paper8	text	hw/soc/pnr/runs/s77lvs-d-delimiters/01-netgen-lvs/lvs_script.lvs	2060	2d1df964f2a1c84208b81d9a9cb03f85218f11b99ad7dcc10866b3856c3c156d	lines=13
lvs-77	paper8	config	hw/soc/pnr/runs/s77lvs-d-delimiters/01-netgen-lvs/config.json	12042	f33882732ad19a7d806b6aa79fc07451cc20032f90d052d6f860eba4ca9bfe6e	keys=84
lvs-77	paper8	log	hw/soc/pnr/runs/s77lvs-d-delimiters/01-netgen-lvs/netgen-lvs.log	76250	7e04bf01416f2289ded75ffa7fb691e56291e72baddf200b9be48db483c6351f	lines=1478
lvs-77	paper8	lvs	hw/soc/pnr/runs/s77lvs-d-delimiters/01-netgen-lvs/reports/lvs.netgen.rpt	50730503	1bf20e91431ca4d12fd43a883dcf0dadc23dc3d6f920e5888e8fd6e1b30debf9	devices=62256;nets=61912;nets_circuit2=61930;result=Netlists do not match;mismatch_lines=24
lvs-77	paper8	text	hw/soc/pnr/runs/s77lvs-e-normalised/01-netgen-lvs/COMMANDS	136	6c1e4385e7c3c8d732e5a171c78b56299761461b3a2362da817cfbdf19721c76	lines=1
lvs-77	paper8	text	hw/soc/pnr/runs/s77lvs-e-normalised/01-netgen-lvs/lvs_script.lvs	2068	ad430819d2373665064a27613cdfc71da1a33ec7e0d2b06ad1433cb6c951d272	lines=13
lvs-77	paper8	config	hw/soc/pnr/runs/s77lvs-e-normalised/01-netgen-lvs/config.json	12046	1724aeb7b3f11e096cc1adbd4acd713632c67e1cbd19d5a539ed71f5ef36c7af	keys=84
lvs-77	paper8	log	hw/soc/pnr/runs/s77lvs-e-normalised/01-netgen-lvs/netgen-lvs.log	76236	5c39e7f8528647843bcbad253ac5f5583af29462acfecd3cbda6cee7c31ea53f	lines=1478
lvs-77	paper8	lvs	hw/soc/pnr/runs/s77lvs-e-normalised/01-netgen-lvs/reports/lvs.netgen.rpt	50730503	c04e72d1dac2e17e6d65b149c362d83c0c66d4a8247bfee0ca302d4a5d3200ee	devices=62256;nets=61912;nets_circuit2=61930;result=Netlists do not match;mismatch_lines=24
lvs-77	paper8	text	hw/soc/pnr/runs/s77lvs-f-equateclasses/01-netgen-lvs/COMMANDS	139	6cce8fb79364c517b06b198de70c962cef7860e1938a76089d73db6d381a88f5	lines=1
lvs-77	paper8	text	hw/soc/pnr/runs/s77lvs-f-equateclasses/01-netgen-lvs/lvs_script.lvs	2267	60364e6a2085283e4f3f487d4f522a9c9733162506c6b88158662c579ce338e8	lines=13
lvs-77	paper8	config	hw/soc/pnr/runs/s77lvs-f-equateclasses/01-netgen-lvs/config.json	12099	55286d19481a99d4388b297ad85405eafbc717b48a34ac04767332a594df37ca	keys=84
lvs-77	paper8	log	hw/soc/pnr/runs/s77lvs-f-equateclasses/01-netgen-lvs/netgen-lvs.log	299757	d5cbc602fb17d1de2b98e9d4b9228c317265fa08ba471d8f4f39c2534f964065	lines=3252
lvs-77	paper8	lvs	hw/soc/pnr/runs/s77lvs-f-equateclasses/01-netgen-lvs/reports/lvs.netgen.rpt	50627335	c1cbb00dea5598d0c272197639985c8a9c171dab125623a09ee950e517b7fc7f	devices=62256;nets=61912;nets_circuit2=63658;result=Netlists do not match;mismatch_lines=1
soc-timing-factorial	paper8	netlist	hw/soc/pnr/runs/s81ptd/final/nl/soc_top.nl.v	11191590	f84d91d254eba7c4beccfe614315a72464c51ca309929643e6cb5125240d304c	lines=380415;cells=179365;flops=5872;macros=6
soc-timing-factorial	paper8	def	hw/soc/pnr/runs/s81ptd/final/def/soc_top.def	73088553	aff107d1f3e9b7f932661c66cbc23075f01b42f4c059cca7287b834b395bbeb6	units_per_um=1000;diearea=(00)(23064002075220);components=179365
soc-timing-factorial	paper8	gds	hw/soc/pnr/runs/s81ptd/final/gds/soc_top.gds	108928282	88cc0f45a1075d14c616d91723bdb034edb76015d10e1116a67166d0d798a06a	
soc-timing-factorial	paper8	metrics	hw/soc/pnr/runs/s81ptd/final/metrics.json	10169	14d274a28b959ff8311966c3b23d3dd21c34326756046e1e8f19b7f3437a6f2c	keys=193;die_um2=4786290;insts=179365;stdcells=66813;flops=5872;clkgates=3;stdcell_um2=946986;util=0.736103;setup_ws_slow=-3.355394279620113;setup_ws_typ=5.546507410350321;setup_ws_fast=10.46781357889395;setup_tns_slow=-1767.7226014435787;setup_vio_slow=2102;hold_ws_slow=0.5025497937816185;hold_ws_typ=0.18868507290668277;hold_ws_fast=0.013381629516567803;setup_bufs=274;hold_bufs=54;wirelength=3963364;drc=0;slew_vio_slow=30;cap_vio_slow=19;antenna_nets=0
soc-timing-factorial	paper8	config	hw/soc/pnr/runs/s81ptd/resolved.json	34044	93f680db649f2a5fc4ee2be194aba46e6872240f2b9a74e88a6d5a180c361e88	keys=411
soc-timing-factorial	paper8	netlist	hw/soc/pnr/runs/s81drv/final/nl/soc_top.nl.v	10988931	e8126d3bff078feee53d7b7af829baf99ed79988c9eefaccf86d343be7ca84e9	lines=373945;cells=175135;flops=5872;macros=6
soc-timing-factorial	paper8	def	hw/soc/pnr/runs/s81drv/final/def/soc_top.def	75279894	8943c354a14415ace505ec9508cb3b8f71404f867c8841ab5d95112c8fcdb4a6	units_per_um=1000;diearea=(00)(23064002075220);components=175135
soc-timing-factorial	paper8	gds	hw/soc/pnr/runs/s81drv/final/gds/soc_top.gds	112181372	cd088e4522312b7b1e4013a3e7a77c34e36eef3fa6b3ef07b4449c719365475f	
soc-timing-factorial	paper8	metrics	hw/soc/pnr/runs/s81drv/final/metrics.json	10327	d655e94cb3974ccc7b4d05ec3f36f7a07d6a3d41229192f3085ed1836eef4f18	keys=197;die_um2=4786290;insts=175135;stdcells=65432;flops=5872;clkgates=3;stdcell_um2=963147;util=0.739828;setup_ws_slow=-5.214497425892334;setup_ws_typ=4.026844749405448;setup_ws_fast=9.400988698040312;setup_tns_slow=-8748.568026974868;setup_vio_slow=3132;hold_ws_slow=0.4579352582306664;hold_ws_typ=0.19208601919420232;hold_ws_fast=0.041713522705560294;setup_bufs=311;hold_bufs=42;wirelength=4514672;drc=0;slew_vio_slow=653;cap_vio_slow=1140;antenna_nets=0
soc-timing-factorial	paper8	config	hw/soc/pnr/runs/s81drv/resolved.json	34044	35260c8ed61129bf91bc72e556172b26b7d6e1a4ca4f723a1e973757bcd7b79c	keys=411
soc-timing-factorial	paper8	netlist	hw/soc/pnr/runs/s81timing/final/nl/soc_top.nl.v	11226864	29e0354a778945d9656a7a82546f2f5a9c3cf40590dc13a324101bd08dab8ba1	lines=384215;cells=178111;flops=5872;macros=6
soc-timing-factorial	paper8	def	hw/soc/pnr/runs/s81timing/final/def/soc_top.def	74430455	f7827f3d1d9fab78e727c043c4c131141cc8bd7c13fac9ee0c66bf804eb8bee3	units_per_um=1000;diearea=(00)(23064002075220);components=178111
soc-timing-factorial	paper8	gds	hw/soc/pnr/runs/s81timing/final/gds/soc_top.gds	110942522	149a488b9f21d640383a075eb0698b87d426dd23f0c4ac2871175c9657e4e9ae	
soc-timing-factorial	paper8	metrics	hw/soc/pnr/runs/s81timing/final/metrics.json	10720	0d39c1862cf2e4f44ef0c777ab0427ccf887e279d459a1409997fab913fcd158	keys=207;die_um2=4786290;insts=178111;stdcells=69015;flops=5872;clkgates=3;stdcell_um2=993335;util=0.746785;setup_ws_slow=-3.030638936699411;setup_ws_typ=5.542370275154352;setup_ws_fast=10.0783020337399;setup_tns_slow=-2954.4740681315025;setup_vio_slow=2746;hold_ws_slow=0.47082405973266495;hold_ws_typ=0.20864000007105427;hold_ws_fast=0.04520284274833941;setup_bufs=97;hold_bufs=12;wirelength=4064218;drc=0;slew_vio_slow=99;cap_vio_slow=538;antenna_nets=0
soc-timing-factorial	paper8	config	hw/soc/pnr/runs/s81timing/resolved.json	34043	145eb32847875ecbdac1a1b366ca6f5a140944e874c448ea5152511c2502358b	keys=411
sta-slow-corner	paper8	sta	hw/soc/pnr/runs/s77gate/50-openroad-stapostpnr/summary.rpt	2774	9eb871feb5afc015960dfe6ddad34891e7369ab33499ccb809bbcf7fa6bc0eb6	lines=10
sta-slow-corner	paper8	sta	hw/soc/pnr/runs/s77gate/50-openroad-stapostpnr/nom_slow_1p08V_125C/clock.rpt	1306	cb063f06679bc6fc65d9cc85a7725a335d897c0c4bf2eb8c986e7420b0e26c58	period_min=24.68;fmax=40.52;lines=42
sta-slow-corner	paper8	sta	hw/soc/pnr/runs/s77gate/50-openroad-stapostpnr/nom_slow_1p08V_125C/wns.max.rpt	223	ed2cfb63618b9b0ff68e6a41aece391af7fc8a70fbf6f3b8060de09a954cb30c	nom_slow_1p08V_125C=-4.679915254453688;lines=5
sta-slow-corner	paper8	sta	hw/soc/pnr/runs/s77gate/50-openroad-stapostpnr/nom_slow_1p08V_125C/tns.max.rpt	223	b3e8e231e335e0bad49e32452db02be2ea6f4674f5c0bcbb018ba1fbf098b564	nom_slow_1p08V_125C=-8267.180653164209;lines=5
sta-slow-corner	paper8	sta	hw/soc/pnr/runs/s77gate/50-openroad-stapostpnr/nom_slow_1p08V_125C/ws.max.rpt	214	ebec53dba7673ba4e71db873b5f1cb0bb84947c5b38118ab7208f077bb4928b5	nom_slow_1p08V_125C=-4.679915254453688;lines=5
sta-slow-corner	paper8	sta	hw/soc/pnr/runs/s77gate/50-openroad-stapostpnr/nom_slow_1p08V_125C/violator_list.rpt	201328	bf1d31929e916aebc082a4e085518b4c9029299faa33ee5a59f4ecdc86641568	lines=3092;violators=3088
sta-slow-corner	paper8	sta	hw/soc/pnr/runs/s77gate/50-openroad-stapostpnr/nom_slow_1p08V_125C/max.rpt	35904041	b5437074d6af79a49c7e97831f3dde79ab250d119f0d303108de24e48e367786	startpoint=_82805_;endpoint=u_ram.g_ram_2048x64_ecc.u_b0;lines=441826
sta-slow-corner	paper8	sta	hw/soc/pnr/runs/s81ptd/49-openroad-stapostpnr/summary.rpt	2774	95855a1eac7d1730d6749dfd5c4b51e75710ab6412a15ebb939058f863f4a6a0	lines=10
sta-slow-corner	paper8	sta	hw/soc/pnr/runs/s81ptd/49-openroad-stapostpnr/nom_slow_1p08V_125C/clock.rpt	1283	2454d4ca054c3ad02568455e6057f663a1e949075744a39bfddaf1eaa3d6f6cc	period_min=23.36;fmax=42.82;lines=42
sta-slow-corner	paper8	sta	hw/soc/pnr/runs/s81ptd/49-openroad-stapostpnr/nom_slow_1p08V_125C/wns.max.rpt	223	5319a4fe6902d3bdf73a106f3d0a9901833076834990e0d37ef3b156cf36f48e	nom_slow_1p08V_125C=-3.355394279620113;lines=5
sta-slow-corner	paper8	sta	hw/soc/pnr/runs/s81ptd/49-openroad-stapostpnr/nom_slow_1p08V_125C/tns.max.rpt	224	3bc1591e87e51c96775026abc6f8035cfe33f22a3d0204c911c32be11b6c8787	nom_slow_1p08V_125C=-1767.7226014435787;lines=5
sta-slow-corner	paper8	sta	hw/soc/pnr/runs/s81ptd/49-openroad-stapostpnr/nom_slow_1p08V_125C/ws.max.rpt	214	fe441b655d545533559c02ecafe556f165dfc0da923218da3643c6b9c304fae3	nom_slow_1p08V_125C=-3.355394279620113;lines=5
sta-slow-corner	paper8	sta	hw/soc/pnr/runs/s81ptd/49-openroad-stapostpnr/nom_slow_1p08V_125C/violator_list.rpt	147041	36512509f180f1365aeedf48ed79d5ad92797ffe17dd906893326a29735d6fca	lines=2106;violators=2102
sta-slow-corner	paper8	sta	hw/soc/pnr/runs/s81ptd/49-openroad-stapostpnr/nom_slow_1p08V_125C/max.rpt	37697650	5d55c51710602bf78543d1ec4dd9869483bbb109bfd20ff9802cd5b5449d6415	startpoint=u_ram.g_ram_2048x64_ecc.u_b0;endpoint=_79693_;lines=462574
sta-slow-corner	paper8	sta	hw/soc/pnr/runs/s81drv/49-openroad-stapostpnr/summary.rpt	2774	ddd24a6240d2cf1c024ed1fbb07a8ac3a5902231e8dba354a1311b75cd42a97a	lines=10
sta-slow-corner	paper8	sta	hw/soc/pnr/runs/s81drv/49-openroad-stapostpnr/nom_slow_1p08V_125C/clock.rpt	1306	8129b542cef7e33275c226ae08a569a0e05dfef1d1fab642aef71c4c7debdc8d	period_min=25.21;fmax=39.66;lines=42
sta-slow-corner	paper8	sta	hw/soc/pnr/runs/s81drv/49-openroad-stapostpnr/nom_slow_1p08V_125C/wns.max.rpt	223	56390cd065bb376fb2846c8217238437fb98c0017c5ff83cb205873d84b0bc2f	nom_slow_1p08V_125C=-5.214497425892334;lines=5
sta-slow-corner	paper8	sta	hw/soc/pnr/runs/s81drv/49-openroad-stapostpnr/nom_slow_1p08V_125C/tns.max.rpt	223	c7b77dbd7407cccda9094ce9a8d54de9045c1aae9030e6559de3d98a24c1cebd	nom_slow_1p08V_125C=-8748.568026974868;lines=5
sta-slow-corner	paper8	sta	hw/soc/pnr/runs/s81drv/49-openroad-stapostpnr/nom_slow_1p08V_125C/ws.max.rpt	214	04e411fdeeb312aad6b04599ac00524a00b7184fa826cf47d0486526da3f6943	nom_slow_1p08V_125C=-5.214497425892334;lines=5
sta-slow-corner	paper8	sta	hw/soc/pnr/runs/s81drv/49-openroad-stapostpnr/nom_slow_1p08V_125C/violator_list.rpt	201031	7fafb890b68ba61a4499710586f2728730aafa061c3285e4aa340e325d188cc7	lines=3136;violators=3132
sta-slow-corner	paper8	sta	hw/soc/pnr/runs/s81drv/49-openroad-stapostpnr/nom_slow_1p08V_125C/max.rpt	40120300	15f6b8658a09c59dfc4bc4007658fbab5610c1a02849ba336f403f60612ed6e8	startpoint=_82809_;endpoint=_79066_;lines=495590
sta-slow-corner	paper8	sta	hw/soc/pnr/runs/s81timing/49-openroad-stapostpnr/summary.rpt	2774	fa7cc9553763ce0bada428039b57503d9d14d3d183c95fa2963f0e3c27a8f6ec	lines=10
sta-slow-corner	paper8	sta	hw/soc/pnr/runs/s81timing/49-openroad-stapostpnr/nom_slow_1p08V_125C/clock.rpt	1260	2653e9e67673e8f53a1b6e5624f61a8ed489c036a0e1ebd3debd996e2ab1ecbb	period_min=23.03;fmax=43.42;lines=42
sta-slow-corner	paper8	sta	hw/soc/pnr/runs/s81timing/49-openroad-stapostpnr/nom_slow_1p08V_125C/wns.max.rpt	223	44d97a2dfa1764d831ae7eab5909474da3249b96fd7860e0177f263c004529dc	nom_slow_1p08V_125C=-3.030638936699411;lines=5
sta-slow-corner	paper8	sta	hw/soc/pnr/runs/s81timing/49-openroad-stapostpnr/nom_slow_1p08V_125C/tns.max.rpt	224	423387b4317ce9c9fe15c256eeb75f9bb81f0eb67e191b26d2f64df12e2b9b19	nom_slow_1p08V_125C=-2954.4740681315025;lines=5
sta-slow-corner	paper8	sta	hw/soc/pnr/runs/s81timing/49-openroad-stapostpnr/nom_slow_1p08V_125C/ws.max.rpt	214	097843afababd28b907716001b8554feb6587160ae404f1b3293c5396631c38f	nom_slow_1p08V_125C=-3.030638936699411;lines=5
sta-slow-corner	paper8	sta	hw/soc/pnr/runs/s81timing/49-openroad-stapostpnr/nom_slow_1p08V_125C/violator_list.rpt	176096	f076425f8f629efbc007fc527c6e28acbc598929f59196470418c41d6ce61ae4	lines=2750;violators=2746
sta-slow-corner	paper8	sta	hw/soc/pnr/runs/s81timing/49-openroad-stapostpnr/nom_slow_1p08V_125C/max.rpt	43563848	e0cf02739a19547974ebcf77087ef61ba28ab57e6229570ac97723e4853936bb	startpoint=u_ram.g_ram_2048x64_ecc.u_b0;endpoint=_83069_;lines=535088
sta-compare-81	paper8	text	hw/soc/pnr/runs/s81-sta-compare/sweep.tcl	1436	519d994b575d64441af6b68ccf333c978a2112bf6e98c5c9b59aea7e59eff51d	lines=29
sta-compare-81	paper8	sweep	hw/soc/pnr/runs/s81-sta-compare/sweep.s77gate.txt	931	3caf566c809bafa7e5fa0bb05e3cf5c33d06a89a39a20c3e2e2220d772f219c3	wns_20ns=-4.6799;tns_20ns=-8267.18;endpoints_20ns=3088;periods=9;closes_at=25.00
sta-compare-81	paper8	sweep	hw/soc/pnr/runs/s81-sta-compare/sweep.s81drv.txt	931	4cc6fe9482a5a6ab4201d9b734ba721cab5b73c8d423ca067f5746f159314116	wns_20ns=-5.2145;tns_20ns=-8748.57;endpoints_20ns=3132;periods=9
sta-compare-81	paper8	sweep	hw/soc/pnr/runs/s81-sta-compare/sweep.s81ptd.txt	931	e248614e0cf075886bd3e24690c59f309a208614d661c3e3c8f424bb111c5c3d	wns_20ns=-3.3554;tns_20ns=-1767.72;endpoints_20ns=2102;periods=9;closes_at=24.00
sta-compare-81	paper8	sweep	hw/soc/pnr/runs/s81-sta-compare/sweep.s81timing.txt	931	f9efe1ffd28e95c954da84c6b1cb5e909123a9607dc29f8403e5dfd91623a699	wns_20ns=-3.0306;tns_20ns=-2954.47;endpoints_20ns=2746;periods=9;closes_at=24.00
sta-compare-81	paper8	text	hw/soc/pnr/runs/s81-sta-compare/drvscan.tcl	1405	2a4d484bbfe9fa7f9a1f96fa4434e86ee468f54d8efb26305cc5808a57ebd9d6	lines=31
sta-compare-81	paper8	log	hw/soc/pnr/runs/s81-sta-compare/drvscan.s77gate.txt	3344342	55fc5c4c73ed9c50b76236839a9b08090546e93cc9c5456aa6932cbaefcb0296	lines=50838
sta-compare-81	paper8	log	hw/soc/pnr/runs/s81-sta-compare/drvscan.s81drv.txt	1289326	1aaf2305ba89bd9f9a47d4962371d52f18072a12f32ea3830e03372ae283e758	lines=23258
sta-compare-81	paper8	log	hw/soc/pnr/runs/s81-sta-compare/drvscan.s81ptd.txt	1621670	b7e79535927ea378b827bf803a8891b580be6a8f94d7c84aa07cee3999fd3d86	lines=25908
sta-compare-81	paper8	log	hw/soc/pnr/runs/s81-sta-compare/drvscan.s81timing.txt	688402	d59cee706cced8d5fa1220beb00acb966f6fca9070586a28808ef324e6411934	lines=13485
docs-evidence	docs/89;docs/90	text	docs/evidence/apb-timeout-20260919.json	12760	4ff1846eef37e6d55a15c72044cfde45d0f93ef39b6dab92afb8c32f3de897f3	lines=141
docs-evidence	docs/89;docs/90	text	docs/evidence/baseline-density-and-rcx-20260923.json	18574	4adb0b810f0c0b6a57c94df47880301bb36b484cecdff55e645332a96df88ada	lines=195
docs-evidence	docs/89;docs/90	text	docs/evidence/can-ast-portability-20260921.json	2346	428ece77e951ab3f7f32af881fb608eca7516113fc88c309dc1da07373cfdd83	lines=47
docs-evidence	docs/89;docs/90	text	docs/evidence/can-bank-regmap-20260921.json	12471	5e617324152c62500a022d567908c49a1d2f843b883f36db9b798c3a723b9ca6	lines=302
docs-evidence	docs/89;docs/90	text	docs/evidence/ci-local-20260920.json	775	98a4fe74413c525a05e7e04fae6e32ecc1d19e77b6d99a0c15706514d29ca69b	lines=16
docs-evidence	docs/89;docs/90	text	docs/evidence/ci-local-d609e9a-20260920.json	775	029e98c6393c5b04f13994b19d890d3c5526d0468b1429572b7ac6ba6cdd0c18	lines=16
docs-evidence	docs/89;docs/90	text	docs/evidence/closure-20260919.json	5468	d257ceabe26e9e5ab2206c85fa1f50dd0d5aea90baf47c6adbca4a916051b875	lines=171
docs-evidence	docs/89;docs/90	text	docs/evidence/completed-icarus-executables-archive-20260920.json	6768	f6f83af2ddefd5677b4c129c7dc8391ecf420e875f1d12bf540c879eac2ce5ae	lines=165
docs-evidence	docs/89;docs/90	text	docs/evidence/core-fill-memory-controls-20260923.json	18771	9ba2c56476d3b69e9046370772226d9509c3ca4131e7f538962b6ab81e6e6a55	lines=163
docs-evidence	docs/89;docs/90	text	docs/evidence/core-pipeline-controls-20260923.json	7387	85f1feeca6a09511c2d14619121ec76402e8cd5589be1b02988e2079c157618b	lines=140
docs-evidence	docs/89;docs/90	text	docs/evidence/core-pipeline-native-boot-20260923.json	29458	922d31eed84bc65e11e837377beecab6c7b32b46a0a7a8fe5a0e5321e3fd773c	lines=500
docs-evidence	docs/89;docs/90	text	docs/evidence/core-request-pipeline-20260923.json	14738	c29b640c75a195e83d8c71f3fb31a7f4e835f4a0c49494c451ffda3bff7a752d	lines=185
docs-evidence	docs/89;docs/90	text	docs/evidence/core-writeback-branch-fix-20260923.json	6268	8dd548ef583e6c5564f7a0270b572e0cf844c3318b9570a1961978c02333c7d2	lines=109
docs-evidence	docs/89;docs/90	text	docs/evidence/crash-cocotb-20260919.json	4879	197e008e6450da7f020dc6ae53434b0162f4c90f92e2e5cb5a80d6c6df9c92b2	lines=91
docs-evidence	docs/89;docs/90	text	docs/evidence/crash-cocotb-launcher-20260920.json	4237	035e04d40b12e1a9fa515849abbe20e561ea916b68ce6470d89f264932dc51b8	lines=74
docs-evidence	docs/89;docs/90	text	docs/evidence/current-implementation-entry-20260922.json	19038	96e467ad7be65435d5e00a1b11ebeb331ea6b82158a3ee9d371c0a1e8199dd24	lines=247
docs-evidence	docs/89;docs/90	text	docs/evidence/current-physical-timeout-20260922.json	28299	562f24ef07aaccf3b456524d1dd813f2c41bbbdb0209a33adbd479cc390850b4	lines=341
docs-evidence	docs/89;docs/90	text	docs/evidence/delivery-validation-20260921.json	1934	e1a9159a81da7fa4568b5ebaa05a659b9d8f9769d907fc7b6a9320187b50218c	lines=46
docs-evidence	docs/89;docs/90	text	docs/evidence/developer-workflow-20260921.json	11085	bf24562f6b48cf461eb00a3cd4f653d9cce6095883d75e3416f6184a3787ad21	lines=238
docs-evidence	docs/89;docs/90	text	docs/evidence/digital-tool-bootstrap-20260920.json	1252	068215ca285076bd8c1a744fc34d080f74c3975e300c22327782b35a7288a386	lines=25
docs-evidence	docs/89;docs/90	text	docs/evidence/direct-peripheral-tests-20260920.json	5491	8478bf4aaf5149f9be56aaaba114a7500364b492d2037e64c8aaaac18373f02e	lines=171
docs-evidence	docs/89;docs/90	text	docs/evidence/document-site-ci-gate-20260921.json	3633	aeff506a080291b441e5c1d244fdd32401a4d4fc26c9db27b85aa0a1fc440476	lines=83
docs-evidence	docs/89;docs/90	text	docs/evidence/document-site-links-20260921.json	42381	3ce3993a0a41046045e0cb9e4d4129cd54560db8fe43b8ab27b616dbc855ec94	lines=891
docs-evidence	docs/89;docs/90	text	docs/evidence/eco23-route-archive-20260920.json	4466	20e350915e5d4e297c4ba79acd5dc52193ac6716af04f0a2481b695ac8c52bd9	lines=104
docs-evidence	docs/89;docs/90	text	docs/evidence/estimated-spef-integrity-20260923.json	15627	6a6f85c398a23e2cb7633f79b4124ab5b5a0cdcb83035b6eecd27d6499d9af06	lines=444
docs-evidence	docs/89;docs/90	text	docs/evidence/ethernet-20260919.json	5898	7b2de7670cb07ccfe7af9c725e40d991b3ca8fa37c1c5e1883334c8a78cfb67e	lines=44
docs-evidence	docs/89;docs/90	text	docs/evidence/ethernet-antenna-repair-20260920.json	2930	02c1c1fbbd55d11093c4540da07f7a8c718404ae5ea91e36029c67ca015df534	lines=61
docs-evidence	docs/89;docs/90	text	docs/evidence/ethernet-clock-repair-20260920.json	205314	d0a42cb68870f470dd75a8f80ce895dd7c0c0b24a94d411d2fa90b42784e79f1	lines=4385
docs-evidence	docs/89;docs/90	text	docs/evidence/ethernet-cpu-loopback-20260920.json	20162	2b253143ad6a2d681c9d196282b19d1ec322385d85a714660d032a9efcd87122	lines=469
docs-evidence	docs/89;docs/90	text	docs/evidence/ethernet-eco18-drc-20260920.json	14025	9d86796aeb5e284ee2952a7889e4467b8f6b804d4b9a72572223550317cb61f9	lines=142
docs-evidence	docs/89;docs/90	text	docs/evidence/ethernet-eco18-extracted-20260920.json	51934	afa3a471ee4c18c19846fe2c686bc0a4a8d74a2bd5ae623b8628ecf9676be34d	lines=1369
docs-evidence	docs/89;docs/90	text	docs/evidence/ethernet-eco18-lvs-20260920.json	4714	4dba7e805b36c518e1441e189c3a55e459e4dbc255d057344ce288099f38af4b	lines=117
docs-evidence	docs/89;docs/90	text	docs/evidence/ethernet-eco18-xor-20260920.json	3714	18252da93bb543a33e538bd425d31204d6b67eb4f08e94e1b971f126b1d6023d	lines=91
docs-evidence	docs/89;docs/90	text	docs/evidence/ethernet-eco2-extracted-20260920.json	33423	58adc3674f722800f2916146c46f0bc8ebde5e7b9985f45373806161541c3092	lines=1126
docs-evidence	docs/89;docs/90	text	docs/evidence/ethernet-eco2-lvs-20260920.json	2707	0ed62adc528e791a8f8530dbd555c94d26d201d45745c09083ffabe101836874	lines=57
docs-evidence	docs/89;docs/90	text	docs/evidence/ethernet-eco22-drc-20260920.json	13992	aa54227d924825d882a92519d1c8f46f3b37848e54623075c54145b8cdfc241b	lines=142
docs-evidence	docs/89;docs/90	text	docs/evidence/ethernet-eco22-extracted-20260920.json	30977	48aac6d6a98d8dd561a1209dcc46ec423e76dedc5945c195c7b65feadfa05d29	lines=736
docs-evidence	docs/89;docs/90	text	docs/evidence/ethernet-eco22-lvs-20260920.json	4678	47e1bd8777cc54f2d426c0876e5baf4f8cf6125b90f3edcf4504ecb5e40d96ed	lines=117
docs-evidence	docs/89;docs/90	text	docs/evidence/ethernet-eco22-xor-20260920.json	3673	cf9ad3e06418a1482896f6b5502b32fdfdedc108e466fb002c0a2d397ae068fa	lines=91
docs-evidence	docs/89;docs/90	text	docs/evidence/ethernet-eco23-jumper-20260920.json	20241	e5088920a13c73fbe88ecbf2a955d2b58f55a9d093f22512972872d95016e228	lines=407
docs-evidence	docs/89;docs/90	text	docs/evidence/ethernet-eco24-branches-20260920.json	41111	b367674e2adc75b7a165ba57d1a7e338c829d58c1d5fb3249e026187fe4cfff5	lines=1132
docs-evidence	docs/89;docs/90	text	docs/evidence/ethernet-eco25-drivers-20260920.json	23202	71ac62fc1470198e86a2983f9bdf4bb41e987ce571aed5deb7347c5bcdc7b49a	lines=582
docs-evidence	docs/89;docs/90	text	docs/evidence/ethernet-eco26-leaves-20260920.json	28968	02cfd899c7616df27b557f0f32a09ec166c7dd53c8e49fd4880dc00bb4fc311b	lines=732
docs-evidence	docs/89;docs/90	text	docs/evidence/ethernet-eco27-separated-20260920.json	40971	a69d2ffed9a833f3268568f90c8f77d1aedc4f3cc4da14454e00f2da2a567dcb	lines=989
docs-evidence	docs/89;docs/90	text	docs/evidence/ethernet-eco7-controls-20260920.json	7235	5536543bbe0dcfdc8f4899b41d3323b8cf32a2b07779b6087d921f59d634a9ce	lines=204
docs-evidence	docs/89;docs/90	text	docs/evidence/ethernet-eco7-extracted-20260920.json	25230	a90faf03aaad184382e361a87fd10b680317fdabef6d8845592e7e85aa0de362	lines=536
docs-evidence	docs/89;docs/90	text	docs/evidence/ethernet-eco8-estimate-20260920.json	8356	f62f6eae7e56f8220c5a4ede5538f5a31ad4a426531859211243add0ab0c5358	lines=188
docs-evidence	docs/89;docs/90	text	docs/evidence/ethernet-extracted-layout-20260920.json	9937	f7440b51369af88f49b2d82c881e9fc91a3b26ba93f46ca2d944de48118558f6	lines=232
docs-evidence	docs/89;docs/90	text	docs/evidence/ethernet-gate-baseline-20260919.json	20666	d6838a696206732c86c9d71e91a8e7fe4c452e721754cb8e7af533f6f52de849	lines=622
docs-evidence	docs/89;docs/90	text	docs/evidence/ethernet-lvs-20260920.json	2814	e734573a6596abd98c31b3e979c6b6b5864fedc75a2bc3dca6a169230e484db2	lines=57
docs-evidence	docs/89;docs/90	text	docs/evidence/ethernet-mux-eco-20260920.json	34667	4f770538065789efe6057fd6c9ae12101847fcab5cf888021ee0e0f0922c6f59	lines=961
docs-evidence	docs/89;docs/90	text	docs/evidence/ethernet-netlist-20260920.json	11446	3efe8d0d1c833f21d56ec914fd75f72d320c080bbfda98654fe3073f4db2dd49	lines=143
docs-evidence	docs/89;docs/90	netlist-gzip	docs/evidence/ethernet-netlist-20260920.v.gz	2185152	3cb8113f956f6abffa07a88b7c7da9eb57c53795d383d7d117b465faa3101fda	
docs-evidence	docs/89;docs/90	text	docs/evidence/ethernet-sram256-20260919.json	51490	f2e3b128a8db6d35292622c6175f51ff88b118c56fbb3a49ed91fc2d29edeace	lines=312
docs-evidence	docs/89;docs/90	text	docs/evidence/external-irq-20260920.json	22913	413f084a02c43fe684e99c2219765c17c55529b0cdfddc5ea747c406837ede3c	lines=592
docs-evidence	docs/89;docs/90	text	docs/evidence/formal-scrub-invocation-20260921.json	3547	7be3d0a4a0cf5c80b739397a9906f59f31eb9f741f24394853075d385c9fadce	lines=60
docs-evidence	docs/89;docs/90	text	docs/evidence/formal-sweep-3c5045f-20260922.json	89440	490f3c614ae571bcfe4d22fbf0186a56a21869dc2051dc9e35eb45a5c4fb0528	lines=1542
docs-evidence	docs/89;docs/90	text	docs/evidence/formal-sweep-completed-20260921.json	172093	0e1de9b4fab0d5e752d388d1dfa57fe3f4f09c33263f09e0ddf99dbd8eef9fe7	lines=2986
docs-evidence	docs/89;docs/90	text	docs/evidence/fresh-clone-0727236-20260920.json	3421	23a1bf84f19e6d2615ee3e0e83162315d2046e9300df53d27f27bb388d0fa41e	lines=89
docs-evidence	docs/89;docs/90	text	docs/evidence/fresh-clone-091423c-20260921.json	3813	7a47172454147738be5822c0b93dce643ca16c2b3e0ebad9fb75daee8b6fb1b8	lines=96
docs-evidence	docs/89;docs/90	text	docs/evidence/fresh-clone-0a79a3b-20260920.json	15025	177493863f23a9306bc4a6ebb988870d9fb4ea4bc09a8d779ea7252a7dd94f6f	lines=155
docs-evidence	docs/89;docs/90	text	docs/evidence/fresh-clone-1c31426-20260920.json	3486	f9a0143c70fce685d51dd88bd8a0bc93429a717f64041df425fccb17707349d1	lines=91
docs-evidence	docs/89;docs/90	text	docs/evidence/fresh-clone-328021c-20260921.json	3687	1310f88341af89096ecfe488a09b3359e4c785b44361acdf6b2cd682d4f5b651	lines=95
docs-evidence	docs/89;docs/90	text	docs/evidence/fresh-clone-3b20b20-20260921.json	3687	3fb3db5b8481108f7e885f7f7a3c6477e428a87d76248ea7dbadb740f5aa3d75	lines=95
docs-evidence	docs/89;docs/90	text	docs/evidence/fresh-clone-4475b63-20260920.json	3680	817383a5ccee70d01f3dd6ae38f800d8c40a376b4b59f9ae21998ba62d56528a	lines=95
docs-evidence	docs/89;docs/90	text	docs/evidence/fresh-clone-4d4b948-20260921.json	3688	4d23eb38b1fdb12669c0d3553506ce935d643be6522d791b6091fd354cc35b91	lines=95
docs-evidence	docs/89;docs/90	text	docs/evidence/fresh-clone-50b760f-20260921.json	3687	eb9cfe6df30caa43e0ab877ae1c6b8cd565a36c3236bf75c448b7a969ee26095	lines=95
docs-evidence	docs/89;docs/90	text	docs/evidence/fresh-clone-5675eea-20260920.json	15449	a15b40fa3806ab770a5ef5a6d701f279b34add6f4bc3ab423accb2e4034987fe	lines=169
docs-evidence	docs/89;docs/90	text	docs/evidence/fresh-clone-7d2484c-20260920.json	3311	2ff9172ddb1f9c01cf92016d9a719a3d6ac4f47f543adb8517132f47b98a11c9	lines=89
docs-evidence	docs/89;docs/90	text	docs/evidence/fresh-clone-7dd103d-20260920.json	14962	bd7a0c4d6292d9a0cace967a5ea3d37ac665f9c1be69f2a3675b00ccd5b6f326	lines=155
docs-evidence	docs/89;docs/90	text	docs/evidence/fresh-clone-82ab25c-20260920.json	14822	1fde2cd18072cee0cb55fdfa75b1028552efeb964d2f1a57350b212004135453	lines=155
docs-evidence	docs/89;docs/90	text	docs/evidence/fresh-clone-84a049d-20260920.json	15118	e04528f6c1c633780e6decab9838f283cf6cc8b17213dc64a3122f6e694db6ff	lines=155
docs-evidence	docs/89;docs/90	text	docs/evidence/fresh-clone-860fce3-20260920.json	15219	4473a30385c9469ef9b5a570bd39052afc8d1c09c0304de793d2f18c0fd959f3	lines=155
docs-evidence	docs/89;docs/90	text	docs/evidence/fresh-clone-9ffe83b-20260921.json	3688	b4b0916c74b337825db08347f303b85732dbff082a8a699bff21175db579cfcd	lines=95
docs-evidence	docs/89;docs/90	text	docs/evidence/fresh-clone-a79af62-20260921.json	3688	d86cc5c517ed177758f0f626f9c94f9ad85097891ca30bb1177deb249d208010	lines=95
docs-evidence	docs/89;docs/90	text	docs/evidence/fresh-clone-ba9297a-20260920.json	15147	3dca3e5e9e93d1ea8c4998ab8aeb01c47b83ea9d80d6e56a1e62ae3968f2986b	lines=155
docs-evidence	docs/89;docs/90	text	docs/evidence/fresh-clone-c1a6f7a-20260920.json	3685	6bc5c530b30cc8c009d09e7edcee48d0468be540256e48c7c04b5cd6851b528a	lines=95
docs-evidence	docs/89;docs/90	text	docs/evidence/fresh-clone-c830d72-20260921.json	3687	19c809509c86068559b46a73928ff6989477cee48f13bc98a45b2ea7d74ad8cf	lines=95
docs-evidence	docs/89;docs/90	text	docs/evidence/fresh-clone-c966a43-20260920.json	14404	ded62394d931a9f33447f7dacef5d30de22c0b9663776a3a6a487a8c08609c8b	lines=150
docs-evidence	docs/89;docs/90	text	docs/evidence/fresh-clone-cfa6c2e-20260920.json	14769	16be4356a724090f05e616993ccc3f3aa98d6d8f6788e02c380519deb3fae451	lines=155
docs-evidence	docs/89;docs/90	text	docs/evidence/fresh-clone-d93e64d-20260920.json	15065	52d78197e499461cc285dab04fcc1969574cecf6951fc6fb153f897f94b80c8f	lines=155
docs-evidence	docs/89;docs/90	text	docs/evidence/fresh-clone-df0c190-20260920.json	14500	14acb244f71c03d5b2a298e2bb2929e925d2bd39df5094ad700dbd19fc6c4368	lines=150
docs-evidence	docs/89;docs/90	text	docs/evidence/fresh-clone-e5575b4-20260920.json	3315	69fba11a4a731cec990f963e0268efeda51308435da6cdf6d4c469036f481562	lines=89
docs-evidence	docs/89;docs/90	text	docs/evidence/fresh-clone-netlist-20260920.json	15333	ce004a9b13cd2c1543597ed85c8f38ab27e57a48c325abcba966cde25e80a4c5	lines=169
docs-evidence	docs/89;docs/90	text	docs/evidence/full-chip-transistor-lvs-20260923.json	18861	fc826a56fed2cae92a20592b8ba9f01b9b526a8242c3f37d2899f7f9ce02de54	lines=219
docs-evidence	docs/89;docs/90	text	docs/evidence/full3/metrics.json	10147	d6ea2cbd0825eab95134085841aad8b698a700aeaaf92dad6f8e9d700f09d2ba	lines=193
docs-evidence	docs/89;docs/90	text	docs/evidence/full3/resolved.json	31408	6ed33591113bd5c4140e05910f73effe8a4ac679d14760de8e9b42ca050b4f2b	lines=746
docs-evidence	docs/89;docs/90	text	docs/evidence/g0gates2/metrics.json	10149	d6adfb72a46e22074f18b89b39259d4a727514e2668fd0dab55af11f8bf00418	lines=199
docs-evidence	docs/89;docs/90	text	docs/evidence/g0gates2/resolved.json	21599	98e2b3addf0e6a9ddacfbd12cc755ee010008a62549dc3e7680de86ff479af90	lines=574
docs-evidence	docs/89;docs/90	text	docs/evidence/gdsfill-controls-20260923.json	30894	fe04127aa10ae82b7e5e9c81abfbce6cefcd56c31c9ad0cd1238cf8b9fbb0a79	lines=390
docs-evidence	docs/89;docs/90	text	docs/evidence/generated-clock-corner-isolation-20260920.json	22152	e2bbe88865ba06a6d1131f7c2467da6c32c3c2295b82c8e421e241882e2c5c55	lines=589
docs-evidence	docs/89;docs/90	text	docs/evidence/github-ci-c02aa79-20260920.json	2326	e4d299cee36742fc80988aeb8fb4259e0ecd363d1b52dbd2fa412a6d692e1ae9	lines=80
docs-evidence	docs/89;docs/90	text	docs/evidence/global-route-segment-replay-20260923.json	16103	675dba69b8201ded6204c5db0f4b2d4542753b19de0d3794d2c53bebc3627f09	lines=173
docs-evidence	docs/89;docs/90	text	docs/evidence/gptimer-registers-20260921.json	49660	131c58d9cdc95349bf4ed623d9be046bc2420ae92a44bd319e8123cbb24cbd0a	lines=677
docs-evidence	docs/89;docs/90	text	docs/evidence/hal-remaining-probes-20260921.json	18458	72e00d2c14b6c9f648306e1a226f89d2ed92ca1ab5dd7a3735b0709b53c9f2c9	lines=378
docs-evidence	docs/89;docs/90	text	docs/evidence/halo-lift3-drc-20260920.json	11094	dae26b1f623ed32119cb6054cfc60ca5e149aa49c421d427060deba3c0104dd7	lines=133
docs-evidence	docs/89;docs/90	text	docs/evidence/halo-lift3-magic-20260921.json	138893	08c39cef5f5c997307f183a921b7195c77c70627e0046c55f9e83cf534cfc334	lines=5045
docs-evidence	docs/89;docs/90	text	docs/evidence/halo-routing-recovery-20260920.json	9415	c9bdb74ef2755f23e5ef982773ac126f1668df91b17146415b6871d2e79e5dce	lines=199
docs-evidence	docs/89;docs/90	text	docs/evidence/historical-recovery-20260920.json	14455	47f3f4084b3595176aba65a1d9e1f112ad576be05804c0ffd2dacea91d92d8a6	lines=236
docs-evidence	docs/89;docs/90	text	docs/evidence/historical-recovery-controls-20260920.json	1909	14f94f9da99e41520e04ad2bafe433fe5a8ce04b9217ebe6102010d1384b2dc9	lines=42
docs-evidence	docs/89;docs/90	text	docs/evidence/hosted-formal-inventory-20260921.json	4505	c6f9a05a22a9df576eb62178287621eb336e94fe17b7754f8a982c8aeaeae14c	lines=111
docs-evidence	docs/89;docs/90	text	docs/evidence/hosted-memory-parity-20260920.json	9764	119770adcd6ca86992ba0bb9370f94e2bbad2744d32958d26f0a080bb69f452f	lines=251
docs-evidence	docs/89;docs/90	text	docs/evidence/hosted-native-hal-20260921.json	42573	2ec7f4c4b528328030a42e0fb308d117b0b73d0e6dd490efe8e9a4dd5813957f	lines=764
docs-evidence	docs/89;docs/90	text	docs/evidence/hosted-native-interfaces-20260921.json	17107	d86443b4b97b9a99dacf28cbba15a904ac4b189be189098b0d9d75b9faae6351	lines=331
docs-evidence	docs/89;docs/90	text	docs/evidence/hosted-native-startup-20260921.json	17028	9f816a777babb4adecedb8b34aa326348836936edd2098ebeda1d6661ae8b5da	lines=332
docs-evidence	docs/89;docs/90	text	docs/evidence/hosted-uart-receive-20260921.json	6987	71255012e12dc0773f1bbdf107da9d7e6d71dcab67813bddbe4d02a41f1d98e8	lines=135
docs-evidence	docs/89;docs/90	text	docs/evidence/ihp-drc-gate-20260920.json	19961	ea79237ccbfcf5dc24a51015a6f91fd0bb223e2249d19c30e780b64203732e94	lines=274
docs-evidence	docs/89;docs/90	text	docs/evidence/ihp-full-chip-drc-20260920.json	17932	5c7a63b9bf1329dfb7cb18eaedbeee86db3735291057733243606c568e49f063	lines=422
docs-evidence	docs/89;docs/90	text	docs/evidence/ihp-macro-update-check-20260919.json	6366	da01b7bd9fb82ad328193450f743fa14ebb87c37a7a0d9c75c291fde086adf49	lines=155
docs-evidence	docs/89;docs/90	text	docs/evidence/ihp-magic-full-chip-20260920.json	224651	29a17c309351a79c8025b3b4cd395d1ba7363264ae70066d5103a3adbf3204ad	lines=7765
docs-evidence	docs/89;docs/90	text	docs/evidence/ihp-magic-sram-followup-20260920.json	18532	fe88e4907f6b7995b2602a28b607c9f186e4f156eb8a485a5f0297d3b0cd855c	lines=417
docs-evidence	docs/89;docs/90	text	docs/evidence/ihp-routing-halo-20260920.json	390376	dbe7072c1818eecd75ce6d33e26de852b9b44ea122201f3b6c1bc60a6fd6e24d	lines=16215
docs-evidence	docs/89;docs/90	text	docs/evidence/ihp-routing-halo-magic-20260920.json	142019	94005046b1afc26bf5a4a281486692324ef3915543650925f32f74996d95499a	lines=5157
docs-evidence	docs/89;docs/90	text	docs/evidence/ihp-two-net-route-20260920.json	8949	588a741e5716a47cc4e80473e5d28980f4bca005b0cbd7220d9319482f45eb4d	lines=207
docs-evidence	docs/89;docs/90	text	docs/evidence/ihp-upstream-drc-20260920.json	11159	ab1363431ce598b50da7d54f5252a573ebcf8375d406fb10eefa7f0adb5190b8	lines=273
docs-evidence	docs/89;docs/90	text	docs/evidence/inactive-native-view-archive-20260920.json	1864	080000c30eac6c5fda076977d9605ba05c7bc18a449c24eedfed04b65b51f7ba	lines=39
docs-evidence	docs/89;docs/90	text	docs/evidence/incremental-electrical-20260923.json	10031	c16fa24ac622210f3d84b0dd3aed26eded431ff5fe5ef86fffb87d7027437d91	lines=128
docs-evidence	docs/89;docs/90	text	docs/evidence/incremental-multicorner-20260923.json	21941	fce60670e5524d0f5fb0cb8b10629b9a00dc26f871509c2632a45829ee2ebe89	lines=275
docs-evidence	docs/89;docs/90	text	docs/evidence/interface-profiles-20260921.json	7280	36f09684821d827165ec5e90d826dfc08e83be381db397dcc59717678fdb661e	lines=137
docs-evidence	docs/89;docs/90	text	docs/evidence/interfaces-20260919.json	51079	1b45e3fc685cee93d1c869937f555838cdbc52c76646fc15a36c58f3566269c6	lines=1096
docs-evidence	docs/89;docs/90	text	docs/evidence/interfaces-eth-pnr2-postcts-config.json	20260	211359db97a46da72ce97fa4dffb45e8aa15ccf2f2e735aa13ffc6a079162c06	lines=487
docs-evidence	docs/89;docs/90	text	docs/evidence/interfaces-export2-20260919/metrics.json	13014	fbf4a0db4edeaa57dc13be0c6d4ebd354e6679fc848f19fdc1248bee606ba407	lines=263
docs-evidence	docs/89;docs/90	text	docs/evidence/interfaces-export2-20260919/resolved.json	34529	9fa4654570f54155599df1702d9912713ff0399c53a0758f6183f80dde4cf23e	lines=813
docs-evidence	docs/89;docs/90	text	docs/evidence/interfaces-kdrc-20260919/metrics.json	13054	bc4d0acda08cb7227d307f7ace532fa19d4b3411fc539dbe84a9bf28d831e0cc	lines=264
docs-evidence	docs/89;docs/90	text	docs/evidence/interfaces-kdrc-20260919/resolved.json	34179	c55b0c81d68a6e17e8be3f6f623de6ef30e6e0c6a0d1fd7451518fd625df11a1	lines=810
docs-evidence	docs/89;docs/90	text	docs/evidence/interfaces-lvs-20260919/metrics.json	13315	863b93082a291e7a5a9cb1304d2495026ee8711431cfa178378bf4aa972a2716	lines=270
docs-evidence	docs/89;docs/90	text	docs/evidence/interfaces-lvs-20260919/resolved.json	34178	54cbc95ad5a07bfbd12c3fe1c48783a0b11bfef75bc431fc69e61de069852906	lines=810
docs-evidence	docs/89;docs/90	text	docs/evidence/interfaces-mdrc-20260919/metrics.json	13050	047194d2df459644b23b4f2916fe1e73288f7b719e4dd7d3f03540d0cb778146	lines=264
docs-evidence	docs/89;docs/90	text	docs/evidence/interfaces-mdrc-20260919/resolved.json	34178	54cbc95ad5a07bfbd12c3fe1c48783a0b11bfef75bc431fc69e61de069852906	lines=810
docs-evidence	docs/89;docs/90	text	docs/evidence/intermediate-geometry-archive-20260920.json	6526	1677c694011056b275d0f26c7e5aea2ad8c3079b247a6688afca5e226b2cbf80	lines=143
docs-evidence	docs/89;docs/90	text	docs/evidence/local-geometry-archive-20260920.json	9830	aa1e8bea1e3d811d07028d3e06b5ca563219047ac3546e1e83fa8ff78cfcc276	lines=221
docs-evidence	docs/89;docs/90	text	docs/evidence/local-regression-2fe5503-20260921.json	2190	fbd90755abf6c570ba5545e4a47abde3849d0e19045ea1c41921dc40469da66f	lines=58
docs-evidence	docs/89;docs/90	text	docs/evidence/logic-boot-rom-integration-20260920.json	13418	efd7c087b46257a79df5152cc42ac3a8c666a982196e58a2cbb636f85b348381	lines=295
docs-evidence	docs/89;docs/90	text	docs/evidence/logic-boot-rom-prototype-20260920.json	7135	26cfdc52f71d86df05ac2c475db01a129c2ea41e644c77ae774a16b10e5e959c	lines=149
docs-evidence	docs/89;docs/90	text	docs/evidence/logicrom-derate-correction-20260920.json	14070	4138d9d0c11276df7e9832207d9caac394dabd2ce91e4cea4ff3d669d460ba1d	lines=242
docs-evidence	docs/89;docs/90	text	docs/evidence/logicrom-eco1-fanout-20260920.json	411416	02604b67231edb5e28199c802fc3eba88a35cc84efbde8698f36ba7f6bf5cda6	lines=11644
docs-evidence	docs/89;docs/90	text	docs/evidence/logicrom-eco2-electrical-20260920.json	66515	4ce03dcb44bf76d7932aaaa37864543dd16904438a4b7344055f2d8487d77622	lines=1571
docs-evidence	docs/89;docs/90	text	docs/evidence/logicrom-eco3-electrical-20260920.json	56752	61c1f60d19a9d9f30a649b77098f0fec7fd89d5820127b9638cc1325513bc18d	lines=1281
docs-evidence	docs/89;docs/90	text	docs/evidence/logicrom-eco4-sizing-20260920.json	58092	65cd2ad908bde8da4b2df63e6bb1baa86dd0c903535b45aceab3eef94cd67a2b	lines=1361
docs-evidence	docs/89;docs/90	text	docs/evidence/logicrom-eco5-sizing-20260920.json	65447	f64218d96a75a081b8437a66b354d67e1cd7b8941b4df41a05f99cb0798949f6	lines=1701
docs-evidence	docs/89;docs/90	text	docs/evidence/logicrom-eco6-buffering-20260920.json	64238	e61cbceffeac8967a4ed12429d11aa5ce13df9baae695790e974a9fbef89c20d	lines=1655
docs-evidence	docs/89;docs/90	text	docs/evidence/logicrom-eco7-electrical-20260920.json	57837	c8afb5d77fcb3d82cbac0ede37749e686409fb0aa73272ea59f67876a9ee91c6	lines=1392
docs-evidence	docs/89;docs/90	text	docs/evidence/logicrom-eco8-global-20260920.json	53457	4ea0bd49204b864334932a2c4e49b80a48afd4b0e64080b136200f10f83eb0c2	lines=1183
docs-evidence	docs/89;docs/90	text	docs/evidence/logicrom-functional-model-control-20260920.json	6739	f8bb1a106315d935c69d556c95c875f205a127e8ee8172be134275b288563c52	lines=111
docs-evidence	docs/89;docs/90	text	docs/evidence/logicrom-startup-clear-fallback-20260920.json	4115	1bd5a883fabf2860f6553807be93751549419d133c4e1a2e051b3a2c42b88541	lines=100
docs-evidence	docs/89;docs/90	text	docs/evidence/logicrom-startup-clear-native-pass-20260920.json	17653	3fc3d8449b44c7b08b592af695179083ae21208534328e6f01014b340896f5dc	lines=265
docs-evidence	docs/89;docs/90	text	docs/evidence/logicrom-startup-clear-progress-20260920.json	6200	58d462a67b437d11a6f29b37ee338179d403eb0a122c581cc8586dd0ff84e35f	lines=141
docs-evidence	docs/89;docs/90	text	docs/evidence/logicrom-startup-counter-diagnostic-20260920.json	4579	f006041cfc0f91b795821007a1cc793b50182403b1fde3d90c7b951813950a43	lines=67
docs-evidence	docs/89;docs/90	text	docs/evidence/logicrom-whole-gl-failure-20260920.json	8714	a0fd2f60ef8a622b7ba7e040ac08ab994ef60bfe90c20f5690c6aae296e351cf	lines=152
docs-evidence	docs/89;docs/90	text	docs/evidence/macro-energy-20260921.json	90740	fab54f95c96e16952cc2616f81159d7716cfec6875c59c7a59fe8029e1d8c2c2	lines=2647
docs-evidence	docs/89;docs/90	text	docs/evidence/mapper-independent-census-20260921.json	5542	0ba0ce471cd9074e872f89215bbdbf249fd94c1767fd4f1905bb9877eea7b045	lines=121
docs-evidence	docs/89;docs/90	text	docs/evidence/memory-parity-20260920.json	22078	8d4990e1c0f94ced05b575baa12473431250c45f5e314926fe309224880502f1	lines=460
docs-evidence	docs/89;docs/90	text	docs/evidence/must-connect-lvs-controls-20260923.json	17144	9d3af34cb3db802eb357af2d6fcf846d66474f7d802028909081a322aaf888da	lines=324
docs-evidence	docs/89;docs/90	text	docs/evidence/native-boot-hosted-alias-20260920.json	11592	38dc1549f59eb2eb788092030360e349ba5c45e50c91e7dc1b24a72b30a15206	lines=176
docs-evidence	docs/89;docs/90	text	docs/evidence/native-boot-hosted-npu-failure-20260920.json	10403	91a81d2d52d28c003975e3935ec52ab0adf1a4c690adf48c87932fd57e65a248	lines=228
docs-evidence	docs/89;docs/90	text	docs/evidence/native-boot-hosted-preparation-20260920.json	4802	7b920d4f70c202a508597d10dfe69e9c9ccdefcd0dcc926e814a065bfb2be0f8	lines=89
docs-evidence	docs/89;docs/90	text	docs/evidence/native-boot-preparation-20260920.json	5459	892e30ee6f569b2a4800c1cdada827e15c5ce39ee3a03a5d299223f438e8eb9b	lines=126
docs-evidence	docs/89;docs/90	text	docs/evidence/native-cell-simulator-gate-20260920.json	8956	ab9d647af21cd150af026423d26af9870f3b965bf70b4980c623c3f8e3ec6012	lines=192
docs-evidence	docs/89;docs/90	text	docs/evidence/native-derate-guard-20260920.json	3659	0d86b59bce4404ef75bded4adc4dabe1fc80aa98c5e0e1489e805e2f7aab70fa	lines=60
docs-evidence	docs/89;docs/90	text	docs/evidence/native-intermediate-archive-20260920.json	16272	1c5176455b6ed6106453d476f36f8b0cee44f4ce75d47fb57e7938869d53862a	lines=349
docs-evidence	docs/89;docs/90	text	docs/evidence/native-recovery-1d99a78-20260922.json	57650	9cf558c039bb4ee478fdca868b014e80370076b05ad5f26a6e3b01ec7b730650	lines=1103
docs-evidence	docs/89;docs/90	text	docs/evidence/native-recovery-completed-20260921.json	60032	6c3d2284d8980947e126eb37229011f4c3b0baf3bfb1f371d682490934c5cbdb	lines=1156
docs-evidence	docs/89;docs/90	text	docs/evidence/npu-native-startup-20260921.json	23774	151f141732ead00fdb938d85f0688f9c50310cc245c4c9c5fa8d5a021f428f02	lines=437
docs-evidence	docs/89;docs/90	text	docs/evidence/npu2/metrics.json	10163	d769feaa8ba2028c6df0bbfcb820a61a7a44c1ce117c5229da7c019aa9a5c9c9	lines=195
docs-evidence	docs/89;docs/90	text	docs/evidence/npu2/resolved.json	31958	3e7aadc3571463bdc5c3770e52f5c8e51dfbee38ae0c7b6b7490a57124e00505	lines=753
docs-evidence	docs/89;docs/90	text	docs/evidence/pcie-full-python-20260922.json	121314	1a6b3073907db8d260e2c278fdacc95867a087b33b2c5105a2e327325b2148f5	lines=1133
docs-evidence	docs/89;docs/90	text	docs/evidence/pcie-packet-adapter-20260922.json	20315	a898a6678ad8c7fd563ab1160e98011f918eda6e618edfa2f676d7e4290a33a2	lines=448
docs-evidence	docs/89;docs/90	text	docs/evidence/pcie-packet-hosted-20260922.json	16124	034fbbd20c750693a87b1f3157b23105a77a41c91c98fe901ba639f6ee99aaed	lines=374
docs-evidence	docs/89;docs/90	text	docs/evidence/pcie-runtime-hosted-20260922.json	7755	4d98956ac1746c978bf7725063ff72a1430db34f87b1fb0a7005eb9b8bf2c6d5	lines=188
docs-evidence	docs/89;docs/90	text	docs/evidence/pcie-runtime-portability-20260922.json	9151	1695d7f0431d1186e4d2f2881299d3462ef64a7721fb76b269e9ae4c5edd77dc	lines=209
docs-evidence	docs/89;docs/90	text	docs/evidence/pcie-transaction-backend-20260922.json	13919	b108d517f31c33ac7015608514d3e4411ce9f0711f8147a4b345594991034141	lines=289
docs-evidence	docs/89;docs/90	text	docs/evidence/pcie-tx-characterization-20260922.json	122778	ede07361f3bbec0f8dc1978b0d959a06af8ceb10e3a6569bb82bfdad86ada269	lines=3138
docs-evidence	docs/89;docs/90	text	docs/evidence/peripheral-formal-20260920.json	10968	1840d9d46a5e4c44ae5f9cc1d39d6894cc33370af4dabca365056aef43ac97bc	lines=239
docs-evidence	docs/89;docs/90	text	docs/evidence/peripheral-registers-20260921.json	24473	b18dd2038f25fc4c866af6f30ecee0e5ada81fc95544117802201a23bf9b178c	lines=482
docs-evidence	docs/89;docs/90	text	docs/evidence/physical-recovery-controls-20260922.json	5110	8565ad687c41e59b659abdede197d284980419bc6cc39f53b0170cdfa8cca24c	lines=72
docs-evidence	docs/89;docs/90	text	docs/evidence/physical-route-checkpoint-20260922.json	1200	f05d418e9073aae9ff0eeec23c0535c9e2abdebf9e39c32b6de98227d8cfcb3f	lines=19
docs-evidence	docs/89;docs/90	text	docs/evidence/physical-tool-bootstrap-20260921.json	11180	7ee97183e8a74dda48e41512227163bf1d921dee58d854ef0f56c953ce0c0977	lines=252
docs-evidence	docs/89;docs/90	text	docs/evidence/pilotlink-20260920.json	3766	8c5a3604b787885fe249e501b00c2898894b1a8f6b5a83cd54ddc6a3c9805fb7	lines=80
docs-evidence	docs/89;docs/90	text	docs/evidence/pnr-profile-selection-20260921.json	835	39f3611d242a0bcfa393d19cfe4687d4b1016ae8d0a0e4c9042a8e3762eb50dd	lines=18
docs-evidence	docs/89;docs/90	text	docs/evidence/prepared-sources-20260920.json	11010	1781b7849e2d5f47fe0a20cf5a98bd63e25fceba6f5d024c82d239f4ed690140	lines=218
docs-evidence	docs/89;docs/90	text	docs/evidence/prepared-sources-20260921.json	13153	6fcb87509ec78194cafae52867dd8c060f8131ccdead08cd96db1fd263442560	lines=252
docs-evidence	docs/89;docs/90	text	docs/evidence/prepared-sources-can-bank-20260921.json	14067	3ab460227a07d708d71954953d8e512a296e893acc140b917813258c8290e1c3	lines=263
docs-evidence	docs/89;docs/90	text	docs/evidence/publication-validation-20260922.json	3518	b7fb0bb9f34f3ed83db04536dd23e1a8e021a1dc90e35e05f4e508596d907fec	lines=80
docs-evidence	docs/89;docs/90	text	docs/evidence/publications-current.json	13941	0d6473ac871b11159f33a431160596de82eb316565387b31e63c914ee6b900be	lines=265
docs-evidence	docs/89;docs/90	text	docs/evidence/publications-hosted-20260922.json	14292	1165774414b0721644c9cf3151d150baa13768d41d629d27d6fd22cb0c4a1735	lines=277
docs-evidence	docs/89;docs/90	text	docs/evidence/qspi-sta-20260919.json	22576	938b60ef79e5256a5c3523c9ed3f61e36d34641f20d8dfde70e52cb841f927aa	lines=333
docs-evidence	docs/89;docs/90	text	docs/evidence/readme-migration-20260920.json	1501	75d7bb20862a1c1fc45e0884a01b5e331e78a3f3e35ccf44c1f0727ed68205c2	lines=35
docs-evidence	docs/89;docs/90	text	docs/evidence/reboot-recovery-20260920-evening.json	7893	27696cf0641951c24ca5f2bb66d108f191223410a1b1ce22778b575a113e1795	lines=80
docs-evidence	docs/89;docs/90	text	docs/evidence/recorded-paper-replicas-20260920.json	3391	46d09a98bb04d8406ffce638232ef355d994906d5f17c8d0612e03f8660bb727	lines=75
docs-evidence	docs/89;docs/90	text	docs/evidence/regfile-scrub-complete-20260921.json	10747	3ba9928823a58000239321beaf63a6f8c6ec66bfa28e6154f61f1dfe774afc42	lines=263
docs-evidence	docs/89;docs/90	text	docs/evidence/rejected-halo-route-archive-20260920.json	2079	3be2fa23015f59c3c58685d7c3567a1fc779a29afee6608cbfa65e320aaed073	lines=44
docs-evidence	docs/89;docs/90	text	docs/evidence/reqpipe-integration-20260923.json	8164	b69dbe50675db71e8b1599f82819cf84c5e40cc673f876d214280b47f08aa9d4	lines=135
docs-evidence	docs/89;docs/90	text	docs/evidence/routed-baseline-main-drc-20260923.json	4490	a677a55cdd3c42ef32590c2aa5fb1a6e1165d17f5aa3903495d846d460a621d7	lines=61
docs-evidence	docs/89;docs/90	text	docs/evidence/routed-closure-baseline-20260923.json	69481	0afe0ff54bd3f30b7cf6c459039272c05ea1a4277b018bda86ffd38baa038e42	lines=3068
docs-evidence	docs/89;docs/90	text	docs/evidence/s71boot/metrics.json	10400	f1fc4d9388f6fc3245458542a7e08636c9f8240576f8d14c97d5fab8e45b6f5b	lines=201
docs-evidence	docs/89;docs/90	text	docs/evidence/s71boot/resolved.json	34045	aa57156e5c4599b6caf57b47e69e6429c64392ba4dd42712c60ca6eaaa3ddd7c	lines=789
docs-evidence	docs/89;docs/90	text	docs/evidence/s77gate/metrics.json	10286	09cdb61aa78a5c2cbf4ab7319ae4aca8d35d23b8b449f7a261034af0025826f1	lines=198
docs-evidence	docs/89;docs/90	text	docs/evidence/s77gate/resolved.json	34045	aa57156e5c4599b6caf57b47e69e6429c64392ba4dd42712c60ca6eaaa3ddd7c	lines=789
docs-evidence	docs/89;docs/90	text	docs/evidence/s77lvs-b-blackbox/metrics.json	10587	7c5ec04e9203b4cc5780eb9c74d6bdec916add5ac049eda28c2b72b97dd5a05b	lines=205
docs-evidence	docs/89;docs/90	text	docs/evidence/s77lvs-b-blackbox/netgen-lvs.log	67302	53505c833bceb44c2578c6ff2bfbb415e7c37b89630a07d06860a99241bec06a	lines=1353
docs-evidence	docs/89;docs/90	text	docs/evidence/s77lvs-b-blackbox/recovery.json	1703	5801a18c2144becd0503a9c6fa3bbddf0f797dd5b704a16f00b432d267d5e5f0	lines=34
docs-evidence	docs/89;docs/90	text	docs/evidence/s77lvs-b-blackbox/resolved.json	32028	dbfe37eeedecbf28738ec936d242fe218f035c76cdb29cdbdde61109d521a62e	lines=755
docs-evidence	docs/89;docs/90	text	docs/evidence/s81drv/metrics.json	10327	d655e94cb3974ccc7b4d05ec3f36f7a07d6a3d41229192f3085ed1836eef4f18	lines=199
docs-evidence	docs/89;docs/90	text	docs/evidence/s81drv/resolved.json	34044	35260c8ed61129bf91bc72e556172b26b7d6e1a4ca4f723a1e973757bcd7b79c	lines=789
docs-evidence	docs/89;docs/90	text	docs/evidence/s81ptd/metrics.json	10169	14d274a28b959ff8311966c3b23d3dd21c34326756046e1e8f19b7f3437a6f2c	lines=195
docs-evidence	docs/89;docs/90	text	docs/evidence/s81ptd/resolved.json	34044	93f680db649f2a5fc4ee2be194aba46e6872240f2b9a74e88a6d5a180c361e88	lines=789
docs-evidence	docs/89;docs/90	text	docs/evidence/s81timing/metrics.json	10720	0d39c1862cf2e4f44ef0c777ab0427ccf887e279d459a1409997fab913fcd158	lines=209
docs-evidence	docs/89;docs/90	text	docs/evidence/s81timing/resolved.json	34043	145eb32847875ecbdac1a1b366ca6f5a140944e874c448ea5152511c2502358b	lines=789
docs-evidence	docs/89;docs/90	text	docs/evidence/s83ant/metrics.json	11512	dd13011cdfdc65b7972a37042bedadd86dc6f9aa32767fef37e5885959cecac7	lines=225
docs-evidence	docs/89;docs/90	text	docs/evidence/s83ant/resolved.json	34646	5baf32815237b4bc37cf2509c2e7dd341231f48cdafe0ee4c44f0696b91243e7	lines=804
docs-evidence	docs/89;docs/90	text	docs/evidence/s83lvsbb2/metrics.json	11135	7c25ed0d7b0266fac14eeb2f65511d8e88ed3a1e5c3b87b8dcb26c71ad57d51c	lines=219
docs-evidence	docs/89;docs/90	text	docs/evidence/s83lvsbb2/resolved.json	34297	a2a340317dc36e33eb22cff515971fb82527e87b008efc529b7607627d30194f	lines=801
docs-evidence	docs/89;docs/90	text	docs/evidence/s83romecc5/metrics.json	10834	cf6a56ac6b8b56ffbc47292e2fc1bb8b180c926efdcf54de79d972a8146fa31f	lines=212
docs-evidence	docs/89;docs/90	text	docs/evidence/s83romecc5/resolved.json	34646	d9f8390ed326157d8e35229d4ca727586da27c9da52279083c69947dea9fe58e	lines=804
docs-evidence	docs/89;docs/90	text	docs/evidence/scrub-native-clear-20260921.json	15525	9e2797dc44dacc3ff6bc2bae8d16517626883ca2277517b63326ed9e46590d11	lines=317
docs-evidence	docs/89;docs/90	text	docs/evidence/signoff-6x2/metrics.json	10124	f3889ee38760ac905e86a3d4b7bc8bac34941cae4a888592a1f05621298f2bbd	lines=198
docs-evidence	docs/89;docs/90	text	docs/evidence/signoff-6x2/resolved.json	22814	c280970d1eb1478a0398e7e60aa69af387dac927dc744cd325c58ed76bbe7726	lines=587
docs-evidence	docs/89;docs/90	text	docs/evidence/signoff-6x2-gated/metrics.json	10124	f3889ee38760ac905e86a3d4b7bc8bac34941cae4a888592a1f05621298f2bbd	lines=198
docs-evidence	docs/89;docs/90	text	docs/evidence/signoff-6x2-gated/resolved.json	22870	274e69513700395332037b27c1964317db278f5cfa75531ea5d8e5346c4dbbcc	lines=587
docs-evidence	docs/89;docs/90	text	docs/evidence/sky-14-6x2-rcmodel/metrics.json	17740	2370dd515f50a24611cb878dfaaa0c3e3c9d5e654e34a31682102ae22db91a3f	lines=316
docs-evidence	docs/89;docs/90	text	docs/evidence/sky-14-6x2-rcmodel/resolved.json	172725	ce7ad6c6c4e927abcfddc6d547ae41019351566cfb7c72a891c2d2bd495a0171	lines=1529
docs-evidence	docs/89;docs/90	text	docs/evidence/soc-hal-20260921.json	39429	035355d5cfb9829f48674759c39b98bf907e86b3d01bfe041a4ce695b903244b	lines=876
docs-evidence	docs/89;docs/90	text	docs/evidence/soc-lint-20260921.json	149096	610d2710daaebbd67668683df1cf913efe47be047245d422ddea6e91c68515a2	lines=1235
docs-evidence	docs/89;docs/90	text	docs/evidence/soc-physical-source-lint-20260921.json	59153	f2d6c3549f0ffca61999e2cb314de37a54044ee109ce134779d0e8bd9355b296	lines=905
docs-evidence	docs/89;docs/90	text	docs/evidence/sram-lvs-reader-controls-20260920.json	106314	5cd45a2de34693da645ef11ae62c9eaae51dc3bc1e04febf411975b8e0321efc	lines=2933
docs-evidence	docs/89;docs/90	text	docs/evidence/sram-transistor-lvs-20260920.json	210742	13d9d73abba3def1834379431bc222adf53fff8615da4c68d61db93b764bac1f	lines=3855
docs-evidence	docs/89;docs/90	text	docs/evidence/sram-width-diagnosis-20260923.json	64198	ec0eb423a1dd238d044f968efcfa8f985a2a8ec480ed0fda5ca31f279b9fde82	lines=1410
docs-evidence	docs/89;docs/90	text	docs/evidence/startup-clear-intermediate-archive-20260920.json	4869	f2989b62cea947e6423647dc54d9160cb3d06cbbd748db9dee132ecb2b58e332	lines=94
docs-evidence	docs/89;docs/90	text	docs/evidence/startup-native-corners-20260920.json	6521	bb6ad1f61caa054f47ad7c671d3aeb806987ae16bca13b4092c62b7331146384	lines=115
docs-evidence	docs/89;docs/90	text	docs/evidence/startup-physical-eco123-20260921.json	31953	ee622d9f36fdcc4fd41a1813e56028d0f154f43b315f90353eec150ffb409239	lines=626
docs-evidence	docs/89;docs/90	text	docs/evidence/submission-6x2/metrics.json	10048	39a17f64239eebc14a52a86a5a75c23d8f01e85d514525aabc4c58d91b6d998a	lines=196
docs-evidence	docs/89;docs/90	text	docs/evidence/submission-6x2/resolved.json	22715	0b73090bf441af7a92e17ea03313631b79f9eef567eee5211418e1a3907c1c5e	lines=585
docs-evidence	docs/89;docs/90	text	docs/evidence/submission-6x2-gated/metrics.json	10048	39a17f64239eebc14a52a86a5a75c23d8f01e85d514525aabc4c58d91b6d998a	lines=196
docs-evidence	docs/89;docs/90	text	docs/evidence/submission-6x2-gated/resolved.json	22765	1a8611663478256ba8bb2c1d6ef96eb25dc9e3cb54863cff5a5c10680cd285bf	lines=585
docs-evidence	docs/89;docs/90	text	docs/evidence/supplemental-drc-controls-20260923.json	11489	d0cfd1a51274da3f6e047178efd18da1b64cbb858a21d0276d53f8f996650320	lines=165
docs-evidence	docs/89;docs/90	text	docs/evidence/thesis-distribution-20260921.json	1282	46be7c470cbc98d714b901a3c8c93e2935c2500bb9546e623fabe90a9c8a6d15	lines=32
docs-evidence	docs/89;docs/90	text	docs/evidence/timer-irq-prototype-20260920.json	9625	4eff0025df501654ff53c28676107b874a1b539796620176c759e18d3944d58f	lines=142
docs-evidence	docs/89;docs/90	text	docs/evidence/timing-replay-20260919.json	33367	ea7abbb2d1071379ff990a2d2a061a63cf7ee7e19f2d92bb914b0b9dea24444d	lines=209
docs-evidence	docs/89;docs/90	text	docs/evidence/trial-03-signoff/metrics.json	10031	ab0c3c3236087b0bc9fa2ab7d12e872d87eed2f48aba6779e2e583b15c0e367d	lines=197
docs-evidence	docs/89;docs/90	text	docs/evidence/trial-03-signoff/resolved.json	21573	b73c95c0897f528f9aa0ed451f60b90272f4d173bce7684ef9b42501c80c7f98	lines=572
docs-evidence	docs/89;docs/90	text	docs/evidence/uart-receive-20260921.json	27333	52efa538d7b4917c753aeab3317e104f852a8ca9b41de57c7603af77a2e4845c	lines=573
docs-evidence	docs/89;docs/90	text	docs/evidence/verification-20260919.json	48174	81e0af45d6e2fac43c4148d7629b8be34e69ca3c41c045d4d20495208dcbace5	lines=698
